Mono path[0] = 'C:/Servers/Sources/Universe2D/BuildPC/RPG_Data/Managed'
Mono config path = 'C:/Servers/Sources/Universe2D/BuildPC/MonoBleedingEdge/etc'
[Physics::Module] Initialized MultithreadedJobDispatcher with {0} workers.
Initialize engine version: 2021.3.45f2 (88f88f591b2e)
[Subsystems] Discovering subsystems at path C:/Servers/Sources/Universe2D/BuildPC/RPG_Data/UnitySubsystems
GfxDevice: creating device client; threaded=1; jobified=0
Direct3D:
    Version:  Direct3D 11.0 [level 11.1]
    Renderer: AMD Radeon RX 7600 (ID=0x7480)
    Vendor:   ATI
    VRAM:     8150 MB
    Driver:   32.0.31041.1004
Begin MonoManager ReloadAssembly
- Completed reload, in  0.101 seconds
<RI> Initializing input.
D3D11 device created for Microsoft Media Foundation video decoding.
<RI> Input initialized.
<RI> Initialized touch support.
UnloadTime: 0.890000 ms
ThreadLog initialized.
The resource UI/Skin/Knob.psd could not be loaded from the resource file!
The resource UI/Skin/UISprite.psd could not be loaded from the resource file!
The resource LegacyRuntime.ttf could not be loaded from the resource file!
Unloading 6 Unused Serialized files (Serialized files now loaded: 0)
UnloadTime: 3.466500 ms
Unloading 5 unused Assets to reduce memory usage. Loaded Objects now: 10958.
Total: 2.492600 ms (FindLiveObjects: 0.713000 ms CreateObjectMapping: 0.141300 ms MarkObjects: 1.610000 ms  DeleteObjects: 0.028200 ms)

[DEBUG-RANGE] OnTriggerEnter2D on  with tag=Enemy ShouldRunAI=
[DEBUG-RANGE] OnTriggerEnter2D on  with tag=Enemy ShouldRunAI=
[DEBUG-RANGE] OnTriggerEnter2D on  with tag=Enemy ShouldRunAI=
[DEBUG-RANGE] OnTriggerEnter2D on  with tag=Enemy ShouldRunAI=
[DEBUG-RANGE] OnTriggerEnter2D on  with tag=Enemy ShouldRunAI=
[DEBUG-RANGE] OnTriggerEnter2D on  with tag=Untagged ShouldRunAI=
[DEBUG-RANGE] OnTriggerEnter2D on  with tag=Untagged ShouldRunAI=
[DEBUG-RANGE] OnTriggerEnter2D on  with tag=Untagged ShouldRunAI=
[DEBUG-RANGE] OnTriggerEnter2D on  with tag=Untagged ShouldRunAI=
[DEBUG-RANGE] OnTriggerEnter2D on  with tag=Enemy ShouldRunAI=
[DEBUG-RANGE] OnTriggerEnter2D on  with tag=Untagged ShouldRunAI=
[DEBUG-RANGE] OnTriggerEnter2D on  with tag=Untagged ShouldRunAI=
[DEBUG-RANGE] OnTriggerEnter2D on  with tag=HitBox ShouldRunAI=
[DEBUG-RANGE] OnTriggerEnter2D on  with tag=Enemy ShouldRunAI=
[DEBUG-RANGE] OnTriggerEnter2D on  with tag=Untagged ShouldRunAI=
[DEBUG-RANGE] OnTriggerEnter2D on  with tag=Untagged ShouldRunAI=
[DEBUG-RANGE] OnTriggerEnter2D on  with tag=HitBox ShouldRunAI=
[DEBUG-RANGE] OnTriggerEnter2D on  with tag=Untagged ShouldRunAI=
[DEBUG-RANGE] OnTriggerEnter2D on  with tag=Untagged ShouldRunAI=
[DEBUG-RANGE] OnTriggerEnter2D on  with tag=Enemy ShouldRunAI=
[DEBUG-RANGE] OnTriggerEnter2D on  with tag=Untagged ShouldRunAI=
[DEBUG-RANGE] OnTriggerEnter2D on  with tag=Untagged ShouldRunAI=
[DEBUG-RANGE] OnTriggerEnter2D on  with tag=HitBox ShouldRunAI=
[DEBUG-RANGE] OnTriggerEnter2D on  with tag=Enemy ShouldRunAI=
[DEBUG-RANGE] OnTriggerEnter2D on  with tag=Untagged ShouldRunAI=
[DEBUG-RANGE] OnTriggerEnter2D on  with tag=Untagged ShouldRunAI=
[DEBUG-RANGE] OnTriggerEnter2D on  with tag=HitBox ShouldRunAI=
[DEBUG-RANGE] OnTriggerEnter2D on  with tag=Enemy ShouldRunAI=
[DEBUG-RANGE] OnTriggerEnter2D on  with tag=Untagged ShouldRunAI=
[DEBUG-RANGE] OnTriggerEnter2D on  with tag=Untagged ShouldRunAI=
[DEBUG-RANGE] OnTriggerEnter2D on  with tag=HitBox ShouldRunAI=
[DEBUG-RANGE] OnTriggerEnter2D on  with tag=Untagged ShouldRunAI=
[DEBUG-RANGE] OnTriggerEnter2D on  with tag=Untagged ShouldRunAI=
[DEBUG-RANGE] OnTriggerEnter2D on  with tag=Ground ShouldRunAI=
[DEBUG-RANGE] OnTriggerEnter2D on  with tag=Ground ShouldRunAI=
[DEBUG-RANGE] OnTriggerEnter2D on  with tag=Ground ShouldRunAI=
[DEBUG-RANGE] OnTriggerEnter2D on  with tag=Ground ShouldRunAI=
[DEBUG-RANGE] OnTriggerEnter2D on  with tag=Ground ShouldRunAI=
[DEBUG-RANGE] OnTriggerEnter2D on  with tag=Ground ShouldRunAI=
[DEBUG-RANGE] OnTriggerEnter2D on  with tag=Ground ShouldRunAI=
[DEBUG-RANGE] OnTriggerEnter2D on  with tag=Ground ShouldRunAI=
[DEBUG-RANGE] OnTriggerEnter2D on  with tag=Ground ShouldRunAI=
[DEBUG-RANGE] OnTriggerEnter2D on  with tag=Ground ShouldRunAI=
[DEBUG-RANGE] OnTriggerEnter2D on  with tag=Ground ShouldRunAI=
[DEBUG-RANGE] OnTriggerEnter2D on  with tag=Ground ShouldRunAI=
[DEBUG-RANGE] OnTriggerEnter2D on  with tag=Ground ShouldRunAI=
[DEBUG-RANGE] OnTriggerEnter2D on  with tag=Ground ShouldRunAI=
[DEBUG-RANGE] OnTriggerEnter2D on  with tag=Ground ShouldRunAI=
[DEBUG-RANGE] OnTriggerEnter2D on  with tag=Ground ShouldRunAI=
[DEBUG-RANGE] OnTriggerEnter2D on  with tag=Ground ShouldRunAI=
[DEBUG-RANGE] OnTriggerEnter2D on  with tag=Ground ShouldRunAI=
[DEBUG-RANGE] OnTriggerEnter2D on  with tag=Ground ShouldRunAI=
[DEBUG-RANGE] OnTriggerEnter2D on  with tag=Ground ShouldRunAI=
[DEBUG-RANGE] OnTriggerEnter2D on  with tag=Ground ShouldRunAI=
[DEBUG-RANGE] OnTriggerEnter2D on  with tag=Ground ShouldRunAI=
[DEBUG-RANGE] OnTriggerEnter2D on  with tag=Ground ShouldRunAI=
[DEBUG-RANGE] OnTriggerEnter2D on  with tag=Ground ShouldRunAI=
[DEBUG-RANGE] OnTriggerEnter2D on  with tag=Ground ShouldRunAI=
[DEBUG-RANGE] OnTriggerEnter2D on  with tag=Ground ShouldRunAI=
[DEBUG-RANGE] OnTriggerEnter2D on  with tag=Ground ShouldRunAI=
[DEBUG-RANGE] OnTriggerEnter2D on  with tag=Ground ShouldRunAI=
[DEBUG-RANGE] OnTriggerEnter2D on  with tag=Ground ShouldRunAI=
[DEBUG-RANGE] OnTriggerEnter2D on  with tag=Ground ShouldRunAI=
[DEBUG-RANGE] OnTriggerEnter2D on  with tag=Ground ShouldRunAI=
[DEBUG-RANGE] OnTriggerEnter2D on  with tag=Ground ShouldRunAI=
[DEBUG-RANGE] OnTriggerEnter2D on  with tag=Ground ShouldRunAI=
[DEBUG-RANGE] OnTriggerEnter2D on  with tag=Ground ShouldRunAI=
[DEBUG-RANGE] OnTriggerEnter2D on  with tag=Ground ShouldRunAI=
[DEBUG-RANGE] OnTriggerEnter2D on  with tag=Ground ShouldRunAI=
[DEBUG-RANGE] OnTriggerEnter2D on  with tag=Ground ShouldRunAI=
[DEBUG-RANGE] OnTriggerEnter2D on  with tag=Ground ShouldRunAI=
[DEBUG-RANGE] OnTriggerEnter2D on  with tag=Ground ShouldRunAI=
[DEBUG-RANGE] OnTriggerEnter2D on  with tag=Interactable ShouldRunAI=
[DEBUG-RANGE] OnTriggerEnter2D on  with tag=Interactable ShouldRunAI=
[DEBUG-RANGE] OnTriggerEnter2D on  with tag=Interactable ShouldRunAI=
[DEBUG-RANGE] OnTriggerEnter2D on  with tag=Interactable ShouldRunAI=
[DEBUG-RANGE] OnTriggerEnter2D on  with tag=Untagged ShouldRunAI=
[DEBUG-RANGE] OnTriggerEnter2D on  with tag=Untagged ShouldRunAI=
[DEBUG-RANGE] OnTriggerEnter2D on  with tag=HitBox ShouldRunAI=
[DEBUG-RANGE] OnTriggerEnter2D on  with tag=HitBox ShouldRunAI=
[DEBUG-RANGE] OnTriggerEnter2D on  with tag=HitBox ShouldRunAI=
[DEBUG-RANGE] OnTriggerEnter2D on  with tag=HitBox ShouldRunAI=
[DEBUG-RANGE] OnTriggerEnter2D on  with tag=HitBox ShouldRunAI=
[DEBUG-RANGE] OnTriggerEnter2D on  with tag=Enemy ShouldRunAI=
[DEBUG-RANGE] OnTriggerEnter2D on  with tag=Enemy ShouldRunAI=
[DEBUG-RANGE] OnTriggerEnter2D on  with tag=Enemy ShouldRunAI=
[DEBUG-RANGE] OnTriggerEnter2D on  with tag=Untagged ShouldRunAI=
[DEBUG-RANGE] OnTriggerEnter2D on  with tag=Untagged ShouldRunAI=
[DEBUG-RANGE] OnTriggerEnter2D on  with tag=Obstacle ShouldRunAI=
[DEBUG-RANGE] OnTriggerEnter2D on  with tag=Untagged ShouldRunAI=
[DEBUG-RANGE] OnTriggerEnter2D on  with tag=Interactable ShouldRunAI=
[DEBUG-RANGE] OnTriggerEnter2D on  with tag=Obstacle ShouldRunAI=
[DEBUG-RANGE] OnTriggerEnter2D on  with tag=Untagged ShouldRunAI=
[DEBUG-RANGE] OnTriggerEnter2D on  with tag=Obstacle ShouldRunAI=
[DEBUG-RANGE] OnTriggerEnter2D on  with tag=Untagged ShouldRunAI=
[DEBUG-RANGE] OnTriggerEnter2D on  with tag=Untagged ShouldRunAI=
[DEBUG-RANGE] OnTriggerEnter2D on  with tag=Untagged ShouldRunAI=
[DEBUG-RANGE] OnTriggerEnter2D on  with tag=Obstacle ShouldRunAI=
[DEBUG-RANGE] OnTriggerEnter2D on  with tag=Untagged ShouldRunAI=
[DEBUG-RANGE] OnTriggerEnter2D on  with tag=Untagged ShouldRunAI=
[DEBUG-RANGE] OnTriggerEnter2D on  with tag=Untagged ShouldRunAI=
[DEBUG-RANGE] OnTriggerEnter2D on  with tag=Untagged ShouldRunAI=
[DEBUG-RANGE] OnTriggerEnter2D on  with tag=Untagged ShouldRunAI=
[DEBUG-RANGE] OnTriggerEnter2D on  with tag=Untagged ShouldRunAI=
[DEBUG-RANGE] OnTriggerEnter2D on  with tag=Enemy ShouldRunAI=
[DEBUG-RANGE] OnTriggerEnter2D on  with tag=Untagged ShouldRunAI=
[DEBUG-RANGE] OnTriggerEnter2D on  with tag=Untagged ShouldRunAI=
[DEBUG-RANGE] OnTriggerEnter2D on  with tag=Ground ShouldRunAI=
[DEBUG-RANGE] OnTriggerEnter2D on  with tag=Ground ShouldRunAI=
[DEBUG-RANGE] OnTriggerEnter2D on  with tag=Ground ShouldRunAI=
[DEBUG-RANGE] OnTriggerEnter2D on  with tag=Ground ShouldRunAI=
[DEBUG-RANGE] OnTriggerEnter2D on  with tag=Ground ShouldRunAI=
[DEBUG-RANGE] OnTriggerEnter2D on  with tag=Ground ShouldRunAI=
[DEBUG-RANGE] OnTriggerEnter2D on  with tag=Ground ShouldRunAI=
[DEBUG-RANGE] OnTriggerEnter2D on  with tag=Ground ShouldRunAI=
[DEBUG-RANGE] OnTriggerEnter2D on  with tag=Ground ShouldRunAI=
[DEBUG-RANGE] OnTriggerEnter2D on  with tag=Ground ShouldRunAI=
[DEBUG-RANGE] OnTriggerEnter2D on  with tag=Ground ShouldRunAI=
[DEBUG-RANGE] OnTriggerEnter2D on  with tag=Ground ShouldRunAI=
[DEBUG-RANGE] OnTriggerEnter2D on  with tag=Ground ShouldRunAI=
[DEBUG-RANGE] OnTriggerEnter2D on  with tag=Ground ShouldRunAI=
[DEBUG-RANGE] OnTriggerEnter2D on  with tag=Ground ShouldRunAI=
[DEBUG-RANGE] OnTriggerEnter2D on  with tag=Ground ShouldRunAI=
[DEBUG-RANGE] OnTriggerEnter2D on  with tag=Ground ShouldRunAI=
[DEBUG-RANGE] OnTriggerEnter2D on  with tag=Ground ShouldRunAI=
[DEBUG-RANGE] OnTriggerEnter2D on  with tag=Ground ShouldRunAI=
[DEBUG-RANGE] OnTriggerEnter2D on  with tag=Ground ShouldRunAI=
[DEBUG-RANGE] OnTriggerEnter2D on  with tag=Ground ShouldRunAI=
[DEBUG-RANGE] OnTriggerEnter2D on  with tag=Ground ShouldRunAI=
[DEBUG-RANGE] OnTriggerEnter2D on  with tag=Ground ShouldRunAI=
[DEBUG-RANGE] OnTriggerEnter2D on  with tag=Ground ShouldRunAI=
[DEBUG-RANGE] OnTriggerEnter2D on  with tag=Ground ShouldRunAI=
[DEBUG-RANGE] OnTriggerEnter2D on  with tag=Ground ShouldRunAI=
[DEBUG-RANGE] OnTriggerEnter2D on  with tag=Ground ShouldRunAI=
[DEBUG-RANGE] OnTriggerEnter2D on  with tag=Ground ShouldRunAI=
[DEBUG-RANGE] OnTriggerEnter2D on  with tag=Ground ShouldRunAI=
[DEBUG-RANGE] OnTriggerEnter2D on  with tag=Ground ShouldRunAI=
[DEBUG-RANGE] OnTriggerEnter2D on  with tag=Ground ShouldRunAI=
[DEBUG-RANGE] OnTriggerEnter2D on  with tag=Ground ShouldRunAI=
[DEBUG-RANGE] OnTriggerEnter2D on  with tag=Ground ShouldRunAI=
[DEBUG-RANGE] OnTriggerEnter2D on  with tag=Ground ShouldRunAI=
[DEBUG-RANGE] OnTriggerEnter2D on  with tag=Ground ShouldRunAI=
[DEBUG-RANGE] OnTriggerEnter2D on  with tag=Ground ShouldRunAI=
[DEBUG-RANGE] OnTriggerEnter2D on  with tag=Ground ShouldRunAI=
[DEBUG-RANGE] OnTriggerEnter2D on  with tag=Ground ShouldRunAI=
[DEBUG-RANGE] OnTriggerEnter2D on  with tag=Ground ShouldRunAI=
[DEBUG-RANGE] OnTriggerEnter2D on  with tag=Ground ShouldRunAI=
[DEBUG-RANGE] OnTriggerEnter2D on  with tag=Ground ShouldRunAI=
[DEBUG-RANGE] OnTriggerEnter2D on  with tag=Interactable ShouldRunAI=
[DEBUG-RANGE] OnTriggerEnter2D on  with tag=Interactable ShouldRunAI=
[DEBUG-RANGE] OnTriggerEnter2D on  with tag=Interactable ShouldRunAI=
[DEBUG-RANGE] OnTriggerEnter2D on  with tag=Untagged ShouldRunAI=
[DEBUG-RANGE] OnTriggerEnter2D on  with tag=Untagged ShouldRunAI=
[DEBUG-RANGE] OnTriggerEnter2D on  with tag=Enemy ShouldRunAI=
[DEBUG-RANGE] OnTriggerEnter2D on  with tag=Enemy ShouldRunAI=
[DEBUG-RANGE] OnTriggerEnter2D on  with tag=Obstacle ShouldRunAI=
[DEBUG-RANGE] OnTriggerEnter2D on  with tag=Obstacle ShouldRunAI=
[DEBUG-RANGE] OnTriggerEnter2D on  with tag=Untagged ShouldRunAI=
[DEBUG-RANGE] OnTriggerEnter2D on  with tag=Untagged ShouldRunAI=
[DEBUG-RANGE] OnTriggerEnter2D on  with tag=Enemy ShouldRunAI=
[DEBUG-RANGE] OnTriggerEnter2D on  with tag=Untagged ShouldRunAI=
[DEBUG-RANGE] OnTriggerEnter2D on  with tag=Untagged ShouldRunAI=
[DEBUG-RANGE] OnTriggerEnter2D on  with tag=Enemy ShouldRunAI=
[DEBUG-RANGE] OnTriggerEnter2D on  with tag=Untagged ShouldRunAI=
[DEBUG-RANGE] OnTriggerEnter2D on  with tag=Untagged ShouldRunAI=
[DEBUG-RANGE] OnTriggerEnter2D on  with tag=HitBox ShouldRunAI=
[DEBUG-RANGE] OnTriggerEnter2D on  with tag=Untagged ShouldRunAI=
[DEBUG-RANGE] OnTriggerEnter2D on  with tag=Untagged ShouldRunAI=
[DEBUG-RANGE] OnTriggerEnter2D on  with tag=Untagged ShouldRunAI=
[DEBUG-RANGE] OnTriggerEnter2D on  with tag=Untagged ShouldRunAI=
[DEBUG-RANGE] OnTriggerEnter2D on  with tag=Ground ShouldRunAI=
[DEBUG-RANGE] OnTriggerEnter2D on  with tag=Ground ShouldRunAI=
[DEBUG-RANGE] OnTriggerEnter2D on  with tag=Ground ShouldRunAI=
[DEBUG-RANGE] OnTriggerEnter2D on  with tag=Ground ShouldRunAI=
[DEBUG-RANGE] OnTriggerEnter2D on  with tag=Ground ShouldRunAI=
[DEBUG-RANGE] OnTriggerEnter2D on  with tag=Ground ShouldRunAI=
[DEBUG-RANGE] OnTriggerEnter2D on  with tag=Ground ShouldRunAI=
[DEBUG-RANGE] OnTriggerEnter2D on  with tag=Ground ShouldRunAI=
[DEBUG-RANGE] OnTriggerEnter2D on  with tag=Ground ShouldRunAI=
[DEBUG-RANGE] OnTriggerEnter2D on  with tag=Ground ShouldRunAI=
[DEBUG-RANGE] OnTriggerEnter2D on  with tag=Ground ShouldRunAI=
[DEBUG-RANGE] OnTriggerEnter2D on  with tag=Ground ShouldRunAI=
[DEBUG-RANGE] OnTriggerEnter2D on  with tag=Ground ShouldRunAI=
[DEBUG-RANGE] OnTriggerEnter2D on  with tag=Ground ShouldRunAI=
[DEBUG-RANGE] OnTriggerEnter2D on  with tag=Ground ShouldRunAI=
[DEBUG-RANGE] OnTriggerEnter2D on  with tag=Ground ShouldRunAI=
[DEBUG-RANGE] OnTriggerEnter2D on  with tag=Ground ShouldRunAI=
[DEBUG-RANGE] OnTriggerEnter2D on  with tag=Ground ShouldRunAI=
[DEBUG-RANGE] OnTriggerEnter2D on  with tag=Ground ShouldRunAI=
[DEBUG-RANGE] OnTriggerEnter2D on  with tag=Ground ShouldRunAI=
[DEBUG-RANGE] OnTriggerEnter2D on  with tag=Ground ShouldRunAI=
[DEBUG-RANGE] OnTriggerEnter2D on  with tag=Ground ShouldRunAI=
[DEBUG-RANGE] OnTriggerEnter2D on  with tag=Ground ShouldRunAI=
[DEBUG-RANGE] OnTriggerEnter2D on  with tag=Ground ShouldRunAI=
[DEBUG-RANGE] OnTriggerEnter2D on  with tag=Ground ShouldRunAI=
[DEBUG-RANGE] OnTriggerEnter2D on  with tag=Ground ShouldRunAI=
[DEBUG-RANGE] OnTriggerEnter2D on  with tag=Ground ShouldRunAI=
[DEBUG-RANGE] OnTriggerEnter2D on  with tag=Ground ShouldRunAI=
[DEBUG-RANGE] OnTriggerEnter2D on  with tag=Ground ShouldRunAI=
[DEBUG-RANGE] OnTriggerEnter2D on  with tag=Ground ShouldRunAI=
[DEBUG-RANGE] OnTriggerEnter2D on  with tag=Ground ShouldRunAI=
[DEBUG-RANGE] OnTriggerEnter2D on  with tag=Ground ShouldRunAI=
[DEBUG-RANGE] OnTriggerEnter2D on  with tag=Ground ShouldRunAI=
[DEBUG-RANGE] OnTriggerEnter2D on  with tag=Ground ShouldRunAI=
[DEBUG-RANGE] OnTriggerEnter2D on  with tag=Ground ShouldRunAI=
[DEBUG-RANGE] OnTriggerEnter2D on  with tag=Ground ShouldRunAI=
[DEBUG-RANGE] OnTriggerEnter2D on  with tag=Ground ShouldRunAI=
[DEBUG-RANGE] OnTriggerEnter2D on  with tag=Ground ShouldRunAI=
[DEBUG-RANGE] OnTriggerEnter2D on  with tag=Ground ShouldRunAI=
[DEBUG-RANGE] OnTriggerEnter2D on  with tag=Ground ShouldRunAI=
[DEBUG-RANGE] OnTriggerEnter2D on  with tag=Ground ShouldRunAI=
[DEBUG-RANGE] OnTriggerEnter2D on  with tag=Ground ShouldRunAI=
[DEBUG-RANGE] OnTriggerEnter2D on  with tag=Interactable ShouldRunAI=
[DEBUG-RANGE] OnTriggerEnter2D on  with tag=Interactable ShouldRunAI=
[DEBUG-RANGE] OnTriggerEnter2D on  with tag=Interactable ShouldRunAI=
[DEBUG-RANGE] OnTriggerEnter2D on  with tag=Interactable ShouldRunAI=
[DEBUG-RANGE] OnTriggerEnter2D on  with tag=Interactable ShouldRunAI=
[DEBUG-RANGE] OnTriggerEnter2D on  with tag=Untagged ShouldRunAI=
[DEBUG-RANGE] OnTriggerEnter2D on  with tag=Obstacle ShouldRunAI=
[DEBUG-RANGE] OnTriggerEnter2D on  with tag=Untagged ShouldRunAI=
[DEBUG-RANGE] OnTriggerEnter2D on  with tag=HitBox ShouldRunAI=
[DEBUG-RANGE] OnTriggerEnter2D on  with tag=Obstacle ShouldRunAI=
[DEBUG-RANGE] OnTriggerEnter2D on  with tag=Obstacle ShouldRunAI=
[DEBUG-RANGE] OnTriggerEnter2D on  with tag=Obstacle ShouldRunAI=
[DEBUG-RANGE] OnTriggerEnter2D on  with tag=Untagged ShouldRunAI=
[DEBUG-RANGE] OnTriggerEnter2D on  with tag=Untagged ShouldRunAI=
[DEBUG-RANGE] OnTriggerEnter2D on  with tag=Untagged ShouldRunAI=
[DEBUG-RANGE] OnTriggerEnter2D on  with tag=Untagged ShouldRunAI=
[DEBUG-RANGE] OnTriggerEnter2D on  with tag=Untagged ShouldRunAI=
[DEBUG-RANGE] OnTriggerEnter2D on  with tag=Interactable ShouldRunAI=
[DEBUG-RANGE] OnTriggerEnter2D on  with tag=Interactable ShouldRunAI=
[DEBUG-RANGE] OnTriggerEnter2D on  with tag=Interactable ShouldRunAI=
[DEBUG-RANGE] OnTriggerEnter2D on  with tag=Obstacle ShouldRunAI=
[DEBUG-RANGE] OnTriggerEnter2D on  with tag=Untagged ShouldRunAI=
[DEBUG-RANGE] OnTriggerEnter2D on  with tag=Untagged ShouldRunAI=
[DEBUG-RANGE] OnTriggerEnter2D on  with tag=Untagged ShouldRunAI=
[DEBUG-RANGE] OnTriggerEnter2D on  with tag=Enemy ShouldRunAI=
[DEBUG-RANGE] OnTriggerEnter2D on  with tag=Enemy ShouldRunAI=
[DEBUG-RANGE] OnTriggerEnter2D on  with tag=Enemy ShouldRunAI=
[DEBUG-RANGE] OnTriggerEnter2D on  with tag=Obstacle ShouldRunAI=
[DEBUG-RANGE] OnTriggerEnter2D on  with tag=Untagged ShouldRunAI=
[DEBUG-RANGE] OnTriggerEnter2D on  with tag=Enemy ShouldRunAI=
[DEBUG-RANGE] OnTriggerEnter2D on  with tag=Untagged ShouldRunAI=
[DEBUG-RANGE] OnTriggerEnter2D on  with tag=Untagged ShouldRunAI=
[DEBUG-RANGE] OnTriggerEnter2D on  with tag=HitBox ShouldRunAI=
[DEBUG-RANGE] OnTriggerEnter2D on  with tag=Untagged ShouldRunAI=
[DEBUG-RANGE] OnTriggerEnter2D on  with tag=Untagged ShouldRunAI=
[DEBUG-RANGE] OnTriggerEnter2D on  with tag=Enemy ShouldRunAI=
[DEBUG-RANGE] OnTriggerEnter2D on  with tag=Untagged ShouldRunAI=
[DEBUG-RANGE] OnTriggerEnter2D on  with tag=Untagged ShouldRunAI=
[DEBUG-RANGE] OnTriggerEnter2D on  with tag=HitBox ShouldRunAI=
[DEBUG-RANGE] OnTriggerEnter2D on  with tag=Enemy ShouldRunAI=
[DEBUG-RANGE] OnTriggerEnter2D on  with tag=Untagged ShouldRunAI=
[DEBUG-RANGE] OnTriggerEnter2D on  with tag=Untagged ShouldRunAI=
[DEBUG-RANGE] OnTriggerEnter2D on  with tag=HitBox ShouldRunAI=
[DEBUG-RANGE] OnTriggerEnter2D on  with tag=Untagged ShouldRunAI=
[DEBUG-RANGE] OnTriggerEnter2D on  with tag=Untagged ShouldRunAI=
[DEBUG-RANGE] OnTriggerEnter2D on  with tag=Untagged ShouldRunAI=
[DEBUG-RANGE] OnTriggerEnter2D on  with tag=Untagged ShouldRunAI=
[DEBUG-RANGE] OnTriggerEnter2D on  with tag=Ground ShouldRunAI=
[DEBUG-RANGE] OnTriggerEnter2D on  with tag=Ground ShouldRunAI=
[DEBUG-RANGE] OnTriggerEnter2D on  with tag=Ground ShouldRunAI=
[DEBUG-RANGE] OnTriggerEnter2D on  with tag=Ground ShouldRunAI=
[DEBUG-RANGE] OnTriggerEnter2D on  with tag=Ground ShouldRunAI=
[DEBUG-RANGE] OnTriggerEnter2D on  with tag=Ground ShouldRunAI=
[DEBUG-RANGE] OnTriggerEnter2D on  with tag=Ground ShouldRunAI=
[DEBUG-RANGE] OnTriggerEnter2D on  with tag=Ground ShouldRunAI=
[DEBUG-RANGE] OnTriggerEnter2D on  with tag=Ground ShouldRunAI=
[DEBUG-RANGE] OnTriggerEnter2D on  with tag=Ground ShouldRunAI=
[DEBUG-RANGE] OnTriggerEnter2D on  with tag=Ground ShouldRunAI=
[DEBUG-RANGE] OnTriggerEnter2D on  with tag=Ground ShouldRunAI=
[DEBUG-RANGE] OnTriggerEnter2D on  with tag=Ground ShouldRunAI=
[DEBUG-RANGE] OnTriggerEnter2D on  with tag=Ground ShouldRunAI=
[DEBUG-RANGE] OnTriggerEnter2D on  with tag=Ground ShouldRunAI=
[DEBUG-RANGE] OnTriggerEnter2D on  with tag=Ground ShouldRunAI=
[DEBUG-RANGE] OnTriggerEnter2D on  with tag=Ground ShouldRunAI=
[DEBUG-RANGE] OnTriggerEnter2D on  with tag=Ground ShouldRunAI=
[DEBUG-RANGE] OnTriggerEnter2D on  with tag=Ground ShouldRunAI=
[DEBUG-RANGE] OnTriggerEnter2D on  with tag=Ground ShouldRunAI=
[DEBUG-RANGE] OnTriggerEnter2D on  with tag=Ground ShouldRunAI=
[DEBUG-RANGE] OnTriggerEnter2D on  with tag=Ground ShouldRunAI=
[DEBUG-RANGE] OnTriggerEnter2D on  with tag=Ground ShouldRunAI=
[DEBUG-RANGE] OnTriggerEnter2D on  with tag=Ground ShouldRunAI=
[DEBUG-RANGE] OnTriggerEnter2D on  with tag=Ground ShouldRunAI=
[DEBUG-RANGE] OnTriggerEnter2D on  with tag=Ground ShouldRunAI=
[DEBUG-RANGE] OnTriggerEnter2D on  with tag=Ground ShouldRunAI=
[DEBUG-RANGE] OnTriggerEnter2D on  with tag=Ground ShouldRunAI=
[DEBUG-RANGE] OnTriggerEnter2D on  with tag=Ground ShouldRunAI=
[DEBUG-RANGE] OnTriggerEnter2D on  with tag=Ground ShouldRunAI=
[DEBUG-RANGE] OnTriggerEnter2D on  with tag=Ground ShouldRunAI=
[DEBUG-RANGE] OnTriggerEnter2D on  with tag=Ground ShouldRunAI=
[DEBUG-RANGE] OnTriggerEnter2D on  with tag=Interactable ShouldRunAI=
[DEBUG-RANGE] OnTriggerEnter2D on  with tag=Interactable ShouldRunAI=
[DEBUG-RANGE] OnTriggerEnter2D on  with tag=Interactable ShouldRunAI=
[DEBUG-RANGE] OnTriggerEnter2D on  with tag=Interactable ShouldRunAI=
[DEBUG-RANGE] OnTriggerEnter2D on  with tag=Untagged ShouldRunAI=
[DEBUG-RANGE] OnTriggerEnter2D on  with tag=Untagged ShouldRunAI=
[DEBUG-RANGE] OnTriggerEnter2D on  with tag=Obstacle ShouldRunAI=
[DEBUG-RANGE] OnTriggerEnter2D on  with tag=Untagged ShouldRunAI=
[DEBUG-RANGE] OnTriggerEnter2D on  with tag=HitBox ShouldRunAI=
[DEBUG-RANGE] OnTriggerEnter2D on  with tag=HitBox ShouldRunAI=
[DEBUG-RANGE] OnTriggerEnter2D on  with tag=HitBox ShouldRunAI=
[DEBUG-RANGE] OnTriggerEnter2D on  with tag=Obstacle ShouldRunAI=
[DEBUG-RANGE] OnTriggerEnter2D on  with tag=Untagged ShouldRunAI=
[DEBUG-RANGE] OnTriggerEnter2D on  with tag=Enemy ShouldRunAI=
[DEBUG-RANGE] OnTriggerEnter2D on  with tag=Enemy ShouldRunAI=
[DEBUG-RANGE] OnTriggerEnter2D on  with tag=Enemy ShouldRunAI=
[DEBUG-RANGE] OnTriggerEnter2D on  with tag=Obstacle ShouldRunAI=
[DEBUG-RANGE] OnTriggerEnter2D on  with tag=Untagged ShouldRunAI=
[DEBUG-RANGE] OnTriggerEnter2D on  with tag=Untagged ShouldRunAI=
[DEBUG-RANGE] OnTriggerEnter2D on  with tag=Untagged ShouldRunAI=
[DEBUG-RANGE] OnTriggerEnter2D on  with tag=Enemy ShouldRunAI=
[DEBUG-RANGE] OnTriggerEnter2D on  with tag=Untagged ShouldRunAI=
[DEBUG-RANGE] OnTriggerEnter2D on  with tag=Untagged ShouldRunAI=
[DEBUG-RANGE] OnTriggerEnter2D on  with tag=HitBox ShouldRunAI=
[DEBUG-RANGE] OnTriggerEnter2D on  with tag=Enemy ShouldRunAI=
[DEBUG-RANGE] OnTriggerEnter2D on  with tag=Untagged ShouldRunAI=
[DEBUG-RANGE] OnTriggerEnter2D on  with tag=Untagged ShouldRunAI=
[DEBUG-RANGE] OnTriggerEnter2D on  with tag=HitBox ShouldRunAI=
[DEBUG-RANGE] OnTriggerEnter2D on  with tag=Enemy ShouldRunAI=
[DEBUG-RANGE] OnTriggerEnter2D on  with tag=Untagged ShouldRunAI=
[DEBUG-RANGE] OnTriggerEnter2D on  with tag=Untagged ShouldRunAI=
[DEBUG-RANGE] OnTriggerEnter2D on  with tag=Untagged ShouldRunAI=
[DEBUG-RANGE] OnTriggerEnter2D on  with tag=Untagged ShouldRunAI=
[DEBUG-RANGE] OnTriggerEnter2D on  with tag=Ground ShouldRunAI=
[DEBUG-RANGE] OnTriggerEnter2D on  with tag=Ground ShouldRunAI=
[DEBUG-RANGE] OnTriggerEnter2D on  with tag=Ground ShouldRunAI=
[DEBUG-RANGE] OnTriggerEnter2D on  with tag=Ground ShouldRunAI=
[DEBUG-RANGE] OnTriggerEnter2D on  with tag=Ground ShouldRunAI=
[DEBUG-RANGE] OnTriggerEnter2D on  with tag=Ground ShouldRunAI=
[DEBUG-RANGE] OnTriggerEnter2D on  with tag=Ground ShouldRunAI=
[DEBUG-RANGE] OnTriggerEnter2D on  with tag=Ground ShouldRunAI=
[DEBUG-RANGE] OnTriggerEnter2D on  with tag=Ground ShouldRunAI=
[DEBUG-RANGE] OnTriggerEnter2D on  with tag=Ground ShouldRunAI=
[DEBUG-RANGE] OnTriggerEnter2D on  with tag=Ground ShouldRunAI=
[DEBUG-RANGE] OnTriggerEnter2D on  with tag=Ground ShouldRunAI=
[DEBUG-RANGE] OnTriggerEnter2D on  with tag=Ground ShouldRunAI=
[DEBUG-RANGE] OnTriggerEnter2D on  with tag=Ground ShouldRunAI=
[DEBUG-RANGE] OnTriggerEnter2D on  with tag=Ground ShouldRunAI=
[DEBUG-RANGE] OnTriggerEnter2D on  with tag=Ground ShouldRunAI=
[DEBUG-RANGE] OnTriggerEnter2D on  with tag=Ground ShouldRunAI=
[DEBUG-RANGE] OnTriggerEnter2D on  with tag=Ground ShouldRunAI=
[DEBUG-RANGE] OnTriggerEnter2D on  with tag=Ground ShouldRunAI=
[DEBUG-RANGE] OnTriggerEnter2D on  with tag=Ground ShouldRunAI=
[DEBUG-RANGE] OnTriggerEnter2D on  with tag=Ground ShouldRunAI=
[DEBUG-RANGE] OnTriggerEnter2D on  with tag=Ground ShouldRunAI=
[DEBUG-RANGE] OnTriggerEnter2D on  with tag=Ground ShouldRunAI=
[DEBUG-RANGE] OnTriggerEnter2D on  with tag=Ground ShouldRunAI=
[DEBUG-RANGE] OnTriggerEnter2D on  with tag=Ground ShouldRunAI=
[DEBUG-RANGE] OnTriggerEnter2D on  with tag=Ground ShouldRunAI=
[DEBUG-RANGE] OnTriggerEnter2D on  with tag=Ground ShouldRunAI=
[DEBUG-RANGE] OnTriggerEnter2D on  with tag=Ground ShouldRunAI=
[DEBUG-RANGE] OnTriggerEnter2D on  with tag=Ground ShouldRunAI=
[DEBUG-RANGE] OnTriggerEnter2D on  with tag=Ground ShouldRunAI=
[DEBUG-RANGE] OnTriggerEnter2D on  with tag=Ground ShouldRunAI=
[DEBUG-RANGE] OnTriggerEnter2D on  with tag=Ground ShouldRunAI=
[DEBUG-RANGE] OnTriggerEnter2D on  with tag=Ground ShouldRunAI=
[DEBUG-RANGE] OnTriggerEnter2D on  with tag=Ground ShouldRunAI=
[DEBUG-RANGE] OnTriggerEnter2D on  with tag=Ground ShouldRunAI=
[DEBUG-RANGE] OnTriggerEnter2D on  with tag=Interactable ShouldRunAI=
[DEBUG-RANGE] OnTriggerEnter2D on  with tag=Interactable ShouldRunAI=
[DEBUG-RANGE] OnTriggerEnter2D on  with tag=Interactable ShouldRunAI=
[DEBUG-RANGE] OnTriggerEnter2D on  with tag=Interactable ShouldRunAI=
[DEBUG-RANGE] OnTriggerEnter2D on  with tag=Interactable ShouldRunAI=
[DEBUG-RANGE] OnTriggerEnter2D on  with tag=Untagged ShouldRunAI=
[DEBUG-RANGE] OnTriggerEnter2D on  with tag=Untagged ShouldRunAI=
[DEBUG-RANGE] OnTriggerEnter2D on  with tag=HitBox ShouldRunAI=
[DEBUG-RANGE] OnTriggerEnter2D on  with tag=HitBox ShouldRunAI=
[DEBUG-RANGE] OnTriggerEnter2D on  with tag=Untagged ShouldRunAI=
[DEBUG-RANGE] OnTriggerEnter2D on  with tag=Untagged ShouldRunAI=
[DEBUG-RANGE] OnTriggerEnter2D on  with tag=Untagged ShouldRunAI=
[DEBUG-RANGE] OnTriggerEnter2D on  with tag=Untagged ShouldRunAI=
[DEBUG-RANGE] OnTriggerEnter2D on  with tag=Untagged ShouldRunAI=
[DEBUG-RANGE] OnTriggerEnter2D on  with tag=Untagged ShouldRunAI=
[DEBUG-RANGE] OnTriggerEnter2D on  with tag=Ground ShouldRunAI=
[DEBUG-RANGE] OnTriggerEnter2D on  with tag=Ground ShouldRunAI=
[DEBUG-RANGE] OnTriggerEnter2D on  with tag=Ground ShouldRunAI=
[DEBUG-RANGE] OnTriggerEnter2D on  with tag=Ground ShouldRunAI=
[DEBUG-RANGE] OnTriggerEnter2D on  with tag=Ground ShouldRunAI=
[DEBUG-RANGE] OnTriggerEnter2D on  with tag=Ground ShouldRunAI=
[DEBUG-RANGE] OnTriggerEnter2D on  with tag=Ground ShouldRunAI=
[DEBUG-RANGE] OnTriggerEnter2D on  with tag=Ground ShouldRunAI=
[DEBUG-RANGE] OnTriggerEnter2D on  with tag=Ground ShouldRunAI=
[DEBUG-RANGE] OnTriggerEnter2D on  with tag=Ground ShouldRunAI=
[DEBUG-RANGE] OnTriggerEnter2D on  with tag=Ground ShouldRunAI=
[DEBUG-RANGE] OnTriggerEnter2D on  with tag=Ground ShouldRunAI=
[DEBUG-RANGE] OnTriggerEnter2D on  with tag=Ground ShouldRunAI=
[DEBUG-RANGE] OnTriggerEnter2D on  with tag=Ground ShouldRunAI=
[DEBUG-RANGE] OnTriggerEnter2D on  with tag=Ground ShouldRunAI=
[DEBUG-RANGE] OnTriggerEnter2D on  with tag=Ground ShouldRunAI=
[DEBUG-RANGE] OnTriggerEnter2D on  with tag=Ground ShouldRunAI=
[DEBUG-RANGE] OnTriggerEnter2D on  with tag=Ground ShouldRunAI=
[DEBUG-RANGE] OnTriggerEnter2D on  with tag=Ground ShouldRunAI=
[DEBUG-RANGE] OnTriggerEnter2D on  with tag=Ground ShouldRunAI=
[DEBUG-RANGE] OnTriggerEnter2D on  with tag=Ground ShouldRunAI=
[DEBUG-RANGE] OnTriggerEnter2D on  with tag=Ground ShouldRunAI=
[DEBUG-RANGE] OnTriggerEnter2D on  with tag=Ground ShouldRunAI=
[DEBUG-RANGE] OnTriggerEnter2D on  with tag=Ground ShouldRunAI=
[DEBUG-RANGE] OnTriggerEnter2D on  with tag=Ground ShouldRunAI=
[DEBUG-RANGE] OnTriggerEnter2D on  with tag=Ground ShouldRunAI=
[DEBUG-RANGE] OnTriggerEnter2D on  with tag=Ground ShouldRunAI=
[DEBUG-RANGE] OnTriggerEnter2D on  with tag=Ground ShouldRunAI=
[DEBUG-RANGE] OnTriggerEnter2D on  with tag=Ground ShouldRunAI=
[DEBUG-RANGE] OnTriggerEnter2D on  with tag=Ground ShouldRunAI=
[DEBUG-RANGE] OnTriggerEnter2D on  with tag=Ground ShouldRunAI=
[DEBUG-RANGE] OnTriggerEnter2D on  with tag=Ground ShouldRunAI=
[DEBUG-RANGE] OnTriggerEnter2D on  with tag=Ground ShouldRunAI=
[DEBUG-RANGE] OnTriggerEnter2D on  with tag=Interactable ShouldRunAI=
[DEBUG-RANGE] OnTriggerEnter2D on  with tag=Untagged ShouldRunAI=
[DEBUG-RANGE] OnTriggerEnter2D on  with tag=Untagged ShouldRunAI=
[DEBUG-RANGE] OnTriggerEnter2D on  with tag=Enemy ShouldRunAI=
[DEBUG-RANGE] OnTriggerEnter2D on  with tag=Enemy ShouldRunAI=
[DEBUG-RANGE] OnTriggerEnter2D on  with tag=Enemy ShouldRunAI=
[DEBUG-RANGE] OnTriggerEnter2D on  with tag=Untagged ShouldRunAI=
[DEBUG-RANGE] OnTriggerEnter2D on  with tag=Untagged ShouldRunAI=
[DEBUG-RANGE] OnTriggerEnter2D on  with tag=HitBox ShouldRunAI=
[DEBUG-RANGE] OnTriggerEnter2D on  with tag=Enemy ShouldRunAI=
[DEBUG-RANGE] OnTriggerEnter2D on  with tag=Untagged ShouldRunAI=
[DEBUG-RANGE] OnTriggerEnter2D on  with tag=Untagged ShouldRunAI=
[DEBUG-RANGE] OnTriggerEnter2D on  with tag=HitBox ShouldRunAI=
[DEBUG-RANGE] OnTriggerEnter2D on  with tag=Untagged ShouldRunAI=
[DEBUG-RANGE] OnTriggerEnter2D on  with tag=Untagged ShouldRunAI=
[DEBUG-RANGE] OnTriggerEnter2D on  with tag=Ground ShouldRunAI=
[DEBUG-RANGE] OnTriggerEnter2D on  with tag=Ground ShouldRunAI=
[DEBUG-RANGE] OnTriggerEnter2D on  with tag=Ground ShouldRunAI=
[DEBUG-RANGE] OnTriggerEnter2D on  with tag=Ground ShouldRunAI=
[DEBUG-RANGE] OnTriggerEnter2D on  with tag=Ground ShouldRunAI=
[DEBUG-RANGE] OnTriggerEnter2D on  with tag=Ground ShouldRunAI=
[DEBUG-RANGE] OnTriggerEnter2D on  with tag=Ground ShouldRunAI=
[DEBUG-RANGE] OnTriggerEnter2D on  with tag=Ground ShouldRunAI=
[DEBUG-RANGE] OnTriggerEnter2D on  with tag=Ground ShouldRunAI=
[DEBUG-RANGE] OnTriggerEnter2D on  with tag=Ground ShouldRunAI=
[DEBUG-RANGE] OnTriggerEnter2D on  with tag=Ground ShouldRunAI=
[DEBUG-RANGE] OnTriggerEnter2D on  with tag=Ground ShouldRunAI=
[DEBUG-RANGE] OnTriggerEnter2D on  with tag=Ground ShouldRunAI=
[DEBUG-RANGE] OnTriggerEnter2D on  with tag=Ground ShouldRunAI=
[DEBUG-RANGE] OnTriggerEnter2D on  with tag=Ground ShouldRunAI=
[DEBUG-RANGE] OnTriggerEnter2D on  with tag=Ground ShouldRunAI=
[DEBUG-RANGE] OnTriggerEnter2D on  with tag=Ground ShouldRunAI=
[DEBUG-RANGE] OnTriggerEnter2D on  with tag=Ground ShouldRunAI=
[DEBUG-RANGE] OnTriggerEnter2D on  with tag=Ground ShouldRunAI=
[DEBUG-RANGE] OnTriggerEnter2D on  with tag=Ground ShouldRunAI=
[DEBUG-RANGE] OnTriggerEnter2D on  with tag=Ground ShouldRunAI=
[DEBUG-RANGE] OnTriggerEnter2D on  with tag=Ground ShouldRunAI=
[DEBUG-RANGE] OnTriggerEnter2D on  with tag=Ground ShouldRunAI=
[DEBUG-RANGE] OnTriggerEnter2D on  with tag=Ground ShouldRunAI=
[DEBUG-RANGE] OnTriggerEnter2D on  with tag=Ground ShouldRunAI=
[DEBUG-RANGE] OnTriggerEnter2D on  with tag=Ground ShouldRunAI=
[DEBUG-RANGE] OnTriggerEnter2D on  with tag=Ground ShouldRunAI=
[DEBUG-RANGE] OnTriggerEnter2D on  with tag=Ground ShouldRunAI=
[DEBUG-RANGE] OnTriggerEnter2D on  with tag=Ground ShouldRunAI=
[DEBUG-RANGE] OnTriggerEnter2D on  with tag=Ground ShouldRunAI=
[DEBUG-RANGE] OnTriggerEnter2D on  with tag=Ground ShouldRunAI=
[DEBUG-RANGE] OnTriggerEnter2D on  with tag=Ground ShouldRunAI=
[DEBUG-RANGE] OnTriggerEnter2D on  with tag=Ground ShouldRunAI=
[DEBUG-RANGE] OnTriggerEnter2D on  with tag=Ground ShouldRunAI=
[DEBUG-RANGE] OnTriggerEnter2D on  with tag=Ground ShouldRunAI=
[DEBUG-RANGE] OnTriggerEnter2D on  with tag=Ground ShouldRunAI=
[DEBUG-RANGE] OnTriggerEnter2D on  with tag=Ground ShouldRunAI=
[DEBUG-RANGE] OnTriggerEnter2D on  with tag=Interactable ShouldRunAI=
[DEBUG-RANGE] OnTriggerEnter2D on  with tag=Interactable ShouldRunAI=
[DEBUG-RANGE] OnTriggerEnter2D on  with tag=Interactable ShouldRunAI=
[DEBUG-RANGE] OnTriggerEnter2D on  with tag=Interactable ShouldRunAI=
[DEBUG-RANGE] OnTriggerEnter2D on  with tag=Interactable ShouldRunAI=
[DEBUG-RANGE] OnTriggerEnter2D on  with tag=Interactable ShouldRunAI=
[DEBUG-RANGE] OnTriggerEnter2D on  with tag=Untagged ShouldRunAI=
[DEBUG-RANGE] OnTriggerEnter2D on  with tag=Untagged ShouldRunAI=
[DEBUG-RANGE] OnTriggerEnter2D on  with tag=HitBox ShouldRunAI=
[DEBUG-RANGE] OnTriggerEnter2D on  with tag=HitBox ShouldRunAI=
[DEBUG-RANGE] OnTriggerEnter2D on  with tag=Untagged ShouldRunAI=
[DEBUG-RANGE] OnTriggerEnter2D on  with tag=Untagged ShouldRunAI=
[DEBUG-RANGE] OnTriggerEnter2D on  with tag=Untagged ShouldRunAI=
[DEBUG-RANGE] OnTriggerEnter2D on  with tag=Untagged ShouldRunAI=
[DEBUG-RANGE] OnTriggerEnter2D on  with tag=Ground ShouldRunAI=
[DEBUG-RANGE] OnTriggerEnter2D on  with tag=Ground ShouldRunAI=
[DEBUG-RANGE] OnTriggerEnter2D on  with tag=Ground ShouldRunAI=
[DEBUG-RANGE] OnTriggerEnter2D on  with tag=Ground ShouldRunAI=
[DEBUG-RANGE] OnTriggerEnter2D on  with tag=Ground ShouldRunAI=
[DEBUG-RANGE] OnTriggerEnter2D on  with tag=Ground ShouldRunAI=
[DEBUG-RANGE] OnTriggerEnter2D on  with tag=Ground ShouldRunAI=
[DEBUG-RANGE] OnTriggerEnter2D on  with tag=Ground ShouldRunAI=
[DEBUG-RANGE] OnTriggerEnter2D on  with tag=Ground ShouldRunAI=
[DEBUG-RANGE] OnTriggerEnter2D on  with tag=Ground ShouldRunAI=
[DEBUG-RANGE] OnTriggerEnter2D on  with tag=Ground ShouldRunAI=
[DEBUG-RANGE] OnTriggerEnter2D on  with tag=Ground ShouldRunAI=
[DEBUG-RANGE] OnTriggerEnter2D on  with tag=Ground ShouldRunAI=
[DEBUG-RANGE] OnTriggerEnter2D on  with tag=Ground ShouldRunAI=
[DEBUG-RANGE] OnTriggerEnter2D on  with tag=Ground ShouldRunAI=
[DEBUG-RANGE] OnTriggerEnter2D on  with tag=Ground ShouldRunAI=
[DEBUG-RANGE] OnTriggerEnter2D on  with tag=Ground ShouldRunAI=
[DEBUG-RANGE] OnTriggerEnter2D on  with tag=Ground ShouldRunAI=
[DEBUG-RANGE] OnTriggerEnter2D on  with tag=Ground ShouldRunAI=
[DEBUG-RANGE] OnTriggerEnter2D on  with tag=Ground ShouldRunAI=
[DEBUG-RANGE] OnTriggerEnter2D on  with tag=Ground ShouldRunAI=
[DEBUG-RANGE] OnTriggerEnter2D on  with tag=Ground ShouldRunAI=
[DEBUG-RANGE] OnTriggerEnter2D on  with tag=Ground ShouldRunAI=
[DEBUG-RANGE] OnTriggerEnter2D on  with tag=Ground ShouldRunAI=
[DEBUG-RANGE] OnTriggerEnter2D on  with tag=Ground ShouldRunAI=
[DEBUG-RANGE] OnTriggerEnter2D on  with tag=Ground ShouldRunAI=
[DEBUG-RANGE] OnTriggerEnter2D on  with tag=Ground ShouldRunAI=
[DEBUG-RANGE] OnTriggerEnter2D on  with tag=Ground ShouldRunAI=
[DEBUG-RANGE] OnTriggerEnter2D on  with tag=Ground ShouldRunAI=
[DEBUG-RANGE] OnTriggerEnter2D on  with tag=Ground ShouldRunAI=
[DEBUG-RANGE] OnTriggerEnter2D on  with tag=Ground ShouldRunAI=
[DEBUG-RANGE] OnTriggerEnter2D on  with tag=Ground ShouldRunAI=
[DEBUG-RANGE] OnTriggerEnter2D on  with tag=Interactable ShouldRunAI=
[DEBUG-RANGE] OnTriggerEnter2D on  with tag=Interactable ShouldRunAI=
[DEBUG-RANGE] OnTriggerEnter2D on  with tag=Interactable ShouldRunAI=
[DEBUG-RANGE] OnTriggerEnter2D on  with tag=Interactable ShouldRunAI=
[DEBUG-RANGE] OnTriggerEnter2D on  with tag=Untagged ShouldRunAI=
[DEBUG-RANGE] OnTriggerEnter2D on  with tag=Untagged ShouldRunAI=
[DEBUG-RANGE] OnTriggerEnter2D on  with tag=Ground ShouldRunAI=
[DEBUG-RANGE] OnTriggerEnter2D on  with tag=Ground ShouldRunAI=
[DEBUG-RANGE] OnTriggerEnter2D on  with tag=Ground ShouldRunAI=
[DEBUG-RANGE] OnTriggerEnter2D on  with tag=Ground ShouldRunAI=
[DEBUG-RANGE] OnTriggerEnter2D on  with tag=Ground ShouldRunAI=
[DEBUG-RANGE] OnTriggerEnter2D on  with tag=Ground ShouldRunAI=
[DEBUG-RANGE] OnTriggerEnter2D on  with tag=Ground ShouldRunAI=
[DEBUG-RANGE] OnTriggerEnter2D on  with tag=Ground ShouldRunAI=
[DEBUG-RANGE] OnTriggerEnter2D on  with tag=Ground ShouldRunAI=
[DEBUG-RANGE] OnTriggerEnter2D on  with tag=Ground ShouldRunAI=
[DEBUG-RANGE] OnTriggerEnter2D on  with tag=Ground ShouldRunAI=
[DEBUG-RANGE] OnTriggerEnter2D on  with tag=Ground ShouldRunAI=
[DEBUG-RANGE] OnTriggerEnter2D on  with tag=Ground ShouldRunAI=
[DEBUG-RANGE] OnTriggerEnter2D on  with tag=Ground ShouldRunAI=
[DEBUG-RANGE] OnTriggerEnter2D on  with tag=Ground ShouldRunAI=
[DEBUG-RANGE] OnTriggerEnter2D on  with tag=Ground ShouldRunAI=
[DEBUG-RANGE] OnTriggerEnter2D on  with tag=Ground ShouldRunAI=
[DEBUG-RANGE] OnTriggerEnter2D on  with tag=Ground ShouldRunAI=
[DEBUG-RANGE] OnTriggerEnter2D on  with tag=Ground ShouldRunAI=
[DEBUG-RANGE] OnTriggerEnter2D on  with tag=Ground ShouldRunAI=
[DEBUG-RANGE] OnTriggerEnter2D on  with tag=Ground ShouldRunAI=
[DEBUG-RANGE] OnTriggerEnter2D on  with tag=Ground ShouldRunAI=
[DEBUG-RANGE] OnTriggerEnter2D on  with tag=Ground ShouldRunAI=
[DEBUG-RANGE] OnTriggerEnter2D on  with tag=Ground ShouldRunAI=
[DEBUG-RANGE] OnTriggerEnter2D on  with tag=Ground ShouldRunAI=
[DEBUG-RANGE] OnTriggerEnter2D on  with tag=Ground ShouldRunAI=
[DEBUG-RANGE] OnTriggerEnter2D on  with tag=Ground ShouldRunAI=
[DEBUG-RANGE] OnTriggerEnter2D on  with tag=Ground ShouldRunAI=
[DEBUG-RANGE] OnTriggerEnter2D on  with tag=Ground ShouldRunAI=
[DEBUG-RANGE] OnTriggerEnter2D on  with tag=Ground ShouldRunAI=
[DEBUG-RANGE] OnTriggerEnter2D on  with tag=Ground ShouldRunAI=
[DEBUG-RANGE] OnTriggerEnter2D on  with tag=Ground ShouldRunAI=
[DEBUG-RANGE] OnTriggerEnter2D on  with tag=Ground ShouldRunAI=
[DEBUG-RANGE] OnTriggerEnter2D on  with tag=Ground ShouldRunAI=
[DEBUG-RANGE] OnTriggerEnter2D on  with tag=Ground ShouldRunAI=
[DEBUG-RANGE] OnTriggerEnter2D on  with tag=Ground ShouldRunAI=
[DEBUG-RANGE] OnTriggerEnter2D on  with tag=Ground ShouldRunAI=
[DEBUG-RANGE] OnTriggerEnter2D on  with tag=Ground ShouldRunAI=
[DEBUG-RANGE] OnTriggerEnter2D on  with tag=Ground ShouldRunAI=
[DEBUG-RANGE] OnTriggerEnter2D on  with tag=Ground ShouldRunAI=
[DEBUG-RANGE] OnTriggerEnter2D on  with tag=Ground ShouldRunAI=
[DEBUG-RANGE] OnTriggerEnter2D on  with tag=Ground ShouldRunAI=
[DEBUG-RANGE] OnTriggerEnter2D on  with tag=Ground ShouldRunAI=
[DEBUG-RANGE] OnTriggerEnter2D on  with tag=Interactable ShouldRunAI=
[DEBUG-RANGE] OnTriggerEnter2D on  with tag=Interactable ShouldRunAI=
[DEBUG-RANGE] OnTriggerEnter2D on  with tag=Interactable ShouldRunAI=
[DEBUG-RANGE] OnTriggerEnter2D on  with tag=Untagged ShouldRunAI=
[DEBUG-RANGE] OnTriggerEnter2D on  with tag=Ground ShouldRunAI=
[DEBUG-RANGE] OnTriggerEnter2D on  with tag=Ground ShouldRunAI=
[DEBUG-RANGE] OnTriggerEnter2D on  with tag=Ground ShouldRunAI=
[DEBUG-RANGE] OnTriggerEnter2D on  with tag=Ground ShouldRunAI=
[DEBUG-RANGE] OnTriggerEnter2D on  with tag=Ground ShouldRunAI=
[DEBUG-RANGE] OnTriggerEnter2D on  with tag=Ground ShouldRunAI=
[DEBUG-RANGE] OnTriggerEnter2D on  with tag=Ground ShouldRunAI=
[DEBUG-RANGE] OnTriggerEnter2D on  with tag=Ground ShouldRunAI=
[DEBUG-RANGE] OnTriggerEnter2D on  with tag=Ground ShouldRunAI=
[DEBUG-RANGE] OnTriggerEnter2D on  with tag=Ground ShouldRunAI=
[DEBUG-RANGE] OnTriggerEnter2D on  with tag=Ground ShouldRunAI=
[DEBUG-RANGE] OnTriggerEnter2D on  with tag=Ground ShouldRunAI=
[DEBUG-RANGE] OnTriggerEnter2D on  with tag=Ground ShouldRunAI=
[DEBUG-RANGE] OnTriggerEnter2D on  with tag=Ground ShouldRunAI=
[DEBUG-RANGE] OnTriggerEnter2D on  with tag=Ground ShouldRunAI=
[DEBUG-RANGE] OnTriggerEnter2D on  with tag=Ground ShouldRunAI=
[DEBUG-RANGE] OnTriggerEnter2D on  with tag=Ground ShouldRunAI=
[DEBUG-RANGE] OnTriggerEnter2D on  with tag=Ground ShouldRunAI=
[DEBUG-RANGE] OnTriggerEnter2D on  with tag=Ground ShouldRunAI=
[DEBUG-RANGE] OnTriggerEnter2D on  with tag=Ground ShouldRunAI=
[DEBUG-RANGE] OnTriggerEnter2D on  with tag=Ground ShouldRunAI=
[DEBUG-RANGE] OnTriggerEnter2D on  with tag=Ground ShouldRunAI=
[DEBUG-RANGE] OnTriggerEnter2D on  with tag=Ground ShouldRunAI=
[DEBUG-RANGE] OnTriggerEnter2D on  with tag=Ground ShouldRunAI=
[DEBUG-RANGE] OnTriggerEnter2D on  with tag=Ground ShouldRunAI=
[DEBUG-RANGE] OnTriggerEnter2D on  with tag=Ground ShouldRunAI=
[DEBUG-RANGE] OnTriggerEnter2D on  with tag=Ground ShouldRunAI=
[DEBUG-RANGE] OnTriggerEnter2D on  with tag=Ground ShouldRunAI=
[DEBUG-RANGE] OnTriggerEnter2D on  with tag=Ground ShouldRunAI=
[DEBUG-RANGE] OnTriggerEnter2D on  with tag=Ground ShouldRunAI=
[DEBUG-RANGE] OnTriggerEnter2D on  with tag=Ground ShouldRunAI=
[DEBUG-RANGE] OnTriggerEnter2D on  with tag=Ground ShouldRunAI=
[DEBUG-RANGE] OnTriggerEnter2D on  with tag=Ground ShouldRunAI=
[DEBUG-RANGE] OnTriggerEnter2D on  with tag=Untagged ShouldRunAI=
[DEBUG-RANGE] OnTriggerEnter2D on  with tag=Untagged ShouldRunAI=
[DEBUG-ENEMY] Enemy IsAlive=True ShouldRunAI=False state=IdleState MyTarget= MyAttackTime=0,00 IsAttacking=False AttackRange=0 dist=-1,00
[DEBUG-ENEMY] Enemy IsAlive=True ShouldRunAI=False state=IdleState MyTarget= MyAttackTime=0,00 IsAttacking=False AttackRange=0 dist=-1,00
[DEBUG-ENEMY] Enemy IsAlive=True ShouldRunAI=False state=IdleState MyTarget= MyAttackTime=0,00 IsAttacking=False AttackRange=5 dist=-1,00
[DEBUG-ENEMY] Enemy IsAlive=True ShouldRunAI=False state=IdleState MyTarget= MyAttackTime=0,00 IsAttacking=False AttackRange=5 dist=-1,00
[DEBUG-ENEMY] Enemy IsAlive=True ShouldRunAI=False state=IdleState MyTarget= MyAttackTime=0,00 IsAttacking=False AttackRange=0 dist=-1,00
[DEBUG-ENEMY] Enemy IsAlive=True ShouldRunAI=False state=IdleState MyTarget= MyAttackTime=0,00 IsAttacking=False AttackRange=5 dist=-1,00
[DEBUG-ENEMY] Enemy IsAlive=True ShouldRunAI=False state=IdleState MyTarget= MyAttackTime=0,00 IsAttacking=False AttackRange=0 dist=-1,00
[DEBUG-ENEMY] Enemy IsAlive=True ShouldRunAI=False state=IdleState MyTarget= MyAttackTime=0,00 IsAttacking=False AttackRange=0 dist=-1,00
[DEBUG-ENEMY] Enemy IsAlive=True ShouldRunAI=False state=IdleState MyTarget= MyAttackTime=0,00 IsAttacking=False AttackRange=0 dist=-1,00
[DEBUG-ENEMY] Enemy IsAlive=True ShouldRunAI=False state=IdleState MyTarget= MyAttackTime=0,00 IsAttacking=False AttackRange=5 dist=-1,00
[DEBUG-RANGE] OnTriggerEnter2D on Enemy with tag=Player ShouldRunAI=False
[DEBUG-RANGE] SetTarget called, MyTarget now=Player(Clone) (Player)
[DEBUG-RANGE] OnTriggerEnter2D on Enemy with tag=HitBox ShouldRunAI=False
[DEBUG-RANGE] OnTriggerEnter2D on Enemy with tag=Untagged ShouldRunAI=False
[DEBUG-RANGE] OnTriggerEnter2D on Enemy with tag=Ground ShouldRunAI=False
[DEBUG-RANGE] OnTriggerEnter2D on Enemy with tag=Ground ShouldRunAI=False
[DEBUG-RANGE] OnTriggerEnter2D on Enemy with tag=Ground ShouldRunAI=False
[DEBUG-RANGE] OnTriggerEnter2D on Enemy with tag=Ground ShouldRunAI=False
[DEBUG-RANGE] OnTriggerEnter2D on Enemy with tag=Ground ShouldRunAI=False
[DEBUG-RANGE] OnTriggerEnter2D on Enemy with tag=Obstacle ShouldRunAI=False
[DEBUG-RANGE] OnTriggerEnter2D on Enemy with tag=Ground ShouldRunAI=False
[DEBUG-RANGE] OnTriggerEnter2D on Enemy with tag=Ground ShouldRunAI=False
[DEBUG-RANGE] OnTriggerEnter2D on Enemy with tag=Ground ShouldRunAI=False
[DEBUG-RANGE] OnTriggerEnter2D on Enemy with tag=Ground ShouldRunAI=False
[DEBUG-RANGE] OnTriggerEnter2D on Enemy with tag=Untagged ShouldRunAI=False
[DEBUG-RANGE] OnTriggerEnter2D on Enemy with tag=Ground ShouldRunAI=False
[DEBUG-RANGE] OnTriggerEnter2D on Enemy with tag=Ground ShouldRunAI=False
[DEBUG-ENEMY] Enemy IsAlive=True ShouldRunAI=False state=IdleState MyTarget= MyAttackTime=0,00 IsAttacking=False AttackRange=0 dist=-1,00
[DEBUG-ENEMY] Enemy IsAlive=True ShouldRunAI=False state=IdleState MyTarget= MyAttackTime=0,00 IsAttacking=False AttackRange=0 dist=-1,00
[DEBUG-ENEMY] Enemy IsAlive=True ShouldRunAI=False state=IdleState MyTarget= MyAttackTime=0,00 IsAttacking=False AttackRange=5 dist=-1,00
[DEBUG-ENEMY] Enemy IsAlive=True ShouldRunAI=False state=IdleState MyTarget= MyAttackTime=0,00 IsAttacking=False AttackRange=5 dist=-1,00
[DEBUG-ENEMY] Enemy IsAlive=True ShouldRunAI=False state=IdleState MyTarget=Player(Clone) (Player) MyAttackTime=0,00 IsAttacking=False AttackRange=0 dist=10,23
[DEBUG-ENEMY] Enemy IsAlive=True ShouldRunAI=False state=IdleState MyTarget= MyAttackTime=0,00 IsAttacking=False AttackRange=5 dist=-1,00
[DEBUG-ENEMY] Enemy IsAlive=True ShouldRunAI=False state=IdleState MyTarget= MyAttackTime=0,00 IsAttacking=False AttackRange=0 dist=-1,00
[DEBUG-ENEMY] Enemy IsAlive=True ShouldRunAI=False state=IdleState MyTarget= MyAttackTime=0,00 IsAttacking=False AttackRange=0 dist=-1,00
[DEBUG-ENEMY] Enemy IsAlive=True ShouldRunAI=False state=IdleState MyTarget= MyAttackTime=0,00 IsAttacking=False AttackRange=0 dist=-1,00
[DEBUG-ENEMY] Enemy IsAlive=True ShouldRunAI=False state=IdleState MyTarget= MyAttackTime=0,00 IsAttacking=False AttackRange=5 dist=-1,00
[DEBUG-RANGE] OnTriggerEnter2D on Enemy with tag=Ground ShouldRunAI=False
[DEBUG-RANGE] OnTriggerEnter2D on Enemy with tag=Ground ShouldRunAI=False
[DEBUG-RANGE] OnTriggerEnter2D on Enemy with tag=Ground ShouldRunAI=False
[DEBUG-RANGE] OnTriggerEnter2D on Enemy with tag=Untagged ShouldRunAI=False
[DEBUG-RANGE] OnTriggerEnter2D on Enemy with tag=Untagged ShouldRunAI=False
[DEBUG-RANGE] OnTriggerEnter2D on Enemy with tag=Untagged ShouldRunAI=False
[DEBUG-RANGE] OnTriggerEnter2D on Enemy with tag=Untagged ShouldRunAI=False
[DEBUG-RANGE] OnTriggerEnter2D on Enemy with tag=Ground ShouldRunAI=False
[DEBUG-RANGE] OnTriggerEnter2D on Enemy with tag=Ground ShouldRunAI=False
[DEBUG-RANGE] OnTriggerEnter2D on Enemy with tag=Ground ShouldRunAI=False
[DEBUG-RANGE] OnTriggerEnter2D on Enemy with tag=Ground ShouldRunAI=False
[DEBUG-RANGE] OnTriggerEnter2D on Enemy with tag=Ground ShouldRunAI=False
[DEBUG-RANGE] OnTriggerEnter2D on Enemy with tag=Ground ShouldRunAI=False
[DEBUG-RANGE] OnTriggerEnter2D on Enemy with tag=Ground ShouldRunAI=False
[DEBUG-RANGE] OnTriggerEnter2D on Enemy with tag=Ground ShouldRunAI=False
[DEBUG-RANGE] OnTriggerEnter2D on Enemy with tag=Ground ShouldRunAI=False
[DEBUG-RANGE] OnTriggerEnter2D on Enemy with tag=Interactable ShouldRunAI=False
[DEBUG-RANGE] OnTriggerEnter2D on Enemy with tag=Obstacle ShouldRunAI=False
[DEBUG-RANGE] OnTriggerEnter2D on Enemy with tag=Obstacle ShouldRunAI=False
[DEBUG-RANGE] OnTriggerEnter2D on Enemy with tag=Obstacle ShouldRunAI=False
[DEBUG-RANGE] OnTriggerEnter2D on Enemy with tag=Ground ShouldRunAI=False
[DEBUG-RANGE] OnTriggerEnter2D on Enemy with tag=Ground ShouldRunAI=False
[DEBUG-RANGE] OnTriggerEnter2D on Enemy with tag=Ground ShouldRunAI=False
[DEBUG-RANGE] OnTriggerEnter2D on Enemy with tag=Ground ShouldRunAI=False
[DEBUG-RANGE] OnTriggerEnter2D on Enemy with tag=Ground ShouldRunAI=False
[DEBUG-RANGE] OnTriggerEnter2D on Enemy with tag=Ground ShouldRunAI=False
[DEBUG-RANGE] OnTriggerEnter2D on Enemy with tag=Ground ShouldRunAI=False
[DEBUG-RANGE] OnTriggerEnter2D on Enemy with tag=Ground ShouldRunAI=False
[DEBUG-RANGE] OnTriggerEnter2D on Enemy with tag=Ground ShouldRunAI=False
[DEBUG-RANGE] OnTriggerEnter2D on Enemy with tag=Ground ShouldRunAI=False
[DEBUG-RANGE] OnTriggerEnter2D on Enemy with tag=Obstacle ShouldRunAI=False
[DEBUG-RANGE] OnTriggerEnter2D on Enemy with tag=Obstacle ShouldRunAI=False
[DEBUG-RANGE] OnTriggerEnter2D on Enemy with tag=Ground ShouldRunAI=False
[DEBUG-RANGE] OnTriggerEnter2D on Enemy with tag=Ground ShouldRunAI=False
[DEBUG-RANGE] OnTriggerEnter2D on Enemy with tag=Obstacle ShouldRunAI=False
[DEBUG-RANGE] OnTriggerEnter2D on Enemy with tag=Obstacle ShouldRunAI=False
[DEBUG-RANGE] OnTriggerEnter2D on Enemy with tag=Obstacle ShouldRunAI=False
[DEBUG-RANGE] OnTriggerEnter2D on Enemy with tag=Obstacle ShouldRunAI=False
[DEBUG-ENEMY] Enemy IsAlive=True ShouldRunAI=False state=IdleState MyTarget= MyAttackTime=0,00 IsAttacking=False AttackRange=0 dist=-1,00
[DEBUG-ENEMY] Enemy IsAlive=True ShouldRunAI=False state=IdleState MyTarget= MyAttackTime=0,00 IsAttacking=False AttackRange=0 dist=-1,00
[DEBUG-ENEMY] Enemy IsAlive=True ShouldRunAI=False state=IdleState MyTarget= MyAttackTime=0,00 IsAttacking=False AttackRange=5 dist=-1,00
[DEBUG-ENEMY] Enemy IsAlive=True ShouldRunAI=False state=IdleState MyTarget= MyAttackTime=0,00 IsAttacking=False AttackRange=5 dist=-1,00
[DEBUG-ENEMY] Enemy IsAlive=True ShouldRunAI=False state=IdleState MyTarget=Player(Clone) (Player) MyAttackTime=0,00 IsAttacking=False AttackRange=0 dist=6,02
[DEBUG-ENEMY] Enemy IsAlive=True ShouldRunAI=False state=IdleState MyTarget= MyAttackTime=0,00 IsAttacking=False AttackRange=5 dist=-1,00
[DEBUG-ENEMY] Enemy IsAlive=True ShouldRunAI=False state=IdleState MyTarget= MyAttackTime=0,00 IsAttacking=False AttackRange=0 dist=-1,00
[DEBUG-ENEMY] Enemy IsAlive=True ShouldRunAI=False state=IdleState MyTarget= MyAttackTime=0,00 IsAttacking=False AttackRange=0 dist=-1,00
[DEBUG-ENEMY] Enemy IsAlive=True ShouldRunAI=False state=IdleState MyTarget= MyAttackTime=0,00 IsAttacking=False AttackRange=0 dist=-1,00
[DEBUG-ENEMY] Enemy IsAlive=True ShouldRunAI=False state=IdleState MyTarget= MyAttackTime=0,00 IsAttacking=False AttackRange=5 dist=-1,00
[DEBUG-RANGE] OnTriggerEnter2D on Enemy with tag=Ground ShouldRunAI=False
[DEBUG-RANGE] OnTriggerEnter2D on Enemy with tag=Ground ShouldRunAI=False
[DEBUG-RANGE] OnTriggerEnter2D on Enemy with tag=Ground ShouldRunAI=False
[DEBUG-RANGE] OnTriggerEnter2D on Enemy with tag=Ground ShouldRunAI=False
[DEBUG-RANGE] OnTriggerEnter2D on Enemy with tag=Ground ShouldRunAI=False
[DEBUG-RANGE] OnTriggerEnter2D on Enemy with tag=Ground ShouldRunAI=False
[DEBUG-RANGE] OnTriggerEnter2D on Enemy with tag=Ground ShouldRunAI=False
[DEBUG-RANGE] OnTriggerEnter2D on Enemy with tag=Untagged ShouldRunAI=False
[DEBUG-RANGE] OnTriggerEnter2D on Enemy with tag=Untagged ShouldRunAI=False
[DEBUG-RANGE] OnTriggerEnter2D on Enemy with tag=Ground ShouldRunAI=False
[DEBUG-RANGE] OnTriggerEnter2D on Enemy with tag=Ground ShouldRunAI=False
[DEBUG-RANGE] OnTriggerEnter2D on Enemy with tag=Ground ShouldRunAI=False
[DEBUG-RANGE] OnTriggerEnter2D on Enemy with tag=Ground ShouldRunAI=False
[DEBUG-RANGE] OnTriggerEnter2D on Enemy with tag=Ground ShouldRunAI=False
[DEBUG-RANGE] OnTriggerEnter2D on Enemy with tag=Ground ShouldRunAI=False
[DEBUG-RANGE] OnTriggerEnter2D on Enemy with tag=Ground ShouldRunAI=False
[DEBUG-RANGE] OnTriggerEnter2D on Enemy with tag=Ground ShouldRunAI=False
[DEBUG-RANGE] OnTriggerEnter2D on Enemy with tag=Ground ShouldRunAI=False
[DEBUG-RANGE] OnTriggerEnter2D on Enemy with tag=Ground ShouldRunAI=False
[DEBUG-RANGE] OnTriggerEnter2D on Enemy with tag=Ground ShouldRunAI=False
[DEBUG-RANGE] OnTriggerEnter2D on Enemy with tag=HitBox ShouldRunAI=False
[DEBUG-RANGE] OnTriggerEnter2D on Enemy with tag=Player ShouldRunAI=False
[DEBUG-RANGE] SetTarget called, MyTarget now=Player(Clone) (Player)
[DEBUG-RANGE] OnTriggerEnter2D on Enemy with tag=Player ShouldRunAI=False
[DEBUG-RANGE] SetTarget called, MyTarget now=Player(Clone) (Player)
[DEBUG-RANGE] OnTriggerEnter2D on Enemy with tag=HitBox ShouldRunAI=False
[DEBUG-RANGE] OnTriggerEnter2D on Enemy with tag=Player ShouldRunAI=False
[DEBUG-RANGE] SetTarget called, MyTarget now=Player(Clone) (Player)
[DEBUG-RANGE] OnTriggerEnter2D on Enemy with tag=Ground ShouldRunAI=False
[DEBUG-RANGE] OnTriggerEnter2D on Enemy with tag=Ground ShouldRunAI=False
[DEBUG-RANGE] OnTriggerEnter2D on Enemy with tag=HitBox ShouldRunAI=False
[DEBUG-RANGE] OnTriggerEnter2D on Enemy with tag=Ground ShouldRunAI=False
[DEBUG-RANGE] OnTriggerEnter2D on Enemy with tag=Ground ShouldRunAI=False
[DEBUG-RANGE] OnTriggerEnter2D on Enemy with tag=Obstacle ShouldRunAI=False
[DEBUG-RANGE] OnTriggerEnter2D on Enemy with tag=Obstacle ShouldRunAI=False
[DEBUG-RANGE] OnTriggerEnter2D on Enemy with tag=Ground ShouldRunAI=False
[DEBUG-RANGE] OnTriggerEnter2D on Enemy with tag=Ground ShouldRunAI=False
[DEBUG-RANGE] OnTriggerEnter2D on Enemy with tag=Obstacle ShouldRunAI=False
[DEBUG-RANGE] OnTriggerEnter2D on Enemy with tag=Ground ShouldRunAI=False
[DEBUG-RANGE] OnTriggerEnter2D on Enemy with tag=Ground ShouldRunAI=False
[DEBUG-RANGE] OnTriggerEnter2D on Enemy with tag=Ground ShouldRunAI=False
[DEBUG-RANGE] OnTriggerEnter2D on Enemy with tag=Untagged ShouldRunAI=False
[DEBUG-RANGE] OnTriggerEnter2D on Enemy with tag=Ground ShouldRunAI=False
[DEBUG-RANGE] OnTriggerEnter2D on Enemy with tag=Ground ShouldRunAI=False
[DEBUG-RANGE] OnTriggerEnter2D on Enemy with tag=Untagged ShouldRunAI=False
[DEBUG-RANGE] OnTriggerEnter2D on Enemy with tag=Ground ShouldRunAI=False
[DEBUG-RANGE] OnTriggerEnter2D on Enemy with tag=Enemy ShouldRunAI=False
[DEBUG-RANGE] OnTriggerEnter2D on Enemy with tag=Enemy ShouldRunAI=False
[DEBUG-RANGE] OnTriggerEnter2D on Enemy with tag=Ground ShouldRunAI=False
[DEBUG-RANGE] OnTriggerEnter2D on Enemy with tag=Enemy ShouldRunAI=False
[DEBUG-RANGE] OnTriggerEnter2D on Enemy with tag=Enemy ShouldRunAI=False
[DEBUG-RANGE] OnTriggerEnter2D on Enemy with tag=Ground ShouldRunAI=False
[DEBUG-RANGE] OnTriggerEnter2D on Enemy with tag=Ground ShouldRunAI=False
[DEBUG-RANGE] OnTriggerEnter2D on Enemy with tag=Player ShouldRunAI=False
[DEBUG-RANGE] SetTarget called, MyTarget now=Player(Clone) (Player)
[DEBUG-RANGE] OnTriggerEnter2D on Enemy with tag=HitBox ShouldRunAI=False
[DEBUG-RANGE] OnTriggerEnter2D on Enemy with tag=Ground ShouldRunAI=False
[DEBUG-ENEMY] Enemy IsAlive=True ShouldRunAI=False state=IdleState MyTarget= MyAttackTime=0,00 IsAttacking=False AttackRange=0 dist=-1,00
[DEBUG-ENEMY] Enemy IsAlive=True ShouldRunAI=False state=IdleState MyTarget= MyAttackTime=0,00 IsAttacking=False AttackRange=0 dist=-1,00
[DEBUG-ENEMY] Enemy IsAlive=True ShouldRunAI=False state=IdleState MyTarget=Player(Clone) (Player) MyAttackTime=0,00 IsAttacking=False AttackRange=5 dist=3,03
[DEBUG-ENEMY] Enemy IsAlive=True ShouldRunAI=False state=IdleState MyTarget= MyAttackTime=0,00 IsAttacking=False AttackRange=5 dist=-1,00
[DEBUG-ENEMY] Enemy IsAlive=True ShouldRunAI=False state=IdleState MyTarget=Player(Clone) (Player) MyAttackTime=0,00 IsAttacking=False AttackRange=0 dist=5,14
[DEBUG-ENEMY] Enemy IsAlive=True ShouldRunAI=False state=IdleState MyTarget=Player(Clone) (Player) MyAttackTime=0,00 IsAttacking=False AttackRange=5 dist=4,33
[DEBUG-ENEMY] Enemy IsAlive=True ShouldRunAI=False state=IdleState MyTarget=Player(Clone) (Player) MyAttackTime=0,00 IsAttacking=False AttackRange=0 dist=10,97
[DEBUG-ENEMY] Enemy IsAlive=True ShouldRunAI=False state=IdleState MyTarget= MyAttackTime=0,00 IsAttacking=False AttackRange=0 dist=-1,00
[DEBUG-ENEMY] Enemy IsAlive=True ShouldRunAI=False state=IdleState MyTarget= MyAttackTime=0,00 IsAttacking=False AttackRange=0 dist=-1,00
[DEBUG-ENEMY] Enemy IsAlive=True ShouldRunAI=False state=IdleState MyTarget=Player(Clone) (Player) MyAttackTime=0,00 IsAttacking=False AttackRange=5 dist=3,74
[DEBUG-RANGE] OnTriggerEnter2D on Enemy with tag=Ground ShouldRunAI=False
[DEBUG-RANGE] OnTriggerEnter2D on Enemy with tag=Ground ShouldRunAI=False
[DEBUG-RANGE] OnTriggerEnter2D on Enemy with tag=Ground ShouldRunAI=False
[DEBUG-RANGE] OnTriggerEnter2D on Enemy with tag=Ground ShouldRunAI=False
[DEBUG-RANGE] OnTriggerEnter2D on Enemy with tag=Ground ShouldRunAI=False
[DEBUG-RANGE] OnTriggerEnter2D on Enemy with tag=Ground ShouldRunAI=False
[DEBUG-RANGE] OnTriggerEnter2D on Enemy with tag=Ground ShouldRunAI=False
[DEBUG-RANGE] OnTriggerEnter2D on Enemy with tag=Ground ShouldRunAI=False
[DEBUG-RANGE] OnTriggerEnter2D on Enemy with tag=Ground ShouldRunAI=False
[DEBUG-RANGE] OnTriggerEnter2D on Enemy with tag=Ground ShouldRunAI=False
[DEBUG-RANGE] OnTriggerEnter2D on Enemy with tag=Obstacle ShouldRunAI=False
[DEBUG-RANGE] OnTriggerEnter2D on Enemy with tag=Ground ShouldRunAI=False
[DEBUG-RANGE] OnTriggerEnter2D on Enemy with tag=Ground ShouldRunAI=False
[DEBUG-RANGE] OnTriggerEnter2D on Enemy with tag=Ground ShouldRunAI=False
[DEBUG-RANGE] OnTriggerEnter2D on Enemy with tag=Obstacle ShouldRunAI=False
[DEBUG-RANGE] OnTriggerEnter2D on Enemy with tag=Obstacle ShouldRunAI=False
[DEBUG-RANGE] OnTriggerEnter2D on Enemy with tag=Ground ShouldRunAI=False
[DEBUG-RANGE] OnTriggerEnter2D on Enemy with tag=Ground ShouldRunAI=False
[DEBUG-RANGE] OnTriggerEnter2D on Enemy with tag=Ground ShouldRunAI=False
[DEBUG-RANGE] OnTriggerEnter2D on Enemy with tag=Ground ShouldRunAI=False
[DEBUG-RANGE] OnTriggerEnter2D on Enemy with tag=Ground ShouldRunAI=False
[DEBUG-RANGE] OnTriggerEnter2D on Enemy with tag=Player ShouldRunAI=False
[DEBUG-RANGE] SetTarget called, MyTarget now=Player(Clone) (Player)
[DEBUG-RANGE] OnTriggerEnter2D on Enemy with tag=Ground ShouldRunAI=False
[DEBUG-RANGE] OnTriggerEnter2D on Enemy with tag=Ground ShouldRunAI=False
[DEBUG-RANGE] OnTriggerEnter2D on Enemy with tag=Ground ShouldRunAI=False
[DEBUG-RANGE] OnTriggerEnter2D on Enemy with tag=HitBox ShouldRunAI=False
[DEBUG-RANGE] OnTriggerEnter2D on Enemy with tag=Ground ShouldRunAI=False
[DEBUG-RANGE] OnTriggerEnter2D on Enemy with tag=Ground ShouldRunAI=False
[DEBUG-RANGE] OnTriggerEnter2D on Enemy with tag=Ground ShouldRunAI=False
[DEBUG-RANGE] OnTriggerEnter2D on Enemy with tag=HitBox ShouldRunAI=False
[DEBUG-RANGE] OnTriggerEnter2D on Enemy with tag=HitBox ShouldRunAI=False
[DEBUG-RANGE] OnTriggerEnter2D on Enemy with tag=Ground ShouldRunAI=False
[DEBUG-RANGE] OnTriggerEnter2D on Enemy with tag=Ground ShouldRunAI=False
[DEBUG-RANGE] OnTriggerEnter2D on Enemy with tag=Ground ShouldRunAI=False
[DEBUG-RANGE] OnTriggerEnter2D on Enemy with tag=HitBox ShouldRunAI=False
[DEBUG-RANGE] OnTriggerEnter2D on Enemy with tag=Ground ShouldRunAI=False
[DEBUG-RANGE] OnTriggerEnter2D on Enemy with tag=HitBox ShouldRunAI=False
[DEBUG-RANGE] OnTriggerEnter2D on Enemy with tag=Ground ShouldRunAI=False
[DEBUG-RANGE] OnTriggerEnter2D on Enemy with tag=Ground ShouldRunAI=False
[DEBUG-RANGE] OnTriggerEnter2D on Enemy with tag=Ground ShouldRunAI=False
[DEBUG-RANGE] OnTriggerEnter2D on Enemy with tag=Ground ShouldRunAI=False
[DEBUG-RANGE] OnTriggerEnter2D on Enemy with tag=Ground ShouldRunAI=False
[DEBUG-RANGE] OnTriggerEnter2D on Enemy with tag=Ground ShouldRunAI=False
[DEBUG-RANGE] OnTriggerEnter2D on Enemy with tag=Untagged ShouldRunAI=False
[DEBUG-RANGE] OnTriggerEnter2D on Enemy with tag=Ground ShouldRunAI=False
[DEBUG-RANGE] OnTriggerEnter2D on Enemy with tag=Ground ShouldRunAI=False
[DEBUG-RANGE] OnTriggerEnter2D on Enemy with tag=Enemy ShouldRunAI=False
[DEBUG-RANGE] OnTriggerEnter2D on Enemy with tag=Untagged ShouldRunAI=False
[DEBUG-RANGE] OnTriggerEnter2D on Enemy with tag=Ground ShouldRunAI=False
[DEBUG-RANGE] OnTriggerEnter2D on Enemy with tag=Enemy ShouldRunAI=False
[DEBUG-RANGE] OnTriggerEnter2D on Enemy with tag=Ground ShouldRunAI=False
[DEBUG-RANGE] OnTriggerEnter2D on Enemy with tag=Ground ShouldRunAI=False
[DEBUG-RANGE] OnTriggerEnter2D on Enemy with tag=Ground ShouldRunAI=False
[DEBUG-RANGE] OnTriggerEnter2D on Enemy with tag=Ground ShouldRunAI=False
[DEBUG-RANGE] OnTriggerEnter2D on Enemy with tag=Ground ShouldRunAI=False
[DEBUG-RANGE] OnTriggerEnter2D on Enemy with tag=Ground ShouldRunAI=False
[DEBUG-RANGE] OnTriggerEnter2D on Enemy with tag=Ground ShouldRunAI=False
[DEBUG-RANGE] OnTriggerEnter2D on Enemy with tag=Ground ShouldRunAI=False
[DEBUG-RANGE] OnTriggerEnter2D on Enemy with tag=Ground ShouldRunAI=False
[DEBUG-RANGE] OnTriggerEnter2D on Enemy with tag=Ground ShouldRunAI=False
[DEBUG-RANGE] OnTriggerEnter2D on Enemy with tag=Ground ShouldRunAI=False
[DEBUG-RANGE] OnTriggerEnter2D on Enemy with tag=Ground ShouldRunAI=False
[DEBUG-RANGE] OnTriggerEnter2D on Enemy with tag=Obstacle ShouldRunAI=False
[DEBUG-RANGE] OnTriggerEnter2D on Enemy with tag=Ground ShouldRunAI=False
[DEBUG-RANGE] OnTriggerEnter2D on Enemy with tag=Ground ShouldRunAI=False
[DEBUG-RANGE] OnTriggerEnter2D on Enemy with tag=Obstacle ShouldRunAI=False
[DEBUG-RANGE] OnTriggerEnter2D on Enemy with tag=Ground ShouldRunAI=False
[DEBUG-RANGE] OnTriggerEnter2D on Enemy with tag=Ground ShouldRunAI=False
[DEBUG-RANGE] OnTriggerEnter2D on Enemy with tag=Ground ShouldRunAI=False
[DEBUG-RANGE] OnTriggerEnter2D on Enemy with tag=Ground ShouldRunAI=False
[DEBUG-RANGE] OnTriggerEnter2D on Enemy with tag=Ground ShouldRunAI=False
[DEBUG-RANGE] OnTriggerEnter2D on Enemy with tag=Player ShouldRunAI=False
[DEBUG-RANGE] SetTarget called, MyTarget now=Player(Clone) (Player)
[DEBUG-RANGE] OnTriggerEnter2D on Enemy with tag=Ground ShouldRunAI=False
[DEBUG-RANGE] OnTriggerEnter2D on Enemy with tag=Ground ShouldRunAI=False
[DEBUG-RANGE] OnTriggerEnter2D on Enemy with tag=Ground ShouldRunAI=False
[DEBUG-RANGE] OnTriggerEnter2D on Enemy with tag=Ground ShouldRunAI=False
[DEBUG-RANGE] OnTriggerEnter2D on Enemy with tag=Ground ShouldRunAI=False
[DEBUG-RANGE] OnTriggerEnter2D on Enemy with tag=Ground ShouldRunAI=False
[DEBUG-RANGE] OnTriggerEnter2D on Enemy with tag=Ground ShouldRunAI=False
[DEBUG-RANGE] OnTriggerEnter2D on Enemy with tag=Ground ShouldRunAI=False
[DEBUG-RANGE] OnTriggerEnter2D on Enemy with tag=Ground ShouldRunAI=False
[DEBUG-RANGE] OnTriggerEnter2D on Enemy with tag=Ground ShouldRunAI=False
[DEBUG-RANGE] OnTriggerEnter2D on Enemy with tag=Ground ShouldRunAI=False
[DEBUG-RANGE] OnTriggerEnter2D on Enemy with tag=Ground ShouldRunAI=False
[DEBUG-RANGE] OnTriggerEnter2D on Enemy with tag=Ground ShouldRunAI=False
[DEBUG-RANGE] OnTriggerEnter2D on Enemy with tag=Ground ShouldRunAI=False
[DEBUG-RANGE] OnTriggerEnter2D on Enemy with tag=Ground ShouldRunAI=False
[DEBUG-RANGE] OnTriggerEnter2D on Enemy with tag=Ground ShouldRunAI=False
[DEBUG-RANGE] OnTriggerEnter2D on Enemy with tag=Ground ShouldRunAI=False
[DEBUG-RANGE] OnTriggerEnter2D on Enemy with tag=Ground ShouldRunAI=False
[DEBUG-RANGE] OnTriggerEnter2D on Enemy with tag=Ground ShouldRunAI=False
[DEBUG-RANGE] OnTriggerEnter2D on Enemy with tag=Ground ShouldRunAI=False
[DEBUG-RANGE] OnTriggerEnter2D on Enemy with tag=Ground ShouldRunAI=False
[DEBUG-RANGE] OnTriggerEnter2D on Enemy with tag=Ground ShouldRunAI=False
[DEBUG-RANGE] OnTriggerEnter2D on Enemy with tag=Obstacle ShouldRunAI=False
[DEBUG-RANGE] OnTriggerEnter2D on Enemy with tag=Ground ShouldRunAI=False
[DEBUG-RANGE] OnTriggerEnter2D on Enemy with tag=Untagged ShouldRunAI=False
[DEBUG-RANGE] OnTriggerEnter2D on Enemy with tag=HitBox ShouldRunAI=False
[DEBUG-RANGE] OnTriggerEnter2D on Enemy with tag=Untagged ShouldRunAI=False
[DEBUG-RANGE] OnTriggerEnter2D on Enemy with tag=Ground ShouldRunAI=False
[DEBUG-RANGE] OnTriggerEnter2D on Enemy with tag=Ground ShouldRunAI=False
[DEBUG-RANGE] OnTriggerEnter2D on Enemy with tag=Obstacle ShouldRunAI=False
[DEBUG-RANGE] OnTriggerEnter2D on Enemy with tag=Untagged ShouldRunAI=False
[DEBUG-RANGE] OnTriggerEnter2D on Enemy with tag=Ground ShouldRunAI=False
[DEBUG-RANGE] OnTriggerEnter2D on Enemy with tag=Ground ShouldRunAI=False
[DEBUG-RANGE] OnTriggerEnter2D on Enemy with tag=Ground ShouldRunAI=False
[DEBUG-RANGE] OnTriggerEnter2D on Enemy with tag=Ground ShouldRunAI=False
[DEBUG-RANGE] OnTriggerEnter2D on Enemy with tag=HitBox ShouldRunAI=False
[DEBUG-RANGE] OnTriggerEnter2D on Enemy with tag=HitBox ShouldRunAI=False
[DEBUG-RANGE] OnTriggerEnter2D on Enemy with tag=HitBox ShouldRunAI=False
[DEBUG-RANGE] OnTriggerEnter2D on Enemy with tag=HitBox ShouldRunAI=False
[DEBUG-RANGE] OnTriggerEnter2D on Enemy with tag=Obstacle ShouldRunAI=False
[DEBUG-RANGE] OnTriggerEnter2D on Enemy with tag=Ground ShouldRunAI=False
[DEBUG-RANGE] OnTriggerEnter2D on Enemy with tag=Ground ShouldRunAI=False
[DEBUG-RANGE] OnTriggerEnter2D on Enemy with tag=Obstacle ShouldRunAI=False
[DEBUG-RANGE] OnTriggerEnter2D on Enemy with tag=Obstacle ShouldRunAI=False
[DEBUG-RANGE] OnTriggerEnter2D on Enemy with tag=Ground ShouldRunAI=False
[DEBUG-RANGE] OnTriggerEnter2D on Enemy with tag=Obstacle ShouldRunAI=False
[DEBUG-RANGE] OnTriggerEnter2D on Enemy with tag=Obstacle ShouldRunAI=False
[DEBUG-RANGE] OnTriggerEnter2D on Enemy with tag=Ground ShouldRunAI=False
[DEBUG-RANGE] OnTriggerEnter2D on Enemy with tag=Ground ShouldRunAI=False
[DEBUG-RANGE] OnTriggerEnter2D on Enemy with tag=Ground ShouldRunAI=False
[DEBUG-RANGE] OnTriggerEnter2D on Enemy with tag=Ground ShouldRunAI=False
[DEBUG-RANGE] OnTriggerEnter2D on Enemy with tag=Ground ShouldRunAI=False
[DEBUG-RANGE] OnTriggerEnter2D on Enemy with tag=Ground ShouldRunAI=False
[DEBUG-RANGE] OnTriggerEnter2D on Enemy with tag=Interactable ShouldRunAI=False
[DEBUG-RANGE] OnTriggerEnter2D on Enemy with tag=Untagged ShouldRunAI=False
[DEBUG-RANGE] OnTriggerEnter2D on Enemy with tag=Ground ShouldRunAI=False
[DEBUG-RANGE] OnTriggerEnter2D on Enemy with tag=HitBox ShouldRunAI=False
[DEBUG-RANGE] OnTriggerEnter2D on Enemy with tag=HitBox ShouldRunAI=False
[DEBUG-RANGE] OnTriggerEnter2D on Enemy with tag=Ground ShouldRunAI=False
[DEBUG-RANGE] OnTriggerEnter2D on Enemy with tag=Ground ShouldRunAI=False
[DEBUG-RANGE] OnTriggerEnter2D on Enemy with tag=Ground ShouldRunAI=False
[DEBUG-RANGE] OnTriggerEnter2D on Enemy with tag=Ground ShouldRunAI=False
[DEBUG-RANGE] OnTriggerEnter2D on Enemy with tag=Ground ShouldRunAI=False
[DEBUG-RANGE] OnTriggerEnter2D on Enemy with tag=Untagged ShouldRunAI=False
[DEBUG-RANGE] OnTriggerEnter2D on Enemy with tag=Ground ShouldRunAI=False
[DEBUG-RANGE] OnTriggerEnter2D on Enemy with tag=Untagged ShouldRunAI=False
[DEBUG-RANGE] OnTriggerEnter2D on Enemy with tag=Ground ShouldRunAI=False
[DEBUG-RANGE] OnTriggerEnter2D on Enemy with tag=Untagged ShouldRunAI=False
[DEBUG-RANGE] OnTriggerEnter2D on Enemy with tag=Ground ShouldRunAI=False
[DEBUG-RANGE] OnTriggerEnter2D on Enemy with tag=Ground ShouldRunAI=False
[DEBUG-RANGE] OnTriggerEnter2D on Enemy with tag=Interactable ShouldRunAI=False
[DEBUG-RANGE] OnTriggerEnter2D on Enemy with tag=Ground ShouldRunAI=False
[DEBUG-RANGE] OnTriggerEnter2D on Enemy with tag=Ground ShouldRunAI=False
[DEBUG-RANGE] OnTriggerEnter2D on Enemy with tag=Ground ShouldRunAI=False
[DEBUG-RANGE] OnTriggerEnter2D on Enemy with tag=Ground ShouldRunAI=False
[DEBUG-RANGE] OnTriggerEnter2D on Enemy with tag=Ground ShouldRunAI=False
[DEBUG-RANGE] OnTriggerEnter2D on Enemy with tag=Ground ShouldRunAI=False
[DEBUG-RANGE] OnTriggerEnter2D on Enemy with tag=Ground ShouldRunAI=False
[DEBUG-RANGE] OnTriggerEnter2D on Enemy with tag=Untagged ShouldRunAI=False
[DEBUG-RANGE] OnTriggerEnter2D on Enemy with tag=Ground ShouldRunAI=False
[DEBUG-RANGE] OnTriggerEnter2D on Enemy with tag=Ground ShouldRunAI=False
[DEBUG-RANGE] OnTriggerEnter2D on Enemy with tag=Ground ShouldRunAI=False
[DEBUG-RANGE] OnTriggerEnter2D on Enemy with tag=Ground ShouldRunAI=False
[DEBUG-RANGE] OnTriggerEnter2D on Enemy with tag=Untagged ShouldRunAI=False
[DEBUG-RANGE] OnTriggerEnter2D on Enemy with tag=Untagged ShouldRunAI=False
[DEBUG-RANGE] OnTriggerEnter2D on Enemy with tag=Ground ShouldRunAI=False
[DEBUG-RANGE] OnTriggerEnter2D on Enemy with tag=Ground ShouldRunAI=False
[DEBUG-RANGE] OnTriggerEnter2D on Enemy with tag=Ground ShouldRunAI=False
[DEBUG-RANGE] OnTriggerEnter2D on Enemy with tag=Interactable ShouldRunAI=False
[DEBUG-RANGE] OnTriggerEnter2D on Enemy with tag=Ground ShouldRunAI=False
[DEBUG-RANGE] OnTriggerEnter2D on Enemy with tag=Untagged ShouldRunAI=False
[DEBUG-RANGE] OnTriggerEnter2D on Enemy with tag=Untagged ShouldRunAI=False
[DEBUG-RANGE] OnTriggerEnter2D on Enemy with tag=Untagged ShouldRunAI=False
[DEBUG-RANGE] OnTriggerEnter2D on Enemy with tag=Ground ShouldRunAI=False
[DEBUG-RANGE] OnTriggerEnter2D on Enemy with tag=Ground ShouldRunAI=False
[DEBUG-RANGE] OnTriggerEnter2D on Enemy with tag=Untagged ShouldRunAI=False
[DEBUG-RANGE] OnTriggerEnter2D on Enemy with tag=Untagged ShouldRunAI=False
[DEBUG-RANGE] OnTriggerEnter2D on Enemy with tag=Ground ShouldRunAI=False
[DEBUG-RANGE] OnTriggerEnter2D on Enemy with tag=Interactable ShouldRunAI=False
[DEBUG-RANGE] OnTriggerEnter2D on Enemy with tag=Ground ShouldRunAI=False
[DEBUG-RANGE] OnTriggerEnter2D on Enemy with tag=Ground ShouldRunAI=False
[DEBUG-RANGE] OnTriggerEnter2D on Enemy with tag=Ground ShouldRunAI=False
[DEBUG-RANGE] OnTriggerEnter2D on Enemy with tag=Ground ShouldRunAI=False
[DEBUG-RANGE] OnTriggerEnter2D on Enemy with tag=Ground ShouldRunAI=False
[DEBUG-RANGE] OnTriggerEnter2D on Enemy with tag=Ground ShouldRunAI=False
[DEBUG-RANGE] OnTriggerEnter2D on Enemy with tag=Ground ShouldRunAI=False
[DEBUG-RANGE] OnTriggerEnter2D on Enemy with tag=Ground ShouldRunAI=False
[DEBUG-RANGE] OnTriggerEnter2D on Enemy with tag=Ground ShouldRunAI=False
[DEBUG-RANGE] OnTriggerEnter2D on Enemy with tag=Ground ShouldRunAI=False
[DEBUG-RANGE] OnTriggerEnter2D on Enemy with tag=Obstacle ShouldRunAI=False
[DEBUG-RANGE] OnTriggerEnter2D on Enemy with tag=Obstacle ShouldRunAI=False
[DEBUG-RANGE] OnTriggerEnter2D on Enemy with tag=Obstacle ShouldRunAI=False
[DEBUG-RANGE] OnTriggerEnter2D on Enemy with tag=Ground ShouldRunAI=False
[DEBUG-RANGE] OnTriggerEnter2D on Enemy with tag=Ground ShouldRunAI=False
[DEBUG-RANGE] OnTriggerEnter2D on Enemy with tag=Ground ShouldRunAI=False
[DEBUG-RANGE] OnTriggerEnter2D on Enemy with tag=Ground ShouldRunAI=False
[DEBUG-RANGE] OnTriggerEnter2D on Enemy with tag=Ground ShouldRunAI=False
[DEBUG-RANGE] OnTriggerEnter2D on Enemy with tag=Ground ShouldRunAI=False
[DEBUG-RANGE] OnTriggerEnter2D on Enemy with tag=Ground ShouldRunAI=False
[DEBUG-RANGE] OnTriggerEnter2D on Enemy with tag=Ground ShouldRunAI=False
[DEBUG-RANGE] OnTriggerEnter2D on Enemy with tag=Untagged ShouldRunAI=False
[DEBUG-RANGE] OnTriggerEnter2D on Enemy with tag=Untagged ShouldRunAI=False
[DEBUG-RANGE] OnTriggerEnter2D on Enemy with tag=Ground ShouldRunAI=False
[DEBUG-RANGE] OnTriggerEnter2D on Enemy with tag=Ground ShouldRunAI=False
[DEBUG-RANGE] OnTriggerEnter2D on Enemy with tag=Ground ShouldRunAI=False
[DEBUG-RANGE] OnTriggerEnter2D on Enemy with tag=Ground ShouldRunAI=False
[DEBUG-RANGE] OnTriggerEnter2D on Enemy with tag=Ground ShouldRunAI=False
[DEBUG-RANGE] OnTriggerEnter2D on Enemy with tag=Ground ShouldRunAI=False
[DEBUG-RANGE] OnTriggerEnter2D on Enemy with tag=Ground ShouldRunAI=False
[DEBUG-RANGE] OnTriggerEnter2D on Enemy with tag=Ground ShouldRunAI=False
[DEBUG-RANGE] OnTriggerEnter2D on Enemy with tag=Ground ShouldRunAI=False
[DEBUG-RANGE] OnTriggerEnter2D on Enemy with tag=Ground ShouldRunAI=False
[DEBUG-ENEMY] Enemy IsAlive=True ShouldRunAI=False state=IdleState MyTarget= MyAttackTime=0,00 IsAttacking=False AttackRange=0 dist=-1,00
[DEBUG-ENEMY] Enemy IsAlive=True ShouldRunAI=False state=IdleState MyTarget=Player(Clone) (Player) MyAttackTime=0,00 IsAttacking=False AttackRange=0 dist=10,78
[DEBUG-ENEMY] Enemy IsAlive=True ShouldRunAI=False state=IdleState MyTarget=Player(Clone) (Player) MyAttackTime=0,00 IsAttacking=False AttackRange=5 dist=1,34
[DEBUG-ENEMY] Enemy IsAlive=True ShouldRunAI=False state=IdleState MyTarget=Player(Clone) (Player) MyAttackTime=0,00 IsAttacking=False AttackRange=5 dist=2,35
[DEBUG-ENEMY] Enemy IsAlive=True ShouldRunAI=False state=IdleState MyTarget=Player(Clone) (Player) MyAttackTime=0,00 IsAttacking=False AttackRange=0 dist=7,48
[DEBUG-ENEMY] Enemy IsAlive=True ShouldRunAI=False state=IdleState MyTarget=Player(Clone) (Player) MyAttackTime=0,00 IsAttacking=False AttackRange=5 dist=1,70
[DEBUG-ENEMY] Enemy IsAlive=True ShouldRunAI=False state=IdleState MyTarget=Player(Clone) (Player) MyAttackTime=0,00 IsAttacking=False AttackRange=0 dist=10,43
[DEBUG-ENEMY] Enemy IsAlive=True ShouldRunAI=False state=IdleState MyTarget= MyAttackTime=0,00 IsAttacking=False AttackRange=0 dist=-1,00
[DEBUG-ENEMY] Enemy IsAlive=True ShouldRunAI=False state=IdleState MyTarget= MyAttackTime=0,00 IsAttacking=False AttackRange=0 dist=-1,00
[DEBUG-ENEMY] Enemy IsAlive=True ShouldRunAI=False state=IdleState MyTarget=Player(Clone) (Player) MyAttackTime=0,00 IsAttacking=False AttackRange=5 dist=1,63
[DEBUG-RANGE] OnTriggerEnter2D on Enemy with tag=Ground ShouldRunAI=False
[DEBUG-RANGE] OnTriggerEnter2D on Enemy with tag=Ground ShouldRunAI=False
[DEBUG-RANGE] OnTriggerEnter2D on Enemy with tag=Ground ShouldRunAI=False
[DEBUG-RANGE] OnTriggerEnter2D on Enemy with tag=Ground ShouldRunAI=False
[DEBUG-RANGE] OnTriggerEnter2D on Enemy with tag=Ground ShouldRunAI=False
[DEBUG-RANGE] OnTriggerEnter2D on Enemy with tag=Ground ShouldRunAI=False
[DEBUG-RANGE] OnTriggerEnter2D on Enemy with tag=Ground ShouldRunAI=False
[DEBUG-RANGE] OnTriggerEnter2D on Enemy with tag=Ground ShouldRunAI=False
[DEBUG-RANGE] OnTriggerEnter2D on Enemy with tag=Ground ShouldRunAI=False
[DEBUG-RANGE] OnTriggerEnter2D on Enemy with tag=Ground ShouldRunAI=False
[DEBUG-RANGE] OnTriggerEnter2D on Enemy with tag=Untagged ShouldRunAI=False
[DEBUG-RANGE] OnTriggerEnter2D on Enemy with tag=Untagged ShouldRunAI=False
[DEBUG-RANGE] OnTriggerEnter2D on Enemy with tag=Ground ShouldRunAI=False
[DEBUG-RANGE] OnTriggerEnter2D on Enemy with tag=Ground ShouldRunAI=False
[DEBUG-RANGE] OnTriggerEnter2D on Enemy with tag=Ground ShouldRunAI=False
[DEBUG-RANGE] OnTriggerEnter2D on Enemy with tag=Ground ShouldRunAI=False
[DEBUG-RANGE] OnTriggerEnter2D on Enemy with tag=Ground ShouldRunAI=False
[DEBUG-RANGE] OnTriggerEnter2D on Enemy with tag=Ground ShouldRunAI=False
[DEBUG-RANGE] OnTriggerEnter2D on Enemy with tag=Ground ShouldRunAI=False
[DEBUG-RANGE] OnTriggerEnter2D on Enemy with tag=Ground ShouldRunAI=False
[DEBUG-RANGE] OnTriggerEnter2D on Enemy with tag=Ground ShouldRunAI=False
[DEBUG-RANGE] OnTriggerEnter2D on Enemy with tag=Ground ShouldRunAI=False
[DEBUG-RANGE] OnTriggerEnter2D on Enemy with tag=Ground ShouldRunAI=False
[DEBUG-RANGE] OnTriggerEnter2D on Enemy with tag=Ground ShouldRunAI=False
[DEBUG-RANGE] OnTriggerEnter2D on Enemy with tag=Ground ShouldRunAI=False
[DEBUG-RANGE] OnTriggerEnter2D on Enemy with tag=Ground ShouldRunAI=False
[DEBUG-RANGE] OnTriggerEnter2D on Enemy with tag=Ground ShouldRunAI=False
[DEBUG-RANGE] OnTriggerEnter2D on Enemy with tag=Ground ShouldRunAI=False
[DEBUG-RANGE] OnTriggerEnter2D on Enemy with tag=Ground ShouldRunAI=False
[DEBUG-RANGE] OnTriggerEnter2D on Enemy with tag=Obstacle ShouldRunAI=False
[DEBUG-RANGE] OnTriggerEnter2D on Enemy with tag=Ground ShouldRunAI=False
[DEBUG-RANGE] OnTriggerEnter2D on Enemy with tag=Ground ShouldRunAI=False
[DEBUG-RANGE] OnTriggerEnter2D on Enemy with tag=Obstacle ShouldRunAI=False
[DEBUG-RANGE] OnTriggerEnter2D on Enemy with tag=Enemy ShouldRunAI=False
[DEBUG-RANGE] OnTriggerEnter2D on Enemy with tag=Enemy ShouldRunAI=False
[DEBUG-RANGE] OnTriggerEnter2D on Enemy with tag=Ground ShouldRunAI=False
[DEBUG-RANGE] OnTriggerEnter2D on Enemy with tag=Ground ShouldRunAI=False
[DEBUG-RANGE] OnTriggerEnter2D on Enemy with tag=Ground ShouldRunAI=False
[DEBUG-RANGE] OnTriggerEnter2D on Enemy with tag=Ground ShouldRunAI=False
[DEBUG-RANGE] OnTriggerEnter2D on Enemy with tag=Ground ShouldRunAI=False
[DEBUG-RANGE] OnTriggerEnter2D on Enemy with tag=Ground ShouldRunAI=False
[DEBUG-RANGE] OnTriggerEnter2D on Enemy with tag=Enemy ShouldRunAI=False
[DEBUG-RANGE] OnTriggerEnter2D on Enemy with tag=Enemy ShouldRunAI=False
[DEBUG-RANGE] OnTriggerEnter2D on Enemy with tag=Obstacle ShouldRunAI=False
[DEBUG-RANGE] OnTriggerEnter2D on Enemy with tag=Ground ShouldRunAI=False
[DEBUG-RANGE] OnTriggerEnter2D on Enemy with tag=Ground ShouldRunAI=False
[DEBUG-RANGE] OnTriggerEnter2D on Enemy with tag=HitBox ShouldRunAI=False
[DEBUG-RANGE] OnTriggerEnter2D on Enemy with tag=HitBox ShouldRunAI=False
[DEBUG-RANGE] OnTriggerEnter2D on Enemy with tag=Ground ShouldRunAI=False
[DEBUG-RANGE] OnTriggerEnter2D on Enemy with tag=Ground ShouldRunAI=False
[DEBUG-RANGE] OnTriggerEnter2D on Enemy with tag=Ground ShouldRunAI=False
[DEBUG-RANGE] OnTriggerEnter2D on Enemy with tag=Ground ShouldRunAI=False
[DEBUG-RANGE] OnTriggerEnter2D on Enemy with tag=Ground ShouldRunAI=False
[DEBUG-RANGE] OnTriggerEnter2D on Enemy with tag=Ground ShouldRunAI=False
[DEBUG-RANGE] OnTriggerEnter2D on Enemy with tag=Ground ShouldRunAI=False
[DEBUG-RANGE] OnTriggerEnter2D on Enemy with tag=Ground ShouldRunAI=False
[DEBUG-RANGE] OnTriggerEnter2D on Enemy with tag=Ground ShouldRunAI=False
[DEBUG-RANGE] OnTriggerEnter2D on Enemy with tag=Ground ShouldRunAI=False
[DEBUG-RANGE] OnTriggerEnter2D on Enemy with tag=Ground ShouldRunAI=False
[DEBUG-RANGE] OnTriggerEnter2D on Enemy with tag=Ground ShouldRunAI=False
[DEBUG-RANGE] OnTriggerEnter2D on Enemy with tag=Ground ShouldRunAI=False
[DEBUG-RANGE] OnTriggerEnter2D on Enemy with tag=Ground ShouldRunAI=False
[DEBUG-RANGE] OnTriggerEnter2D on Enemy with tag=Ground ShouldRunAI=False
[DEBUG-RANGE] OnTriggerEnter2D on Enemy with tag=Ground ShouldRunAI=False
[DEBUG-RANGE] OnTriggerEnter2D on Enemy with tag=Ground ShouldRunAI=False
[DEBUG-RANGE] OnTriggerEnter2D on Enemy with tag=Ground ShouldRunAI=False
[DEBUG-RANGE] OnTriggerEnter2D on Enemy with tag=Interactable ShouldRunAI=False
[DEBUG-RANGE] OnTriggerEnter2D on Enemy with tag=Ground ShouldRunAI=False
[DEBUG-RANGE] OnTriggerEnter2D on Enemy with tag=Ground ShouldRunAI=False
[DEBUG-RANGE] OnTriggerEnter2D on Enemy with tag=Ground ShouldRunAI=False
[DEBUG-RANGE] OnTriggerEnter2D on Enemy with tag=Ground ShouldRunAI=False
[DEBUG-RANGE] OnTriggerEnter2D on Enemy with tag=Ground ShouldRunAI=False
[DEBUG-RANGE] OnTriggerEnter2D on Enemy with tag=Ground ShouldRunAI=False
[DEBUG-RANGE] OnTriggerEnter2D on Enemy with tag=Ground ShouldRunAI=False
[DEBUG-RANGE] OnTriggerEnter2D on Enemy with tag=Ground ShouldRunAI=False
[DEBUG-RANGE] OnTriggerEnter2D on Enemy with tag=Ground ShouldRunAI=False
[DEBUG-RANGE] OnTriggerEnter2D on Enemy with tag=Enemy ShouldRunAI=False
[DEBUG-RANGE] OnTriggerEnter2D on Enemy with tag=Enemy ShouldRunAI=False
[DEBUG-RANGE] OnTriggerEnter2D on Enemy with tag=Ground ShouldRunAI=False
[DEBUG-RANGE] OnTriggerEnter2D on Enemy with tag=Ground ShouldRunAI=False
[DEBUG-RANGE] OnTriggerEnter2D on Enemy with tag=Ground ShouldRunAI=False
[DEBUG-RANGE] OnTriggerEnter2D on Enemy with tag=Untagged ShouldRunAI=False
[DEBUG-RANGE] OnTriggerEnter2D on Enemy with tag=Untagged ShouldRunAI=False
[DEBUG-RANGE] OnTriggerEnter2D on Enemy with tag=Ground ShouldRunAI=False
[DEBUG-RANGE] OnTriggerEnter2D on Enemy with tag=Ground ShouldRunAI=False
[DEBUG-RANGE] OnTriggerEnter2D on Enemy with tag=Ground ShouldRunAI=False
[DEBUG-RANGE] OnTriggerEnter2D on Enemy with tag=Ground ShouldRunAI=False
[DEBUG-RANGE] OnTriggerEnter2D on Enemy with tag=Ground ShouldRunAI=False
[DEBUG-RANGE] OnTriggerEnter2D on Enemy with tag=Enemy ShouldRunAI=False
[DEBUG-RANGE] OnTriggerEnter2D on Enemy with tag=Enemy ShouldRunAI=False
[DEBUG-RANGE] OnTriggerEnter2D on Enemy with tag=Ground ShouldRunAI=False
[DEBUG-RANGE] OnTriggerEnter2D on Enemy with tag=Ground ShouldRunAI=False
[DEBUG-RANGE] OnTriggerEnter2D on Enemy with tag=Ground ShouldRunAI=False
[DEBUG-RANGE] OnTriggerEnter2D on Enemy with tag=Ground ShouldRunAI=False
[DEBUG-RANGE] OnTriggerEnter2D on Enemy with tag=Ground ShouldRunAI=False
[DEBUG-RANGE] OnTriggerEnter2D on Enemy with tag=Ground ShouldRunAI=False
[DEBUG-RANGE] OnTriggerEnter2D on Enemy with tag=Ground ShouldRunAI=False
[DEBUG-RANGE] OnTriggerEnter2D on Enemy with tag=Untagged ShouldRunAI=False
[DEBUG-RANGE] OnTriggerEnter2D on Enemy with tag=Untagged ShouldRunAI=False
[DEBUG-RANGE] OnTriggerEnter2D on Enemy with tag=Ground ShouldRunAI=False
[DEBUG-RANGE] OnTriggerEnter2D on Enemy with tag=Enemy ShouldRunAI=False
[DEBUG-RANGE] OnTriggerEnter2D on Enemy with tag=Enemy ShouldRunAI=False
[DEBUG-RANGE] OnTriggerEnter2D on Enemy with tag=Ground ShouldRunAI=False
[DEBUG-RANGE] OnTriggerEnter2D on Enemy with tag=Ground ShouldRunAI=False
[DEBUG-RANGE] OnTriggerEnter2D on Enemy with tag=Ground ShouldRunAI=False
[DEBUG-RANGE] OnTriggerEnter2D on Enemy with tag=Ground ShouldRunAI=False
[DEBUG-RANGE] OnTriggerEnter2D on Enemy with tag=Ground ShouldRunAI=False
[DEBUG-RANGE] OnTriggerEnter2D on Enemy with tag=Ground ShouldRunAI=False
[DEBUG-RANGE] OnTriggerEnter2D on Enemy with tag=Ground ShouldRunAI=False
[DEBUG-RANGE] OnTriggerEnter2D on Enemy with tag=Ground ShouldRunAI=False
[DEBUG-RANGE] OnTriggerEnter2D on Enemy with tag=Ground ShouldRunAI=False
[DEBUG-RANGE] OnTriggerEnter2D on Enemy with tag=Ground ShouldRunAI=False
[DEBUG-RANGE] OnTriggerEnter2D on Enemy with tag=Ground ShouldRunAI=False
[DEBUG-RANGE] OnTriggerEnter2D on Enemy with tag=Ground ShouldRunAI=False
[DEBUG-RANGE] OnTriggerEnter2D on Enemy with tag=Ground ShouldRunAI=False
[DEBUG-RANGE] OnTriggerEnter2D on Enemy with tag=Ground ShouldRunAI=False
[DEBUG-RANGE] OnTriggerEnter2D on Enemy with tag=Ground ShouldRunAI=False
[DEBUG-RANGE] OnTriggerEnter2D on Enemy with tag=Obstacle ShouldRunAI=False
[DEBUG-RANGE] OnTriggerEnter2D on Enemy with tag=Ground ShouldRunAI=False
[DEBUG-RANGE] OnTriggerEnter2D on Enemy with tag=Ground ShouldRunAI=False
[DEBUG-RANGE] OnTriggerEnter2D on Enemy with tag=Ground ShouldRunAI=False
[DEBUG-RANGE] OnTriggerEnter2D on Enemy with tag=Ground ShouldRunAI=False
[DEBUG-RANGE] OnTriggerEnter2D on Enemy with tag=Ground ShouldRunAI=False
[DEBUG-RANGE] OnTriggerEnter2D on Enemy with tag=Ground ShouldRunAI=False
[DEBUG-RANGE] OnTriggerEnter2D on Enemy with tag=Ground ShouldRunAI=False
[DEBUG-RANGE] OnTriggerEnter2D on Enemy with tag=Ground ShouldRunAI=False
[DEBUG-RANGE] OnTriggerEnter2D on Enemy with tag=Ground ShouldRunAI=False
[DEBUG-RANGE] OnTriggerEnter2D on Enemy with tag=Ground ShouldRunAI=False
[DEBUG-RANGE] OnTriggerEnter2D on Enemy with tag=Ground ShouldRunAI=False
[DEBUG-RANGE] OnTriggerEnter2D on Enemy with tag=Ground ShouldRunAI=False
[DEBUG-RANGE] OnTriggerEnter2D on Enemy with tag=Ground ShouldRunAI=False
[DEBUG-RANGE] OnTriggerEnter2D on Enemy with tag=Ground ShouldRunAI=False
[DEBUG-RANGE] OnTriggerEnter2D on Enemy with tag=Enemy ShouldRunAI=False
[DEBUG-RANGE] OnTriggerEnter2D on Enemy with tag=Enemy ShouldRunAI=False
[DEBUG-RANGE] OnTriggerEnter2D on Enemy with tag=Ground ShouldRunAI=False
[DEBUG-RANGE] OnTriggerEnter2D on Enemy with tag=Ground ShouldRunAI=False
[DEBUG-RANGE] OnTriggerEnter2D on Enemy with tag=Ground ShouldRunAI=False
[DEBUG-RANGE] OnTriggerEnter2D on Enemy with tag=Ground ShouldRunAI=False
[DEBUG-RANGE] OnTriggerEnter2D on Enemy with tag=Ground ShouldRunAI=False
[DEBUG-RANGE] OnTriggerEnter2D on Enemy with tag=Ground ShouldRunAI=False
[DEBUG-RANGE] OnTriggerEnter2D on Enemy with tag=Ground ShouldRunAI=False
[DEBUG-RANGE] OnTriggerEnter2D on Enemy with tag=Ground ShouldRunAI=False
[DEBUG-RANGE] OnTriggerEnter2D on Enemy with tag=Ground ShouldRunAI=False
[DEBUG-RANGE] OnTriggerEnter2D on Enemy with tag=Ground ShouldRunAI=False
[DEBUG-RANGE] OnTriggerEnter2D on Enemy with tag=Ground ShouldRunAI=False
[DEBUG-RANGE] OnTriggerEnter2D on Enemy with tag=Ground ShouldRunAI=False
[DEBUG-RANGE] OnTriggerEnter2D on Enemy with tag=Ground ShouldRunAI=False
[DEBUG-RANGE] OnTriggerEnter2D on Enemy with tag=Ground ShouldRunAI=False
[DEBUG-RANGE] OnTriggerEnter2D on Enemy with tag=Ground ShouldRunAI=False
[DEBUG-RANGE] OnTriggerEnter2D on Enemy with tag=Ground ShouldRunAI=False
[DEBUG-RANGE] OnTriggerEnter2D on Enemy with tag=Ground ShouldRunAI=False
[DEBUG-RANGE] OnTriggerEnter2D on Enemy with tag=Ground ShouldRunAI=False
[DEBUG-RANGE] OnTriggerEnter2D on Enemy with tag=Ground ShouldRunAI=False
[DEBUG-RANGE] OnTriggerEnter2D on Enemy with tag=Ground ShouldRunAI=False
[DEBUG-RANGE] OnTriggerEnter2D on Enemy with tag=Ground ShouldRunAI=False
[DEBUG-RANGE] OnTriggerEnter2D on Enemy with tag=Ground ShouldRunAI=False
[DEBUG-RANGE] OnTriggerEnter2D on Enemy with tag=Untagged ShouldRunAI=False
[DEBUG-RANGE] OnTriggerEnter2D on Enemy with tag=Ground ShouldRunAI=False
[DEBUG-RANGE] OnTriggerEnter2D on Enemy with tag=Untagged ShouldRunAI=False
[DEBUG-RANGE] OnTriggerEnter2D on Enemy with tag=Ground ShouldRunAI=False
[DEBUG-RANGE] OnTriggerEnter2D on Enemy with tag=Untagged ShouldRunAI=False
[DEBUG-RANGE] OnTriggerEnter2D on Enemy with tag=Untagged ShouldRunAI=False
[DEBUG-RANGE] OnTriggerEnter2D on Enemy with tag=Untagged ShouldRunAI=False
[DEBUG-RANGE] OnTriggerEnter2D on Enemy with tag=Enemy ShouldRunAI=False
[DEBUG-RANGE] OnTriggerEnter2D on Enemy with tag=Enemy ShouldRunAI=False
[DEBUG-RANGE] OnTriggerEnter2D on Enemy with tag=Ground ShouldRunAI=False
[DEBUG-RANGE] OnTriggerEnter2D on Enemy with tag=Ground ShouldRunAI=False
[DEBUG-RANGE] OnTriggerEnter2D on Enemy with tag=Ground ShouldRunAI=False
[DEBUG-RANGE] OnTriggerEnter2D on Enemy with tag=Ground ShouldRunAI=False
[DEBUG-RANGE] OnTriggerEnter2D on Enemy with tag=Ground ShouldRunAI=False
[DEBUG-RANGE] OnTriggerEnter2D on Enemy with tag=Ground ShouldRunAI=False
[DEBUG-RANGE] OnTriggerEnter2D on Enemy with tag=Ground ShouldRunAI=False
[DEBUG-RANGE] OnTriggerEnter2D on Enemy with tag=Ground ShouldRunAI=False
[DEBUG-RANGE] OnTriggerEnter2D on Enemy with tag=Ground ShouldRunAI=False
[DEBUG-RANGE] OnTriggerEnter2D on Enemy with tag=Ground ShouldRunAI=False
[DEBUG-RANGE] OnTriggerEnter2D on Enemy with tag=Ground ShouldRunAI=False
[DEBUG-RANGE] OnTriggerEnter2D on Enemy with tag=Enemy ShouldRunAI=False
[DEBUG-RANGE] OnTriggerEnter2D on Enemy with tag=Enemy ShouldRunAI=False
[DEBUG-RANGE] OnTriggerEnter2D on Enemy with tag=Interactable ShouldRunAI=False
[DEBUG-RANGE] OnTriggerEnter2D on Enemy with tag=Ground ShouldRunAI=False
[DEBUG-RANGE] OnTriggerEnter2D on Enemy with tag=Ground ShouldRunAI=False
[DEBUG-RANGE] OnTriggerEnter2D on Enemy with tag=Ground ShouldRunAI=False
[DEBUG-RANGE] OnTriggerEnter2D on Enemy with tag=Ground ShouldRunAI=False
[DEBUG-RANGE] OnTriggerEnter2D on Enemy with tag=Ground ShouldRunAI=False
[DEBUG-RANGE] OnTriggerEnter2D on Enemy with tag=Ground ShouldRunAI=False
[DEBUG-RANGE] OnTriggerEnter2D on Enemy with tag=Ground ShouldRunAI=False
[DEBUG-RANGE] OnTriggerEnter2D on Enemy with tag=Ground ShouldRunAI=False
[DEBUG-ENEMY] Enemy IsAlive=True ShouldRunAI=False state=IdleState MyTarget= MyAttackTime=0,00 IsAttacking=False AttackRange=0 dist=-1,00
[DEBUG-ENEMY] Enemy IsAlive=True ShouldRunAI=False state=IdleState MyTarget=Player(Clone) (Player) MyAttackTime=0,00 IsAttacking=False AttackRange=0 dist=4,44
[DEBUG-ENEMY] Enemy IsAlive=True ShouldRunAI=False state=IdleState MyTarget=Player(Clone) (Player) MyAttackTime=0,00 IsAttacking=False AttackRange=5 dist=1,10
[DEBUG-ENEMY] Enemy IsAlive=True ShouldRunAI=False state=IdleState MyTarget=Player(Clone) (Player) MyAttackTime=0,00 IsAttacking=False AttackRange=5 dist=1,67
[DEBUG-ENEMY] Enemy IsAlive=True ShouldRunAI=False state=IdleState MyTarget=Player(Clone) (Player) MyAttackTime=0,00 IsAttacking=False AttackRange=0 dist=7,43
[DEBUG-ENEMY] Enemy IsAlive=True ShouldRunAI=False state=IdleState MyTarget=Player(Clone) (Player) MyAttackTime=0,00 IsAttacking=False AttackRange=5 dist=0,08
[DEBUG-ENEMY] Enemy IsAlive=True ShouldRunAI=False state=IdleState MyTarget=Player(Clone) (Player) MyAttackTime=0,00 IsAttacking=False AttackRange=0 dist=10,54
[DEBUG-ENEMY] Enemy IsAlive=True ShouldRunAI=False state=IdleState MyTarget= MyAttackTime=0,00 IsAttacking=False AttackRange=0 dist=-1,00
[DEBUG-ENEMY] Enemy IsAlive=True ShouldRunAI=False state=IdleState MyTarget= MyAttackTime=0,00 IsAttacking=False AttackRange=0 dist=-1,00
[DEBUG-ENEMY] Enemy IsAlive=True ShouldRunAI=False state=IdleState MyTarget=Player(Clone) (Player) MyAttackTime=0,00 IsAttacking=False AttackRange=5 dist=0,06
[DEBUG-RANGE] OnTriggerEnter2D on Enemy with tag=Ground ShouldRunAI=False
[DEBUG-RANGE] OnTriggerEnter2D on Enemy with tag=Untagged ShouldRunAI=False
[DEBUG-RANGE] OnTriggerEnter2D on Enemy with tag=Ground ShouldRunAI=False
[DEBUG-RANGE] OnTriggerEnter2D on Enemy with tag=Ground ShouldRunAI=False
[DEBUG-RANGE] OnTriggerEnter2D on Enemy with tag=Ground ShouldRunAI=False
[DEBUG-RANGE] OnTriggerEnter2D on Enemy with tag=Ground ShouldRunAI=False
[DEBUG-RANGE] OnTriggerEnter2D on Enemy with tag=Ground ShouldRunAI=False
[DEBUG-RANGE] OnTriggerEnter2D on Enemy with tag=Enemy ShouldRunAI=False
[DEBUG-RANGE] OnTriggerEnter2D on Enemy with tag=Enemy ShouldRunAI=False
[DEBUG-RANGE] OnTriggerEnter2D on Enemy with tag=Ground ShouldRunAI=False
[DEBUG-RANGE] OnTriggerEnter2D on Enemy with tag=Ground ShouldRunAI=False
[DEBUG-RANGE] OnTriggerEnter2D on Enemy with tag=Ground ShouldRunAI=False
[DEBUG-RANGE] OnTriggerEnter2D on Enemy with tag=Ground ShouldRunAI=False
[DEBUG-RANGE] OnTriggerEnter2D on Enemy with tag=Ground ShouldRunAI=False
[DEBUG-RANGE] OnTriggerEnter2D on Enemy with tag=Ground ShouldRunAI=False
[DEBUG-RANGE] OnTriggerEnter2D on Enemy with tag=Ground ShouldRunAI=False
[DEBUG-RANGE] OnTriggerEnter2D on Enemy with tag=Ground ShouldRunAI=False
[DEBUG-RANGE] OnTriggerEnter2D on Enemy with tag=Enemy ShouldRunAI=False
[DEBUG-RANGE] OnTriggerEnter2D on Enemy with tag=Enemy ShouldRunAI=False
[DEBUG-RANGE] OnTriggerEnter2D on Enemy with tag=Ground ShouldRunAI=False
[DEBUG-RANGE] OnTriggerEnter2D on Enemy with tag=Ground ShouldRunAI=False
[DEBUG-RANGE] OnTriggerEnter2D on Enemy with tag=Ground ShouldRunAI=False
[DEBUG-RANGE] OnTriggerEnter2D on Enemy with tag=Ground ShouldRunAI=False
[DEBUG-RANGE] OnTriggerEnter2D on Enemy with tag=Ground ShouldRunAI=False
[DEBUG-RANGE] OnTriggerEnter2D on Enemy with tag=Ground ShouldRunAI=False
[DEBUG-RANGE] OnTriggerEnter2D on Enemy with tag=Ground ShouldRunAI=False
[DEBUG-RANGE] OnTriggerEnter2D on Enemy with tag=Ground ShouldRunAI=False
[DEBUG-RANGE] OnTriggerEnter2D on Enemy with tag=Ground ShouldRunAI=False
[DEBUG-RANGE] OnTriggerEnter2D on Enemy with tag=Ground ShouldRunAI=False
[DEBUG-RANGE] OnTriggerEnter2D on Enemy with tag=Ground ShouldRunAI=False
[DEBUG-RANGE] OnTriggerEnter2D on Enemy with tag=Ground ShouldRunAI=False
[DEBUG-RANGE] OnTriggerEnter2D on Enemy with tag=Ground ShouldRunAI=False
[DEBUG-RANGE] OnTriggerEnter2D on Enemy with tag=HitBox ShouldRunAI=False
[DEBUG-RANGE] OnTriggerEnter2D on Enemy with tag=Ground ShouldRunAI=False
[DEBUG-RANGE] OnTriggerEnter2D on Enemy with tag=Ground ShouldRunAI=False
[DEBUG-RANGE] OnTriggerEnter2D on Enemy with tag=Ground ShouldRunAI=False
[DEBUG-RANGE] OnTriggerEnter2D on Enemy with tag=HitBox ShouldRunAI=False
[DEBUG-RANGE] OnTriggerEnter2D on Enemy with tag=Ground ShouldRunAI=False
[DEBUG-RANGE] OnTriggerEnter2D on Enemy with tag=Ground ShouldRunAI=False
[DEBUG-RANGE] OnTriggerEnter2D on Enemy with tag=Ground ShouldRunAI=False
[DEBUG-RANGE] OnTriggerEnter2D on Enemy with tag=Ground ShouldRunAI=False
[DEBUG-RANGE] OnTriggerEnter2D on Enemy with tag=Ground ShouldRunAI=False
[DEBUG-RANGE] OnTriggerEnter2D on Enemy with tag=Ground ShouldRunAI=False
[DEBUG-RANGE] OnTriggerEnter2D on Enemy with tag=Ground ShouldRunAI=False
[DEBUG-RANGE] OnTriggerEnter2D on Enemy with tag=Ground ShouldRunAI=False
[DEBUG-RANGE] OnTriggerEnter2D on Enemy with tag=Ground ShouldRunAI=False
[DEBUG-RANGE] OnTriggerEnter2D on Enemy with tag=Enemy ShouldRunAI=False
[DEBUG-RANGE] OnTriggerEnter2D on Enemy with tag=Enemy ShouldRunAI=False
[DEBUG-RANGE] OnTriggerEnter2D on Enemy with tag=Ground ShouldRunAI=False
[DEBUG-RANGE] OnTriggerEnter2D on Enemy with tag=Ground ShouldRunAI=False
[DEBUG-RANGE] OnTriggerEnter2D on Enemy with tag=Ground ShouldRunAI=False
[DEBUG-RANGE] OnTriggerEnter2D on Enemy with tag=Ground ShouldRunAI=False
[DEBUG-RANGE] OnTriggerEnter2D on Enemy with tag=Ground ShouldRunAI=False
[DEBUG-RANGE] OnTriggerEnter2D on Enemy with tag=Ground ShouldRunAI=False
[DEBUG-RANGE] OnTriggerEnter2D on Enemy with tag=Ground ShouldRunAI=False
[DEBUG-RANGE] OnTriggerEnter2D on Enemy with tag=Ground ShouldRunAI=False
[DEBUG-RANGE] OnTriggerEnter2D on Enemy with tag=Ground ShouldRunAI=False
[DEBUG-RANGE] OnTriggerEnter2D on Enemy with tag=Ground ShouldRunAI=False
[DEBUG-RANGE] OnTriggerEnter2D on Enemy with tag=HitBox ShouldRunAI=False
[DEBUG-RANGE] OnTriggerEnter2D on Enemy with tag=Untagged ShouldRunAI=False
[DEBUG-RANGE] OnTriggerEnter2D on Enemy with tag=HitBox ShouldRunAI=False
[DEBUG-RANGE] OnTriggerEnter2D on Enemy with tag=Untagged ShouldRunAI=False
[DEBUG-RANGE] OnTriggerEnter2D on Enemy with tag=Untagged ShouldRunAI=False
[DEBUG-RANGE] OnTriggerEnter2D on Enemy with tag=Ground ShouldRunAI=False
[DEBUG-RANGE] OnTriggerEnter2D on Enemy with tag=HitBox ShouldRunAI=False
[DEBUG-RANGE] OnTriggerEnter2D on Enemy with tag=Ground ShouldRunAI=False
[DEBUG-RANGE] OnTriggerEnter2D on Enemy with tag=HitBox ShouldRunAI=False
[DEBUG-RANGE] OnTriggerEnter2D on Enemy with tag=Untagged ShouldRunAI=False
[DEBUG-RANGE] OnTriggerEnter2D on Enemy with tag=Ground ShouldRunAI=False
[DEBUG-RANGE] OnTriggerEnter2D on Enemy with tag=Ground ShouldRunAI=False
[DEBUG-RANGE] OnTriggerEnter2D on Enemy with tag=Obstacle ShouldRunAI=False
[DEBUG-RANGE] OnTriggerEnter2D on Enemy with tag=Ground ShouldRunAI=False
[DEBUG-RANGE] OnTriggerEnter2D on Enemy with tag=Ground ShouldRunAI=False
[DEBUG-RANGE] OnTriggerEnter2D on Enemy with tag=Ground ShouldRunAI=False
[DEBUG-RANGE] OnTriggerEnter2D on Enemy with tag=Ground ShouldRunAI=False
[DEBUG-RANGE] OnTriggerEnter2D on Enemy with tag=Ground ShouldRunAI=False
[DEBUG-RANGE] OnTriggerEnter2D on Enemy with tag=Interactable ShouldRunAI=False
[DEBUG-RANGE] OnTriggerEnter2D on Enemy with tag=Obstacle ShouldRunAI=False
[DEBUG-RANGE] OnTriggerEnter2D on Enemy with tag=Ground ShouldRunAI=False
[DEBUG-RANGE] OnTriggerEnter2D on Enemy with tag=Ground ShouldRunAI=False
[DEBUG-RANGE] OnTriggerEnter2D on Enemy with tag=Ground ShouldRunAI=False
[DEBUG-RANGE] OnTriggerEnter2D on Enemy with tag=Ground ShouldRunAI=False
[DEBUG-RANGE] OnTriggerEnter2D on Enemy with tag=Enemy ShouldRunAI=False
[DEBUG-RANGE] OnTriggerEnter2D on Enemy with tag=Enemy ShouldRunAI=False
[DEBUG-RANGE] OnTriggerEnter2D on Enemy with tag=Ground ShouldRunAI=False
[DEBUG-RANGE] OnTriggerEnter2D on Enemy with tag=Ground ShouldRunAI=False
[DEBUG-RANGE] OnTriggerEnter2D on Enemy with tag=Ground ShouldRunAI=False
[DEBUG-RANGE] OnTriggerEnter2D on Enemy with tag=Ground ShouldRunAI=False
[DEBUG-RANGE] OnTriggerEnter2D on Enemy with tag=Untagged ShouldRunAI=False
[DEBUG-RANGE] OnTriggerEnter2D on Enemy with tag=Ground ShouldRunAI=False
[DEBUG-RANGE] OnTriggerEnter2D on Enemy with tag=Ground ShouldRunAI=False
[DEBUG-RANGE] OnTriggerEnter2D on Enemy with tag=Ground ShouldRunAI=False
[DEBUG-RANGE] OnTriggerEnter2D on Enemy with tag=Untagged ShouldRunAI=False
[DEBUG-RANGE] OnTriggerEnter2D on Enemy with tag=Untagged ShouldRunAI=False
[DEBUG-RANGE] OnTriggerEnter2D on Enemy with tag=Ground ShouldRunAI=False
[DEBUG-RANGE] OnTriggerEnter2D on Enemy with tag=Ground ShouldRunAI=False
[DEBUG-RANGE] OnTriggerEnter2D on Enemy with tag=HitBox ShouldRunAI=False
[DEBUG-RANGE] OnTriggerEnter2D on Enemy with tag=HitBox ShouldRunAI=False
[DEBUG-RANGE] OnTriggerEnter2D on Enemy with tag=Ground ShouldRunAI=False
[DEBUG-RANGE] OnTriggerEnter2D on Enemy with tag=Ground ShouldRunAI=False
[DEBUG-RANGE] OnTriggerEnter2D on Enemy with tag=Ground ShouldRunAI=False
[DEBUG-RANGE] OnTriggerEnter2D on Enemy with tag=Ground ShouldRunAI=False
[DEBUG-RANGE] OnTriggerEnter2D on Enemy with tag=Ground ShouldRunAI=False
[DEBUG-RANGE] OnTriggerEnter2D on Enemy with tag=Ground ShouldRunAI=False
[DEBUG-RANGE] OnTriggerEnter2D on Enemy with tag=Untagged ShouldRunAI=False
[DEBUG-RANGE] OnTriggerEnter2D on Enemy with tag=Ground ShouldRunAI=False
[DEBUG-RANGE] OnTriggerEnter2D on Enemy with tag=Ground ShouldRunAI=False
[DEBUG-RANGE] OnTriggerEnter2D on Enemy with tag=Ground ShouldRunAI=False
[DEBUG-RANGE] OnTriggerEnter2D on Enemy with tag=Ground ShouldRunAI=False
[DEBUG-RANGE] OnTriggerEnter2D on Enemy with tag=Ground ShouldRunAI=False
[DEBUG-RANGE] OnTriggerEnter2D on Enemy with tag=Ground ShouldRunAI=False
[DEBUG-RANGE] OnTriggerEnter2D on Enemy with tag=Untagged ShouldRunAI=False
[DEBUG-RANGE] OnTriggerEnter2D on Enemy with tag=Ground ShouldRunAI=False
[DEBUG-RANGE] OnTriggerEnter2D on Enemy with tag=Ground ShouldRunAI=False
[DEBUG-RANGE] OnTriggerEnter2D on Enemy with tag=Ground ShouldRunAI=False
[DEBUG-RANGE] OnTriggerEnter2D on Enemy with tag=Untagged ShouldRunAI=False
[DEBUG-RANGE] OnTriggerEnter2D on Enemy with tag=Untagged ShouldRunAI=False
[DEBUG-RANGE] OnTriggerEnter2D on Enemy with tag=Ground ShouldRunAI=False
[DEBUG-RANGE] OnTriggerEnter2D on Enemy with tag=Ground ShouldRunAI=False
[DEBUG-RANGE] OnTriggerEnter2D on Enemy with tag=Ground ShouldRunAI=False
[DEBUG-RANGE] OnTriggerEnter2D on Enemy with tag=Ground ShouldRunAI=False
[DEBUG-RANGE] OnTriggerEnter2D on Enemy with tag=Obstacle ShouldRunAI=False
[DEBUG-RANGE] OnTriggerEnter2D on Enemy with tag=Ground ShouldRunAI=False
[DEBUG-RANGE] OnTriggerEnter2D on Enemy with tag=Ground ShouldRunAI=False
[DEBUG-RANGE] OnTriggerEnter2D on Enemy with tag=Ground ShouldRunAI=False
[DEBUG-RANGE] OnTriggerEnter2D on Enemy with tag=Ground ShouldRunAI=False
[DEBUG-RANGE] OnTriggerEnter2D on Enemy with tag=Ground ShouldRunAI=False
[DEBUG-RANGE] OnTriggerEnter2D on Enemy with tag=Obstacle ShouldRunAI=False
[DEBUG-RANGE] OnTriggerEnter2D on Enemy with tag=Obstacle ShouldRunAI=False
[DEBUG-RANGE] OnTriggerEnter2D on Enemy with tag=Ground ShouldRunAI=False
[DEBUG-RANGE] OnTriggerEnter2D on Enemy with tag=Ground ShouldRunAI=False
[DEBUG-RANGE] OnTriggerEnter2D on Enemy with tag=Ground ShouldRunAI=False
[DEBUG-RANGE] OnTriggerEnter2D on Enemy with tag=Interactable ShouldRunAI=False
[DEBUG-RANGE] OnTriggerEnter2D on Enemy with tag=Obstacle ShouldRunAI=False
[DEBUG-RANGE] OnTriggerEnter2D on Enemy with tag=Ground ShouldRunAI=False
[DEBUG-RANGE] OnTriggerEnter2D on Enemy with tag=Ground ShouldRunAI=False
[DEBUG-RANGE] OnTriggerEnter2D on Enemy with tag=Ground ShouldRunAI=False
[DEBUG-RANGE] OnTriggerEnter2D on Enemy with tag=Ground ShouldRunAI=False
[DEBUG-RANGE] OnTriggerEnter2D on Enemy with tag=Interactable ShouldRunAI=False
[DEBUG-RANGE] OnTriggerEnter2D on Enemy with tag=Ground ShouldRunAI=False
[DEBUG-RANGE] OnTriggerEnter2D on Enemy with tag=Untagged ShouldRunAI=False
[DEBUG-RANGE] OnTriggerEnter2D on Enemy with tag=Ground ShouldRunAI=False
[DEBUG-RANGE] OnTriggerEnter2D on Enemy with tag=Ground ShouldRunAI=False
[DEBUG-RANGE] OnTriggerEnter2D on Enemy with tag=Ground ShouldRunAI=False
[DEBUG-RANGE] OnTriggerEnter2D on Enemy with tag=Ground ShouldRunAI=False
[DEBUG-RANGE] OnTriggerEnter2D on Enemy with tag=Ground ShouldRunAI=False
[DEBUG-RANGE] OnTriggerEnter2D on Enemy with tag=Ground ShouldRunAI=False
[DEBUG-RANGE] OnTriggerEnter2D on Enemy with tag=Untagged ShouldRunAI=False
[DEBUG-RANGE] OnTriggerEnter2D on Enemy with tag=Ground ShouldRunAI=False
[DEBUG-RANGE] OnTriggerEnter2D on Enemy with tag=Ground ShouldRunAI=False
[DEBUG-RANGE] OnTriggerEnter2D on Enemy with tag=Obstacle ShouldRunAI=False
[DEBUG-RANGE] OnTriggerEnter2D on Enemy with tag=Ground ShouldRunAI=False
[DEBUG-RANGE] OnTriggerEnter2D on Enemy with tag=Obstacle ShouldRunAI=False
[DEBUG-RANGE] OnTriggerEnter2D on Enemy with tag=Ground ShouldRunAI=False
[DEBUG-RANGE] OnTriggerEnter2D on Enemy with tag=Ground ShouldRunAI=False
[DEBUG-RANGE] OnTriggerEnter2D on Enemy with tag=Ground ShouldRunAI=False
[DEBUG-RANGE] OnTriggerEnter2D on Enemy with tag=Ground ShouldRunAI=False
[DEBUG-RANGE] OnTriggerEnter2D on Enemy with tag=Ground ShouldRunAI=False
[DEBUG-RANGE] OnTriggerEnter2D on Enemy with tag=Ground ShouldRunAI=False
[DEBUG-RANGE] OnTriggerEnter2D on Enemy with tag=Ground ShouldRunAI=False
[DEBUG-RANGE] OnTriggerEnter2D on Enemy with tag=Ground ShouldRunAI=False
[DEBUG-RANGE] OnTriggerEnter2D on Enemy with tag=Ground ShouldRunAI=False
[DEBUG-RANGE] OnTriggerEnter2D on Enemy with tag=Ground ShouldRunAI=False
[DEBUG-RANGE] OnTriggerEnter2D on Enemy with tag=Ground ShouldRunAI=False
[DEBUG-RANGE] OnTriggerEnter2D on Enemy with tag=Ground ShouldRunAI=False
[DEBUG-RANGE] OnTriggerEnter2D on Enemy with tag=Ground ShouldRunAI=False
[DEBUG-RANGE] OnTriggerEnter2D on Enemy with tag=Ground ShouldRunAI=False
[DEBUG-RANGE] OnTriggerEnter2D on Enemy with tag=Ground ShouldRunAI=False
[DEBUG-RANGE] OnTriggerEnter2D on Enemy with tag=Ground ShouldRunAI=False
[DEBUG-RANGE] OnTriggerEnter2D on Enemy with tag=Ground ShouldRunAI=False
[DEBUG-RANGE] OnTriggerEnter2D on Enemy with tag=Ground ShouldRunAI=False
[DEBUG-RANGE] OnTriggerEnter2D on Enemy with tag=Ground ShouldRunAI=False
[DEBUG-RANGE] OnTriggerEnter2D on Enemy with tag=Ground ShouldRunAI=False
[DEBUG-RANGE] OnTriggerEnter2D on Enemy with tag=Ground ShouldRunAI=False
[DEBUG-RANGE] OnTriggerEnter2D on Enemy with tag=Ground ShouldRunAI=False
[DEBUG-RANGE] OnTriggerEnter2D on Enemy with tag=Ground ShouldRunAI=False
[DEBUG-RANGE] OnTriggerEnter2D on Enemy with tag=Ground ShouldRunAI=False
[DEBUG-RANGE] OnTriggerEnter2D on Enemy with tag=Ground ShouldRunAI=False
[DEBUG-RANGE] OnTriggerEnter2D on Enemy with tag=Ground ShouldRunAI=False
[DEBUG-RANGE] OnTriggerEnter2D on Enemy with tag=Ground ShouldRunAI=False
[DEBUG-RANGE] OnTriggerEnter2D on Enemy with tag=Ground ShouldRunAI=False
[DEBUG-RANGE] OnTriggerEnter2D on Enemy with tag=Ground ShouldRunAI=False
[DEBUG-RANGE] OnTriggerEnter2D on Enemy with tag=Ground ShouldRunAI=False
[DEBUG-RANGE] OnTriggerEnter2D on Enemy with tag=Ground ShouldRunAI=False
[DEBUG-RANGE] OnTriggerEnter2D on Enemy with tag=Ground ShouldRunAI=False
[DEBUG-RANGE] OnTriggerEnter2D on Enemy with tag=Ground ShouldRunAI=False
[DEBUG-RANGE] OnTriggerEnter2D on Enemy with tag=Ground ShouldRunAI=False
[DEBUG-RANGE] OnTriggerEnter2D on Enemy with tag=Ground ShouldRunAI=False
[DEBUG-RANGE] OnTriggerEnter2D on Enemy with tag=Obstacle ShouldRunAI=False
[DEBUG-RANGE] OnTriggerEnter2D on Enemy with tag=Ground ShouldRunAI=False
[DEBUG-RANGE] OnTriggerEnter2D on Enemy with tag=Ground ShouldRunAI=False
[DEBUG-RANGE] OnTriggerEnter2D on Enemy with tag=Ground ShouldRunAI=False
[DEBUG-RANGE] OnTriggerEnter2D on Enemy with tag=Ground ShouldRunAI=False
[DEBUG-RANGE] OnTriggerEnter2D on Enemy with tag=Ground ShouldRunAI=False
[DEBUG-RANGE] OnTriggerEnter2D on Enemy with tag=Ground ShouldRunAI=False
[DEBUG-RANGE] OnTriggerEnter2D on Enemy with tag=Ground ShouldRunAI=False
[DEBUG-RANGE] OnTriggerEnter2D on Enemy with tag=Ground ShouldRunAI=False
[DEBUG-RANGE] OnTriggerEnter2D on Enemy with tag=Ground ShouldRunAI=False
[DEBUG-RANGE] OnTriggerEnter2D on Enemy with tag=Ground ShouldRunAI=False
[DEBUG-RANGE] OnTriggerEnter2D on Enemy with tag=Ground ShouldRunAI=False
[DEBUG-RANGE] OnTriggerEnter2D on Enemy with tag=Ground ShouldRunAI=False
[DEBUG-RANGE] OnTriggerEnter2D on Enemy with tag=Ground ShouldRunAI=False
[DEBUG-RANGE] OnTriggerEnter2D on Enemy with tag=Ground ShouldRunAI=False
[DEBUG-RANGE] OnTriggerEnter2D on Enemy with tag=Ground ShouldRunAI=False
[DEBUG-RANGE] OnTriggerEnter2D on Enemy with tag=HitBox ShouldRunAI=False
[DEBUG-RANGE] OnTriggerEnter2D on Enemy with tag=Ground ShouldRunAI=False
[DEBUG-RANGE] OnTriggerEnter2D on Enemy with tag=HitBox ShouldRunAI=False
[DEBUG-RANGE] OnTriggerEnter2D on Enemy with tag=Ground ShouldRunAI=False
[DEBUG-RANGE] OnTriggerEnter2D on Enemy with tag=Ground ShouldRunAI=False
[DEBUG-RANGE] OnTriggerEnter2D on Enemy with tag=Interactable ShouldRunAI=False
[DEBUG-RANGE] OnTriggerEnter2D on Enemy with tag=Ground ShouldRunAI=False
[DEBUG-RANGE] OnTriggerEnter2D on Enemy with tag=Untagged ShouldRunAI=False
[DEBUG-RANGE] OnTriggerEnter2D on Enemy with tag=Untagged ShouldRunAI=False
[DEBUG-ENEMY] Enemy IsAlive=True ShouldRunAI=False state=IdleState MyTarget= MyAttackTime=0,00 IsAttacking=False AttackRange=0 dist=-1,00
[DEBUG-ENEMY] Enemy IsAlive=True ShouldRunAI=False state=IdleState MyTarget=Player(Clone) (Player) MyAttackTime=0,00 IsAttacking=False AttackRange=0 dist=3,63
[DEBUG-ENEMY] Enemy IsAlive=True ShouldRunAI=False state=IdleState MyTarget=Player(Clone) (Player) MyAttackTime=0,00 IsAttacking=False AttackRange=5 dist=1,95
[DEBUG-ENEMY] Enemy IsAlive=True ShouldRunAI=False state=IdleState MyTarget=Player(Clone) (Player) MyAttackTime=0,00 IsAttacking=False AttackRange=5 dist=2,55
[DEBUG-ENEMY] Enemy IsAlive=True ShouldRunAI=False state=IdleState MyTarget=Player(Clone) (Player) MyAttackTime=0,00 IsAttacking=False AttackRange=0 dist=4,91
[DEBUG-ENEMY] Enemy IsAlive=True ShouldRunAI=False state=IdleState MyTarget=Player(Clone) (Player) MyAttackTime=0,00 IsAttacking=False AttackRange=5 dist=2,04
[DEBUG-ENEMY] Enemy IsAlive=True ShouldRunAI=False state=IdleState MyTarget=Player(Clone) (Player) MyAttackTime=0,00 IsAttacking=False AttackRange=0 dist=10,23
[DEBUG-ENEMY] Enemy IsAlive=True ShouldRunAI=False state=IdleState MyTarget= MyAttackTime=0,00 IsAttacking=False AttackRange=0 dist=-1,00
[DEBUG-ENEMY] Enemy IsAlive=True ShouldRunAI=False state=IdleState MyTarget= MyAttackTime=0,00 IsAttacking=False AttackRange=0 dist=-1,00
[DEBUG-ENEMY] Enemy IsAlive=True ShouldRunAI=False state=IdleState MyTarget=Player(Clone) (Player) MyAttackTime=0,00 IsAttacking=False AttackRange=5 dist=2,04
[DEBUG-RANGE] OnTriggerEnter2D on Enemy with tag=Ground ShouldRunAI=False
[DEBUG-RANGE] OnTriggerEnter2D on Enemy with tag=Ground ShouldRunAI=False
[DEBUG-RANGE] OnTriggerEnter2D on Enemy with tag=Ground ShouldRunAI=False
[DEBUG-RANGE] OnTriggerEnter2D on Enemy with tag=Ground ShouldRunAI=False
[DEBUG-RANGE] OnTriggerEnter2D on Enemy with tag=Ground ShouldRunAI=False
[DEBUG-RANGE] OnTriggerEnter2D on Enemy with tag=Ground ShouldRunAI=False
[DEBUG-RANGE] OnTriggerEnter2D on Enemy with tag=Ground ShouldRunAI=False
[DEBUG-RANGE] OnTriggerEnter2D on Enemy with tag=Ground ShouldRunAI=False
[DEBUG-RANGE] OnTriggerEnter2D on Enemy with tag=Ground ShouldRunAI=False
[DEBUG-RANGE] OnTriggerEnter2D on Enemy with tag=Ground ShouldRunAI=False
[DEBUG-RANGE] OnTriggerEnter2D on Enemy with tag=Ground ShouldRunAI=False
[DEBUG-RANGE] OnTriggerEnter2D on Enemy with tag=Ground ShouldRunAI=False
[DEBUG-RANGE] OnTriggerEnter2D on Enemy with tag=Ground ShouldRunAI=False
[DEBUG-RANGE] OnTriggerEnter2D on Enemy with tag=Ground ShouldRunAI=False
[DEBUG-RANGE] OnTriggerEnter2D on Enemy with tag=Ground ShouldRunAI=False
[DEBUG-RANGE] OnTriggerEnter2D on Enemy with tag=Ground ShouldRunAI=False
[DEBUG-RANGE] OnTriggerEnter2D on Enemy with tag=Ground ShouldRunAI=False
[DEBUG-RANGE] OnTriggerEnter2D on Enemy with tag=Ground ShouldRunAI=False
[DEBUG-RANGE] OnTriggerEnter2D on Enemy with tag=Ground ShouldRunAI=False
[DEBUG-RANGE] OnTriggerEnter2D on Enemy with tag=Obstacle ShouldRunAI=False
[DEBUG-RANGE] OnTriggerEnter2D on Enemy with tag=Ground ShouldRunAI=False
[DEBUG-RANGE] OnTriggerEnter2D on Enemy with tag=Ground ShouldRunAI=False
[DEBUG-RANGE] OnTriggerEnter2D on Enemy with tag=Ground ShouldRunAI=False
[DEBUG-RANGE] OnTriggerEnter2D on Enemy with tag=Ground ShouldRunAI=False
[DEBUG-RANGE] OnTriggerEnter2D on Enemy with tag=Ground ShouldRunAI=False
[DEBUG-RANGE] OnTriggerEnter2D on Enemy with tag=Ground ShouldRunAI=False
[DEBUG-RANGE] OnTriggerEnter2D on Enemy with tag=Ground ShouldRunAI=False
[DEBUG-RANGE] OnTriggerEnter2D on Enemy with tag=Ground ShouldRunAI=False
[DEBUG-RANGE] OnTriggerEnter2D on Enemy with tag=Ground ShouldRunAI=False
[DEBUG-RANGE] OnTriggerEnter2D on Enemy with tag=Ground ShouldRunAI=False
[DEBUG-RANGE] OnTriggerEnter2D on Enemy with tag=Ground ShouldRunAI=False
[DEBUG-RANGE] OnTriggerEnter2D on Enemy with tag=Ground ShouldRunAI=False
[DEBUG-RANGE] OnTriggerEnter2D on Enemy with tag=Untagged ShouldRunAI=False
[DEBUG-RANGE] OnTriggerEnter2D on Enemy with tag=Ground ShouldRunAI=False
[DEBUG-RANGE] OnTriggerEnter2D on Enemy with tag=Ground ShouldRunAI=False
[DEBUG-RANGE] OnTriggerEnter2D on Enemy with tag=Interactable ShouldRunAI=False
[DEBUG-RANGE] OnTriggerEnter2D on Enemy with tag=Ground ShouldRunAI=False
[DEBUG-RANGE] OnTriggerEnter2D on Enemy with tag=Ground ShouldRunAI=False
[DEBUG-RANGE] OnTriggerEnter2D on Enemy with tag=Ground ShouldRunAI=False
[DEBUG-RANGE] OnTriggerEnter2D on Enemy with tag=Ground ShouldRunAI=False
[DEBUG-RANGE] OnTriggerEnter2D on Enemy with tag=Untagged ShouldRunAI=False
[DEBUG-RANGE] OnTriggerEnter2D on Enemy with tag=Untagged ShouldRunAI=False
[DEBUG-RANGE] OnTriggerEnter2D on Enemy with tag=Ground ShouldRunAI=False
[DEBUG-RANGE] OnTriggerEnter2D on Enemy with tag=Ground ShouldRunAI=False
[DEBUG-RANGE] OnTriggerEnter2D on Enemy with tag=Ground ShouldRunAI=False
[DEBUG-RANGE] OnTriggerEnter2D on Enemy with tag=Ground ShouldRunAI=False
[DEBUG-RANGE] OnTriggerEnter2D on Enemy with tag=Ground ShouldRunAI=False
[DEBUG-RANGE] OnTriggerEnter2D on Enemy with tag=Ground ShouldRunAI=False
[DEBUG-RANGE] OnTriggerEnter2D on Enemy with tag=Ground ShouldRunAI=False
[DEBUG-RANGE] OnTriggerEnter2D on Enemy with tag=Ground ShouldRunAI=False
[DEBUG-RANGE] OnTriggerEnter2D on Enemy with tag=Ground ShouldRunAI=False
[DEBUG-RANGE] OnTriggerEnter2D on Enemy with tag=Ground ShouldRunAI=False
[DEBUG-RANGE] OnTriggerEnter2D on Enemy with tag=Ground ShouldRunAI=False
[DEBUG-RANGE] OnTriggerEnter2D on Enemy with tag=Ground ShouldRunAI=False
[DEBUG-RANGE] OnTriggerEnter2D on Enemy with tag=Ground ShouldRunAI=False
[DEBUG-RANGE] OnTriggerEnter2D on Enemy with tag=Ground ShouldRunAI=False
[DEBUG-RANGE] OnTriggerEnter2D on Enemy with tag=Ground ShouldRunAI=False
[DEBUG-RANGE] OnTriggerEnter2D on Enemy with tag=Ground ShouldRunAI=False
[DEBUG-RANGE] OnTriggerEnter2D on Enemy with tag=Obstacle ShouldRunAI=False
[DEBUG-RANGE] OnTriggerEnter2D on Enemy with tag=Untagged ShouldRunAI=False
[DEBUG-RANGE] OnTriggerEnter2D on Enemy with tag=Ground ShouldRunAI=False
[DEBUG-RANGE] OnTriggerEnter2D on Enemy with tag=Ground ShouldRunAI=False
[DEBUG-RANGE] OnTriggerEnter2D on Enemy with tag=Ground ShouldRunAI=False
[DEBUG-RANGE] OnTriggerEnter2D on Enemy with tag=Ground ShouldRunAI=False
[DEBUG-RANGE] OnTriggerEnter2D on Enemy with tag=Ground ShouldRunAI=False
[DEBUG-RANGE] OnTriggerEnter2D on Enemy with tag=Ground ShouldRunAI=False
[DEBUG-RANGE] OnTriggerEnter2D on Enemy with tag=Ground ShouldRunAI=False
[DEBUG-RANGE] OnTriggerEnter2D on Enemy with tag=Ground ShouldRunAI=False
[DEBUG-RANGE] OnTriggerEnter2D on Enemy with tag=Ground ShouldRunAI=False
[DEBUG-RANGE] OnTriggerEnter2D on Enemy with tag=Ground ShouldRunAI=False
[DEBUG-RANGE] OnTriggerEnter2D on Enemy with tag=Interactable ShouldRunAI=False
[DEBUG-RANGE] OnTriggerEnter2D on Enemy with tag=Ground ShouldRunAI=False
[DEBUG-RANGE] OnTriggerEnter2D on Enemy with tag=Ground ShouldRunAI=False
[DEBUG-RANGE] OnTriggerEnter2D on Enemy with tag=Ground ShouldRunAI=False
[DEBUG-RANGE] OnTriggerEnter2D on Enemy with tag=Ground ShouldRunAI=False
[DEBUG-RANGE] OnTriggerEnter2D on Enemy with tag=Ground ShouldRunAI=False
[DEBUG-RANGE] OnTriggerEnter2D on Enemy with tag=Ground ShouldRunAI=False
[DEBUG-RANGE] OnTriggerEnter2D on Enemy with tag=Ground ShouldRunAI=False
[DEBUG-RANGE] OnTriggerEnter2D on Enemy with tag=Ground ShouldRunAI=False
[DEBUG-RANGE] OnTriggerEnter2D on Enemy with tag=Ground ShouldRunAI=False
[DEBUG-RANGE] OnTriggerEnter2D on Enemy with tag=Interactable ShouldRunAI=False
[DEBUG-RANGE] OnTriggerEnter2D on Enemy with tag=Ground ShouldRunAI=False
[DEBUG-RANGE] OnTriggerEnter2D on Enemy with tag=Ground ShouldRunAI=False
[DEBUG-RANGE] OnTriggerEnter2D on Enemy with tag=Ground ShouldRunAI=False
[DEBUG-RANGE] OnTriggerEnter2D on Enemy with tag=Ground ShouldRunAI=False
[DEBUG-RANGE] OnTriggerEnter2D on Enemy with tag=Ground ShouldRunAI=False
[DEBUG-RANGE] OnTriggerEnter2D on Enemy with tag=Ground ShouldRunAI=False
[DEBUG-RANGE] OnTriggerEnter2D on Enemy with tag=Ground ShouldRunAI=False
[DEBUG-RANGE] OnTriggerEnter2D on Enemy with tag=Ground ShouldRunAI=False
[DEBUG-RANGE] OnTriggerEnter2D on Enemy with tag=Ground ShouldRunAI=False
[DEBUG-RANGE] OnTriggerEnter2D on Enemy with tag=Ground ShouldRunAI=False
[DEBUG-RANGE] OnTriggerEnter2D on Enemy with tag=Ground ShouldRunAI=False
[DEBUG-RANGE] OnTriggerEnter2D on Enemy with tag=Ground ShouldRunAI=False
[DEBUG-RANGE] OnTriggerEnter2D on Enemy with tag=Untagged ShouldRunAI=False
[DEBUG-RANGE] OnTriggerEnter2D on Enemy with tag=Untagged ShouldRunAI=False
[DEBUG-RANGE] OnTriggerEnter2D on Enemy with tag=Ground ShouldRunAI=False
[DEBUG-RANGE] OnTriggerEnter2D on Enemy with tag=Ground ShouldRunAI=False
[DEBUG-RANGE] OnTriggerEnter2D on Enemy with tag=Ground ShouldRunAI=False
[DEBUG-RANGE] OnTriggerEnter2D on Enemy with tag=Ground ShouldRunAI=False
[DEBUG-RANGE] OnTriggerEnter2D on Enemy with tag=Ground ShouldRunAI=False
[DEBUG-RANGE] OnTriggerEnter2D on Enemy with tag=Ground ShouldRunAI=False
[DEBUG-RANGE] OnTriggerEnter2D on Enemy with tag=HitBox ShouldRunAI=False
[DEBUG-RANGE] OnTriggerEnter2D on Enemy with tag=HitBox ShouldRunAI=False
[DEBUG-RANGE] OnTriggerEnter2D on Enemy with tag=Ground ShouldRunAI=False
[DEBUG-RANGE] OnTriggerEnter2D on Enemy with tag=Ground ShouldRunAI=False
[DEBUG-RANGE] OnTriggerEnter2D on Enemy with tag=Ground ShouldRunAI=False
[DEBUG-RANGE] OnTriggerEnter2D on Enemy with tag=Ground ShouldRunAI=False
[DEBUG-RANGE] OnTriggerEnter2D on Enemy with tag=Ground ShouldRunAI=False
[DEBUG-RANGE] OnTriggerEnter2D on Enemy with tag=Ground ShouldRunAI=False
[DEBUG-RANGE] OnTriggerEnter2D on Enemy with tag=Interactable ShouldRunAI=False
[DEBUG-RANGE] OnTriggerEnter2D on Enemy with tag=Ground ShouldRunAI=False
[DEBUG-RANGE] OnTriggerEnter2D on Enemy with tag=Ground ShouldRunAI=False
[DEBUG-RANGE] OnTriggerEnter2D on Enemy with tag=Ground ShouldRunAI=False
[DEBUG-RANGE] OnTriggerEnter2D on Enemy with tag=Interactable ShouldRunAI=False
[DEBUG-RANGE] OnTriggerEnter2D on Enemy with tag=Interactable ShouldRunAI=False
[DEBUG-RANGE] OnTriggerEnter2D on Enemy with tag=Ground ShouldRunAI=False
[DEBUG-RANGE] OnTriggerEnter2D on Enemy with tag=Ground ShouldRunAI=False
[DEBUG-RANGE] OnTriggerEnter2D on Enemy with tag=Untagged ShouldRunAI=False
[DEBUG-RANGE] OnTriggerEnter2D on Enemy with tag=Ground ShouldRunAI=False
[DEBUG-RANGE] OnTriggerEnter2D on Enemy with tag=Ground ShouldRunAI=False
[DEBUG-RANGE] OnTriggerEnter2D on Enemy with tag=Interactable ShouldRunAI=False
[DEBUG-RANGE] OnTriggerEnter2D on Enemy with tag=Ground ShouldRunAI=False
[DEBUG-RANGE] OnTriggerEnter2D on Enemy with tag=Ground ShouldRunAI=False
[DEBUG-RANGE] OnTriggerEnter2D on Enemy with tag=Ground ShouldRunAI=False
[DEBUG-RANGE] OnTriggerEnter2D on Enemy with tag=Ground ShouldRunAI=False
[DEBUG-RANGE] OnTriggerEnter2D on Enemy with tag=Ground ShouldRunAI=False
[DEBUG-RANGE] OnTriggerEnter2D on Enemy with tag=Ground ShouldRunAI=False
[DEBUG-RANGE] OnTriggerEnter2D on Enemy with tag=Ground ShouldRunAI=False
[DEBUG-RANGE] OnTriggerEnter2D on Enemy with tag=Ground ShouldRunAI=False
[DEBUG-RANGE] OnTriggerEnter2D on Enemy with tag=Ground ShouldRunAI=False
[DEBUG-RANGE] OnTriggerEnter2D on Enemy with tag=Ground ShouldRunAI=False
[DEBUG-RANGE] OnTriggerEnter2D on Enemy with tag=Untagged ShouldRunAI=False
[DEBUG-RANGE] OnTriggerEnter2D on Enemy with tag=HitBox ShouldRunAI=False
[DEBUG-RANGE] OnTriggerEnter2D on Enemy with tag=Ground ShouldRunAI=False
[DEBUG-RANGE] OnTriggerEnter2D on Enemy with tag=HitBox ShouldRunAI=False
[DEBUG-RANGE] OnTriggerEnter2D on Enemy with tag=Ground ShouldRunAI=False
[DEBUG-RANGE] OnTriggerEnter2D on Enemy with tag=Ground ShouldRunAI=False
[DEBUG-RANGE] OnTriggerEnter2D on Enemy with tag=Ground ShouldRunAI=False
[DEBUG-RANGE] OnTriggerEnter2D on Enemy with tag=Ground ShouldRunAI=False
[DEBUG-RANGE] OnTriggerEnter2D on Enemy with tag=Ground ShouldRunAI=False
[DEBUG-RANGE] OnTriggerEnter2D on Enemy with tag=Ground ShouldRunAI=False
[DEBUG-RANGE] OnTriggerEnter2D on Enemy with tag=Ground ShouldRunAI=False
[DEBUG-RANGE] OnTriggerEnter2D on Enemy with tag=Ground ShouldRunAI=False
[DEBUG-RANGE] OnTriggerEnter2D on Enemy with tag=Ground ShouldRunAI=False
[DEBUG-RANGE] OnTriggerEnter2D on Enemy with tag=Untagged ShouldRunAI=False
[DEBUG-RANGE] OnTriggerEnter2D on Enemy with tag=Untagged ShouldRunAI=False
[DEBUG-RANGE] OnTriggerEnter2D on Enemy with tag=Untagged ShouldRunAI=False
[DEBUG-RANGE] OnTriggerEnter2D on Enemy with tag=Untagged ShouldRunAI=False
[DEBUG-RANGE] OnTriggerEnter2D on Enemy with tag=Interactable ShouldRunAI=False
[DEBUG-RANGE] OnTriggerEnter2D on Enemy with tag=Interactable ShouldRunAI=False
[DEBUG-RANGE] OnTriggerEnter2D on Enemy with tag=Ground ShouldRunAI=False
[DEBUG-RANGE] OnTriggerEnter2D on Enemy with tag=Interactable ShouldRunAI=False
[DEBUG-RANGE] OnTriggerEnter2D on Enemy with tag=Ground ShouldRunAI=False
[DEBUG-RANGE] OnTriggerEnter2D on Enemy with tag=Untagged ShouldRunAI=False
[DEBUG-RANGE] OnTriggerEnter2D on Enemy with tag=Untagged ShouldRunAI=False
[DEBUG-RANGE] OnTriggerEnter2D on Enemy with tag=Untagged ShouldRunAI=False
[DEBUG-RANGE] OnTriggerEnter2D on Enemy with tag=Untagged ShouldRunAI=False
[DEBUG-RANGE] OnTriggerEnter2D on Enemy with tag=Ground ShouldRunAI=False
[DEBUG-RANGE] OnTriggerEnter2D on Enemy with tag=Ground ShouldRunAI=False
[DEBUG-RANGE] OnTriggerEnter2D on Enemy with tag=Ground ShouldRunAI=False
[DEBUG-RANGE] OnTriggerEnter2D on Enemy with tag=Ground ShouldRunAI=False
[DEBUG-RANGE] OnTriggerEnter2D on Enemy with tag=Untagged ShouldRunAI=False
[DEBUG-RANGE] OnTriggerEnter2D on Enemy with tag=Untagged ShouldRunAI=False
[DEBUG-RANGE] OnTriggerEnter2D on Enemy with tag=Interactable ShouldRunAI=False
[DEBUG-ENEMY] Enemy IsAlive=True ShouldRunAI=False state=IdleState MyTarget= MyAttackTime=0,00 IsAttacking=False AttackRange=0 dist=-1,00
[DEBUG-ENEMY] Enemy IsAlive=True ShouldRunAI=False state=IdleState MyTarget=Player(Clone) (Player) MyAttackTime=0,00 IsAttacking=False AttackRange=0 dist=4,06
[DEBUG-ENEMY] Enemy IsAlive=True ShouldRunAI=False state=IdleState MyTarget=Player(Clone) (Player) MyAttackTime=0,00 IsAttacking=False AttackRange=5 dist=3,05
[DEBUG-ENEMY] Enemy IsAlive=True ShouldRunAI=False state=IdleState MyTarget=Player(Clone) (Player) MyAttackTime=0,00 IsAttacking=False AttackRange=5 dist=3,27
[DEBUG-ENEMY] Enemy IsAlive=True ShouldRunAI=False state=IdleState MyTarget=Player(Clone) (Player) MyAttackTime=0,00 IsAttacking=False AttackRange=0 dist=4,10
[DEBUG-ENEMY] Enemy IsAlive=True ShouldRunAI=False state=IdleState MyTarget=Player(Clone) (Player) MyAttackTime=0,00 IsAttacking=False AttackRange=5 dist=3,87
[DEBUG-ENEMY] Enemy IsAlive=True ShouldRunAI=False state=IdleState MyTarget=Player(Clone) (Player) MyAttackTime=0,00 IsAttacking=False AttackRange=0 dist=16,36
[DEBUG-ENEMY] Enemy IsAlive=True ShouldRunAI=False state=IdleState MyTarget= MyAttackTime=0,00 IsAttacking=False AttackRange=0 dist=-1,00
[DEBUG-ENEMY] Enemy IsAlive=True ShouldRunAI=False state=IdleState MyTarget= MyAttackTime=0,00 IsAttacking=False AttackRange=0 dist=-1,00
[DEBUG-ENEMY] Enemy IsAlive=True ShouldRunAI=False state=IdleState MyTarget=Player(Clone) (Player) MyAttackTime=0,00 IsAttacking=False AttackRange=5 dist=4,10
[DEBUG-RANGE] OnTriggerEnter2D on Enemy with tag=Ground ShouldRunAI=False
[DEBUG-RANGE] OnTriggerEnter2D on Enemy with tag=Ground ShouldRunAI=False
[DEBUG-RANGE] OnTriggerEnter2D on Enemy with tag=Untagged ShouldRunAI=False
[DEBUG-RANGE] OnTriggerEnter2D on Enemy with tag=Untagged ShouldRunAI=False
[DEBUG-RANGE] OnTriggerEnter2D on Enemy with tag=Ground ShouldRunAI=False
[DEBUG-RANGE] OnTriggerEnter2D on Enemy with tag=Ground ShouldRunAI=False
[DEBUG-RANGE] OnTriggerEnter2D on Enemy with tag=Ground ShouldRunAI=False
[DEBUG-RANGE] OnTriggerEnter2D on Enemy with tag=Ground ShouldRunAI=False
[DEBUG-RANGE] OnTriggerEnter2D on Enemy with tag=Ground ShouldRunAI=False
[DEBUG-RANGE] OnTriggerEnter2D on Enemy with tag=Ground ShouldRunAI=False
[DEBUG-RANGE] OnTriggerEnter2D on Enemy with tag=Ground ShouldRunAI=False
[DEBUG-RANGE] OnTriggerEnter2D on Enemy with tag=Ground ShouldRunAI=False
[DEBUG-RANGE] OnTriggerEnter2D on Enemy with tag=Ground ShouldRunAI=False
[DEBUG-RANGE] OnTriggerEnter2D on Enemy with tag=Ground ShouldRunAI=False
[DEBUG-RANGE] OnTriggerEnter2D on Enemy with tag=Ground ShouldRunAI=False
[DEBUG-RANGE] OnTriggerEnter2D on Enemy with tag=Ground ShouldRunAI=False
[DEBUG-RANGE] OnTriggerEnter2D on Enemy with tag=Ground ShouldRunAI=False
[DEBUG-RANGE] OnTriggerEnter2D on Enemy with tag=Ground ShouldRunAI=False
[DEBUG-RANGE] OnTriggerEnter2D on Enemy with tag=Ground ShouldRunAI=False
[DEBUG-RANGE] OnTriggerEnter2D on Enemy with tag=Ground ShouldRunAI=False
[DEBUG-RANGE] OnTriggerEnter2D on Enemy with tag=Ground ShouldRunAI=False
[DEBUG-RANGE] OnTriggerEnter2D on Enemy with tag=Untagged ShouldRunAI=False
[DEBUG-RANGE] OnTriggerEnter2D on Enemy with tag=Untagged ShouldRunAI=False
[DEBUG-RANGE] OnTriggerEnter2D on Enemy with tag=Untagged ShouldRunAI=False
[DEBUG-RANGE] OnTriggerEnter2D on Enemy with tag=Untagged ShouldRunAI=False
[DEBUG-RANGE] OnTriggerEnter2D on Enemy with tag=Ground ShouldRunAI=False
[DEBUG-RANGE] OnTriggerEnter2D on Enemy with tag=Ground ShouldRunAI=False
[DEBUG-RANGE] OnTriggerEnter2D on Enemy with tag=Untagged ShouldRunAI=False
[DEBUG-RANGE] OnTriggerEnter2D on Enemy with tag=Untagged ShouldRunAI=False
[DEBUG-RANGE] OnTriggerEnter2D on Enemy with tag=Ground ShouldRunAI=False
[DEBUG-RANGE] OnTriggerEnter2D on Enemy with tag=Untagged ShouldRunAI=False
[DEBUG-RANGE] OnTriggerEnter2D on Enemy with tag=Untagged ShouldRunAI=False
[DEBUG-RANGE] OnTriggerEnter2D on Enemy with tag=Ground ShouldRunAI=False
[DEBUG-RANGE] OnTriggerEnter2D on Enemy with tag=Ground ShouldRunAI=False
[DEBUG-RANGE] OnTriggerEnter2D on Enemy with tag=Interactable ShouldRunAI=False
[DEBUG-RANGE] OnTriggerEnter2D on Enemy with tag=Ground ShouldRunAI=False
[DEBUG-RANGE] OnTriggerEnter2D on Enemy with tag=Ground ShouldRunAI=False
[DEBUG-RANGE] OnTriggerEnter2D on Enemy with tag=Ground ShouldRunAI=False
[DEBUG-RANGE] OnTriggerEnter2D on Enemy with tag=Ground ShouldRunAI=False
[DEBUG-RANGE] OnTriggerEnter2D on Enemy with tag=Untagged ShouldRunAI=False
[DEBUG-RANGE] OnTriggerEnter2D on Enemy with tag=Ground ShouldRunAI=False
[DEBUG-RANGE] OnTriggerEnter2D on Enemy with tag=Ground ShouldRunAI=False
[DEBUG-RANGE] OnTriggerEnter2D on Enemy with tag=Ground ShouldRunAI=False
[DEBUG-RANGE] OnTriggerEnter2D on Enemy with tag=Ground ShouldRunAI=False
[DEBUG-RANGE] OnTriggerEnter2D on Enemy with tag=Enemy ShouldRunAI=False
[DEBUG-RANGE] OnTriggerEnter2D on Enemy with tag=Enemy ShouldRunAI=False
[DEBUG-RANGE] OnTriggerEnter2D on Enemy with tag=Ground ShouldRunAI=False
[DEBUG-RANGE] OnTriggerEnter2D on Enemy with tag=Ground ShouldRunAI=False
[DEBUG-RANGE] OnTriggerEnter2D on Enemy with tag=Ground ShouldRunAI=False
[DEBUG-RANGE] OnTriggerEnter2D on Enemy with tag=Ground ShouldRunAI=False
[DEBUG-RANGE] OnTriggerEnter2D on Enemy with tag=Interactable ShouldRunAI=False
[DEBUG-RANGE] OnTriggerEnter2D on Enemy with tag=Ground ShouldRunAI=False
[DEBUG-RANGE] OnTriggerEnter2D on Enemy with tag=Ground ShouldRunAI=False
[DEBUG-RANGE] OnTriggerEnter2D on Enemy with tag=Ground ShouldRunAI=False
[DEBUG-RANGE] OnTriggerEnter2D on Enemy with tag=Ground ShouldRunAI=False
[DEBUG-RANGE] OnTriggerEnter2D on Enemy with tag=Ground ShouldRunAI=False
[DEBUG-RANGE] OnTriggerEnter2D on Enemy with tag=Ground ShouldRunAI=False
[DEBUG-RANGE] OnTriggerEnter2D on Enemy with tag=Ground ShouldRunAI=False
[DEBUG-RANGE] OnTriggerEnter2D on Enemy with tag=Ground ShouldRunAI=False
[DEBUG-RANGE] OnTriggerEnter2D on Enemy with tag=Ground ShouldRunAI=False
[DEBUG-RANGE] OnTriggerEnter2D on Enemy with tag=Ground ShouldRunAI=False
[DEBUG-RANGE] OnTriggerEnter2D on Enemy with tag=Ground ShouldRunAI=False
[DEBUG-RANGE] OnTriggerEnter2D on Enemy with tag=Ground ShouldRunAI=False
[DEBUG-RANGE] OnTriggerEnter2D on Enemy with tag=Ground ShouldRunAI=False
[DEBUG-RANGE] OnTriggerEnter2D on Enemy with tag=Ground ShouldRunAI=False
[DEBUG-RANGE] OnTriggerEnter2D on Enemy with tag=Ground ShouldRunAI=False
[DEBUG-RANGE] OnTriggerEnter2D on Enemy with tag=Ground ShouldRunAI=False
[DEBUG-RANGE] OnTriggerEnter2D on Enemy with tag=Ground ShouldRunAI=False
[DEBUG-RANGE] OnTriggerEnter2D on Enemy with tag=Untagged ShouldRunAI=False
[DEBUG-RANGE] OnTriggerEnter2D on Enemy with tag=Untagged ShouldRunAI=False
[DEBUG-RANGE] OnTriggerEnter2D on Enemy with tag=Untagged ShouldRunAI=False
[DEBUG-RANGE] OnTriggerEnter2D on Enemy with tag=Untagged ShouldRunAI=False
[DEBUG-RANGE] OnTriggerEnter2D on Enemy with tag=Ground ShouldRunAI=False
[DEBUG-RANGE] OnTriggerEnter2D on Enemy with tag=Ground ShouldRunAI=False
[DEBUG-RANGE] OnTriggerEnter2D on Enemy with tag=Untagged ShouldRunAI=False
[DEBUG-RANGE] OnTriggerEnter2D on Enemy with tag=Untagged ShouldRunAI=False
[DEBUG-RANGE] OnTriggerEnter2D on Enemy with tag=Interactable ShouldRunAI=False
[DEBUG-RANGE] OnTriggerEnter2D on Enemy with tag=Ground ShouldRunAI=False
[DEBUG-RANGE] OnTriggerEnter2D on Enemy with tag=Ground ShouldRunAI=False
[DEBUG-RANGE] OnTriggerEnter2D on Enemy with tag=Ground ShouldRunAI=False
[DEBUG-RANGE] OnTriggerEnter2D on Enemy with tag=Ground ShouldRunAI=False
[DEBUG-RANGE] OnTriggerEnter2D on Enemy with tag=Ground ShouldRunAI=False
[DEBUG-RANGE] OnTriggerEnter2D on Enemy with tag=Ground ShouldRunAI=False
[DEBUG-RANGE] OnTriggerEnter2D on Enemy with tag=Ground ShouldRunAI=False
[DEBUG-RANGE] OnTriggerEnter2D on Enemy with tag=Ground ShouldRunAI=False
[DEBUG-RANGE] OnTriggerEnter2D on Enemy with tag=Ground ShouldRunAI=False
[DEBUG-RANGE] OnTriggerEnter2D on Enemy with tag=Ground ShouldRunAI=False
[DEBUG-RANGE] OnTriggerEnter2D on Enemy with tag=Ground ShouldRunAI=False
[DEBUG-RANGE] OnTriggerEnter2D on Enemy with tag=Ground ShouldRunAI=False
[DEBUG-RANGE] OnTriggerEnter2D on Enemy with tag=Enemy ShouldRunAI=False
[DEBUG-RANGE] OnTriggerEnter2D on Enemy with tag=Enemy ShouldRunAI=False
[DEBUG-RANGE] OnTriggerEnter2D on Enemy with tag=Ground ShouldRunAI=False
[DEBUG-RANGE] OnTriggerEnter2D on Enemy with tag=Ground ShouldRunAI=False
[DEBUG-RANGE] OnTriggerEnter2D on Enemy with tag=Ground ShouldRunAI=False
[DEBUG-RANGE] OnTriggerEnter2D on Enemy with tag=Ground ShouldRunAI=False
[DEBUG-RANGE] OnTriggerEnter2D on Enemy with tag=Enemy ShouldRunAI=False
[DEBUG-RANGE] OnTriggerEnter2D on Enemy with tag=Enemy ShouldRunAI=False
[DEBUG-RANGE] OnTriggerEnter2D on Enemy with tag=Enemy ShouldRunAI=False
[DEBUG-RANGE] OnTriggerEnter2D on Enemy with tag=Enemy ShouldRunAI=False
[DEBUG-RANGE] OnTriggerEnter2D on Enemy with tag=Ground ShouldRunAI=False
[DEBUG-RANGE] OnTriggerEnter2D on Enemy with tag=Ground ShouldRunAI=False
[DEBUG-RANGE] OnTriggerEnter2D on Enemy with tag=Ground ShouldRunAI=False
[DEBUG-RANGE] OnTriggerEnter2D on Enemy with tag=Enemy ShouldRunAI=False
[DEBUG-RANGE] OnTriggerEnter2D on Enemy with tag=Enemy ShouldRunAI=False
[DEBUG-RANGE] OnTriggerEnter2D on Enemy with tag=Ground ShouldRunAI=False
[DEBUG-RANGE] OnTriggerEnter2D on Enemy with tag=Ground ShouldRunAI=False
[DEBUG-RANGE] OnTriggerEnter2D on Enemy with tag=Ground ShouldRunAI=False
[DEBUG-RANGE] OnTriggerEnter2D on Enemy with tag=Ground ShouldRunAI=False
[DEBUG-RANGE] OnTriggerEnter2D on Enemy with tag=Ground ShouldRunAI=False
[DEBUG-RANGE] OnTriggerEnter2D on Enemy with tag=Ground ShouldRunAI=False
[DEBUG-RANGE] OnTriggerEnter2D on Enemy with tag=Ground ShouldRunAI=False
[DEBUG-RANGE] OnTriggerEnter2D on Enemy with tag=Ground ShouldRunAI=False
[DEBUG-RANGE] OnTriggerEnter2D on Enemy with tag=Ground ShouldRunAI=False
[DEBUG-RANGE] OnTriggerEnter2D on Enemy with tag=Ground ShouldRunAI=False
[DEBUG-RANGE] OnTriggerEnter2D on Enemy with tag=Ground ShouldRunAI=False
[DEBUG-RANGE] OnTriggerEnter2D on Enemy with tag=Ground ShouldRunAI=False
[DEBUG-RANGE] OnTriggerEnter2D on Enemy with tag=Untagged ShouldRunAI=False
[DEBUG-RANGE] OnTriggerEnter2D on Enemy with tag=Ground ShouldRunAI=False
[DEBUG-RANGE] OnTriggerEnter2D on Enemy with tag=Ground ShouldRunAI=False
[DEBUG-RANGE] OnTriggerEnter2D on Enemy with tag=Ground ShouldRunAI=False
[DEBUG-RANGE] OnTriggerEnter2D on Enemy with tag=Ground ShouldRunAI=False
[DEBUG-RANGE] OnTriggerEnter2D on Enemy with tag=Ground ShouldRunAI=False
[DEBUG-RANGE] OnTriggerEnter2D on Enemy with tag=Ground ShouldRunAI=False
[DEBUG-RANGE] OnTriggerEnter2D on Enemy with tag=Ground ShouldRunAI=False
[DEBUG-RANGE] OnTriggerEnter2D on Enemy with tag=Ground ShouldRunAI=False
[DEBUG-RANGE] OnTriggerEnter2D on Enemy with tag=HitBox ShouldRunAI=False
[DEBUG-RANGE] OnTriggerEnter2D on Enemy with tag=Ground ShouldRunAI=False
[DEBUG-RANGE] OnTriggerEnter2D on Enemy with tag=HitBox ShouldRunAI=False
[DEBUG-RANGE] OnTriggerEnter2D on Enemy with tag=Ground ShouldRunAI=False
[DEBUG-RANGE] OnTriggerEnter2D on Enemy with tag=HitBox ShouldRunAI=False
[DEBUG-RANGE] OnTriggerEnter2D on Enemy with tag=HitBox ShouldRunAI=False
[DEBUG-RANGE] OnTriggerEnter2D on Enemy with tag=Ground ShouldRunAI=False
[DEBUG-RANGE] OnTriggerEnter2D on Enemy with tag=Ground ShouldRunAI=False
[DEBUG-RANGE] OnTriggerEnter2D on Enemy with tag=HitBox ShouldRunAI=False
[DEBUG-RANGE] OnTriggerEnter2D on Enemy with tag=HitBox ShouldRunAI=False
[DEBUG-ENEMY] Enemy IsAlive=True ShouldRunAI=False state=IdleState MyTarget= MyAttackTime=0,00 IsAttacking=False AttackRange=0 dist=-1,00
[DEBUG-ENEMY] Enemy IsAlive=True ShouldRunAI=False state=IdleState MyTarget=Player(Clone) (Player) MyAttackTime=0,00 IsAttacking=False AttackRange=0 dist=11,86
[DEBUG-ENEMY] Enemy IsAlive=True ShouldRunAI=False state=IdleState MyTarget=Player(Clone) (Player) MyAttackTime=0,00 IsAttacking=False AttackRange=5 dist=4,04
[DEBUG-ENEMY] Enemy IsAlive=True ShouldRunAI=False state=IdleState MyTarget=Player(Clone) (Player) MyAttackTime=0,00 IsAttacking=False AttackRange=5 dist=3,32
[DEBUG-ENEMY] Enemy IsAlive=True ShouldRunAI=False state=IdleState MyTarget=Player(Clone) (Player) MyAttackTime=0,00 IsAttacking=False AttackRange=0 dist=6,91
[DEBUG-ENEMY] Enemy IsAlive=True ShouldRunAI=False state=IdleState MyTarget=Player(Clone) (Player) MyAttackTime=0,00 IsAttacking=False AttackRange=5 dist=4,91
[DEBUG-ENEMY] Enemy IsAlive=True ShouldRunAI=False state=IdleState MyTarget=Player(Clone) (Player) MyAttackTime=0,00 IsAttacking=False AttackRange=0 dist=20,26
[DEBUG-ENEMY] Enemy IsAlive=True ShouldRunAI=False state=IdleState MyTarget= MyAttackTime=0,00 IsAttacking=False AttackRange=0 dist=-1,00
[DEBUG-ENEMY] Enemy IsAlive=True ShouldRunAI=False state=IdleState MyTarget= MyAttackTime=0,00 IsAttacking=False AttackRange=0 dist=-1,00
[DEBUG-ENEMY] Enemy IsAlive=True ShouldRunAI=False state=IdleState MyTarget=Player(Clone) (Player) MyAttackTime=0,00 IsAttacking=False AttackRange=5 dist=5,16
[DEBUG-RANGE] OnTriggerEnter2D on Enemy with tag=Ground ShouldRunAI=False
[DEBUG-RANGE] OnTriggerEnter2D on Enemy with tag=Ground ShouldRunAI=False
[DEBUG-RANGE] OnTriggerEnter2D on Enemy with tag=Ground ShouldRunAI=False
[DEBUG-RANGE] OnTriggerEnter2D on Enemy with tag=Ground ShouldRunAI=False
[DEBUG-RANGE] OnTriggerEnter2D on Enemy with tag=Ground ShouldRunAI=False
[DEBUG-RANGE] OnTriggerEnter2D on Enemy with tag=Ground ShouldRunAI=False
[DEBUG-RANGE] OnTriggerEnter2D on Enemy with tag=Enemy ShouldRunAI=False
[DEBUG-RANGE] OnTriggerEnter2D on Enemy with tag=Enemy ShouldRunAI=False
[DEBUG-RANGE] OnTriggerEnter2D on Enemy with tag=Ground ShouldRunAI=False
[DEBUG-RANGE] OnTriggerEnter2D on Enemy with tag=Ground ShouldRunAI=False
[DEBUG-RANGE] OnTriggerEnter2D on Enemy with tag=Untagged ShouldRunAI=False
[DEBUG-RANGE] OnTriggerEnter2D on Enemy with tag=Untagged ShouldRunAI=False
[DEBUG-RANGE] OnTriggerEnter2D on Enemy with tag=HitBox ShouldRunAI=False
[DEBUG-RANGE] OnTriggerEnter2D on Enemy with tag=Ground ShouldRunAI=False
[DEBUG-RANGE] OnTriggerEnter2D on Enemy with tag=Ground ShouldRunAI=False
[DEBUG-RANGE] OnTriggerEnter2D on Enemy with tag=Ground ShouldRunAI=False
[DEBUG-RANGE] OnTriggerEnter2D on Enemy with tag=Ground ShouldRunAI=False
[DEBUG-RANGE] OnTriggerEnter2D on Enemy with tag=Ground ShouldRunAI=False
[DEBUG-RANGE] OnTriggerEnter2D on Enemy with tag=Ground ShouldRunAI=False
[DEBUG-RANGE] OnTriggerEnter2D on Enemy with tag=Ground ShouldRunAI=False
[DEBUG-RANGE] OnTriggerEnter2D on Enemy with tag=Ground ShouldRunAI=False
[DEBUG-RANGE] OnTriggerEnter2D on Enemy with tag=Ground ShouldRunAI=False
[DEBUG-RANGE] OnTriggerEnter2D on Enemy with tag=Ground ShouldRunAI=False
[DEBUG-RANGE] OnTriggerEnter2D on Enemy with tag=Ground ShouldRunAI=False
[DEBUG-RANGE] OnTriggerEnter2D on Enemy with tag=Ground ShouldRunAI=False
[DEBUG-RANGE] OnTriggerEnter2D on Enemy with tag=Ground ShouldRunAI=False
[DEBUG-RANGE] OnTriggerEnter2D on Enemy with tag=Ground ShouldRunAI=False
[DEBUG-RANGE] OnTriggerEnter2D on Enemy with tag=Ground ShouldRunAI=False
[DEBUG-RANGE] OnTriggerEnter2D on Enemy with tag=Untagged ShouldRunAI=False
[DEBUG-RANGE] OnTriggerEnter2D on Enemy with tag=Untagged ShouldRunAI=False
[DEBUG-RANGE] OnTriggerEnter2D on Enemy with tag=Ground ShouldRunAI=False
[DEBUG-RANGE] OnTriggerEnter2D on Enemy with tag=Ground ShouldRunAI=False
[DEBUG-RANGE] OnTriggerEnter2D on Enemy with tag=Untagged ShouldRunAI=False
[DEBUG-RANGE] OnTriggerEnter2D on Enemy with tag=Ground ShouldRunAI=False
[DEBUG-RANGE] OnTriggerEnter2D on Enemy with tag=Ground ShouldRunAI=False
[DEBUG-RANGE] OnTriggerEnter2D on Enemy with tag=Untagged ShouldRunAI=False
[DEBUG-RANGE] OnTriggerEnter2D on Enemy with tag=Untagged ShouldRunAI=False
[DEBUG-RANGE] OnTriggerEnter2D on Enemy with tag=Ground ShouldRunAI=False
[DEBUG-RANGE] OnTriggerEnter2D on Enemy with tag=Ground ShouldRunAI=False
[DEBUG-RANGE] OnTriggerEnter2D on Enemy with tag=Ground ShouldRunAI=False
[DEBUG-RANGE] OnTriggerEnter2D on Enemy with tag=Ground ShouldRunAI=False
[DEBUG-RANGE] OnTriggerEnter2D on Enemy with tag=Ground ShouldRunAI=False
[DEBUG-RANGE] OnTriggerEnter2D on Enemy with tag=Ground ShouldRunAI=False
[DEBUG-RANGE] OnTriggerEnter2D on Enemy with tag=Ground ShouldRunAI=False
[DEBUG-RANGE] OnTriggerEnter2D on Enemy with tag=HitBox ShouldRunAI=False
[DEBUG-RANGE] OnTriggerEnter2D on Enemy with tag=HitBox ShouldRunAI=False
[DEBUG-RANGE] OnTriggerEnter2D on Enemy with tag=Ground ShouldRunAI=False
[DEBUG-RANGE] OnTriggerEnter2D on Enemy with tag=Ground ShouldRunAI=False
[DEBUG-RANGE] OnTriggerEnter2D on Enemy with tag=Ground ShouldRunAI=False
[DEBUG-RANGE] OnTriggerEnter2D on Enemy with tag=Ground ShouldRunAI=False
[DEBUG-RANGE] OnTriggerEnter2D on Enemy with tag=Ground ShouldRunAI=False
[DEBUG-RANGE] OnTriggerEnter2D on Enemy with tag=Ground ShouldRunAI=False
[DEBUG-RANGE] OnTriggerEnter2D on Enemy with tag=Ground ShouldRunAI=False
[DEBUG-RANGE] OnTriggerEnter2D on Enemy with tag=Ground ShouldRunAI=False
[DEBUG-RANGE] OnTriggerEnter2D on Enemy with tag=Ground ShouldRunAI=False
[DEBUG-RANGE] OnTriggerEnter2D on Enemy with tag=Ground ShouldRunAI=False
[DEBUG-RANGE] OnTriggerEnter2D on Enemy with tag=Ground ShouldRunAI=False
[DEBUG-RANGE] OnTriggerEnter2D on Enemy with tag=Ground ShouldRunAI=False
[DEBUG-RANGE] OnTriggerEnter2D on Enemy with tag=Ground ShouldRunAI=False
[DEBUG-RANGE] OnTriggerEnter2D on Enemy with tag=Ground ShouldRunAI=False
[DEBUG-RANGE] OnTriggerEnter2D on Enemy with tag=Ground ShouldRunAI=False
[DEBUG-RANGE] OnTriggerEnter2D on Enemy with tag=Ground ShouldRunAI=False
[DEBUG-RANGE] OnTriggerEnter2D on Enemy with tag=Ground ShouldRunAI=False
[DEBUG-RANGE] OnTriggerEnter2D on Enemy with tag=Ground ShouldRunAI=False
[DEBUG-RANGE] OnTriggerEnter2D on Enemy with tag=Ground ShouldRunAI=False
[DEBUG-RANGE] OnTriggerEnter2D on Enemy with tag=Ground ShouldRunAI=False
[DEBUG-RANGE] OnTriggerEnter2D on Enemy with tag=Ground ShouldRunAI=False
[DEBUG-RANGE] OnTriggerEnter2D on Enemy with tag=Ground ShouldRunAI=False
[DEBUG-RANGE] OnTriggerEnter2D on Enemy with tag=Ground ShouldRunAI=False
[DEBUG-RANGE] OnTriggerEnter2D on Enemy with tag=Ground ShouldRunAI=False
[DEBUG-RANGE] OnTriggerEnter2D on Enemy with tag=Ground ShouldRunAI=False
[DEBUG-RANGE] OnTriggerEnter2D on Enemy with tag=Ground ShouldRunAI=False
[DEBUG-RANGE] OnTriggerEnter2D on Enemy with tag=Ground ShouldRunAI=False
[DEBUG-RANGE] OnTriggerEnter2D on Enemy with tag=Ground ShouldRunAI=False
[DEBUG-RANGE] OnTriggerEnter2D on Enemy with tag=Ground ShouldRunAI=False
[DEBUG-RANGE] OnTriggerEnter2D on Enemy with tag=Ground ShouldRunAI=False
[DEBUG-RANGE] OnTriggerEnter2D on Enemy with tag=Ground ShouldRunAI=False
[DEBUG-RANGE] OnTriggerEnter2D on Enemy with tag=Ground ShouldRunAI=False
[DEBUG-RANGE] OnTriggerEnter2D on Enemy with tag=Ground ShouldRunAI=False
[DEBUG-RANGE] OnTriggerEnter2D on Enemy with tag=Ground ShouldRunAI=False
[DEBUG-RANGE] OnTriggerEnter2D on Enemy with tag=Enemy ShouldRunAI=False
[DEBUG-RANGE] OnTriggerEnter2D on Enemy with tag=Enemy ShouldRunAI=False
[DEBUG-RANGE] OnTriggerEnter2D on Enemy with tag=Enemy ShouldRunAI=False
[DEBUG-RANGE] OnTriggerEnter2D on Enemy with tag=Enemy ShouldRunAI=False
[DEBUG-RANGE] OnTriggerEnter2D on Enemy with tag=Enemy ShouldRunAI=False
[DEBUG-RANGE] OnTriggerEnter2D on Enemy with tag=Enemy ShouldRunAI=False
[DEBUG-RANGE] OnTriggerEnter2D on Enemy with tag=Ground ShouldRunAI=False
[DEBUG-RANGE] OnTriggerEnter2D on Enemy with tag=Ground ShouldRunAI=False
[DEBUG-RANGE] OnTriggerEnter2D on Enemy with tag=Ground ShouldRunAI=False
[DEBUG-RANGE] OnTriggerEnter2D on Enemy with tag=Ground ShouldRunAI=False
[DEBUG-RANGE] OnTriggerEnter2D on Enemy with tag=Ground ShouldRunAI=False
[DEBUG-RANGE] OnTriggerEnter2D on Enemy with tag=Ground ShouldRunAI=False
[DEBUG-RANGE] OnTriggerEnter2D on Enemy with tag=Ground ShouldRunAI=False
[DEBUG-RANGE] OnTriggerEnter2D on Enemy with tag=Ground ShouldRunAI=False
[DEBUG-RANGE] OnTriggerEnter2D on Enemy with tag=Ground ShouldRunAI=False
[DEBUG-RANGE] OnTriggerEnter2D on Enemy with tag=Ground ShouldRunAI=False
[DEBUG-RANGE] OnTriggerEnter2D on Enemy with tag=Ground ShouldRunAI=False
[DEBUG-RANGE] OnTriggerEnter2D on Enemy with tag=Ground ShouldRunAI=False
[DEBUG-RANGE] OnTriggerEnter2D on Enemy with tag=Ground ShouldRunAI=False
[DEBUG-RANGE] OnTriggerEnter2D on Enemy with tag=Ground ShouldRunAI=False
[DEBUG-RANGE] OnTriggerEnter2D on Enemy with tag=Untagged ShouldRunAI=False
[DEBUG-RANGE] OnTriggerEnter2D on Enemy with tag=Untagged ShouldRunAI=False
[DEBUG-RANGE] OnTriggerEnter2D on Enemy with tag=Ground ShouldRunAI=False
[DEBUG-RANGE] OnTriggerEnter2D on Enemy with tag=Ground ShouldRunAI=False
[DEBUG-RANGE] OnTriggerEnter2D on Enemy with tag=Ground ShouldRunAI=False
[DEBUG-RANGE] OnTriggerEnter2D on Enemy with tag=Ground ShouldRunAI=False
[DEBUG-ENEMY] Enemy IsAlive=True ShouldRunAI=False state=IdleState MyTarget= MyAttackTime=0,00 IsAttacking=False AttackRange=0 dist=-1,00
[DEBUG-ENEMY] Enemy IsAlive=True ShouldRunAI=False state=IdleState MyTarget=Player(Clone) (Player) MyAttackTime=0,00 IsAttacking=False AttackRange=0 dist=15,68
[DEBUG-ENEMY] Enemy IsAlive=True ShouldRunAI=False state=IdleState MyTarget=Player(Clone) (Player) MyAttackTime=0,00 IsAttacking=False AttackRange=5 dist=2,30
[DEBUG-ENEMY] Enemy IsAlive=True ShouldRunAI=False state=IdleState MyTarget=Player(Clone) (Player) MyAttackTime=0,00 IsAttacking=False AttackRange=5 dist=2,83
[DEBUG-ENEMY] Enemy IsAlive=True ShouldRunAI=False state=IdleState MyTarget=Player(Clone) (Player) MyAttackTime=0,00 IsAttacking=False AttackRange=0 dist=8,04
[DEBUG-ENEMY] Enemy IsAlive=True ShouldRunAI=False state=IdleState MyTarget=Player(Clone) (Player) MyAttackTime=0,00 IsAttacking=False AttackRange=5 dist=3,18
[DEBUG-ENEMY] Enemy IsAlive=True ShouldRunAI=False state=IdleState MyTarget=Player(Clone) (Player) MyAttackTime=0,00 IsAttacking=False AttackRange=0 dist=21,45
[DEBUG-ENEMY] Enemy IsAlive=True ShouldRunAI=False state=IdleState MyTarget= MyAttackTime=0,00 IsAttacking=False AttackRange=0 dist=-1,00
[DEBUG-ENEMY] Enemy IsAlive=True ShouldRunAI=False state=IdleState MyTarget= MyAttackTime=0,00 IsAttacking=False AttackRange=0 dist=-1,00
[DEBUG-ENEMY] Enemy IsAlive=True ShouldRunAI=False state=IdleState MyTarget=Player(Clone) (Player) MyAttackTime=0,00 IsAttacking=False AttackRange=5 dist=3,45
[DEBUG-RANGE] OnTriggerEnter2D on Enemy with tag=Ground ShouldRunAI=False
[DEBUG-RANGE] OnTriggerEnter2D on Enemy with tag=Ground ShouldRunAI=False
[DEBUG-RANGE] OnTriggerEnter2D on Enemy with tag=Ground ShouldRunAI=False
[DEBUG-RANGE] OnTriggerEnter2D on Enemy with tag=HitBox ShouldRunAI=False
[DEBUG-RANGE] OnTriggerEnter2D on Enemy with tag=HitBox ShouldRunAI=False
[DEBUG-RANGE] OnTriggerEnter2D on Enemy with tag=HitBox ShouldRunAI=False
[DEBUG-RANGE] OnTriggerEnter2D on Enemy with tag=HitBox ShouldRunAI=False
[DEBUG-RANGE] OnTriggerEnter2D on Enemy with tag=Ground ShouldRunAI=False
[DEBUG-RANGE] OnTriggerEnter2D on Enemy with tag=Ground ShouldRunAI=False
[DEBUG-RANGE] OnTriggerEnter2D on Enemy with tag=Ground ShouldRunAI=False
[DEBUG-RANGE] OnTriggerEnter2D on Enemy with tag=HitBox ShouldRunAI=False
[DEBUG-RANGE] OnTriggerEnter2D on Enemy with tag=HitBox ShouldRunAI=False
[DEBUG-RANGE] OnTriggerEnter2D on Enemy with tag=Ground ShouldRunAI=False
[DEBUG-RANGE] OnTriggerEnter2D on Enemy with tag=Ground ShouldRunAI=False
[DEBUG-RANGE] OnTriggerEnter2D on Enemy with tag=Ground ShouldRunAI=False
[DEBUG-RANGE] OnTriggerEnter2D on Enemy with tag=Ground ShouldRunAI=False
[DEBUG-RANGE] OnTriggerEnter2D on Enemy with tag=Ground ShouldRunAI=False
[DEBUG-RANGE] OnTriggerEnter2D on Enemy with tag=Ground ShouldRunAI=False
[DEBUG-RANGE] OnTriggerEnter2D on Enemy with tag=Ground ShouldRunAI=False
[DEBUG-RANGE] OnTriggerEnter2D on Enemy with tag=Ground ShouldRunAI=False
[DEBUG-RANGE] OnTriggerEnter2D on Enemy with tag=Ground ShouldRunAI=False
[DEBUG-RANGE] OnTriggerEnter2D on Enemy with tag=Ground ShouldRunAI=False
[DEBUG-RANGE] OnTriggerEnter2D on Enemy with tag=Ground ShouldRunAI=False
[DEBUG-RANGE] OnTriggerEnter2D on Enemy with tag=Ground ShouldRunAI=False
[DEBUG-RANGE] OnTriggerEnter2D on Enemy with tag=Ground ShouldRunAI=False
[DEBUG-RANGE] OnTriggerEnter2D on Enemy with tag=Ground ShouldRunAI=False
[DEBUG-RANGE] OnTriggerEnter2D on Enemy with tag=Ground ShouldRunAI=False
[DEBUG-RANGE] OnTriggerEnter2D on Enemy with tag=Ground ShouldRunAI=False
[DEBUG-RANGE] OnTriggerEnter2D on Enemy with tag=Ground ShouldRunAI=False
[DEBUG-RANGE] OnTriggerEnter2D on Enemy with tag=Ground ShouldRunAI=False
[DEBUG-RANGE] OnTriggerEnter2D on Enemy with tag=Ground ShouldRunAI=False
[DEBUG-RANGE] OnTriggerEnter2D on Enemy with tag=Ground ShouldRunAI=False
[DEBUG-RANGE] OnTriggerEnter2D on Enemy with tag=Ground ShouldRunAI=False
[DEBUG-RANGE] OnTriggerEnter2D on Enemy with tag=Ground ShouldRunAI=False
[DEBUG-RANGE] OnTriggerEnter2D on Enemy with tag=Ground ShouldRunAI=False
[DEBUG-RANGE] OnTriggerEnter2D on Enemy with tag=Ground ShouldRunAI=False
[DEBUG-RANGE] OnTriggerEnter2D on Enemy with tag=Ground ShouldRunAI=False
[DEBUG-RANGE] OnTriggerEnter2D on Enemy with tag=Ground ShouldRunAI=False
[DEBUG-RANGE] OnTriggerEnter2D on Enemy with tag=Ground ShouldRunAI=False
[DEBUG-RANGE] OnTriggerEnter2D on Enemy with tag=Ground ShouldRunAI=False
[DEBUG-RANGE] OnTriggerEnter2D on Enemy with tag=Ground ShouldRunAI=False
[DEBUG-RANGE] OnTriggerEnter2D on Enemy with tag=Ground ShouldRunAI=False
[DEBUG-RANGE] OnTriggerEnter2D on Enemy with tag=Ground ShouldRunAI=False
[DEBUG-RANGE] OnTriggerEnter2D on Enemy with tag=Untagged ShouldRunAI=False
[DEBUG-RANGE] OnTriggerEnter2D on Enemy with tag=Ground ShouldRunAI=False
[DEBUG-RANGE] OnTriggerEnter2D on Enemy with tag=Ground ShouldRunAI=False
[DEBUG-RANGE] OnTriggerEnter2D on Enemy with tag=Ground ShouldRunAI=False
[DEBUG-RANGE] OnTriggerEnter2D on Enemy with tag=Ground ShouldRunAI=False
[DEBUG-RANGE] OnTriggerEnter2D on Enemy with tag=Ground ShouldRunAI=False
[DEBUG-RANGE] OnTriggerEnter2D on Enemy with tag=Ground ShouldRunAI=False
[DEBUG-RANGE] OnTriggerEnter2D on Enemy with tag=Ground ShouldRunAI=False
[DEBUG-RANGE] OnTriggerEnter2D on Enemy with tag=Ground ShouldRunAI=False
[DEBUG-RANGE] OnTriggerEnter2D on Enemy with tag=Untagged ShouldRunAI=False
[DEBUG-RANGE] OnTriggerEnter2D on Enemy with tag=Untagged ShouldRunAI=False
[DEBUG-RANGE] OnTriggerEnter2D on Enemy with tag=Untagged ShouldRunAI=False
[DEBUG-RANGE] OnTriggerEnter2D on Enemy with tag=Untagged ShouldRunAI=False
[DEBUG-RANGE] OnTriggerEnter2D on Enemy with tag=Ground ShouldRunAI=False
[DEBUG-RANGE] OnTriggerEnter2D on Enemy with tag=Ground ShouldRunAI=False
[DEBUG-ENEMY] Enemy IsAlive=True ShouldRunAI=False state=IdleState MyTarget= MyAttackTime=0,00 IsAttacking=False AttackRange=0 dist=-1,00
[DEBUG-ENEMY] Enemy IsAlive=True ShouldRunAI=False state=IdleState MyTarget=Player(Clone) (Player) MyAttackTime=0,00 IsAttacking=False AttackRange=0 dist=15,68
[DEBUG-ENEMY] Enemy IsAlive=True ShouldRunAI=False state=IdleState MyTarget=Player(Clone) (Player) MyAttackTime=0,00 IsAttacking=False AttackRange=5 dist=1,29
[DEBUG-ENEMY] Enemy IsAlive=True ShouldRunAI=False state=IdleState MyTarget=Player(Clone) (Player) MyAttackTime=0,00 IsAttacking=False AttackRange=5 dist=2,83
[DEBUG-ENEMY] Enemy IsAlive=True ShouldRunAI=False state=IdleState MyTarget=Player(Clone) (Player) MyAttackTime=0,00 IsAttacking=False AttackRange=0 dist=8,04
[DEBUG-ENEMY] Enemy IsAlive=True ShouldRunAI=False state=IdleState MyTarget=Player(Clone) (Player) MyAttackTime=0,00 IsAttacking=False AttackRange=5 dist=1,28
[DEBUG-ENEMY] Enemy IsAlive=True ShouldRunAI=False state=IdleState MyTarget=Player(Clone) (Player) MyAttackTime=0,00 IsAttacking=False AttackRange=0 dist=21,45
[DEBUG-ENEMY] Enemy IsAlive=True ShouldRunAI=False state=IdleState MyTarget= MyAttackTime=0,00 IsAttacking=False AttackRange=0 dist=-1,00
[DEBUG-ENEMY] Enemy IsAlive=True ShouldRunAI=False state=IdleState MyTarget= MyAttackTime=0,00 IsAttacking=False AttackRange=0 dist=-1,00
[DEBUG-ENEMY] Enemy IsAlive=True ShouldRunAI=False state=IdleState MyTarget=Player(Clone) (Player) MyAttackTime=0,00 IsAttacking=False AttackRange=5 dist=2,49
[DEBUG-RANGE] OnTriggerEnter2D on Enemy with tag=Ground ShouldRunAI=False
[DEBUG-RANGE] OnTriggerEnter2D on Enemy with tag=Ground ShouldRunAI=False
[DEBUG-RANGE] OnTriggerEnter2D on Enemy with tag=Ground ShouldRunAI=False
[DEBUG-RANGE] OnTriggerEnter2D on Enemy with tag=Ground ShouldRunAI=False
[DEBUG-RANGE] OnTriggerEnter2D on Enemy with tag=Ground ShouldRunAI=False
[DEBUG-RANGE] OnTriggerEnter2D on Enemy with tag=Ground ShouldRunAI=False
[DEBUG-RANGE] OnTriggerEnter2D on Enemy with tag=Ground ShouldRunAI=False
[DEBUG-RANGE] OnTriggerEnter2D on Enemy with tag=Untagged ShouldRunAI=False
[DEBUG-RANGE] OnTriggerEnter2D on Enemy with tag=Untagged ShouldRunAI=False
[DEBUG-RANGE] OnTriggerEnter2D on Enemy with tag=Untagged ShouldRunAI=False
[DEBUG-RANGE] OnTriggerEnter2D on Enemy with tag=Untagged ShouldRunAI=False
[DEBUG-RANGE] OnTriggerEnter2D on Enemy with tag=Ground ShouldRunAI=False
[DEBUG-RANGE] OnTriggerEnter2D on Enemy with tag=Untagged ShouldRunAI=False
[DEBUG-RANGE] OnTriggerEnter2D on Enemy with tag=Untagged ShouldRunAI=False
[DEBUG-RANGE] OnTriggerEnter2D on Enemy with tag=Untagged ShouldRunAI=False
[DEBUG-ENEMY] Enemy IsAlive=True ShouldRunAI=False state=IdleState MyTarget= MyAttackTime=0,00 IsAttacking=False AttackRange=0 dist=-1,00
[DEBUG-ENEMY] Enemy IsAlive=True ShouldRunAI=False state=IdleState MyTarget=Player(Clone) (Player) MyAttackTime=0,00 IsAttacking=False AttackRange=0 dist=15,68
[DEBUG-ENEMY] Enemy IsAlive=True ShouldRunAI=False state=IdleState MyTarget=Player(Clone) (Player) MyAttackTime=0,00 IsAttacking=False AttackRange=5 dist=1,34
[DEBUG-ENEMY] Enemy IsAlive=True ShouldRunAI=False state=IdleState MyTarget=Player(Clone) (Player) MyAttackTime=0,00 IsAttacking=False AttackRange=5 dist=2,75
[DEBUG-ENEMY] Enemy IsAlive=True ShouldRunAI=False state=IdleState MyTarget=Player(Clone) (Player) MyAttackTime=0,00 IsAttacking=False AttackRange=0 dist=8,04
[DEBUG-ENEMY] Enemy IsAlive=True ShouldRunAI=False state=IdleState MyTarget=Player(Clone) (Player) MyAttackTime=0,00 IsAttacking=False AttackRange=5 dist=1,34
[DEBUG-ENEMY] Enemy IsAlive=True ShouldRunAI=False state=IdleState MyTarget=Player(Clone) (Player) MyAttackTime=0,00 IsAttacking=False AttackRange=0 dist=21,45
[DEBUG-ENEMY] Enemy IsAlive=True ShouldRunAI=False state=IdleState MyTarget= MyAttackTime=0,00 IsAttacking=False AttackRange=0 dist=-1,00
[DEBUG-ENEMY] Enemy IsAlive=True ShouldRunAI=False state=IdleState MyTarget= MyAttackTime=0,00 IsAttacking=False AttackRange=0 dist=-1,00
[DEBUG-ENEMY] Enemy IsAlive=True ShouldRunAI=False state=IdleState MyTarget=Player(Clone) (Player) MyAttackTime=0,00 IsAttacking=False AttackRange=5 dist=2,53
[DEBUG-RANGE] OnTriggerEnter2D on Enemy with tag=Ground ShouldRunAI=False
[DEBUG-RANGE] OnTriggerEnter2D on Enemy with tag=Ground ShouldRunAI=False
[DEBUG-RANGE] OnTriggerEnter2D on Enemy with tag=Ground ShouldRunAI=False
[DEBUG-RANGE] OnTriggerEnter2D on Enemy with tag=Ground ShouldRunAI=False
[DEBUG-RANGE] OnTriggerEnter2D on Enemy with tag=Ground ShouldRunAI=False
[DEBUG-ENEMY] Enemy IsAlive=True ShouldRunAI=False state=IdleState MyTarget= MyAttackTime=0,00 IsAttacking=False AttackRange=0 dist=-1,00
[DEBUG-ENEMY] Enemy IsAlive=True ShouldRunAI=False state=IdleState MyTarget=Player(Clone) (Player) MyAttackTime=0,00 IsAttacking=False AttackRange=0 dist=15,68
[DEBUG-ENEMY] Enemy IsAlive=True ShouldRunAI=False state=IdleState MyTarget=Player(Clone) (Player) MyAttackTime=0,00 IsAttacking=False AttackRange=5 dist=1,28
[DEBUG-ENEMY] Enemy IsAlive=True ShouldRunAI=False state=IdleState MyTarget=Player(Clone) (Player) MyAttackTime=0,00 IsAttacking=False AttackRange=5 dist=2,83
[DEBUG-ENEMY] Enemy IsAlive=True ShouldRunAI=False state=IdleState MyTarget=Player(Clone) (Player) MyAttackTime=0,00 IsAttacking=False AttackRange=0 dist=8,04
[DEBUG-ENEMY] Enemy IsAlive=True ShouldRunAI=False state=IdleState MyTarget=Player(Clone) (Player) MyAttackTime=0,00 IsAttacking=False AttackRange=5 dist=1,28
[DEBUG-ENEMY] Enemy IsAlive=True ShouldRunAI=False state=IdleState MyTarget=Player(Clone) (Player) MyAttackTime=0,00 IsAttacking=False AttackRange=0 dist=21,45
[DEBUG-ENEMY] Enemy IsAlive=True ShouldRunAI=False state=IdleState MyTarget= MyAttackTime=0,00 IsAttacking=False AttackRange=0 dist=-1,00
[DEBUG-ENEMY] Enemy IsAlive=True ShouldRunAI=False state=IdleState MyTarget= MyAttackTime=0,00 IsAttacking=False AttackRange=0 dist=-1,00
[DEBUG-ENEMY] Enemy IsAlive=True ShouldRunAI=False state=IdleState MyTarget=Player(Clone) (Player) MyAttackTime=0,00 IsAttacking=False AttackRange=5 dist=2,47
[DEBUG-RANGE] OnTriggerEnter2D on Enemy with tag=Ground ShouldRunAI=False
[DEBUG-RANGE] OnTriggerEnter2D on Enemy with tag=Ground ShouldRunAI=False
[DEBUG-RANGE] OnTriggerEnter2D on Enemy with tag=Ground ShouldRunAI=False
[DEBUG-RANGE] OnTriggerEnter2D on Enemy with tag=Ground ShouldRunAI=False
[DEBUG-RANGE] OnTriggerEnter2D on Enemy with tag=Ground ShouldRunAI=False
[DEBUG-RANGE] OnTriggerEnter2D on Enemy with tag=Ground ShouldRunAI=False
[DEBUG-RANGE] OnTriggerEnter2D on Enemy with tag=Ground ShouldRunAI=False
[DEBUG-RANGE] OnTriggerEnter2D on Enemy with tag=Ground ShouldRunAI=False
[DEBUG-RANGE] OnTriggerEnter2D on Enemy with tag=Ground ShouldRunAI=False
[DEBUG-RANGE] OnTriggerEnter2D on Enemy with tag=Ground ShouldRunAI=False
[DEBUG-RANGE] OnTriggerEnter2D on Enemy with tag=Ground ShouldRunAI=False
[DEBUG-RANGE] OnTriggerEnter2D on Enemy with tag=Ground ShouldRunAI=False
[DEBUG-RANGE] OnTriggerEnter2D on Enemy with tag=Ground ShouldRunAI=False
[DEBUG-RANGE] OnTriggerEnter2D on Enemy with tag=Ground ShouldRunAI=False
[DEBUG-ENEMY] Enemy IsAlive=True ShouldRunAI=False state=IdleState MyTarget= MyAttackTime=0,00 IsAttacking=False AttackRange=0 dist=-1,00
[DEBUG-ENEMY] Enemy IsAlive=True ShouldRunAI=False state=IdleState MyTarget=Player(Clone) (Player) MyAttackTime=0,00 IsAttacking=False AttackRange=0 dist=15,68
[DEBUG-ENEMY] Enemy IsAlive=True ShouldRunAI=False state=IdleState MyTarget=Player(Clone) (Player) MyAttackTime=0,00 IsAttacking=False AttackRange=5 dist=1,40
[DEBUG-ENEMY] Enemy IsAlive=True ShouldRunAI=False state=IdleState MyTarget=Player(Clone) (Player) MyAttackTime=0,00 IsAttacking=False AttackRange=5 dist=2,67
[DEBUG-ENEMY] Enemy IsAlive=True ShouldRunAI=False state=IdleState MyTarget=Player(Clone) (Player) MyAttackTime=0,00 IsAttacking=False AttackRange=0 dist=8,04
[DEBUG-ENEMY] Enemy IsAlive=True ShouldRunAI=False state=IdleState MyTarget=Player(Clone) (Player) MyAttackTime=0,00 IsAttacking=False AttackRange=5 dist=1,39
[DEBUG-ENEMY] Enemy IsAlive=True ShouldRunAI=False state=IdleState MyTarget=Player(Clone) (Player) MyAttackTime=0,00 IsAttacking=False AttackRange=0 dist=21,45
[DEBUG-ENEMY] Enemy IsAlive=True ShouldRunAI=False state=IdleState MyTarget= MyAttackTime=0,00 IsAttacking=False AttackRange=0 dist=-1,00
[DEBUG-ENEMY] Enemy IsAlive=True ShouldRunAI=False state=IdleState MyTarget= MyAttackTime=0,00 IsAttacking=False AttackRange=0 dist=-1,00
[DEBUG-ENEMY] Enemy IsAlive=True ShouldRunAI=False state=IdleState MyTarget=Player(Clone) (Player) MyAttackTime=0,00 IsAttacking=False AttackRange=5 dist=2,59
Unloading 4 Unused Serialized files (Serialized files now loaded: 0)
UnloadTime: 14.046000 ms
Multiple NetworkManagers detected in the scene. Only one NetworkManager can exist at a time. The duplicate NetworkManager will be destroyed.
Unloading 1046 unused Assets to reduce memory usage. Loaded Objects now: 3202.
Total: 3.167100 ms (FindLiveObjects: 0.212700 ms CreateObjectMapping: 0.077100 ms MarkObjects: 1.926300 ms  DeleteObjects: 0.950800 ms)

Did not find target for sync message for 3. Were all prefabs added to the NetworkManager's spawnable list?
Note: this can be completely normal because UDP messages may arrive out of order, so this message might have arrived after a Destroy message.
Did not find target for sync message for 4. Were all prefabs added to the NetworkManager's spawnable list?
Note: this can be completely normal because UDP messages may arrive out of order, so this message might have arrived after a Destroy message.
Did not find target for sync message for 6. Were all prefabs added to the NetworkManager's spawnable list?
Note: this can be completely normal because UDP messages may arrive out of order, so this message might have arrived after a Destroy message.
Did not find target for sync message for 10. Were all prefabs added to the NetworkManager's spawnable list?
Note: this can be completely normal because UDP messages may arrive out of order, so this message might have arrived after a Destroy message.
Did not find target for sync message for 3. Were all prefabs added to the NetworkManager's spawnable list?
Note: this can be completely normal because UDP messages may arrive out of order, so this message might have arrived after a Destroy message.
Did not find target for sync message for 4. Were all prefabs added to the NetworkManager's spawnable list?
Note: this can be completely normal because UDP messages may arrive out of order, so this message might have arrived after a Destroy message.
Did not find target for sync message for 6. Were all prefabs added to the NetworkManager's spawnable list?
Note: this can be completely normal because UDP messages may arrive out of order, so this message might have arrived after a Destroy message.
Did not find target for sync message for 10. Were all prefabs added to the NetworkManager's spawnable list?
Note: this can be completely normal because UDP messages may arrive out of order, so this message might have arrived after a Destroy message.
Did not find target for sync message for 3. Were all prefabs added to the NetworkManager's spawnable list?
Note: this can be completely normal because UDP messages may arrive out of order, so this message might have arrived after a Destroy message.
Did not find target for sync message for 4. Were all prefabs added to the NetworkManager's spawnable list?
Note: this can be completely normal because UDP messages may arrive out of order, so this message might have arrived after a Destroy message.
Did not find target for sync message for 6. Were all prefabs added to the NetworkManager's spawnable list?
Note: this can be completely normal because UDP messages may arrive out of order, so this message might have arrived after a Destroy message.
Did not find target for sync message for 10. Were all prefabs added to the NetworkManager's spawnable list?
Note: this can be completely normal because UDP messages may arrive out of order, so this message might have arrived after a Destroy message.
Did not find target for sync message for 3. Were all prefabs added to the NetworkManager's spawnable list?
Note: this can be completely normal because UDP messages may arrive out of order, so this message might have arrived after a Destroy message.
Did not find target for sync message for 4. Were all prefabs added to the NetworkManager's spawnable list?
Note: this can be completely normal because UDP messages may arrive out of order, so this message might have arrived after a Destroy message.
Did not find target for sync message for 6. Were all prefabs added to the NetworkManager's spawnable list?
Note: this can be completely normal because UDP messages may arrive out of order, so this message might have arrived after a Destroy message.
Did not find target for sync message for 10. Were all prefabs added to the NetworkManager's spawnable list?
Note: this can be completely normal because UDP messages may arrive out of order, so this message might have arrived after a Destroy message.
Did not find target for sync message for 3. Were all prefabs added to the NetworkManager's spawnable list?
Note: this can be completely normal because UDP messages may arrive out of order, so this message might have arrived after a Destroy message.
Did not find target for sync message for 4. Were all prefabs added to the NetworkManager's spawnable list?
Note: this can be completely normal because UDP messages may arrive out of order, so this message might have arrived after a Destroy message.
Did not find target for sync message for 6. Were all prefabs added to the NetworkManager's spawnable list?
Note: this can be completely normal because UDP messages may arrive out of order, so this message might have arrived after a Destroy message.
Did not find target for sync message for 10. Were all prefabs added to the NetworkManager's spawnable list?
Note: this can be completely normal because UDP messages may arrive out of order, so this message might have arrived after a Destroy message.
Did not find target for sync message for 3. Were all prefabs added to the NetworkManager's spawnable list?
Note: this can be completely normal because UDP messages may arrive out of order, so this message might have arrived after a Destroy message.
Did not find target for sync message for 4. Were all prefabs added to the NetworkManager's spawnable list?
Note: this can be completely normal because UDP messages may arrive out of order, so this message might have arrived after a Destroy message.
Did not find target for sync message for 6. Were all prefabs added to the NetworkManager's spawnable list?
Note: this can be completely normal because UDP messages may arrive out of order, so this message might have arrived after a Destroy message.
Did not find target for sync message for 10. Were all prefabs added to the NetworkManager's spawnable list?
Note: this can be completely normal because UDP messages may arrive out of order, so this message might have arrived after a Destroy message.
Did not find target for sync message for 3. Were all prefabs added to the NetworkManager's spawnable list?
Note: this can be completely normal because UDP messages may arrive out of order, so this message might have arrived after a Destroy message.
Did not find target for sync message for 4. Were all prefabs added to the NetworkManager's spawnable list?
Note: this can be completely normal because UDP messages may arrive out of order, so this message might have arrived after a Destroy message.
Did not find target for sync message for 6. Were all prefabs added to the NetworkManager's spawnable list?
Note: this can be completely normal because UDP messages may arrive out of order, so this message might have arrived after a Destroy message.
Did not find target for sync message for 10. Were all prefabs added to the NetworkManager's spawnable list?
Note: this can be completely normal because UDP messages may arrive out of order, so this message might have arrived after a Destroy message.
Did not find target for sync message for 3. Were all prefabs added to the NetworkManager's spawnable list?
Note: this can be completely normal because UDP messages may arrive out of order, so this message might have arrived after a Destroy message.
Did not find target for sync message for 4. Were all prefabs added to the NetworkManager's spawnable list?
Note: this can be completely normal because UDP messages may arrive out of order, so this message might have arrived after a Destroy message.
Did not find target for sync message for 6. Were all prefabs added to the NetworkManager's spawnable list?
Note: this can be completely normal because UDP messages may arrive out of order, so this message might have arrived after a Destroy message.
Did not find target for sync message for 10. Were all prefabs added to the NetworkManager's spawnable list?
Note: this can be completely normal because UDP messages may arrive out of order, so this message might have arrived after a Destroy message.
Did not find target for sync message for 3. Were all prefabs added to the NetworkManager's spawnable list?
Note: this can be completely normal because UDP messages may arrive out of order, so this message might have arrived after a Destroy message.
Did not find target for sync message for 4. Were all prefabs added to the NetworkManager's spawnable list?
Note: this can be completely normal because UDP messages may arrive out of order, so this message might have arrived after a Destroy message.
Did not find target for sync message for 6. Were all prefabs added to the NetworkManager's spawnable list?
Note: this can be completely normal because UDP messages may arrive out of order, so this message might have arrived after a Destroy message.
Did not find target for sync message for 10. Were all prefabs added to the NetworkManager's spawnable list?
Note: this can be completely normal because UDP messages may arrive out of order, so this message might have arrived after a Destroy message.
Did not find target for sync message for 3. Were all prefabs added to the NetworkManager's spawnable list?
Note: this can be completely normal because UDP messages may arrive out of order, so this message might have arrived after a Destroy message.
Did not find target for sync message for 4. Were all prefabs added to the NetworkManager's spawnable list?
Note: this can be completely normal because UDP messages may arrive out of order, so this message might have arrived after a Destroy message.
Did not find target for sync message for 6. Were all prefabs added to the NetworkManager's spawnable list?
Note: this can be completely normal because UDP messages may arrive out of order, so this message might have arrived after a Destroy message.
Did not find target for sync message for 10. Were all prefabs added to the NetworkManager's spawnable list?
Note: this can be completely normal because UDP messages may arrive out of order, so this message might have arrived after a Destroy message.
Did not find target for sync message for 3. Were all prefabs added to the NetworkManager's spawnable list?
Note: this can be completely normal because UDP messages may arrive out of order, so this message might have arrived after a Destroy message.
Did not find target for sync message for 4. Were all prefabs added to the NetworkManager's spawnable list?
Note: this can be completely normal because UDP messages may arrive out of order, so this message might have arrived after a Destroy message.
Did not find target for sync message for 6. Were all prefabs added to the NetworkManager's spawnable list?
Note: this can be completely normal because UDP messages may arrive out of order, so this message might have arrived after a Destroy message.
Did not find target for sync message for 10. Were all prefabs added to the NetworkManager's spawnable list?
Note: this can be completely normal because UDP messages may arrive out of order, so this message might have arrived after a Destroy message.
Did not find target for sync message for 3. Were all prefabs added to the NetworkManager's spawnable list?
Note: this can be completely normal because UDP messages may arrive out of order, so this message might have arrived after a Destroy message.
Did not find target for sync message for 4. Were all prefabs added to the NetworkManager's spawnable list?
Note: this can be completely normal because UDP messages may arrive out of order, so this message might have arrived after a Destroy message.
Did not find target for sync message for 6. Were all prefabs added to the NetworkManager's spawnable list?
Note: this can be completely normal because UDP messages may arrive out of order, so this message might have arrived after a Destroy message.
Did not find target for sync message for 10. Were all prefabs added to the NetworkManager's spawnable list?
Note: this can be completely normal because UDP messages may arrive out of order, so this message might have arrived after a Destroy message.
Did not find target for sync message for 3. Were all prefabs added to the NetworkManager's spawnable list?
Note: this can be completely normal because UDP messages may arrive out of order, so this message might have arrived after a Destroy message.
Did not find target for sync message for 4. Were all prefabs added to the NetworkManager's spawnable list?
Note: this can be completely normal because UDP messages may arrive out of order, so this message might have arrived after a Destroy message.
Did not find target for sync message for 6. Were all prefabs added to the NetworkManager's spawnable list?
Note: this can be completely normal because UDP messages may arrive out of order, so this message might have arrived after a Destroy message.
Did not find target for sync message for 10. Were all prefabs added to the NetworkManager's spawnable list?
Note: this can be completely normal because UDP messages may arrive out of order, so this message might have arrived after a Destroy message.
Did not find target for sync message for 3. Were all prefabs added to the NetworkManager's spawnable list?
Note: this can be completely normal because UDP messages may arrive out of order, so this message might have arrived after a Destroy message.
Did not find target for sync message for 4. Were all prefabs added to the NetworkManager's spawnable list?
Note: this can be completely normal because UDP messages may arrive out of order, so this message might have arrived after a Destroy message.
Did not find target for sync message for 6. Were all prefabs added to the NetworkManager's spawnable list?
Note: this can be completely normal because UDP messages may arrive out of order, so this message might have arrived after a Destroy message.
Did not find target for sync message for 10. Were all prefabs added to the NetworkManager's spawnable list?
Note: this can be completely normal because UDP messages may arrive out of order, so this message might have arrived after a Destroy message.
Did not find target for sync message for 3. Were all prefabs added to the NetworkManager's spawnable list?
Note: this can be completely normal because UDP messages may arrive out of order, so this message might have arrived after a Destroy message.
Did not find target for sync message for 4. Were all prefabs added to the NetworkManager's spawnable list?
Note: this can be completely normal because UDP messages may arrive out of order, so this message might have arrived after a Destroy message.
Did not find target for sync message for 6. Were all prefabs added to the NetworkManager's spawnable list?
Note: this can be completely normal because UDP messages may arrive out of order, so this message might have arrived after a Destroy message.
Did not find target for sync message for 10. Were all prefabs added to the NetworkManager's spawnable list?
Note: this can be completely normal because UDP messages may arrive out of order, so this message might have arrived after a Destroy message.
Did not find target for sync message for 3. Were all prefabs added to the NetworkManager's spawnable list?
Note: this can be completely normal because UDP messages may arrive out of order, so this message might have arrived after a Destroy message.
Did not find target for sync message for 4. Were all prefabs added to the NetworkManager's spawnable list?
Note: this can be completely normal because UDP messages may arrive out of order, so this message might have arrived after a Destroy message.
Did not find target for sync message for 6. Were all prefabs added to the NetworkManager's spawnable list?
Note: this can be completely normal because UDP messages may arrive out of order, so this message might have arrived after a Destroy message.
Did not find target for sync message for 10. Were all prefabs added to the NetworkManager's spawnable list?
Note: this can be completely normal because UDP messages may arrive out of order, so this message might have arrived after a Destroy message.
Did not find target for sync message for 3. Were all prefabs added to the NetworkManager's spawnable list?
Note: this can be completely normal because UDP messages may arrive out of order, so this message might have arrived after a Destroy message.
Did not find target for sync message for 4. Were all prefabs added to the NetworkManager's spawnable list?
Note: this can be completely normal because UDP messages may arrive out of order, so this message might have arrived after a Destroy message.
Did not find target for sync message for 6. Were all prefabs added to the NetworkManager's spawnable list?
Note: this can be completely normal because UDP messages may arrive out of order, so this message might have arrived after a Destroy message.
Did not find target for sync message for 10. Were all prefabs added to the NetworkManager's spawnable list?
Note: this can be completely normal because UDP messages may arrive out of order, so this message might have arrived after a Destroy message.
Did not find target for sync message for 3. Were all prefabs added to the NetworkManager's spawnable list?
Note: this can be completely normal because UDP messages may arrive out of order, so this message might have arrived after a Destroy message.
Did not find target for sync message for 4. Were all prefabs added to the NetworkManager's spawnable list?
Note: this can be completely normal because UDP messages may arrive out of order, so this message might have arrived after a Destroy message.
Did not find target for sync message for 6. Were all prefabs added to the NetworkManager's spawnable list?
Note: this can be completely normal because UDP messages may arrive out of order, so this message might have arrived after a Destroy message.
Did not find target for sync message for 10. Were all prefabs added to the NetworkManager's spawnable list?
Note: this can be completely normal because UDP messages may arrive out of order, so this message might have arrived after a Destroy message.
Did not find target for sync message for 3. Were all prefabs added to the NetworkManager's spawnable list?
Note: this can be completely normal because UDP messages may arrive out of order, so this message might have arrived after a Destroy message.
Did not find target for sync message for 4. Were all prefabs added to the NetworkManager's spawnable list?
Note: this can be completely normal because UDP messages may arrive out of order, so this message might have arrived after a Destroy message.
Did not find target for sync message for 6. Were all prefabs added to the NetworkManager's spawnable list?
Note: this can be completely normal because UDP messages may arrive out of order, so this message might have arrived after a Destroy message.
Did not find target for sync message for 10. Were all prefabs added to the NetworkManager's spawnable list?
Note: this can be completely normal because UDP messages may arrive out of order, so this message might have arrived after a Destroy message.
Did not find target for sync message for 3. Were all prefabs added to the NetworkManager's spawnable list?
Note: this can be completely normal because UDP messages may arrive out of order, so this message might have arrived after a Destroy message.
Did not find target for sync message for 4. Were all prefabs added to the NetworkManager's spawnable list?
Note: this can be completely normal because UDP messages may arrive out of order, so this message might have arrived after a Destroy message.
Did not find target for sync message for 6. Were all prefabs added to the NetworkManager's spawnable list?
Note: this can be completely normal because UDP messages may arrive out of order, so this message might have arrived after a Destroy message.
Did not find target for sync message for 10. Were all prefabs added to the NetworkManager's spawnable list?
Note: this can be completely normal because UDP messages may arrive out of order, so this message might have arrived after a Destroy message.
Did not find target for sync message for 3. Were all prefabs added to the NetworkManager's spawnable list?
Note: this can be completely normal because UDP messages may arrive out of order, so this message might have arrived after a Destroy message.
Did not find target for sync message for 4. Were all prefabs added to the NetworkManager's spawnable list?
Note: this can be completely normal because UDP messages may arrive out of order, so this message might have arrived after a Destroy message.
Did not find target for sync message for 6. Were all prefabs added to the NetworkManager's spawnable list?
Note: this can be completely normal because UDP messages may arrive out of order, so this message might have arrived after a Destroy message.
Did not find target for sync message for 10. Were all prefabs added to the NetworkManager's spawnable list?
Note: this can be completely normal because UDP messages may arrive out of order, so this message might have arrived after a Destroy message.
Did not find target for sync message for 3. Were all prefabs added to the NetworkManager's spawnable list?
Note: this can be completely normal because UDP messages may arrive out of order, so this message might have arrived after a Destroy message.
Did not find target for sync message for 4. Were all prefabs added to the NetworkManager's spawnable list?
Note: this can be completely normal because UDP messages may arrive out of order, so this message might have arrived after a Destroy message.
Did not find target for sync message for 6. Were all prefabs added to the NetworkManager's spawnable list?
Note: this can be completely normal because UDP messages may arrive out of order, so this message might have arrived after a Destroy message.
Did not find target for sync message for 10. Were all prefabs added to the NetworkManager's spawnable list?
Note: this can be completely normal because UDP messages may arrive out of order, so this message might have arrived after a Destroy message.
Did not find target for sync message for 3. Were all prefabs added to the NetworkManager's spawnable list?
Note: this can be completely normal because UDP messages may arrive out of order, so this message might have arrived after a Destroy message.
Did not find target for sync message for 4. Were all prefabs added to the NetworkManager's spawnable list?
Note: this can be completely normal because UDP messages may arrive out of order, so this message might have arrived after a Destroy message.
Did not find target for sync message for 6. Were all prefabs added to the NetworkManager's spawnable list?
Note: this can be completely normal because UDP messages may arrive out of order, so this message might have arrived after a Destroy message.
Did not find target for sync message for 10. Were all prefabs added to the NetworkManager's spawnable list?
Note: this can be completely normal because UDP messages may arrive out of order, so this message might have arrived after a Destroy message.
Did not find target for sync message for 3. Were all prefabs added to the NetworkManager's spawnable list?
Note: this can be completely normal because UDP messages may arrive out of order, so this message might have arrived after a Destroy message.
Did not find target for sync message for 4. Were all prefabs added to the NetworkManager's spawnable list?
Note: this can be completely normal because UDP messages may arrive out of order, so this message might have arrived after a Destroy message.
Did not find target for sync message for 6. Were all prefabs added to the NetworkManager's spawnable list?
Note: this can be completely normal because UDP messages may arrive out of order, so this message might have arrived after a Destroy message.
Did not find target for sync message for 10. Were all prefabs added to the NetworkManager's spawnable list?
Note: this can be completely normal because UDP messages may arrive out of order, so this message might have arrived after a Destroy message.
Did not find target for sync message for 3. Were all prefabs added to the NetworkManager's spawnable list?
Note: this can be completely normal because UDP messages may arrive out of order, so this message might have arrived after a Destroy message.
Did not find target for sync message for 4. Were all prefabs added to the NetworkManager's spawnable list?
Note: this can be completely normal because UDP messages may arrive out of order, so this message might have arrived after a Destroy message.
Did not find target for sync message for 6. Were all prefabs added to the NetworkManager's spawnable list?
Note: this can be completely normal because UDP messages may arrive out of order, so this message might have arrived after a Destroy message.
Did not find target for sync message for 10. Were all prefabs added to the NetworkManager's spawnable list?
Note: this can be completely normal because UDP messages may arrive out of order, so this message might have arrived after a Destroy message.
Did not find target for sync message for 3. Were all prefabs added to the NetworkManager's spawnable list?
Note: this can be completely normal because UDP messages may arrive out of order, so this message might have arrived after a Destroy message.
Did not find target for sync message for 4. Were all prefabs added to the NetworkManager's spawnable list?
Note: this can be completely normal because UDP messages may arrive out of order, so this message might have arrived after a Destroy message.
Did not find target for sync message for 6. Were all prefabs added to the NetworkManager's spawnable list?
Note: this can be completely normal because UDP messages may arrive out of order, so this message might have arrived after a Destroy message.
Did not find target for sync message for 10. Were all prefabs added to the NetworkManager's spawnable list?
Note: this can be completely normal because UDP messages may arrive out of order, so this message might have arrived after a Destroy message.
Did not find target for sync message for 3. Were all prefabs added to the NetworkManager's spawnable list?
Note: this can be completely normal because UDP messages may arrive out of order, so this message might have arrived after a Destroy message.
Did not find target for sync message for 4. Were all prefabs added to the NetworkManager's spawnable list?
Note: this can be completely normal because UDP messages may arrive out of order, so this message might have arrived after a Destroy message.
Did not find target for sync message for 6. Were all prefabs added to the NetworkManager's spawnable list?
Note: this can be completely normal because UDP messages may arrive out of order, so this message might have arrived after a Destroy message.
Did not find target for sync message for 10. Were all prefabs added to the NetworkManager's spawnable list?
Note: this can be completely normal because UDP messages may arrive out of order, so this message might have arrived after a Destroy message.
Did not find target for sync message for 3. Were all prefabs added to the NetworkManager's spawnable list?
Note: this can be completely normal because UDP messages may arrive out of order, so this message might have arrived after a Destroy message.
Did not find target for sync message for 4. Were all prefabs added to the NetworkManager's spawnable list?
Note: this can be completely normal because UDP messages may arrive out of order, so this message might have arrived after a Destroy message.
Did not find target for sync message for 6. Were all prefabs added to the NetworkManager's spawnable list?
Note: this can be completely normal because UDP messages may arrive out of order, so this message might have arrived after a Destroy message.
Did not find target for sync message for 10. Were all prefabs added to the NetworkManager's spawnable list?
Note: this can be completely normal because UDP messages may arrive out of order, so this message might have arrived after a Destroy message.
Did not find target for sync message for 3. Were all prefabs added to the NetworkManager's spawnable list?
Note: this can be completely normal because UDP messages may arrive out of order, so this message might have arrived after a Destroy message.
Did not find target for sync message for 4. Were all prefabs added to the NetworkManager's spawnable list?
Note: this can be completely normal because UDP messages may arrive out of order, so this message might have arrived after a Destroy message.
Did not find target for sync message for 6. Were all prefabs added to the NetworkManager's spawnable list?
Note: this can be completely normal because UDP messages may arrive out of order, so this message might have arrived after a Destroy message.
Did not find target for sync message for 10. Were all prefabs added to the NetworkManager's spawnable list?
Note: this can be completely normal because UDP messages may arrive out of order, so this message might have arrived after a Destroy message.
Did not find target for sync message for 3. Were all prefabs added to the NetworkManager's spawnable list?
Note: this can be completely normal because UDP messages may arrive out of order, so this message might have arrived after a Destroy message.
Did not find target for sync message for 4. Were all prefabs added to the NetworkManager's spawnable list?
Note: this can be completely normal because UDP messages may arrive out of order, so this message might have arrived after a Destroy message.
Did not find target for sync message for 6. Were all prefabs added to the NetworkManager's spawnable list?
Note: this can be completely normal because UDP messages may arrive out of order, so this message might have arrived after a Destroy message.
Did not find target for sync message for 10. Were all prefabs added to the NetworkManager's spawnable list?
Note: this can be completely normal because UDP messages may arrive out of order, so this message might have arrived after a Destroy message.
Did not find target for sync message for 3. Were all prefabs added to the NetworkManager's spawnable list?
Note: this can be completely normal because UDP messages may arrive out of order, so this message might have arrived after a Destroy message.
Did not find target for sync message for 4. Were all prefabs added to the NetworkManager's spawnable list?
Note: this can be completely normal because UDP messages may arrive out of order, so this message might have arrived after a Destroy message.
Did not find target for sync message for 6. Were all prefabs added to the NetworkManager's spawnable list?
Note: this can be completely normal because UDP messages may arrive out of order, so this message might have arrived after a Destroy message.
Did not find target for sync message for 10. Were all prefabs added to the NetworkManager's spawnable list?
Note: this can be completely normal because UDP messages may arrive out of order, so this message might have arrived after a Destroy message.
Did not find target for sync message for 3. Were all prefabs added to the NetworkManager's spawnable list?
Note: this can be completely normal because UDP messages may arrive out of order, so this message might have arrived after a Destroy message.
Did not find target for sync message for 4. Were all prefabs added to the NetworkManager's spawnable list?
Note: this can be completely normal because UDP messages may arrive out of order, so this message might have arrived after a Destroy message.
Did not find target for sync message for 6. Were all prefabs added to the NetworkManager's spawnable list?
Note: this can be completely normal because UDP messages may arrive out of order, so this message might have arrived after a Destroy message.
Did not find target for sync message for 10. Were all prefabs added to the NetworkManager's spawnable list?
Note: this can be completely normal because UDP messages may arrive out of order, so this message might have arrived after a Destroy message.
Did not find target for sync message for 3. Were all prefabs added to the NetworkManager's spawnable list?
Note: this can be completely normal because UDP messages may arrive out of order, so this message might have arrived after a Destroy message.
Did not find target for sync message for 4. Were all prefabs added to the NetworkManager's spawnable list?
Note: this can be completely normal because UDP messages may arrive out of order, so this message might have arrived after a Destroy message.
Did not find target for sync message for 6. Were all prefabs added to the NetworkManager's spawnable list?
Note: this can be completely normal because UDP messages may arrive out of order, so this message might have arrived after a Destroy message.
Did not find target for sync message for 10. Were all prefabs added to the NetworkManager's spawnable list?
Note: this can be completely normal because UDP messages may arrive out of order, so this message might have arrived after a Destroy message.
Did not find target for sync message for 3. Were all prefabs added to the NetworkManager's spawnable list?
Note: this can be completely normal because UDP messages may arrive out of order, so this message might have arrived after a Destroy message.
Did not find target for sync message for 4. Were all prefabs added to the NetworkManager's spawnable list?
Note: this can be completely normal because UDP messages may arrive out of order, so this message might have arrived after a Destroy message.
Did not find target for sync message for 6. Were all prefabs added to the NetworkManager's spawnable list?
Note: this can be completely normal because UDP messages may arrive out of order, so this message might have arrived after a Destroy message.
Did not find target for sync message for 10. Were all prefabs added to the NetworkManager's spawnable list?
Note: this can be completely normal because UDP messages may arrive out of order, so this message might have arrived after a Destroy message.
Did not find target for sync message for 3. Were all prefabs added to the NetworkManager's spawnable list?
Note: this can be completely normal because UDP messages may arrive out of order, so this message might have arrived after a Destroy message.
Did not find target for sync message for 4. Were all prefabs added to the NetworkManager's spawnable list?
Note: this can be completely normal because UDP messages may arrive out of order, so this message might have arrived after a Destroy message.
Did not find target for sync message for 6. Were all prefabs added to the NetworkManager's spawnable list?
Note: this can be completely normal because UDP messages may arrive out of order, so this message might have arrived after a Destroy message.
Did not find target for sync message for 10. Were all prefabs added to the NetworkManager's spawnable list?
Note: this can be completely normal because UDP messages may arrive out of order, so this message might have arrived after a Destroy message.
Did not find target for sync message for 3. Were all prefabs added to the NetworkManager's spawnable list?
Note: this can be completely normal because UDP messages may arrive out of order, so this message might have arrived after a Destroy message.
Did not find target for sync message for 4. Were all prefabs added to the NetworkManager's spawnable list?
Note: this can be completely normal because UDP messages may arrive out of order, so this message might have arrived after a Destroy message.
Did not find target for sync message for 6. Were all prefabs added to the NetworkManager's spawnable list?
Note: this can be completely normal because UDP messages may arrive out of order, so this message might have arrived after a Destroy message.
Did not find target for sync message for 10. Were all prefabs added to the NetworkManager's spawnable list?
Note: this can be completely normal because UDP messages may arrive out of order, so this message might have arrived after a Destroy message.
Did not find target for sync message for 3. Were all prefabs added to the NetworkManager's spawnable list?
Note: this can be completely normal because UDP messages may arrive out of order, so this message might have arrived after a Destroy message.
Did not find target for sync message for 4. Were all prefabs added to the NetworkManager's spawnable list?
Note: this can be completely normal because UDP messages may arrive out of order, so this message might have arrived after a Destroy message.
Did not find target for sync message for 6. Were all prefabs added to the NetworkManager's spawnable list?
Note: this can be completely normal because UDP messages may arrive out of order, so this message might have arrived after a Destroy message.
Did not find target for sync message for 10. Were all prefabs added to the NetworkManager's spawnable list?
Note: this can be completely normal because UDP messages may arrive out of order, so this message might have arrived after a Destroy message.
Did not find target for sync message for 3. Were all prefabs added to the NetworkManager's spawnable list?
Note: this can be completely normal because UDP messages may arrive out of order, so this message might have arrived after a Destroy message.
Did not find target for sync message for 4. Were all prefabs added to the NetworkManager's spawnable list?
Note: this can be completely normal because UDP messages may arrive out of order, so this message might have arrived after a Destroy message.
Did not find target for sync message for 6. Were all prefabs added to the NetworkManager's spawnable list?
Note: this can be completely normal because UDP messages may arrive out of order, so this message might have arrived after a Destroy message.
Did not find target for sync message for 10. Were all prefabs added to the NetworkManager's spawnable list?
Note: this can be completely normal because UDP messages may arrive out of order, so this message might have arrived after a Destroy message.
Did not find target for sync message for 3. Were all prefabs added to the NetworkManager's spawnable list?
Note: this can be completely normal because UDP messages may arrive out of order, so this message might have arrived after a Destroy message.
Did not find target for sync message for 4. Were all prefabs added to the NetworkManager's spawnable list?
Note: this can be completely normal because UDP messages may arrive out of order, so this message might have arrived after a Destroy message.
Did not find target for sync message for 6. Were all prefabs added to the NetworkManager's spawnable list?
Note: this can be completely normal because UDP messages may arrive out of order, so this message might have arrived after a Destroy message.
Did not find target for sync message for 10. Were all prefabs added to the NetworkManager's spawnable list?
Note: this can be completely normal because UDP messages may arrive out of order, so this message might have arrived after a Destroy message.
Did not find target for sync message for 3. Were all prefabs added to the NetworkManager's spawnable list?
Note: this can be completely normal because UDP messages may arrive out of order, so this message might have arrived after a Destroy message.
Did not find target for sync message for 4. Were all prefabs added to the NetworkManager's spawnable list?
Note: this can be completely normal because UDP messages may arrive out of order, so this message might have arrived after a Destroy message.
Did not find target for sync message for 6. Were all prefabs added to the NetworkManager's spawnable list?
Note: this can be completely normal because UDP messages may arrive out of order, so this message might have arrived after a Destroy message.
Did not find target for sync message for 10. Were all prefabs added to the NetworkManager's spawnable list?
Note: this can be completely normal because UDP messages may arrive out of order, so this message might have arrived after a Destroy message.
Did not find target for sync message for 3. Were all prefabs added to the NetworkManager's spawnable list?
Note: this can be completely normal because UDP messages may arrive out of order, so this message might have arrived after a Destroy message.
Did not find target for sync message for 4. Were all prefabs added to the NetworkManager's spawnable list?
Note: this can be completely normal because UDP messages may arrive out of order, so this message might have arrived after a Destroy message.
Did not find target for sync message for 6. Were all prefabs added to the NetworkManager's spawnable list?
Note: this can be completely normal because UDP messages may arrive out of order, so this message might have arrived after a Destroy message.
Did not find target for sync message for 10. Were all prefabs added to the NetworkManager's spawnable list?
Note: this can be completely normal because UDP messages may arrive out of order, so this message might have arrived after a Destroy message.
Did not find target for sync message for 3. Were all prefabs added to the NetworkManager's spawnable list?
Note: this can be completely normal because UDP messages may arrive out of order, so this message might have arrived after a Destroy message.
Did not find target for sync message for 4. Were all prefabs added to the NetworkManager's spawnable list?
Note: this can be completely normal because UDP messages may arrive out of order, so this message might have arrived after a Destroy message.
Did not find target for sync message for 6. Were all prefabs added to the NetworkManager's spawnable list?
Note: this can be completely normal because UDP messages may arrive out of order, so this message might have arrived after a Destroy message.
Did not find target for sync message for 10. Were all prefabs added to the NetworkManager's spawnable list?
Note: this can be completely normal because UDP messages may arrive out of order, so this message might have arrived after a Destroy message.
Did not find target for sync message for 3. Were all prefabs added to the NetworkManager's spawnable list?
Note: this can be completely normal because UDP messages may arrive out of order, so this message might have arrived after a Destroy message.
Did not find target for sync message for 4. Were all prefabs added to the NetworkManager's spawnable list?
Note: this can be completely normal because UDP messages may arrive out of order, so this message might have arrived after a Destroy message.
Did not find target for sync message for 6. Were all prefabs added to the NetworkManager's spawnable list?
Note: this can be completely normal because UDP messages may arrive out of order, so this message might have arrived after a Destroy message.
Did not find target for sync message for 10. Were all prefabs added to the NetworkManager's spawnable list?
Note: this can be completely normal because UDP messages may arrive out of order, so this message might have arrived after a Destroy message.
Did not find target for sync message for 3. Were all prefabs added to the NetworkManager's spawnable list?
Note: this can be completely normal because UDP messages may arrive out of order, so this message might have arrived after a Destroy message.
Did not find target for sync message for 4. Were all prefabs added to the NetworkManager's spawnable list?
Note: this can be completely normal because UDP messages may arrive out of order, so this message might have arrived after a Destroy message.
Did not find target for sync message for 6. Were all prefabs added to the NetworkManager's spawnable list?
Note: this can be completely normal because UDP messages may arrive out of order, so this message might have arrived after a Destroy message.
Did not find target for sync message for 10. Were all prefabs added to the NetworkManager's spawnable list?
Note: this can be completely normal because UDP messages may arrive out of order, so this message might have arrived after a Destroy message.
Did not find target for sync message for 3. Were all prefabs added to the NetworkManager's spawnable list?
Note: this can be completely normal because UDP messages may arrive out of order, so this message might have arrived after a Destroy message.
Did not find target for sync message for 4. Were all prefabs added to the NetworkManager's spawnable list?
Note: this can be completely normal because UDP messages may arrive out of order, so this message might have arrived after a Destroy message.
Did not find target for sync message for 6. Were all prefabs added to the NetworkManager's spawnable list?
Note: this can be completely normal because UDP messages may arrive out of order, so this message might have arrived after a Destroy message.
Did not find target for sync message for 10. Were all prefabs added to the NetworkManager's spawnable list?
Note: this can be completely normal because UDP messages may arrive out of order, so this message might have arrived after a Destroy message.
Did not find target for sync message for 3. Were all prefabs added to the NetworkManager's spawnable list?
Note: this can be completely normal because UDP messages may arrive out of order, so this message might have arrived after a Destroy message.
Did not find target for sync message for 4. Were all prefabs added to the NetworkManager's spawnable list?
Note: this can be completely normal because UDP messages may arrive out of order, so this message might have arrived after a Destroy message.
Did not find target for sync message for 6. Were all prefabs added to the NetworkManager's spawnable list?
Note: this can be completely normal because UDP messages may arrive out of order, so this message might have arrived after a Destroy message.
Did not find target for sync message for 10. Were all prefabs added to the NetworkManager's spawnable list?
Note: this can be completely normal because UDP messages may arrive out of order, so this message might have arrived after a Destroy message.
Did not find target for sync message for 3. Were all prefabs added to the NetworkManager's spawnable list?
Note: this can be completely normal because UDP messages may arrive out of order, so this message might have arrived after a Destroy message.
Did not find target for sync message for 4. Were all prefabs added to the NetworkManager's spawnable list?
Note: this can be completely normal because UDP messages may arrive out of order, so this message might have arrived after a Destroy message.
Did not find target for sync message for 6. Were all prefabs added to the NetworkManager's spawnable list?
Note: this can be completely normal because UDP messages may arrive out of order, so this message might have arrived after a Destroy message.
Did not find target for sync message for 10. Were all prefabs added to the NetworkManager's spawnable list?
Note: this can be completely normal because UDP messages may arrive out of order, so this message might have arrived after a Destroy message.
Memory Statistics:
[ALLOC_TEMP_TLS] TLS Allocator
  StackAllocators : 
    [ALLOC_TEMP_MAIN]
      Peak usage frame count: [0-1.0 KB]: 461 frames, [1.0 KB-2.0 KB]: 4 frames, [2.0 KB-4.0 KB]: 1 frames, [4.0 KB-8.0 KB]: 2 frames, [8.0 KB-16.0 KB]: 28 frames, [16.0 KB-32.0 KB]: 247 frames, [32.0 KB-64.0 KB]: 1180 frames, [64.0 KB-128.0 KB]: 222 frames, [256.0 KB-0.5 MB]: 1 frames, [0.5 MB-1.0 MB]: 1 frames, [1.0 MB-2.0 MB]: 1 frames, [4.0 MB-8.0 MB]: 1 frames
      Initial Block Size 4.0 MB
      Current Block Size 6.6 MB
      Peak Allocated Bytes 6.6 MB
      Overflow Count 0
    [ALLOC_TEMP_Loading.AsyncRead]
      Initial Block Size 64.0 KB
      Current Block Size 64.0 KB
      Peak Allocated Bytes 219 B
      Overflow Count 0
    [ALLOC_TEMP_Loading.PreloadManager]
      Initial Block Size 256.0 KB
      Current Block Size 496.0 KB
      Peak Allocated Bytes 427.6 KB
      Overflow Count 40
    [ALLOC_TEMP_Background Job.Worker 8]
      Initial Block Size 32.0 KB
      Current Block Size 32.0 KB
      Peak Allocated Bytes 54 B
      Overflow Count 0
    [ALLOC_TEMP_Job.Worker 6]
      Initial Block Size 256.0 KB
      Current Block Size 256.0 KB
      Peak Allocated Bytes 11.6 KB
      Overflow Count 0
    [ALLOC_TEMP_Job.Worker 0]
      Initial Block Size 256.0 KB
      Current Block Size 256.0 KB
      Peak Allocated Bytes 11.6 KB
      Overflow Count 0
    [ALLOC_TEMP_Background Job.Worker 10]
      Initial Block Size 32.0 KB
      Current Block Size 32.0 KB
      Peak Allocated Bytes 54 B
      Overflow Count 0
    [ALLOC_TEMP_Background Job.Worker 9]
      Initial Block Size 32.0 KB
      Current Block Size 32.0 KB
      Peak Allocated Bytes 54 B
      Overflow Count 0
    [ALLOC_TEMP_Job.Worker 5]
      Initial Block Size 256.0 KB
      Current Block Size 256.0 KB
      Peak Allocated Bytes 11.6 KB
      Overflow Count 0
    [ALLOC_TEMP_Background Job.Worker 14]
      Initial Block Size 32.0 KB
      Current Block Size 32.0 KB
      Peak Allocated Bytes 54 B
      Overflow Count 0
    [ALLOC_TEMP_Background Job.Worker 6]
      Initial Block Size 32.0 KB
      Current Block Size 32.0 KB
      Peak Allocated Bytes 54 B
      Overflow Count 0
    [ALLOC_TEMP_Job.Worker 4]
      Initial Block Size 256.0 KB
      Current Block Size 256.0 KB
      Peak Allocated Bytes 11.6 KB
      Overflow Count 0
    [ALLOC_TEMP_Job.Worker 14]
      Initial Block Size 256.0 KB
      Current Block Size 256.0 KB
      Peak Allocated Bytes 11.6 KB
      Overflow Count 0
    [ALLOC_TEMP_Job.Worker 3]
      Initial Block Size 256.0 KB
      Current Block Size 256.0 KB
      Peak Allocated Bytes 11.6 KB
      Overflow Count 0
    [ALLOC_TEMP_Job.Worker 13]
      Initial Block Size 256.0 KB
      Current Block Size 256.0 KB
      Peak Allocated Bytes 11.6 KB
      Overflow Count 0
    [ALLOC_TEMP_Background Job.Worker 12]
      Initial Block Size 32.0 KB
      Current Block Size 32.0 KB
      Peak Allocated Bytes 54 B
      Overflow Count 0
    [ALLOC_TEMP_EnlightenWorker] x 8
      Initial Block Size 64.0 KB
      Current Block Size 64.0 KB
      Peak Allocated Bytes 54 B
      Overflow Count 0
    [ALLOC_TEMP_Background Job.Worker 15]
      Initial Block Size 32.0 KB
      Current Block Size 32.0 KB
      Peak Allocated Bytes 54 B
      Overflow Count 0
    [ALLOC_TEMP_Background Job.Worker 1]
      Initial Block Size 32.0 KB
      Current Block Size 32.0 KB
      Peak Allocated Bytes 54 B
      Overflow Count 0
    [ALLOC_TEMP_Background Job.Worker 2]
      Initial Block Size 32.0 KB
      Current Block Size 32.0 KB
      Peak Allocated Bytes 54 B
      Overflow Count 0
    [ALLOC_TEMP_Background Job.Worker 7]
      Initial Block Size 32.0 KB
      Current Block Size 32.0 KB
      Peak Allocated Bytes 54 B
      Overflow Count 0
    [ALLOC_TEMP_UnityGfxDeviceWorker]
      Initial Block Size 256.0 KB
      Current Block Size 256.0 KB
      Peak Allocated Bytes 5.2 KB
      Overflow Count 0
    [ALLOC_TEMP_AssetGarbageCollectorHelper] x 15
      Initial Block Size 64.0 KB
      Current Block Size 64.0 KB
      Peak Allocated Bytes 0 B
      Overflow Count 0
    [ALLOC_TEMP_Background Job.Worker 5]
      Initial Block Size 32.0 KB
      Current Block Size 32.0 KB
      Peak Allocated Bytes 54 B
      Overflow Count 0
    [ALLOC_TEMP_Job.Worker 9]
      Initial Block Size 256.0 KB
      Current Block Size 256.0 KB
      Peak Allocated Bytes 11.6 KB
      Overflow Count 0
    [ALLOC_TEMP_Background Job.Worker 13]
      Initial Block Size 32.0 KB
      Current Block Size 32.0 KB
      Peak Allocated Bytes 54 B
      Overflow Count 0
    [ALLOC_TEMP_Job.Worker 8]
      Initial Block Size 256.0 KB
      Current Block Size 256.0 KB
      Peak Allocated Bytes 11.6 KB
      Overflow Count 0
    [ALLOC_TEMP_Job.Worker 7]
      Initial Block Size 256.0 KB
      Current Block Size 256.0 KB
      Peak Allocated Bytes 11.6 KB
      Overflow Count 0
    [ALLOC_TEMP_Job.Worker 1]
      Initial Block Size 256.0 KB
      Current Block Size 256.0 KB
      Peak Allocated Bytes 11.6 KB
      Overflow Count 0
    [ALLOC_TEMP_Job.Worker 2]
      Initial Block Size 256.0 KB
      Current Block Size 256.0 KB
      Peak Allocated Bytes 11.6 KB
      Overflow Count 0
    [ALLOC_TEMP_Background Job.Worker 3]
      Initial Block Size 32.0 KB
      Current Block Size 32.0 KB
      Peak Allocated Bytes 54 B
      Overflow Count 0
    [ALLOC_TEMP_Background Job.Worker 11]
      Initial Block Size 32.0 KB
      Current Block Size 32.0 KB
      Peak Allocated Bytes 54 B
      Overflow Count 0
    [ALLOC_TEMP_Job.Worker 10]
      Initial Block Size 256.0 KB
      Current Block Size 256.0 KB
      Peak Allocated Bytes 11.6 KB
      Overflow Count 0
    [ALLOC_TEMP_Background Job.Worker 0]
      Initial Block Size 32.0 KB
      Current Block Size 32.0 KB
      Peak Allocated Bytes 65 B
      Overflow Count 0
    [ALLOC_TEMP_Job.Worker 11]
      Initial Block Size 256.0 KB
      Current Block Size 256.0 KB
      Peak Allocated Bytes 11.6 KB
      Overflow Count 0
    [ALLOC_TEMP_Job.Worker 12]
      Initial Block Size 256.0 KB
      Current Block Size 256.0 KB
      Peak Allocated Bytes 11.6 KB
      Overflow Count 0
    [ALLOC_TEMP_Background Job.Worker 4]
      Initial Block Size 32.0 KB
      Current Block Size 32.0 KB
      Peak Allocated Bytes 54 B
      Overflow Count 0
    [ALLOC_TEMP_BatchDeleteObjects]
      Initial Block Size 64.0 KB
      Current Block Size 64.0 KB
      Peak Allocated Bytes 54 B
      Overflow Count 0
[ALLOC_DEFAULT] Dual Thread Allocator
  Peak main deferred allocation count 830
    [ALLOC_BUCKET]
      Large Block size 4.0 MB
      Used Block count 1
      Peak Allocated bytes 3.1 MB
    [ALLOC_DEFAULT_MAIN]
      Peak usage frame count: [8.0 MB-16.0 MB]: 468 frames, [16.0 MB-32.0 MB]: 1681 frames
      Requested Block Size 16.0 MB
      Peak Block count 2
      Peak Allocated memory 20.7 MB
      Peak Large allocation bytes 0 B
    [ALLOC_DEFAULT_THREAD]
      Peak usage frame count: [4.0 MB-8.0 MB]: 437 frames, [8.0 MB-16.0 MB]: 1712 frames
      Requested Block Size 16.0 MB
      Peak Block count 1
      Peak Allocated memory 8.8 MB
      Peak Large allocation bytes 0 B
[ALLOC_TEMP_JOB_1_FRAME]
  Initial Block Size 2.0 MB
  Used Block Count 1
  Overflow Count (too large) 0
  Overflow Count (full) 0
[ALLOC_TEMP_JOB_2_FRAMES]
  Initial Block Size 2.0 MB
  Used Block Count 1
  Overflow Count (too large) 0
  Overflow Count (full) 0
[ALLOC_TEMP_JOB_4_FRAMES (JobTemp)]
  Initial Block Size 2.0 MB
  Used Block Count 3
  Overflow Count (too large) 0
  Overflow Count (full) 0
[ALLOC_TEMP_JOB_ASYNC (Background)]
  Initial Block Size 1.0 MB
  Used Block Count 5
  Overflow Count (too large) 0
  Overflow Count (full) 0
[ALLOC_GFX] Dual Thread Allocator
  Peak main deferred allocation count 1
    [ALLOC_BUCKET]
      Large Block size 4.0 MB
      Used Block count 1
      Peak Allocated bytes 3.1 MB
    [ALLOC_GFX_MAIN]
      Peak usage frame count: [64.0 KB-128.0 KB]: 467 frames, [128.0 KB-256.0 KB]: 1 frames, [0.5 MB-1.0 MB]: 1680 frames, [2.0 MB-4.0 MB]: 1 frames
      Requested Block Size 16.0 MB
      Peak Block count 1
      Peak Allocated memory 2.7 MB
      Peak Large allocation bytes 0 B
    [ALLOC_GFX_THREAD]
      Peak usage frame count: [32.0 KB-64.0 KB]: 255 frames, [1.0 MB-2.0 MB]: 93 frames, [2.0 MB-4.0 MB]: 1801 frames
      Requested Block Size 16.0 MB
      Peak Block count 1
      Peak Allocated memory 2.8 MB
      Peak Large allocation bytes 0 B
[ALLOC_CACHEOBJECTS] Dual Thread Allocator
  Peak main deferred allocation count 22
    [ALLOC_BUCKET]
      Large Block size 4.0 MB
      Used Block count 1
      Peak Allocated bytes 3.1 MB
    [ALLOC_CACHEOBJECTS_MAIN]
      Peak usage frame count: [0.5 MB-1.0 MB]: 118 frames, [1.0 MB-2.0 MB]: 2031 frames
      Requested Block Size 4.0 MB
      Peak Block count 1
      Peak Allocated memory 1.6 MB
      Peak Large allocation bytes 0 B
    [ALLOC_CACHEOBJECTS_THREAD]
      Peak usage frame count: [256.0 KB-0.5 MB]: 253 frames, [0.5 MB-1.0 MB]: 2 frames, [1.0 MB-2.0 MB]: 93 frames, [2.0 MB-4.0 MB]: 1681 frames, [4.0 MB-8.0 MB]: 120 frames
      Requested Block Size 4.0 MB
      Peak Block count 2
      Peak Allocated memory 4.8 MB
      Peak Large allocation bytes 0 B
[ALLOC_TYPETREE] Dual Thread Allocator
  Peak main deferred allocation count 0
    [ALLOC_BUCKET]
      Large Block size 4.0 MB
      Used Block count 1
      Peak Allocated bytes 3.1 MB
    [ALLOC_TYPETREE_MAIN]
      Peak usage frame count: [0-1.0 KB]: 376 frames, [4.0 KB-8.0 KB]: 1773 frames
      Requested Block Size 2.0 MB
      Peak Block count 1
      Peak Allocated memory 4.7 KB
      Peak Large allocation bytes 0 B
    [ALLOC_TYPETREE_THREAD]
      Peak usage frame count: [2.0 KB-4.0 KB]: 255 frames, [4.0 KB-8.0 KB]: 2 frames, [8.0 KB-16.0 KB]: 1892 frames
      Requested Block Size 2.0 MB
      Peak Block count 1
      Peak Allocated memory 14.5 KB
      Peak Large allocation bytes 0 B
