Mono path[0] = 'C:/Servers/Sources/Universe2D/BuildPC/RPG_Data/Managed'
Mono config path = 'C:/Servers/Sources/Universe2D/BuildPC/MonoBleedingEdge/etc'
[Physics::Module] Initialized MultithreadedJobDispatcher with {0} workers.
Initialize engine version: 2021.3.45f2 (88f88f591b2e)
[Subsystems] Discovering subsystems at path C:/Servers/Sources/Universe2D/BuildPC/RPG_Data/UnitySubsystems
Forcing GfxDevice: Null
GfxDevice: creating device client; threaded=0; jobified=0
NullGfxDevice:
    Version:  NULL 1.0 [1.0]
    Renderer: Null Device
    Vendor:   Unity Technologies
Begin MonoManager ReloadAssembly
- Completed reload, in  0.162 seconds
ERROR: Shader Sprites/Default shader is not supported on this GPU (none of subshaders/fallbacks are suitable)
Microsoft Media Foundation video decoding to texture disabled: graphics device is Null, only Direct3D 11 and Direct3D 12 (only on desktop) are supported for hardware-accelerated video decoding.
ERROR: Shader Sprites/Mask shader is not supported on this GPU (none of subshaders/fallbacks are suitable)
ERROR: Shader GUI/Text Shader shader is not supported on this GPU (none of subshaders/fallbacks are suitable)
UnloadTime: 0.562700 ms
ThreadLog initialized.
The resource UI/Skin/Knob.psd could not be loaded from the resource file!
The resource UI/Skin/UISprite.psd could not be loaded from the resource file!
The resource LegacyRuntime.ttf could not be loaded from the resource file!
Server listening on port 7777
Unloading 6 Unused Serialized files (Serialized files now loaded: 0)
ERROR: Shader UI/Default shader is not supported on this GPU (none of subshaders/fallbacks are suitable)
ERROR: Shader Legacy Shaders/VertexLit shader is not supported on this GPU (none of subshaders/fallbacks are suitable)
WARNING: Shader Unsupported: 'Particles/Standard Unlit' - All subshaders removed
WARNING: Shader Did you use #pragma only_renderers and omit this platform?
WARNING: Shader If subshaders removal was intentional, you may have forgotten turning Fallback off?
ERROR: Shader Particles/Standard Unlit shader is not supported on this GPU (none of subshaders/fallbacks are suitable)
WARNING: Shader Unsupported: 'Particles/Standard Unlit' - All subshaders removed
WARNING: Shader Did you use #pragma only_renderers and omit this platform?
WARNING: Shader If subshaders removal was intentional, you may have forgotten turning Fallback off?
ERROR: Shader TextMeshPro/Mobile/Distance Field shader is not supported on this GPU (none of subshaders/fallbacks are suitable)
WARNING: Shader Unsupported: 'TextMeshPro/Distance Field' - All subshaders removed
WARNING: Shader Did you use #pragma only_renderers and omit this platform?
WARNING: Shader If subshaders removal was intentional, you may have forgotten turning Fallback off?
ERROR: Shader TextMeshPro/Distance Field shader is not supported on this GPU (none of subshaders/fallbacks are suitable)
WARNING: Shader Unsupported: 'TextMeshPro/Distance Field' - All subshaders removed
WARNING: Shader Did you use #pragma only_renderers and omit this platform?
WARNING: Shader If subshaders removal was intentional, you may have forgotten turning Fallback off?
UnloadTime: 3.519000 ms
ERROR: Shader TextMeshPro/Sprite shader is not supported on this GPU (none of subshaders/fallbacks are suitable)
Unloading 5 unused Assets to reduce memory usage. Loaded Objects now: 10958.
Total: 2.069000 ms (FindLiveObjects: 0.509600 ms CreateObjectMapping: 0.101200 ms MarkObjects: 1.434800 ms  DeleteObjects: 0.023300 ms)

[DEBUG-RANGE] OnTriggerEnter2D on Enemy with tag=Enemy ShouldRunAI=True
[DEBUG-RANGE] OnTriggerEnter2D on Enemy with tag=Enemy ShouldRunAI=True
[DEBUG-RANGE] OnTriggerEnter2D on Enemy with tag=Enemy ShouldRunAI=True
[DEBUG-RANGE] OnTriggerEnter2D on Enemy with tag=Enemy ShouldRunAI=True
[DEBUG-RANGE] OnTriggerEnter2D on Enemy with tag=Enemy ShouldRunAI=True
[DEBUG-RANGE] OnTriggerEnter2D on Enemy with tag=Untagged ShouldRunAI=True
[DEBUG-RANGE] OnTriggerEnter2D on Enemy with tag=Untagged ShouldRunAI=True
[DEBUG-RANGE] OnTriggerEnter2D on Enemy with tag=Untagged ShouldRunAI=True
[DEBUG-RANGE] OnTriggerEnter2D on Enemy with tag=Untagged ShouldRunAI=True
[DEBUG-RANGE] OnTriggerEnter2D on Enemy with tag=Enemy ShouldRunAI=True
[DEBUG-RANGE] OnTriggerEnter2D on Enemy with tag=Untagged ShouldRunAI=True
[DEBUG-RANGE] OnTriggerEnter2D on Enemy with tag=Untagged ShouldRunAI=True
[DEBUG-RANGE] OnTriggerEnter2D on Enemy with tag=HitBox ShouldRunAI=True
[DEBUG-RANGE] OnTriggerEnter2D on Enemy with tag=Enemy ShouldRunAI=True
[DEBUG-RANGE] OnTriggerEnter2D on Enemy with tag=Untagged ShouldRunAI=True
[DEBUG-RANGE] OnTriggerEnter2D on Enemy with tag=Untagged ShouldRunAI=True
[DEBUG-RANGE] OnTriggerEnter2D on Enemy with tag=HitBox ShouldRunAI=True
[DEBUG-RANGE] OnTriggerEnter2D on Enemy with tag=Untagged ShouldRunAI=True
[DEBUG-RANGE] OnTriggerEnter2D on Enemy with tag=Untagged ShouldRunAI=True
[DEBUG-RANGE] OnTriggerEnter2D on Enemy with tag=Enemy ShouldRunAI=True
[DEBUG-RANGE] OnTriggerEnter2D on Enemy with tag=Untagged ShouldRunAI=True
[DEBUG-RANGE] OnTriggerEnter2D on Enemy with tag=Untagged ShouldRunAI=True
[DEBUG-RANGE] OnTriggerEnter2D on Enemy with tag=HitBox ShouldRunAI=True
[DEBUG-RANGE] OnTriggerEnter2D on Enemy with tag=Enemy ShouldRunAI=True
[DEBUG-RANGE] OnTriggerEnter2D on Enemy with tag=Untagged ShouldRunAI=True
[DEBUG-RANGE] OnTriggerEnter2D on Enemy with tag=Untagged ShouldRunAI=True
[DEBUG-RANGE] OnTriggerEnter2D on Enemy with tag=HitBox ShouldRunAI=True
[DEBUG-RANGE] OnTriggerEnter2D on Enemy with tag=Enemy ShouldRunAI=True
[DEBUG-RANGE] OnTriggerEnter2D on Enemy with tag=Untagged ShouldRunAI=True
[DEBUG-RANGE] OnTriggerEnter2D on Enemy with tag=Untagged ShouldRunAI=True
[DEBUG-RANGE] OnTriggerEnter2D on Enemy with tag=HitBox ShouldRunAI=True
[DEBUG-RANGE] OnTriggerEnter2D on Enemy with tag=Untagged ShouldRunAI=True
[DEBUG-RANGE] OnTriggerEnter2D on Enemy with tag=Untagged ShouldRunAI=True
[DEBUG-RANGE] OnTriggerEnter2D on Enemy with tag=Ground ShouldRunAI=True
[DEBUG-RANGE] OnTriggerEnter2D on Enemy with tag=Ground ShouldRunAI=True
[DEBUG-RANGE] OnTriggerEnter2D on Enemy with tag=Ground ShouldRunAI=True
[DEBUG-RANGE] OnTriggerEnter2D on Enemy with tag=Ground ShouldRunAI=True
[DEBUG-RANGE] OnTriggerEnter2D on Enemy with tag=Ground ShouldRunAI=True
[DEBUG-RANGE] OnTriggerEnter2D on Enemy with tag=Ground ShouldRunAI=True
[DEBUG-RANGE] OnTriggerEnter2D on Enemy with tag=Ground ShouldRunAI=True
[DEBUG-RANGE] OnTriggerEnter2D on Enemy with tag=Ground ShouldRunAI=True
[DEBUG-RANGE] OnTriggerEnter2D on Enemy with tag=Ground ShouldRunAI=True
[DEBUG-RANGE] OnTriggerEnter2D on Enemy with tag=Ground ShouldRunAI=True
[DEBUG-RANGE] OnTriggerEnter2D on Enemy with tag=Ground ShouldRunAI=True
[DEBUG-RANGE] OnTriggerEnter2D on Enemy with tag=Ground ShouldRunAI=True
[DEBUG-RANGE] OnTriggerEnter2D on Enemy with tag=Ground ShouldRunAI=True
[DEBUG-RANGE] OnTriggerEnter2D on Enemy with tag=Ground ShouldRunAI=True
[DEBUG-RANGE] OnTriggerEnter2D on Enemy with tag=Ground ShouldRunAI=True
[DEBUG-RANGE] OnTriggerEnter2D on Enemy with tag=Ground ShouldRunAI=True
[DEBUG-RANGE] OnTriggerEnter2D on Enemy with tag=Ground ShouldRunAI=True
[DEBUG-RANGE] OnTriggerEnter2D on Enemy with tag=Ground ShouldRunAI=True
[DEBUG-RANGE] OnTriggerEnter2D on Enemy with tag=Ground ShouldRunAI=True
[DEBUG-RANGE] OnTriggerEnter2D on Enemy with tag=Ground ShouldRunAI=True
[DEBUG-RANGE] OnTriggerEnter2D on Enemy with tag=Ground ShouldRunAI=True
[DEBUG-RANGE] OnTriggerEnter2D on Enemy with tag=Ground ShouldRunAI=True
[DEBUG-RANGE] OnTriggerEnter2D on Enemy with tag=Ground ShouldRunAI=True
[DEBUG-RANGE] OnTriggerEnter2D on Enemy with tag=Ground ShouldRunAI=True
[DEBUG-RANGE] OnTriggerEnter2D on Enemy with tag=Ground ShouldRunAI=True
[DEBUG-RANGE] OnTriggerEnter2D on Enemy with tag=Ground ShouldRunAI=True
[DEBUG-RANGE] OnTriggerEnter2D on Enemy with tag=Ground ShouldRunAI=True
[DEBUG-RANGE] OnTriggerEnter2D on Enemy with tag=Ground ShouldRunAI=True
[DEBUG-RANGE] OnTriggerEnter2D on Enemy with tag=Ground ShouldRunAI=True
[DEBUG-RANGE] OnTriggerEnter2D on Enemy with tag=Ground ShouldRunAI=True
[DEBUG-RANGE] OnTriggerEnter2D on Enemy with tag=Ground ShouldRunAI=True
[DEBUG-RANGE] OnTriggerEnter2D on Enemy with tag=Ground ShouldRunAI=True
[DEBUG-RANGE] OnTriggerEnter2D on Enemy with tag=Ground ShouldRunAI=True
[DEBUG-RANGE] OnTriggerEnter2D on Enemy with tag=Ground ShouldRunAI=True
[DEBUG-RANGE] OnTriggerEnter2D on Enemy with tag=Ground ShouldRunAI=True
[DEBUG-RANGE] OnTriggerEnter2D on Enemy with tag=Ground ShouldRunAI=True
[DEBUG-RANGE] OnTriggerEnter2D on Enemy with tag=Ground ShouldRunAI=True
[DEBUG-RANGE] OnTriggerEnter2D on Enemy with tag=Ground ShouldRunAI=True
[DEBUG-RANGE] OnTriggerEnter2D on Enemy with tag=Ground ShouldRunAI=True
[DEBUG-RANGE] OnTriggerEnter2D on Enemy with tag=Interactable ShouldRunAI=True
[DEBUG-RANGE] OnTriggerEnter2D on Enemy with tag=Interactable ShouldRunAI=True
[DEBUG-RANGE] OnTriggerEnter2D on Enemy with tag=Interactable ShouldRunAI=True
[DEBUG-RANGE] OnTriggerEnter2D on Enemy with tag=Interactable ShouldRunAI=True
[DEBUG-RANGE] OnTriggerEnter2D on Enemy with tag=Untagged ShouldRunAI=True
[DEBUG-RANGE] OnTriggerEnter2D on Enemy with tag=Untagged ShouldRunAI=True
[DEBUG-RANGE] OnTriggerEnter2D on Enemy with tag=HitBox ShouldRunAI=True
[DEBUG-RANGE] OnTriggerEnter2D on Enemy with tag=HitBox ShouldRunAI=True
[DEBUG-RANGE] OnTriggerEnter2D on Enemy with tag=HitBox ShouldRunAI=True
[DEBUG-RANGE] OnTriggerEnter2D on Enemy with tag=HitBox ShouldRunAI=True
[DEBUG-RANGE] OnTriggerEnter2D on Enemy with tag=HitBox ShouldRunAI=True
[DEBUG-RANGE] OnTriggerEnter2D on Enemy with tag=Enemy ShouldRunAI=True
[DEBUG-RANGE] OnTriggerEnter2D on Enemy with tag=Enemy ShouldRunAI=True
[DEBUG-RANGE] OnTriggerEnter2D on Enemy with tag=Enemy ShouldRunAI=True
[DEBUG-RANGE] OnTriggerEnter2D on Enemy with tag=Untagged ShouldRunAI=True
[DEBUG-RANGE] OnTriggerEnter2D on Enemy with tag=Untagged ShouldRunAI=True
[DEBUG-RANGE] OnTriggerEnter2D on Enemy with tag=Obstacle ShouldRunAI=True
[DEBUG-RANGE] OnTriggerEnter2D on Enemy with tag=Untagged ShouldRunAI=True
[DEBUG-RANGE] OnTriggerEnter2D on Enemy with tag=Obstacle ShouldRunAI=True
[DEBUG-RANGE] OnTriggerEnter2D on Enemy with tag=Untagged ShouldRunAI=True
[DEBUG-RANGE] OnTriggerEnter2D on Enemy with tag=Obstacle ShouldRunAI=True
[DEBUG-RANGE] OnTriggerEnter2D on Enemy with tag=Untagged ShouldRunAI=True
[DEBUG-RANGE] OnTriggerEnter2D on Enemy with tag=Untagged ShouldRunAI=True
[DEBUG-RANGE] OnTriggerEnter2D on Enemy with tag=Untagged ShouldRunAI=True
[DEBUG-RANGE] OnTriggerEnter2D on Enemy with tag=Obstacle ShouldRunAI=True
[DEBUG-RANGE] OnTriggerEnter2D on Enemy with tag=Untagged ShouldRunAI=True
[DEBUG-RANGE] OnTriggerEnter2D on Enemy with tag=Untagged ShouldRunAI=True
[DEBUG-RANGE] OnTriggerEnter2D on Enemy with tag=Untagged ShouldRunAI=True
[DEBUG-RANGE] OnTriggerEnter2D on Enemy with tag=Untagged ShouldRunAI=True
[DEBUG-RANGE] OnTriggerEnter2D on Enemy with tag=Untagged ShouldRunAI=True
[DEBUG-RANGE] OnTriggerEnter2D on Enemy with tag=Untagged ShouldRunAI=True
[DEBUG-RANGE] OnTriggerEnter2D on Enemy with tag=Enemy ShouldRunAI=True
[DEBUG-RANGE] OnTriggerEnter2D on Enemy with tag=Untagged ShouldRunAI=True
[DEBUG-RANGE] OnTriggerEnter2D on Enemy with tag=Untagged ShouldRunAI=True
[DEBUG-RANGE] OnTriggerEnter2D on Enemy with tag=Ground ShouldRunAI=True
[DEBUG-RANGE] OnTriggerEnter2D on Enemy with tag=Ground ShouldRunAI=True
[DEBUG-RANGE] OnTriggerEnter2D on Enemy with tag=Ground ShouldRunAI=True
[DEBUG-RANGE] OnTriggerEnter2D on Enemy with tag=Ground ShouldRunAI=True
[DEBUG-RANGE] OnTriggerEnter2D on Enemy with tag=Ground ShouldRunAI=True
[DEBUG-RANGE] OnTriggerEnter2D on Enemy with tag=Ground ShouldRunAI=True
[DEBUG-RANGE] OnTriggerEnter2D on Enemy with tag=Ground ShouldRunAI=True
[DEBUG-RANGE] OnTriggerEnter2D on Enemy with tag=Ground ShouldRunAI=True
[DEBUG-RANGE] OnTriggerEnter2D on Enemy with tag=Ground ShouldRunAI=True
[DEBUG-RANGE] OnTriggerEnter2D on Enemy with tag=Ground ShouldRunAI=True
[DEBUG-RANGE] OnTriggerEnter2D on Enemy with tag=Ground ShouldRunAI=True
[DEBUG-RANGE] OnTriggerEnter2D on Enemy with tag=Ground ShouldRunAI=True
[DEBUG-RANGE] OnTriggerEnter2D on Enemy with tag=Ground ShouldRunAI=True
[DEBUG-RANGE] OnTriggerEnter2D on Enemy with tag=Ground ShouldRunAI=True
[DEBUG-RANGE] OnTriggerEnter2D on Enemy with tag=Ground ShouldRunAI=True
[DEBUG-RANGE] OnTriggerEnter2D on Enemy with tag=Ground ShouldRunAI=True
[DEBUG-RANGE] OnTriggerEnter2D on Enemy with tag=Ground ShouldRunAI=True
[DEBUG-RANGE] OnTriggerEnter2D on Enemy with tag=Ground ShouldRunAI=True
[DEBUG-RANGE] OnTriggerEnter2D on Enemy with tag=Ground ShouldRunAI=True
[DEBUG-RANGE] OnTriggerEnter2D on Enemy with tag=Ground ShouldRunAI=True
[DEBUG-RANGE] OnTriggerEnter2D on Enemy with tag=Ground ShouldRunAI=True
[DEBUG-RANGE] OnTriggerEnter2D on Enemy with tag=Ground ShouldRunAI=True
[DEBUG-RANGE] OnTriggerEnter2D on Enemy with tag=Ground ShouldRunAI=True
[DEBUG-RANGE] OnTriggerEnter2D on Enemy with tag=Ground ShouldRunAI=True
[DEBUG-RANGE] OnTriggerEnter2D on Enemy with tag=Ground ShouldRunAI=True
[DEBUG-RANGE] OnTriggerEnter2D on Enemy with tag=Ground ShouldRunAI=True
[DEBUG-RANGE] OnTriggerEnter2D on Enemy with tag=Ground ShouldRunAI=True
[DEBUG-RANGE] OnTriggerEnter2D on Enemy with tag=Ground ShouldRunAI=True
[DEBUG-RANGE] OnTriggerEnter2D on Enemy with tag=Ground ShouldRunAI=True
[DEBUG-RANGE] OnTriggerEnter2D on Enemy with tag=Ground ShouldRunAI=True
[DEBUG-RANGE] OnTriggerEnter2D on Enemy with tag=Ground ShouldRunAI=True
[DEBUG-RANGE] OnTriggerEnter2D on Enemy with tag=Ground ShouldRunAI=True
[DEBUG-RANGE] OnTriggerEnter2D on Enemy with tag=Ground ShouldRunAI=True
[DEBUG-RANGE] OnTriggerEnter2D on Enemy with tag=Ground ShouldRunAI=True
[DEBUG-RANGE] OnTriggerEnter2D on Enemy with tag=Ground ShouldRunAI=True
[DEBUG-RANGE] OnTriggerEnter2D on Enemy with tag=Ground ShouldRunAI=True
[DEBUG-RANGE] OnTriggerEnter2D on Enemy with tag=Ground ShouldRunAI=True
[DEBUG-RANGE] OnTriggerEnter2D on Enemy with tag=Ground ShouldRunAI=True
[DEBUG-RANGE] OnTriggerEnter2D on Enemy with tag=Ground ShouldRunAI=True
[DEBUG-RANGE] OnTriggerEnter2D on Enemy with tag=Ground ShouldRunAI=True
[DEBUG-RANGE] OnTriggerEnter2D on Enemy with tag=Ground ShouldRunAI=True
[DEBUG-RANGE] OnTriggerEnter2D on Enemy with tag=Interactable ShouldRunAI=True
[DEBUG-RANGE] OnTriggerEnter2D on Enemy with tag=Interactable ShouldRunAI=True
[DEBUG-RANGE] OnTriggerEnter2D on Enemy with tag=Interactable ShouldRunAI=True
[DEBUG-RANGE] OnTriggerEnter2D on Enemy with tag=Untagged ShouldRunAI=True
[DEBUG-RANGE] OnTriggerEnter2D on Enemy with tag=Untagged ShouldRunAI=True
[DEBUG-RANGE] OnTriggerEnter2D on Enemy with tag=Obstacle ShouldRunAI=True
[DEBUG-RANGE] OnTriggerEnter2D on Enemy with tag=Enemy ShouldRunAI=True
[DEBUG-RANGE] OnTriggerEnter2D on Enemy with tag=Enemy ShouldRunAI=True
[DEBUG-RANGE] OnTriggerEnter2D on Enemy with tag=Obstacle ShouldRunAI=True
[DEBUG-RANGE] OnTriggerEnter2D on Enemy with tag=Untagged ShouldRunAI=True
[DEBUG-RANGE] OnTriggerEnter2D on Enemy with tag=Obstacle ShouldRunAI=True
[DEBUG-RANGE] OnTriggerEnter2D on Enemy with tag=Untagged ShouldRunAI=True
[DEBUG-RANGE] OnTriggerEnter2D on Enemy with tag=Untagged ShouldRunAI=True
[DEBUG-RANGE] OnTriggerEnter2D on Enemy with tag=Enemy ShouldRunAI=True
[DEBUG-RANGE] OnTriggerEnter2D on Enemy with tag=Untagged ShouldRunAI=True
[DEBUG-RANGE] OnTriggerEnter2D on Enemy with tag=Untagged ShouldRunAI=True
[DEBUG-RANGE] OnTriggerEnter2D on Enemy with tag=Enemy ShouldRunAI=True
[DEBUG-RANGE] OnTriggerEnter2D on Enemy with tag=Untagged ShouldRunAI=True
[DEBUG-RANGE] OnTriggerEnter2D on Enemy with tag=Untagged ShouldRunAI=True
[DEBUG-RANGE] OnTriggerEnter2D on Enemy with tag=HitBox ShouldRunAI=True
[DEBUG-RANGE] OnTriggerEnter2D on Enemy with tag=Untagged ShouldRunAI=True
[DEBUG-RANGE] OnTriggerEnter2D on Enemy with tag=Untagged ShouldRunAI=True
[DEBUG-RANGE] OnTriggerEnter2D on Enemy with tag=Untagged ShouldRunAI=True
[DEBUG-RANGE] OnTriggerEnter2D on Enemy with tag=Untagged ShouldRunAI=True
[DEBUG-RANGE] OnTriggerEnter2D on Enemy with tag=Ground ShouldRunAI=True
[DEBUG-RANGE] OnTriggerEnter2D on Enemy with tag=Ground ShouldRunAI=True
[DEBUG-RANGE] OnTriggerEnter2D on Enemy with tag=Ground ShouldRunAI=True
[DEBUG-RANGE] OnTriggerEnter2D on Enemy with tag=Ground ShouldRunAI=True
[DEBUG-RANGE] OnTriggerEnter2D on Enemy with tag=Ground ShouldRunAI=True
[DEBUG-RANGE] OnTriggerEnter2D on Enemy with tag=Ground ShouldRunAI=True
[DEBUG-RANGE] OnTriggerEnter2D on Enemy with tag=Ground ShouldRunAI=True
[DEBUG-RANGE] OnTriggerEnter2D on Enemy with tag=Ground ShouldRunAI=True
[DEBUG-RANGE] OnTriggerEnter2D on Enemy with tag=Ground ShouldRunAI=True
[DEBUG-RANGE] OnTriggerEnter2D on Enemy with tag=Ground ShouldRunAI=True
[DEBUG-RANGE] OnTriggerEnter2D on Enemy with tag=Ground ShouldRunAI=True
[DEBUG-RANGE] OnTriggerEnter2D on Enemy with tag=Ground ShouldRunAI=True
[DEBUG-RANGE] OnTriggerEnter2D on Enemy with tag=Ground ShouldRunAI=True
[DEBUG-RANGE] OnTriggerEnter2D on Enemy with tag=Ground ShouldRunAI=True
[DEBUG-RANGE] OnTriggerEnter2D on Enemy with tag=Ground ShouldRunAI=True
[DEBUG-RANGE] OnTriggerEnter2D on Enemy with tag=Ground ShouldRunAI=True
[DEBUG-RANGE] OnTriggerEnter2D on Enemy with tag=Ground ShouldRunAI=True
[DEBUG-RANGE] OnTriggerEnter2D on Enemy with tag=Ground ShouldRunAI=True
[DEBUG-RANGE] OnTriggerEnter2D on Enemy with tag=Ground ShouldRunAI=True
[DEBUG-RANGE] OnTriggerEnter2D on Enemy with tag=Ground ShouldRunAI=True
[DEBUG-RANGE] OnTriggerEnter2D on Enemy with tag=Ground ShouldRunAI=True
[DEBUG-RANGE] OnTriggerEnter2D on Enemy with tag=Ground ShouldRunAI=True
[DEBUG-RANGE] OnTriggerEnter2D on Enemy with tag=Ground ShouldRunAI=True
[DEBUG-RANGE] OnTriggerEnter2D on Enemy with tag=Ground ShouldRunAI=True
[DEBUG-RANGE] OnTriggerEnter2D on Enemy with tag=Ground ShouldRunAI=True
[DEBUG-RANGE] OnTriggerEnter2D on Enemy with tag=Ground ShouldRunAI=True
[DEBUG-RANGE] OnTriggerEnter2D on Enemy with tag=Ground ShouldRunAI=True
[DEBUG-RANGE] OnTriggerEnter2D on Enemy with tag=Ground ShouldRunAI=True
[DEBUG-RANGE] OnTriggerEnter2D on Enemy with tag=Ground ShouldRunAI=True
[DEBUG-RANGE] OnTriggerEnter2D on Enemy with tag=Ground ShouldRunAI=True
[DEBUG-RANGE] OnTriggerEnter2D on Enemy with tag=Ground ShouldRunAI=True
[DEBUG-RANGE] OnTriggerEnter2D on Enemy with tag=Ground ShouldRunAI=True
[DEBUG-RANGE] OnTriggerEnter2D on Enemy with tag=Ground ShouldRunAI=True
[DEBUG-RANGE] OnTriggerEnter2D on Enemy with tag=Ground ShouldRunAI=True
[DEBUG-RANGE] OnTriggerEnter2D on Enemy with tag=Ground ShouldRunAI=True
[DEBUG-RANGE] OnTriggerEnter2D on Enemy with tag=Ground ShouldRunAI=True
[DEBUG-RANGE] OnTriggerEnter2D on Enemy with tag=Ground ShouldRunAI=True
[DEBUG-RANGE] OnTriggerEnter2D on Enemy with tag=Ground ShouldRunAI=True
[DEBUG-RANGE] OnTriggerEnter2D on Enemy with tag=Ground ShouldRunAI=True
[DEBUG-RANGE] OnTriggerEnter2D on Enemy with tag=Ground ShouldRunAI=True
[DEBUG-RANGE] OnTriggerEnter2D on Enemy with tag=Ground ShouldRunAI=True
[DEBUG-RANGE] OnTriggerEnter2D on Enemy with tag=Ground ShouldRunAI=True
[DEBUG-RANGE] OnTriggerEnter2D on Enemy with tag=Interactable ShouldRunAI=True
[DEBUG-RANGE] OnTriggerEnter2D on Enemy with tag=Interactable ShouldRunAI=True
[DEBUG-RANGE] OnTriggerEnter2D on Enemy with tag=Interactable ShouldRunAI=True
[DEBUG-RANGE] OnTriggerEnter2D on Enemy with tag=Interactable ShouldRunAI=True
[DEBUG-RANGE] OnTriggerEnter2D on Enemy with tag=Interactable ShouldRunAI=True
[DEBUG-RANGE] OnTriggerEnter2D on Enemy with tag=Untagged ShouldRunAI=True
[DEBUG-RANGE] OnTriggerEnter2D on Enemy with tag=Obstacle ShouldRunAI=True
[DEBUG-RANGE] OnTriggerEnter2D on Enemy with tag=Obstacle ShouldRunAI=True
[DEBUG-RANGE] OnTriggerEnter2D on Enemy with tag=Obstacle ShouldRunAI=True
[DEBUG-RANGE] OnTriggerEnter2D on Enemy with tag=Untagged ShouldRunAI=True
[DEBUG-RANGE] OnTriggerEnter2D on Enemy with tag=Untagged ShouldRunAI=True
[DEBUG-RANGE] OnTriggerEnter2D on Enemy with tag=Untagged ShouldRunAI=True
[DEBUG-RANGE] OnTriggerEnter2D on Enemy with tag=Untagged ShouldRunAI=True
[DEBUG-RANGE] OnTriggerEnter2D on Enemy with tag=Untagged ShouldRunAI=True
[DEBUG-RANGE] OnTriggerEnter2D on Enemy with tag=HitBox ShouldRunAI=True
[DEBUG-RANGE] OnTriggerEnter2D on Enemy with tag=Obstacle ShouldRunAI=True
[DEBUG-RANGE] OnTriggerEnter2D on Enemy with tag=Untagged ShouldRunAI=True
[DEBUG-RANGE] OnTriggerEnter2D on Enemy with tag=Untagged ShouldRunAI=True
[DEBUG-RANGE] OnTriggerEnter2D on Enemy with tag=Untagged ShouldRunAI=True
[DEBUG-RANGE] OnTriggerEnter2D on Enemy with tag=Enemy ShouldRunAI=True
[DEBUG-RANGE] OnTriggerEnter2D on Enemy with tag=Enemy ShouldRunAI=True
[DEBUG-RANGE] OnTriggerEnter2D on Enemy with tag=Enemy ShouldRunAI=True
[DEBUG-RANGE] OnTriggerEnter2D on Enemy with tag=Obstacle ShouldRunAI=True
[DEBUG-RANGE] OnTriggerEnter2D on Enemy with tag=Untagged ShouldRunAI=True
[DEBUG-RANGE] OnTriggerEnter2D on Enemy with tag=Enemy ShouldRunAI=True
[DEBUG-RANGE] OnTriggerEnter2D on Enemy with tag=Untagged ShouldRunAI=True
[DEBUG-RANGE] OnTriggerEnter2D on Enemy with tag=Untagged ShouldRunAI=True
[DEBUG-RANGE] OnTriggerEnter2D on Enemy with tag=HitBox ShouldRunAI=True
[DEBUG-RANGE] OnTriggerEnter2D on Enemy with tag=Untagged ShouldRunAI=True
[DEBUG-RANGE] OnTriggerEnter2D on Enemy with tag=Untagged ShouldRunAI=True
[DEBUG-RANGE] OnTriggerEnter2D on Enemy with tag=Enemy ShouldRunAI=True
[DEBUG-RANGE] OnTriggerEnter2D on Enemy with tag=Untagged ShouldRunAI=True
[DEBUG-RANGE] OnTriggerEnter2D on Enemy with tag=Untagged ShouldRunAI=True
[DEBUG-RANGE] OnTriggerEnter2D on Enemy with tag=HitBox ShouldRunAI=True
[DEBUG-RANGE] OnTriggerEnter2D on Enemy with tag=Enemy ShouldRunAI=True
[DEBUG-RANGE] OnTriggerEnter2D on Enemy with tag=Untagged ShouldRunAI=True
[DEBUG-RANGE] OnTriggerEnter2D on Enemy with tag=Untagged ShouldRunAI=True
[DEBUG-RANGE] OnTriggerEnter2D on Enemy with tag=HitBox ShouldRunAI=True
[DEBUG-RANGE] OnTriggerEnter2D on Enemy with tag=Untagged ShouldRunAI=True
[DEBUG-RANGE] OnTriggerEnter2D on Enemy with tag=Untagged ShouldRunAI=True
[DEBUG-RANGE] OnTriggerEnter2D on Enemy with tag=Untagged ShouldRunAI=True
[DEBUG-RANGE] OnTriggerEnter2D on Enemy with tag=Untagged ShouldRunAI=True
[DEBUG-RANGE] OnTriggerEnter2D on Enemy with tag=Ground ShouldRunAI=True
[DEBUG-RANGE] OnTriggerEnter2D on Enemy with tag=Ground ShouldRunAI=True
[DEBUG-RANGE] OnTriggerEnter2D on Enemy with tag=Ground ShouldRunAI=True
[DEBUG-RANGE] OnTriggerEnter2D on Enemy with tag=Ground ShouldRunAI=True
[DEBUG-RANGE] OnTriggerEnter2D on Enemy with tag=Ground ShouldRunAI=True
[DEBUG-RANGE] OnTriggerEnter2D on Enemy with tag=Ground ShouldRunAI=True
[DEBUG-RANGE] OnTriggerEnter2D on Enemy with tag=Ground ShouldRunAI=True
[DEBUG-RANGE] OnTriggerEnter2D on Enemy with tag=Ground ShouldRunAI=True
[DEBUG-RANGE] OnTriggerEnter2D on Enemy with tag=Ground ShouldRunAI=True
[DEBUG-RANGE] OnTriggerEnter2D on Enemy with tag=Ground ShouldRunAI=True
[DEBUG-RANGE] OnTriggerEnter2D on Enemy with tag=Ground ShouldRunAI=True
[DEBUG-RANGE] OnTriggerEnter2D on Enemy with tag=Ground ShouldRunAI=True
[DEBUG-RANGE] OnTriggerEnter2D on Enemy with tag=Ground ShouldRunAI=True
[DEBUG-RANGE] OnTriggerEnter2D on Enemy with tag=Ground ShouldRunAI=True
[DEBUG-RANGE] OnTriggerEnter2D on Enemy with tag=Ground ShouldRunAI=True
[DEBUG-RANGE] OnTriggerEnter2D on Enemy with tag=Ground ShouldRunAI=True
[DEBUG-RANGE] OnTriggerEnter2D on Enemy with tag=Ground ShouldRunAI=True
[DEBUG-RANGE] OnTriggerEnter2D on Enemy with tag=Ground ShouldRunAI=True
[DEBUG-RANGE] OnTriggerEnter2D on Enemy with tag=Ground ShouldRunAI=True
[DEBUG-RANGE] OnTriggerEnter2D on Enemy with tag=Ground ShouldRunAI=True
[DEBUG-RANGE] OnTriggerEnter2D on Enemy with tag=Ground ShouldRunAI=True
[DEBUG-RANGE] OnTriggerEnter2D on Enemy with tag=Ground ShouldRunAI=True
[DEBUG-RANGE] OnTriggerEnter2D on Enemy with tag=Ground ShouldRunAI=True
[DEBUG-RANGE] OnTriggerEnter2D on Enemy with tag=Ground ShouldRunAI=True
[DEBUG-RANGE] OnTriggerEnter2D on Enemy with tag=Ground ShouldRunAI=True
[DEBUG-RANGE] OnTriggerEnter2D on Enemy with tag=Ground ShouldRunAI=True
[DEBUG-RANGE] OnTriggerEnter2D on Enemy with tag=Ground ShouldRunAI=True
[DEBUG-RANGE] OnTriggerEnter2D on Enemy with tag=Ground ShouldRunAI=True
[DEBUG-RANGE] OnTriggerEnter2D on Enemy with tag=Ground ShouldRunAI=True
[DEBUG-RANGE] OnTriggerEnter2D on Enemy with tag=Ground ShouldRunAI=True
[DEBUG-RANGE] OnTriggerEnter2D on Enemy with tag=Ground ShouldRunAI=True
[DEBUG-RANGE] OnTriggerEnter2D on Enemy with tag=Ground ShouldRunAI=True
[DEBUG-RANGE] OnTriggerEnter2D on Enemy with tag=Interactable ShouldRunAI=True
[DEBUG-RANGE] OnTriggerEnter2D on Enemy with tag=Interactable ShouldRunAI=True
[DEBUG-RANGE] OnTriggerEnter2D on Enemy with tag=Interactable ShouldRunAI=True
[DEBUG-RANGE] OnTriggerEnter2D on Enemy with tag=Interactable ShouldRunAI=True
[DEBUG-RANGE] OnTriggerEnter2D on Enemy with tag=Untagged ShouldRunAI=True
[DEBUG-RANGE] OnTriggerEnter2D on Enemy with tag=Untagged ShouldRunAI=True
[DEBUG-RANGE] OnTriggerEnter2D on Enemy with tag=Obstacle ShouldRunAI=True
[DEBUG-RANGE] OnTriggerEnter2D on Enemy with tag=Untagged ShouldRunAI=True
[DEBUG-RANGE] OnTriggerEnter2D on Enemy with tag=HitBox ShouldRunAI=True
[DEBUG-RANGE] OnTriggerEnter2D on Enemy with tag=HitBox ShouldRunAI=True
[DEBUG-RANGE] OnTriggerEnter2D on Enemy with tag=HitBox ShouldRunAI=True
[DEBUG-RANGE] OnTriggerEnter2D on Enemy with tag=Obstacle ShouldRunAI=True
[DEBUG-RANGE] OnTriggerEnter2D on Enemy with tag=Untagged ShouldRunAI=True
[DEBUG-RANGE] OnTriggerEnter2D on Enemy with tag=Enemy ShouldRunAI=True
[DEBUG-RANGE] OnTriggerEnter2D on Enemy with tag=Enemy ShouldRunAI=True
[DEBUG-RANGE] OnTriggerEnter2D on Enemy with tag=Enemy ShouldRunAI=True
[DEBUG-RANGE] OnTriggerEnter2D on Enemy with tag=Obstacle ShouldRunAI=True
[DEBUG-RANGE] OnTriggerEnter2D on Enemy with tag=Untagged ShouldRunAI=True
[DEBUG-RANGE] OnTriggerEnter2D on Enemy with tag=Untagged ShouldRunAI=True
[DEBUG-RANGE] OnTriggerEnter2D on Enemy with tag=Untagged ShouldRunAI=True
[DEBUG-RANGE] OnTriggerEnter2D on Enemy with tag=Enemy ShouldRunAI=True
[DEBUG-RANGE] OnTriggerEnter2D on Enemy with tag=Untagged ShouldRunAI=True
[DEBUG-RANGE] OnTriggerEnter2D on Enemy with tag=Untagged ShouldRunAI=True
[DEBUG-RANGE] OnTriggerEnter2D on Enemy with tag=HitBox ShouldRunAI=True
[DEBUG-RANGE] OnTriggerEnter2D on Enemy with tag=Enemy ShouldRunAI=True
[DEBUG-RANGE] OnTriggerEnter2D on Enemy with tag=Untagged ShouldRunAI=True
[DEBUG-RANGE] OnTriggerEnter2D on Enemy with tag=Untagged ShouldRunAI=True
[DEBUG-RANGE] OnTriggerEnter2D on Enemy with tag=HitBox ShouldRunAI=True
[DEBUG-RANGE] OnTriggerEnter2D on Enemy with tag=Enemy ShouldRunAI=True
[DEBUG-RANGE] OnTriggerEnter2D on Enemy with tag=Untagged ShouldRunAI=True
[DEBUG-RANGE] OnTriggerEnter2D on Enemy with tag=Untagged ShouldRunAI=True
[DEBUG-RANGE] OnTriggerEnter2D on Enemy with tag=Untagged ShouldRunAI=True
[DEBUG-RANGE] OnTriggerEnter2D on Enemy with tag=Untagged ShouldRunAI=True
[DEBUG-RANGE] OnTriggerEnter2D on Enemy with tag=Ground ShouldRunAI=True
[DEBUG-RANGE] OnTriggerEnter2D on Enemy with tag=Ground ShouldRunAI=True
[DEBUG-RANGE] OnTriggerEnter2D on Enemy with tag=Ground ShouldRunAI=True
[DEBUG-RANGE] OnTriggerEnter2D on Enemy with tag=Ground ShouldRunAI=True
[DEBUG-RANGE] OnTriggerEnter2D on Enemy with tag=Ground ShouldRunAI=True
[DEBUG-RANGE] OnTriggerEnter2D on Enemy with tag=Ground ShouldRunAI=True
[DEBUG-RANGE] OnTriggerEnter2D on Enemy with tag=Ground ShouldRunAI=True
[DEBUG-RANGE] OnTriggerEnter2D on Enemy with tag=Ground ShouldRunAI=True
[DEBUG-RANGE] OnTriggerEnter2D on Enemy with tag=Ground ShouldRunAI=True
[DEBUG-RANGE] OnTriggerEnter2D on Enemy with tag=Ground ShouldRunAI=True
[DEBUG-RANGE] OnTriggerEnter2D on Enemy with tag=Ground ShouldRunAI=True
[DEBUG-RANGE] OnTriggerEnter2D on Enemy with tag=Ground ShouldRunAI=True
[DEBUG-RANGE] OnTriggerEnter2D on Enemy with tag=Ground ShouldRunAI=True
[DEBUG-RANGE] OnTriggerEnter2D on Enemy with tag=Ground ShouldRunAI=True
[DEBUG-RANGE] OnTriggerEnter2D on Enemy with tag=Ground ShouldRunAI=True
[DEBUG-RANGE] OnTriggerEnter2D on Enemy with tag=Ground ShouldRunAI=True
[DEBUG-RANGE] OnTriggerEnter2D on Enemy with tag=Ground ShouldRunAI=True
[DEBUG-RANGE] OnTriggerEnter2D on Enemy with tag=Ground ShouldRunAI=True
[DEBUG-RANGE] OnTriggerEnter2D on Enemy with tag=Ground ShouldRunAI=True
[DEBUG-RANGE] OnTriggerEnter2D on Enemy with tag=Ground ShouldRunAI=True
[DEBUG-RANGE] OnTriggerEnter2D on Enemy with tag=Ground ShouldRunAI=True
[DEBUG-RANGE] OnTriggerEnter2D on Enemy with tag=Ground ShouldRunAI=True
[DEBUG-RANGE] OnTriggerEnter2D on Enemy with tag=Ground ShouldRunAI=True
[DEBUG-RANGE] OnTriggerEnter2D on Enemy with tag=Ground ShouldRunAI=True
[DEBUG-RANGE] OnTriggerEnter2D on Enemy with tag=Ground ShouldRunAI=True
[DEBUG-RANGE] OnTriggerEnter2D on Enemy with tag=Ground ShouldRunAI=True
[DEBUG-RANGE] OnTriggerEnter2D on Enemy with tag=Ground ShouldRunAI=True
[DEBUG-RANGE] OnTriggerEnter2D on Enemy with tag=Ground ShouldRunAI=True
[DEBUG-RANGE] OnTriggerEnter2D on Enemy with tag=Ground ShouldRunAI=True
[DEBUG-RANGE] OnTriggerEnter2D on Enemy with tag=Ground ShouldRunAI=True
[DEBUG-RANGE] OnTriggerEnter2D on Enemy with tag=Ground ShouldRunAI=True
[DEBUG-RANGE] OnTriggerEnter2D on Enemy with tag=Ground ShouldRunAI=True
[DEBUG-RANGE] OnTriggerEnter2D on Enemy with tag=Ground ShouldRunAI=True
[DEBUG-RANGE] OnTriggerEnter2D on Enemy with tag=Ground ShouldRunAI=True
[DEBUG-RANGE] OnTriggerEnter2D on Enemy with tag=Ground ShouldRunAI=True
[DEBUG-RANGE] OnTriggerEnter2D on Enemy with tag=Interactable ShouldRunAI=True
[DEBUG-RANGE] OnTriggerEnter2D on Enemy with tag=Interactable ShouldRunAI=True
[DEBUG-RANGE] OnTriggerEnter2D on Enemy with tag=Interactable ShouldRunAI=True
[DEBUG-RANGE] OnTriggerEnter2D on Enemy with tag=Interactable ShouldRunAI=True
[DEBUG-RANGE] OnTriggerEnter2D on Enemy with tag=Interactable ShouldRunAI=True
[DEBUG-RANGE] OnTriggerEnter2D on Enemy with tag=Untagged ShouldRunAI=True
[DEBUG-RANGE] OnTriggerEnter2D on Enemy with tag=Untagged ShouldRunAI=True
[DEBUG-RANGE] OnTriggerEnter2D on Enemy with tag=HitBox ShouldRunAI=True
[DEBUG-RANGE] OnTriggerEnter2D on Enemy with tag=HitBox ShouldRunAI=True
[DEBUG-RANGE] OnTriggerEnter2D on Enemy with tag=Untagged ShouldRunAI=True
[DEBUG-RANGE] OnTriggerEnter2D on Enemy with tag=Untagged ShouldRunAI=True
[DEBUG-RANGE] OnTriggerEnter2D on Enemy with tag=Untagged ShouldRunAI=True
[DEBUG-RANGE] OnTriggerEnter2D on Enemy with tag=Untagged ShouldRunAI=True
[DEBUG-RANGE] OnTriggerEnter2D on Enemy with tag=Untagged ShouldRunAI=True
[DEBUG-RANGE] OnTriggerEnter2D on Enemy with tag=Untagged ShouldRunAI=True
[DEBUG-RANGE] OnTriggerEnter2D on Enemy with tag=Ground ShouldRunAI=True
[DEBUG-RANGE] OnTriggerEnter2D on Enemy with tag=Ground ShouldRunAI=True
[DEBUG-RANGE] OnTriggerEnter2D on Enemy with tag=Ground ShouldRunAI=True
[DEBUG-RANGE] OnTriggerEnter2D on Enemy with tag=Ground ShouldRunAI=True
[DEBUG-RANGE] OnTriggerEnter2D on Enemy with tag=Ground ShouldRunAI=True
[DEBUG-RANGE] OnTriggerEnter2D on Enemy with tag=Ground ShouldRunAI=True
[DEBUG-RANGE] OnTriggerEnter2D on Enemy with tag=Ground ShouldRunAI=True
[DEBUG-RANGE] OnTriggerEnter2D on Enemy with tag=Ground ShouldRunAI=True
[DEBUG-RANGE] OnTriggerEnter2D on Enemy with tag=Ground ShouldRunAI=True
[DEBUG-RANGE] OnTriggerEnter2D on Enemy with tag=Ground ShouldRunAI=True
[DEBUG-RANGE] OnTriggerEnter2D on Enemy with tag=Ground ShouldRunAI=True
[DEBUG-RANGE] OnTriggerEnter2D on Enemy with tag=Ground ShouldRunAI=True
[DEBUG-RANGE] OnTriggerEnter2D on Enemy with tag=Ground ShouldRunAI=True
[DEBUG-RANGE] OnTriggerEnter2D on Enemy with tag=Ground ShouldRunAI=True
[DEBUG-RANGE] OnTriggerEnter2D on Enemy with tag=Ground ShouldRunAI=True
[DEBUG-RANGE] OnTriggerEnter2D on Enemy with tag=Ground ShouldRunAI=True
[DEBUG-RANGE] OnTriggerEnter2D on Enemy with tag=Ground ShouldRunAI=True
[DEBUG-RANGE] OnTriggerEnter2D on Enemy with tag=Ground ShouldRunAI=True
[DEBUG-RANGE] OnTriggerEnter2D on Enemy with tag=Ground ShouldRunAI=True
[DEBUG-RANGE] OnTriggerEnter2D on Enemy with tag=Ground ShouldRunAI=True
[DEBUG-RANGE] OnTriggerEnter2D on Enemy with tag=Ground ShouldRunAI=True
[DEBUG-RANGE] OnTriggerEnter2D on Enemy with tag=Ground ShouldRunAI=True
[DEBUG-RANGE] OnTriggerEnter2D on Enemy with tag=Ground ShouldRunAI=True
[DEBUG-RANGE] OnTriggerEnter2D on Enemy with tag=Ground ShouldRunAI=True
[DEBUG-RANGE] OnTriggerEnter2D on Enemy with tag=Ground ShouldRunAI=True
[DEBUG-RANGE] OnTriggerEnter2D on Enemy with tag=Ground ShouldRunAI=True
[DEBUG-RANGE] OnTriggerEnter2D on Enemy with tag=Ground ShouldRunAI=True
[DEBUG-RANGE] OnTriggerEnter2D on Enemy with tag=Ground ShouldRunAI=True
[DEBUG-RANGE] OnTriggerEnter2D on Enemy with tag=Ground ShouldRunAI=True
[DEBUG-RANGE] OnTriggerEnter2D on Enemy with tag=Ground ShouldRunAI=True
[DEBUG-RANGE] OnTriggerEnter2D on Enemy with tag=Ground ShouldRunAI=True
[DEBUG-RANGE] OnTriggerEnter2D on Enemy with tag=Ground ShouldRunAI=True
[DEBUG-RANGE] OnTriggerEnter2D on Enemy with tag=Ground ShouldRunAI=True
[DEBUG-RANGE] OnTriggerEnter2D on Enemy with tag=Interactable ShouldRunAI=True
[DEBUG-RANGE] OnTriggerEnter2D on Enemy with tag=Untagged ShouldRunAI=True
[DEBUG-RANGE] OnTriggerEnter2D on Enemy with tag=Untagged ShouldRunAI=True
[DEBUG-RANGE] OnTriggerEnter2D on Enemy with tag=Enemy ShouldRunAI=True
[DEBUG-RANGE] OnTriggerEnter2D on Enemy with tag=Enemy ShouldRunAI=True
[DEBUG-RANGE] OnTriggerEnter2D on Enemy with tag=Enemy ShouldRunAI=True
[DEBUG-RANGE] OnTriggerEnter2D on Enemy with tag=Untagged ShouldRunAI=True
[DEBUG-RANGE] OnTriggerEnter2D on Enemy with tag=Untagged ShouldRunAI=True
[DEBUG-RANGE] OnTriggerEnter2D on Enemy with tag=HitBox ShouldRunAI=True
[DEBUG-RANGE] OnTriggerEnter2D on Enemy with tag=Enemy ShouldRunAI=True
[DEBUG-RANGE] OnTriggerEnter2D on Enemy with tag=Untagged ShouldRunAI=True
[DEBUG-RANGE] OnTriggerEnter2D on Enemy with tag=Untagged ShouldRunAI=True
[DEBUG-RANGE] OnTriggerEnter2D on Enemy with tag=HitBox ShouldRunAI=True
[DEBUG-RANGE] OnTriggerEnter2D on Enemy with tag=Untagged ShouldRunAI=True
[DEBUG-RANGE] OnTriggerEnter2D on Enemy with tag=Untagged ShouldRunAI=True
[DEBUG-RANGE] OnTriggerEnter2D on Enemy with tag=Ground ShouldRunAI=True
[DEBUG-RANGE] OnTriggerEnter2D on Enemy with tag=Ground ShouldRunAI=True
[DEBUG-RANGE] OnTriggerEnter2D on Enemy with tag=Ground ShouldRunAI=True
[DEBUG-RANGE] OnTriggerEnter2D on Enemy with tag=Ground ShouldRunAI=True
[DEBUG-RANGE] OnTriggerEnter2D on Enemy with tag=Ground ShouldRunAI=True
[DEBUG-RANGE] OnTriggerEnter2D on Enemy with tag=Ground ShouldRunAI=True
[DEBUG-RANGE] OnTriggerEnter2D on Enemy with tag=Ground ShouldRunAI=True
[DEBUG-RANGE] OnTriggerEnter2D on Enemy with tag=Ground ShouldRunAI=True
[DEBUG-RANGE] OnTriggerEnter2D on Enemy with tag=Ground ShouldRunAI=True
[DEBUG-RANGE] OnTriggerEnter2D on Enemy with tag=Ground ShouldRunAI=True
[DEBUG-RANGE] OnTriggerEnter2D on Enemy with tag=Ground ShouldRunAI=True
[DEBUG-RANGE] OnTriggerEnter2D on Enemy with tag=Ground ShouldRunAI=True
[DEBUG-RANGE] OnTriggerEnter2D on Enemy with tag=Ground ShouldRunAI=True
[DEBUG-RANGE] OnTriggerEnter2D on Enemy with tag=Ground ShouldRunAI=True
[DEBUG-RANGE] OnTriggerEnter2D on Enemy with tag=Ground ShouldRunAI=True
[DEBUG-RANGE] OnTriggerEnter2D on Enemy with tag=Ground ShouldRunAI=True
[DEBUG-RANGE] OnTriggerEnter2D on Enemy with tag=Ground ShouldRunAI=True
[DEBUG-RANGE] OnTriggerEnter2D on Enemy with tag=Ground ShouldRunAI=True
[DEBUG-RANGE] OnTriggerEnter2D on Enemy with tag=Ground ShouldRunAI=True
[DEBUG-RANGE] OnTriggerEnter2D on Enemy with tag=Ground ShouldRunAI=True
[DEBUG-RANGE] OnTriggerEnter2D on Enemy with tag=Ground ShouldRunAI=True
[DEBUG-RANGE] OnTriggerEnter2D on Enemy with tag=Ground ShouldRunAI=True
[DEBUG-RANGE] OnTriggerEnter2D on Enemy with tag=Ground ShouldRunAI=True
[DEBUG-RANGE] OnTriggerEnter2D on Enemy with tag=Ground ShouldRunAI=True
[DEBUG-RANGE] OnTriggerEnter2D on Enemy with tag=Ground ShouldRunAI=True
[DEBUG-RANGE] OnTriggerEnter2D on Enemy with tag=Ground ShouldRunAI=True
[DEBUG-RANGE] OnTriggerEnter2D on Enemy with tag=Ground ShouldRunAI=True
[DEBUG-RANGE] OnTriggerEnter2D on Enemy with tag=Ground ShouldRunAI=True
[DEBUG-RANGE] OnTriggerEnter2D on Enemy with tag=Ground ShouldRunAI=True
[DEBUG-RANGE] OnTriggerEnter2D on Enemy with tag=Ground ShouldRunAI=True
[DEBUG-RANGE] OnTriggerEnter2D on Enemy with tag=Ground ShouldRunAI=True
[DEBUG-RANGE] OnTriggerEnter2D on Enemy with tag=Ground ShouldRunAI=True
[DEBUG-RANGE] OnTriggerEnter2D on Enemy with tag=Ground ShouldRunAI=True
[DEBUG-RANGE] OnTriggerEnter2D on Enemy with tag=Ground ShouldRunAI=True
[DEBUG-RANGE] OnTriggerEnter2D on Enemy with tag=Ground ShouldRunAI=True
[DEBUG-RANGE] OnTriggerEnter2D on Enemy with tag=Ground ShouldRunAI=True
[DEBUG-RANGE] OnTriggerEnter2D on Enemy with tag=Ground ShouldRunAI=True
[DEBUG-RANGE] OnTriggerEnter2D on Enemy with tag=Interactable ShouldRunAI=True
[DEBUG-RANGE] OnTriggerEnter2D on Enemy with tag=Interactable ShouldRunAI=True
[DEBUG-RANGE] OnTriggerEnter2D on Enemy with tag=Interactable ShouldRunAI=True
[DEBUG-RANGE] OnTriggerEnter2D on Enemy with tag=Interactable ShouldRunAI=True
[DEBUG-RANGE] OnTriggerEnter2D on Enemy with tag=Interactable ShouldRunAI=True
[DEBUG-RANGE] OnTriggerEnter2D on Enemy with tag=Interactable ShouldRunAI=True
[DEBUG-RANGE] OnTriggerEnter2D on Enemy with tag=Untagged ShouldRunAI=True
[DEBUG-RANGE] OnTriggerEnter2D on Enemy with tag=Untagged ShouldRunAI=True
[DEBUG-RANGE] OnTriggerEnter2D on Enemy with tag=HitBox ShouldRunAI=True
[DEBUG-RANGE] OnTriggerEnter2D on Enemy with tag=HitBox ShouldRunAI=True
[DEBUG-RANGE] OnTriggerEnter2D on Enemy with tag=Untagged ShouldRunAI=True
[DEBUG-RANGE] OnTriggerEnter2D on Enemy with tag=Untagged ShouldRunAI=True
[DEBUG-RANGE] OnTriggerEnter2D on Enemy with tag=Untagged ShouldRunAI=True
[DEBUG-RANGE] OnTriggerEnter2D on Enemy with tag=Untagged ShouldRunAI=True
[DEBUG-RANGE] OnTriggerEnter2D on Enemy with tag=Ground ShouldRunAI=True
[DEBUG-RANGE] OnTriggerEnter2D on Enemy with tag=Ground ShouldRunAI=True
[DEBUG-RANGE] OnTriggerEnter2D on Enemy with tag=Ground ShouldRunAI=True
[DEBUG-RANGE] OnTriggerEnter2D on Enemy with tag=Ground ShouldRunAI=True
[DEBUG-RANGE] OnTriggerEnter2D on Enemy with tag=Ground ShouldRunAI=True
[DEBUG-RANGE] OnTriggerEnter2D on Enemy with tag=Ground ShouldRunAI=True
[DEBUG-RANGE] OnTriggerEnter2D on Enemy with tag=Ground ShouldRunAI=True
[DEBUG-RANGE] OnTriggerEnter2D on Enemy with tag=Ground ShouldRunAI=True
[DEBUG-RANGE] OnTriggerEnter2D on Enemy with tag=Ground ShouldRunAI=True
[DEBUG-RANGE] OnTriggerEnter2D on Enemy with tag=Ground ShouldRunAI=True
[DEBUG-RANGE] OnTriggerEnter2D on Enemy with tag=Ground ShouldRunAI=True
[DEBUG-RANGE] OnTriggerEnter2D on Enemy with tag=Ground ShouldRunAI=True
[DEBUG-RANGE] OnTriggerEnter2D on Enemy with tag=Ground ShouldRunAI=True
[DEBUG-RANGE] OnTriggerEnter2D on Enemy with tag=Ground ShouldRunAI=True
[DEBUG-RANGE] OnTriggerEnter2D on Enemy with tag=Ground ShouldRunAI=True
[DEBUG-RANGE] OnTriggerEnter2D on Enemy with tag=Ground ShouldRunAI=True
[DEBUG-RANGE] OnTriggerEnter2D on Enemy with tag=Ground ShouldRunAI=True
[DEBUG-RANGE] OnTriggerEnter2D on Enemy with tag=Ground ShouldRunAI=True
[DEBUG-RANGE] OnTriggerEnter2D on Enemy with tag=Ground ShouldRunAI=True
[DEBUG-RANGE] OnTriggerEnter2D on Enemy with tag=Ground ShouldRunAI=True
[DEBUG-RANGE] OnTriggerEnter2D on Enemy with tag=Ground ShouldRunAI=True
[DEBUG-RANGE] OnTriggerEnter2D on Enemy with tag=Ground ShouldRunAI=True
[DEBUG-RANGE] OnTriggerEnter2D on Enemy with tag=Ground ShouldRunAI=True
[DEBUG-RANGE] OnTriggerEnter2D on Enemy with tag=Ground ShouldRunAI=True
[DEBUG-RANGE] OnTriggerEnter2D on Enemy with tag=Ground ShouldRunAI=True
[DEBUG-RANGE] OnTriggerEnter2D on Enemy with tag=Ground ShouldRunAI=True
[DEBUG-RANGE] OnTriggerEnter2D on Enemy with tag=Ground ShouldRunAI=True
[DEBUG-RANGE] OnTriggerEnter2D on Enemy with tag=Ground ShouldRunAI=True
[DEBUG-RANGE] OnTriggerEnter2D on Enemy with tag=Ground ShouldRunAI=True
[DEBUG-RANGE] OnTriggerEnter2D on Enemy with tag=Ground ShouldRunAI=True
[DEBUG-RANGE] OnTriggerEnter2D on Enemy with tag=Ground ShouldRunAI=True
[DEBUG-RANGE] OnTriggerEnter2D on Enemy with tag=Ground ShouldRunAI=True
[DEBUG-RANGE] OnTriggerEnter2D on Enemy with tag=Interactable ShouldRunAI=True
[DEBUG-RANGE] OnTriggerEnter2D on Enemy with tag=Interactable ShouldRunAI=True
[DEBUG-RANGE] OnTriggerEnter2D on Enemy with tag=Interactable ShouldRunAI=True
[DEBUG-RANGE] OnTriggerEnter2D on Enemy with tag=Interactable ShouldRunAI=True
[DEBUG-RANGE] OnTriggerEnter2D on Enemy with tag=Untagged ShouldRunAI=True
[DEBUG-RANGE] OnTriggerEnter2D on Enemy with tag=Untagged ShouldRunAI=True
[DEBUG-RANGE] OnTriggerEnter2D on Enemy with tag=Ground ShouldRunAI=True
[DEBUG-RANGE] OnTriggerEnter2D on Enemy with tag=Ground ShouldRunAI=True
[DEBUG-RANGE] OnTriggerEnter2D on Enemy with tag=Ground ShouldRunAI=True
[DEBUG-RANGE] OnTriggerEnter2D on Enemy with tag=Ground ShouldRunAI=True
[DEBUG-RANGE] OnTriggerEnter2D on Enemy with tag=Ground ShouldRunAI=True
[DEBUG-RANGE] OnTriggerEnter2D on Enemy with tag=Ground ShouldRunAI=True
[DEBUG-RANGE] OnTriggerEnter2D on Enemy with tag=Ground ShouldRunAI=True
[DEBUG-RANGE] OnTriggerEnter2D on Enemy with tag=Ground ShouldRunAI=True
[DEBUG-RANGE] OnTriggerEnter2D on Enemy with tag=Ground ShouldRunAI=True
[DEBUG-RANGE] OnTriggerEnter2D on Enemy with tag=Ground ShouldRunAI=True
[DEBUG-RANGE] OnTriggerEnter2D on Enemy with tag=Ground ShouldRunAI=True
[DEBUG-RANGE] OnTriggerEnter2D on Enemy with tag=Ground ShouldRunAI=True
[DEBUG-RANGE] OnTriggerEnter2D on Enemy with tag=Ground ShouldRunAI=True
[DEBUG-RANGE] OnTriggerEnter2D on Enemy with tag=Ground ShouldRunAI=True
[DEBUG-RANGE] OnTriggerEnter2D on Enemy with tag=Ground ShouldRunAI=True
[DEBUG-RANGE] OnTriggerEnter2D on Enemy with tag=Ground ShouldRunAI=True
[DEBUG-RANGE] OnTriggerEnter2D on Enemy with tag=Ground ShouldRunAI=True
[DEBUG-RANGE] OnTriggerEnter2D on Enemy with tag=Ground ShouldRunAI=True
[DEBUG-RANGE] OnTriggerEnter2D on Enemy with tag=Ground ShouldRunAI=True
[DEBUG-RANGE] OnTriggerEnter2D on Enemy with tag=Ground ShouldRunAI=True
[DEBUG-RANGE] OnTriggerEnter2D on Enemy with tag=Ground ShouldRunAI=True
[DEBUG-RANGE] OnTriggerEnter2D on Enemy with tag=Ground ShouldRunAI=True
[DEBUG-RANGE] OnTriggerEnter2D on Enemy with tag=Ground ShouldRunAI=True
[DEBUG-RANGE] OnTriggerEnter2D on Enemy with tag=Ground ShouldRunAI=True
[DEBUG-RANGE] OnTriggerEnter2D on Enemy with tag=Ground ShouldRunAI=True
[DEBUG-RANGE] OnTriggerEnter2D on Enemy with tag=Ground ShouldRunAI=True
[DEBUG-RANGE] OnTriggerEnter2D on Enemy with tag=Ground ShouldRunAI=True
[DEBUG-RANGE] OnTriggerEnter2D on Enemy with tag=Ground ShouldRunAI=True
[DEBUG-RANGE] OnTriggerEnter2D on Enemy with tag=Ground ShouldRunAI=True
[DEBUG-RANGE] OnTriggerEnter2D on Enemy with tag=Ground ShouldRunAI=True
[DEBUG-RANGE] OnTriggerEnter2D on Enemy with tag=Ground ShouldRunAI=True
[DEBUG-RANGE] OnTriggerEnter2D on Enemy with tag=Ground ShouldRunAI=True
[DEBUG-RANGE] OnTriggerEnter2D on Enemy with tag=Ground ShouldRunAI=True
[DEBUG-RANGE] OnTriggerEnter2D on Enemy with tag=Ground ShouldRunAI=True
[DEBUG-RANGE] OnTriggerEnter2D on Enemy with tag=Ground ShouldRunAI=True
[DEBUG-RANGE] OnTriggerEnter2D on Enemy with tag=Ground ShouldRunAI=True
[DEBUG-RANGE] OnTriggerEnter2D on Enemy with tag=Ground ShouldRunAI=True
[DEBUG-RANGE] OnTriggerEnter2D on Enemy with tag=Ground ShouldRunAI=True
[DEBUG-RANGE] OnTriggerEnter2D on Enemy with tag=Ground ShouldRunAI=True
[DEBUG-RANGE] OnTriggerEnter2D on Enemy with tag=Ground ShouldRunAI=True
[DEBUG-RANGE] OnTriggerEnter2D on Enemy with tag=Ground ShouldRunAI=True
[DEBUG-RANGE] OnTriggerEnter2D on Enemy with tag=Ground ShouldRunAI=True
[DEBUG-RANGE] OnTriggerEnter2D on Enemy with tag=Ground ShouldRunAI=True
[DEBUG-RANGE] OnTriggerEnter2D on Enemy with tag=Interactable ShouldRunAI=True
[DEBUG-RANGE] OnTriggerEnter2D on Enemy with tag=Interactable ShouldRunAI=True
[DEBUG-RANGE] OnTriggerEnter2D on Enemy with tag=Interactable ShouldRunAI=True
[DEBUG-RANGE] OnTriggerEnter2D on Enemy with tag=Untagged ShouldRunAI=True
[DEBUG-RANGE] OnTriggerEnter2D on Enemy with tag=Ground ShouldRunAI=True
[DEBUG-RANGE] OnTriggerEnter2D on Enemy with tag=Ground ShouldRunAI=True
[DEBUG-RANGE] OnTriggerEnter2D on Enemy with tag=Ground ShouldRunAI=True
[DEBUG-RANGE] OnTriggerEnter2D on Enemy with tag=Ground ShouldRunAI=True
[DEBUG-RANGE] OnTriggerEnter2D on Enemy with tag=Ground ShouldRunAI=True
[DEBUG-RANGE] OnTriggerEnter2D on Enemy with tag=Ground ShouldRunAI=True
[DEBUG-RANGE] OnTriggerEnter2D on Enemy with tag=Ground ShouldRunAI=True
[DEBUG-RANGE] OnTriggerEnter2D on Enemy with tag=Ground ShouldRunAI=True
[DEBUG-RANGE] OnTriggerEnter2D on Enemy with tag=Ground ShouldRunAI=True
[DEBUG-RANGE] OnTriggerEnter2D on Enemy with tag=Ground ShouldRunAI=True
[DEBUG-RANGE] OnTriggerEnter2D on Enemy with tag=Ground ShouldRunAI=True
[DEBUG-RANGE] OnTriggerEnter2D on Enemy with tag=Ground ShouldRunAI=True
[DEBUG-RANGE] OnTriggerEnter2D on Enemy with tag=Ground ShouldRunAI=True
[DEBUG-RANGE] OnTriggerEnter2D on Enemy with tag=Ground ShouldRunAI=True
[DEBUG-RANGE] OnTriggerEnter2D on Enemy with tag=Ground ShouldRunAI=True
[DEBUG-RANGE] OnTriggerEnter2D on Enemy with tag=Ground ShouldRunAI=True
[DEBUG-RANGE] OnTriggerEnter2D on Enemy with tag=Ground ShouldRunAI=True
[DEBUG-RANGE] OnTriggerEnter2D on Enemy with tag=Ground ShouldRunAI=True
[DEBUG-RANGE] OnTriggerEnter2D on Enemy with tag=Ground ShouldRunAI=True
[DEBUG-RANGE] OnTriggerEnter2D on Enemy with tag=Ground ShouldRunAI=True
[DEBUG-RANGE] OnTriggerEnter2D on Enemy with tag=Ground ShouldRunAI=True
[DEBUG-RANGE] OnTriggerEnter2D on Enemy with tag=Ground ShouldRunAI=True
[DEBUG-RANGE] OnTriggerEnter2D on Enemy with tag=Ground ShouldRunAI=True
[DEBUG-RANGE] OnTriggerEnter2D on Enemy with tag=Ground ShouldRunAI=True
[DEBUG-RANGE] OnTriggerEnter2D on Enemy with tag=Ground ShouldRunAI=True
[DEBUG-RANGE] OnTriggerEnter2D on Enemy with tag=Ground ShouldRunAI=True
[DEBUG-RANGE] OnTriggerEnter2D on Enemy with tag=Ground ShouldRunAI=True
[DEBUG-RANGE] OnTriggerEnter2D on Enemy with tag=Ground ShouldRunAI=True
[DEBUG-RANGE] OnTriggerEnter2D on Enemy with tag=Ground ShouldRunAI=True
[DEBUG-RANGE] OnTriggerEnter2D on Enemy with tag=Ground ShouldRunAI=True
[DEBUG-RANGE] OnTriggerEnter2D on Enemy with tag=Ground ShouldRunAI=True
[DEBUG-RANGE] OnTriggerEnter2D on Enemy with tag=Ground ShouldRunAI=True
[DEBUG-RANGE] OnTriggerEnter2D on Enemy with tag=Ground ShouldRunAI=True
[DEBUG-RANGE] OnTriggerEnter2D on Enemy with tag=Untagged ShouldRunAI=True
[DEBUG-RANGE] OnTriggerEnter2D on Enemy with tag=Untagged ShouldRunAI=True
[DEBUG-ENEMY] Enemy IsAlive=True ShouldRunAI=True state=IdleState MyTarget= MyAttackTime=1,99 IsAttacking=False AttackRange=0 dist=-1,00
[DEBUG-ENEMY] Enemy IsAlive=True ShouldRunAI=True state=IdleState MyTarget= MyAttackTime=1,99 IsAttacking=False AttackRange=0 dist=-1,00
[DEBUG-ENEMY] Enemy IsAlive=True ShouldRunAI=True state=IdleState MyTarget= MyAttackTime=1,99 IsAttacking=False AttackRange=5 dist=-1,00
[DEBUG-ENEMY] Enemy IsAlive=True ShouldRunAI=True state=IdleState MyTarget= MyAttackTime=1,99 IsAttacking=False AttackRange=5 dist=-1,00
[DEBUG-ENEMY] Enemy IsAlive=True ShouldRunAI=True state=IdleState MyTarget= MyAttackTime=1,99 IsAttacking=False AttackRange=0 dist=-1,00
[DEBUG-ENEMY] Enemy IsAlive=True ShouldRunAI=True state=IdleState MyTarget= MyAttackTime=1,99 IsAttacking=False AttackRange=5 dist=-1,00
[DEBUG-ENEMY] Enemy IsAlive=True ShouldRunAI=True state=IdleState MyTarget= MyAttackTime=1,99 IsAttacking=False AttackRange=0 dist=-1,00
[DEBUG-ENEMY] Enemy IsAlive=True ShouldRunAI=True state=IdleState MyTarget= MyAttackTime=1,99 IsAttacking=False AttackRange=0 dist=-1,00
[DEBUG-ENEMY] Enemy IsAlive=True ShouldRunAI=True state=IdleState MyTarget= MyAttackTime=1,99 IsAttacking=False AttackRange=0 dist=-1,00
[DEBUG-ENEMY] Enemy IsAlive=True ShouldRunAI=True state=IdleState MyTarget= MyAttackTime=1,99 IsAttacking=False AttackRange=5 dist=-1,00
[DEBUG-ENEMY] Enemy IsAlive=True ShouldRunAI=True state=IdleState MyTarget= MyAttackTime=3,99 IsAttacking=False AttackRange=0 dist=-1,00
[DEBUG-ENEMY] Enemy IsAlive=True ShouldRunAI=True state=IdleState MyTarget= MyAttackTime=3,99 IsAttacking=False AttackRange=0 dist=-1,00
[DEBUG-ENEMY] Enemy IsAlive=True ShouldRunAI=True state=IdleState MyTarget= MyAttackTime=3,99 IsAttacking=False AttackRange=5 dist=-1,00
[DEBUG-ENEMY] Enemy IsAlive=True ShouldRunAI=True state=IdleState MyTarget= MyAttackTime=3,99 IsAttacking=False AttackRange=5 dist=-1,00
[DEBUG-ENEMY] Enemy IsAlive=True ShouldRunAI=True state=IdleState MyTarget= MyAttackTime=3,99 IsAttacking=False AttackRange=0 dist=-1,00
[DEBUG-ENEMY] Enemy IsAlive=True ShouldRunAI=True state=IdleState MyTarget= MyAttackTime=3,99 IsAttacking=False AttackRange=5 dist=-1,00
[DEBUG-ENEMY] Enemy IsAlive=True ShouldRunAI=True state=IdleState MyTarget= MyAttackTime=3,99 IsAttacking=False AttackRange=0 dist=-1,00
[DEBUG-ENEMY] Enemy IsAlive=True ShouldRunAI=True state=IdleState MyTarget= MyAttackTime=3,99 IsAttacking=False AttackRange=0 dist=-1,00
[DEBUG-ENEMY] Enemy IsAlive=True ShouldRunAI=True state=IdleState MyTarget= MyAttackTime=3,99 IsAttacking=False AttackRange=0 dist=-1,00
[DEBUG-ENEMY] Enemy IsAlive=True ShouldRunAI=True state=IdleState MyTarget= MyAttackTime=3,99 IsAttacking=False AttackRange=5 dist=-1,00
[DEBUG-ENEMY] Enemy IsAlive=True ShouldRunAI=True state=IdleState MyTarget= MyAttackTime=5,99 IsAttacking=False AttackRange=0 dist=-1,00
[DEBUG-ENEMY] Enemy IsAlive=True ShouldRunAI=True state=IdleState MyTarget= MyAttackTime=5,99 IsAttacking=False AttackRange=0 dist=-1,00
[DEBUG-ENEMY] Enemy IsAlive=True ShouldRunAI=True state=IdleState MyTarget= MyAttackTime=5,99 IsAttacking=False AttackRange=5 dist=-1,00
[DEBUG-ENEMY] Enemy IsAlive=True ShouldRunAI=True state=IdleState MyTarget= MyAttackTime=5,99 IsAttacking=False AttackRange=5 dist=-1,00
[DEBUG-ENEMY] Enemy IsAlive=True ShouldRunAI=True state=IdleState MyTarget= MyAttackTime=5,99 IsAttacking=False AttackRange=0 dist=-1,00
[DEBUG-ENEMY] Enemy IsAlive=True ShouldRunAI=True state=IdleState MyTarget= MyAttackTime=5,99 IsAttacking=False AttackRange=5 dist=-1,00
[DEBUG-ENEMY] Enemy IsAlive=True ShouldRunAI=True state=IdleState MyTarget= MyAttackTime=5,99 IsAttacking=False AttackRange=0 dist=-1,00
[DEBUG-ENEMY] Enemy IsAlive=True ShouldRunAI=True state=IdleState MyTarget= MyAttackTime=5,99 IsAttacking=False AttackRange=0 dist=-1,00
[DEBUG-ENEMY] Enemy IsAlive=True ShouldRunAI=True state=IdleState MyTarget= MyAttackTime=5,99 IsAttacking=False AttackRange=0 dist=-1,00
[DEBUG-ENEMY] Enemy IsAlive=True ShouldRunAI=True state=IdleState MyTarget= MyAttackTime=5,99 IsAttacking=False AttackRange=5 dist=-1,00
[DEBUG-ENEMY] Enemy IsAlive=True ShouldRunAI=True state=IdleState MyTarget= MyAttackTime=7,99 IsAttacking=False AttackRange=0 dist=-1,00
[DEBUG-ENEMY] Enemy IsAlive=True ShouldRunAI=True state=IdleState MyTarget= MyAttackTime=7,99 IsAttacking=False AttackRange=0 dist=-1,00
[DEBUG-ENEMY] Enemy IsAlive=True ShouldRunAI=True state=IdleState MyTarget= MyAttackTime=7,99 IsAttacking=False AttackRange=5 dist=-1,00
[DEBUG-ENEMY] Enemy IsAlive=True ShouldRunAI=True state=IdleState MyTarget= MyAttackTime=7,99 IsAttacking=False AttackRange=5 dist=-1,00
[DEBUG-ENEMY] Enemy IsAlive=True ShouldRunAI=True state=IdleState MyTarget= MyAttackTime=7,99 IsAttacking=False AttackRange=0 dist=-1,00
[DEBUG-ENEMY] Enemy IsAlive=True ShouldRunAI=True state=IdleState MyTarget= MyAttackTime=7,99 IsAttacking=False AttackRange=5 dist=-1,00
[DEBUG-ENEMY] Enemy IsAlive=True ShouldRunAI=True state=IdleState MyTarget= MyAttackTime=7,99 IsAttacking=False AttackRange=0 dist=-1,00
[DEBUG-ENEMY] Enemy IsAlive=True ShouldRunAI=True state=IdleState MyTarget= MyAttackTime=7,99 IsAttacking=False AttackRange=0 dist=-1,00
[DEBUG-ENEMY] Enemy IsAlive=True ShouldRunAI=True state=IdleState MyTarget= MyAttackTime=7,99 IsAttacking=False AttackRange=0 dist=-1,00
[DEBUG-ENEMY] Enemy IsAlive=True ShouldRunAI=True state=IdleState MyTarget= MyAttackTime=7,99 IsAttacking=False AttackRange=5 dist=-1,00
[DEBUG-ENEMY] Enemy IsAlive=True ShouldRunAI=True state=IdleState MyTarget= MyAttackTime=9,99 IsAttacking=False AttackRange=0 dist=-1,00
[DEBUG-ENEMY] Enemy IsAlive=True ShouldRunAI=True state=IdleState MyTarget= MyAttackTime=9,99 IsAttacking=False AttackRange=0 dist=-1,00
[DEBUG-ENEMY] Enemy IsAlive=True ShouldRunAI=True state=IdleState MyTarget= MyAttackTime=9,99 IsAttacking=False AttackRange=5 dist=-1,00
[DEBUG-ENEMY] Enemy IsAlive=True ShouldRunAI=True state=IdleState MyTarget= MyAttackTime=9,99 IsAttacking=False AttackRange=5 dist=-1,00
[DEBUG-ENEMY] Enemy IsAlive=True ShouldRunAI=True state=IdleState MyTarget= MyAttackTime=9,99 IsAttacking=False AttackRange=0 dist=-1,00
[DEBUG-ENEMY] Enemy IsAlive=True ShouldRunAI=True state=IdleState MyTarget= MyAttackTime=9,99 IsAttacking=False AttackRange=5 dist=-1,00
[DEBUG-ENEMY] Enemy IsAlive=True ShouldRunAI=True state=IdleState MyTarget= MyAttackTime=9,99 IsAttacking=False AttackRange=0 dist=-1,00
[DEBUG-ENEMY] Enemy IsAlive=True ShouldRunAI=True state=IdleState MyTarget= MyAttackTime=9,99 IsAttacking=False AttackRange=0 dist=-1,00
[DEBUG-ENEMY] Enemy IsAlive=True ShouldRunAI=True state=IdleState MyTarget= MyAttackTime=9,99 IsAttacking=False AttackRange=0 dist=-1,00
[DEBUG-ENEMY] Enemy IsAlive=True ShouldRunAI=True state=IdleState MyTarget= MyAttackTime=9,99 IsAttacking=False AttackRange=5 dist=-1,00
[DEBUG-ENEMY] Enemy IsAlive=True ShouldRunAI=True state=IdleState MyTarget= MyAttackTime=11,99 IsAttacking=False AttackRange=0 dist=-1,00
[DEBUG-ENEMY] Enemy IsAlive=True ShouldRunAI=True state=IdleState MyTarget= MyAttackTime=11,99 IsAttacking=False AttackRange=0 dist=-1,00
[DEBUG-ENEMY] Enemy IsAlive=True ShouldRunAI=True state=IdleState MyTarget= MyAttackTime=11,99 IsAttacking=False AttackRange=5 dist=-1,00
[DEBUG-ENEMY] Enemy IsAlive=True ShouldRunAI=True state=IdleState MyTarget= MyAttackTime=11,99 IsAttacking=False AttackRange=5 dist=-1,00
[DEBUG-ENEMY] Enemy IsAlive=True ShouldRunAI=True state=IdleState MyTarget= MyAttackTime=11,99 IsAttacking=False AttackRange=0 dist=-1,00
[DEBUG-ENEMY] Enemy IsAlive=True ShouldRunAI=True state=IdleState MyTarget= MyAttackTime=11,99 IsAttacking=False AttackRange=5 dist=-1,00
[DEBUG-ENEMY] Enemy IsAlive=True ShouldRunAI=True state=IdleState MyTarget= MyAttackTime=11,99 IsAttacking=False AttackRange=0 dist=-1,00
[DEBUG-ENEMY] Enemy IsAlive=True ShouldRunAI=True state=IdleState MyTarget= MyAttackTime=11,99 IsAttacking=False AttackRange=0 dist=-1,00
[DEBUG-ENEMY] Enemy IsAlive=True ShouldRunAI=True state=IdleState MyTarget= MyAttackTime=11,99 IsAttacking=False AttackRange=0 dist=-1,00
[DEBUG-ENEMY] Enemy IsAlive=True ShouldRunAI=True state=IdleState MyTarget= MyAttackTime=11,99 IsAttacking=False AttackRange=5 dist=-1,00
[DEBUG-ENEMY] Enemy IsAlive=True ShouldRunAI=True state=IdleState MyTarget= MyAttackTime=13,99 IsAttacking=False AttackRange=0 dist=-1,00
[DEBUG-ENEMY] Enemy IsAlive=True ShouldRunAI=True state=IdleState MyTarget= MyAttackTime=13,99 IsAttacking=False AttackRange=0 dist=-1,00
[DEBUG-ENEMY] Enemy IsAlive=True ShouldRunAI=True state=IdleState MyTarget= MyAttackTime=13,99 IsAttacking=False AttackRange=5 dist=-1,00
[DEBUG-ENEMY] Enemy IsAlive=True ShouldRunAI=True state=IdleState MyTarget= MyAttackTime=13,99 IsAttacking=False AttackRange=5 dist=-1,00
[DEBUG-ENEMY] Enemy IsAlive=True ShouldRunAI=True state=IdleState MyTarget= MyAttackTime=13,99 IsAttacking=False AttackRange=0 dist=-1,00
[DEBUG-ENEMY] Enemy IsAlive=True ShouldRunAI=True state=IdleState MyTarget= MyAttackTime=13,99 IsAttacking=False AttackRange=5 dist=-1,00
[DEBUG-ENEMY] Enemy IsAlive=True ShouldRunAI=True state=IdleState MyTarget= MyAttackTime=13,99 IsAttacking=False AttackRange=0 dist=-1,00
[DEBUG-ENEMY] Enemy IsAlive=True ShouldRunAI=True state=IdleState MyTarget= MyAttackTime=13,99 IsAttacking=False AttackRange=0 dist=-1,00
[DEBUG-ENEMY] Enemy IsAlive=True ShouldRunAI=True state=IdleState MyTarget= MyAttackTime=13,99 IsAttacking=False AttackRange=0 dist=-1,00
[DEBUG-ENEMY] Enemy IsAlive=True ShouldRunAI=True state=IdleState MyTarget= MyAttackTime=13,99 IsAttacking=False AttackRange=5 dist=-1,00
[DEBUG-ENEMY] Enemy IsAlive=True ShouldRunAI=True state=IdleState MyTarget= MyAttackTime=15,99 IsAttacking=False AttackRange=0 dist=-1,00
[DEBUG-ENEMY] Enemy IsAlive=True ShouldRunAI=True state=IdleState MyTarget= MyAttackTime=15,99 IsAttacking=False AttackRange=0 dist=-1,00
[DEBUG-ENEMY] Enemy IsAlive=True ShouldRunAI=True state=IdleState MyTarget= MyAttackTime=15,99 IsAttacking=False AttackRange=5 dist=-1,00
[DEBUG-ENEMY] Enemy IsAlive=True ShouldRunAI=True state=IdleState MyTarget= MyAttackTime=15,99 IsAttacking=False AttackRange=5 dist=-1,00
[DEBUG-ENEMY] Enemy IsAlive=True ShouldRunAI=True state=IdleState MyTarget= MyAttackTime=15,99 IsAttacking=False AttackRange=0 dist=-1,00
[DEBUG-ENEMY] Enemy IsAlive=True ShouldRunAI=True state=IdleState MyTarget= MyAttackTime=15,99 IsAttacking=False AttackRange=5 dist=-1,00
[DEBUG-ENEMY] Enemy IsAlive=True ShouldRunAI=True state=IdleState MyTarget= MyAttackTime=15,99 IsAttacking=False AttackRange=0 dist=-1,00
[DEBUG-ENEMY] Enemy IsAlive=True ShouldRunAI=True state=IdleState MyTarget= MyAttackTime=15,99 IsAttacking=False AttackRange=0 dist=-1,00
[DEBUG-ENEMY] Enemy IsAlive=True ShouldRunAI=True state=IdleState MyTarget= MyAttackTime=15,99 IsAttacking=False AttackRange=0 dist=-1,00
[DEBUG-ENEMY] Enemy IsAlive=True ShouldRunAI=True state=IdleState MyTarget= MyAttackTime=15,99 IsAttacking=False AttackRange=5 dist=-1,00
[DEBUG-RANGE] OnTriggerEnter2D on Enemy with tag=Player ShouldRunAI=True
[DEBUG-RANGE] SetTarget called, MyTarget now=Player [connId=1866355813] (Player)
[DEBUG-RANGE] OnTriggerEnter2D on Enemy with tag=Untagged ShouldRunAI=True
[DEBUG-RANGE] OnTriggerEnter2D on Enemy with tag=HitBox ShouldRunAI=True
[DEBUG-RANGE] OnTriggerEnter2D on Enemy with tag=Ground ShouldRunAI=True
[DEBUG-RANGE] OnTriggerEnter2D on Enemy with tag=Ground ShouldRunAI=True
[DEBUG-RANGE] OnTriggerEnter2D on Enemy with tag=Ground ShouldRunAI=True
[DEBUG-RANGE] OnTriggerEnter2D on Enemy with tag=Ground ShouldRunAI=True
[DEBUG-RANGE] OnTriggerEnter2D on Enemy with tag=Obstacle ShouldRunAI=True
[DEBUG-RANGE] OnTriggerEnter2D on Enemy with tag=Ground ShouldRunAI=True
[DEBUG-RANGE] OnTriggerEnter2D on Enemy with tag=Ground ShouldRunAI=True
[DEBUG-RANGE] OnTriggerEnter2D on Enemy with tag=Ground ShouldRunAI=True
[DEBUG-RANGE] OnTriggerEnter2D on Enemy with tag=Ground ShouldRunAI=True
[DEBUG-RANGE] OnTriggerEnter2D on Enemy with tag=Untagged ShouldRunAI=True
[DEBUG-RANGE] OnTriggerEnter2D on Enemy with tag=Ground ShouldRunAI=True
[DEBUG-RANGE] OnTriggerEnter2D on Enemy with tag=Ground ShouldRunAI=True
[DEBUG-RANGE] OnTriggerEnter2D on Enemy with tag=Ground ShouldRunAI=True
[DEBUG-RANGE] OnTriggerEnter2D on Enemy with tag=Ground ShouldRunAI=True
[DEBUG-ENEMY] Enemy IsAlive=True ShouldRunAI=True state=IdleState MyTarget= MyAttackTime=17,99 IsAttacking=False AttackRange=0 dist=-1,00
[DEBUG-ENEMY] Enemy IsAlive=True ShouldRunAI=True state=IdleState MyTarget= MyAttackTime=17,99 IsAttacking=False AttackRange=0 dist=-1,00
[DEBUG-ENEMY] Enemy IsAlive=True ShouldRunAI=True state=IdleState MyTarget= MyAttackTime=17,99 IsAttacking=False AttackRange=5 dist=-1,00
[DEBUG-ENEMY] Enemy IsAlive=True ShouldRunAI=True state=IdleState MyTarget= MyAttackTime=17,99 IsAttacking=False AttackRange=5 dist=-1,00
[DEBUG-ENEMY] Enemy IsAlive=True ShouldRunAI=True state=FollowState MyTarget=Player [connId=1866355813] (Player) MyAttackTime=17,99 IsAttacking=False AttackRange=0 dist=13,71
[DEBUG-ENEMY] Enemy IsAlive=True ShouldRunAI=True state=IdleState MyTarget= MyAttackTime=17,99 IsAttacking=False AttackRange=5 dist=-1,00
[DEBUG-ENEMY] Enemy IsAlive=True ShouldRunAI=True state=IdleState MyTarget= MyAttackTime=17,99 IsAttacking=False AttackRange=0 dist=-1,00
[DEBUG-ENEMY] Enemy IsAlive=True ShouldRunAI=True state=IdleState MyTarget= MyAttackTime=17,99 IsAttacking=False AttackRange=0 dist=-1,00
[DEBUG-ENEMY] Enemy IsAlive=True ShouldRunAI=True state=IdleState MyTarget= MyAttackTime=17,99 IsAttacking=False AttackRange=0 dist=-1,00
[DEBUG-ENEMY] Enemy IsAlive=True ShouldRunAI=True state=IdleState MyTarget= MyAttackTime=17,99 IsAttacking=False AttackRange=5 dist=-1,00
[DEBUG-RANGE] OnTriggerEnter2D on Enemy with tag=Ground ShouldRunAI=True
[DEBUG-RANGE] OnTriggerEnter2D on Enemy with tag=Ground ShouldRunAI=True
[DEBUG-RANGE] OnTriggerEnter2D on Enemy with tag=Ground ShouldRunAI=True
[DEBUG-RANGE] OnTriggerEnter2D on Enemy with tag=Ground ShouldRunAI=True
[DEBUG-RANGE] OnTriggerEnter2D on Enemy with tag=Ground ShouldRunAI=True
[DEBUG-RANGE] OnTriggerEnter2D on Enemy with tag=Ground ShouldRunAI=True
[DEBUG-RANGE] OnTriggerEnter2D on Enemy with tag=Ground ShouldRunAI=True
[DEBUG-RANGE] OnTriggerEnter2D on Enemy with tag=Ground ShouldRunAI=True
[DEBUG-RANGE] OnTriggerEnter2D on Enemy with tag=Ground ShouldRunAI=True
[DEBUG-RANGE] OnTriggerEnter2D on Enemy with tag=Ground ShouldRunAI=True
[DEBUG-RANGE] OnTriggerEnter2D on Enemy with tag=Ground ShouldRunAI=True
[DEBUG-RANGE] OnTriggerEnter2D on Enemy with tag=Ground ShouldRunAI=True
[DEBUG-RANGE] OnTriggerEnter2D on Enemy with tag=Ground ShouldRunAI=True
[DEBUG-RANGE] OnTriggerEnter2D on Enemy with tag=Ground ShouldRunAI=True
[DEBUG-RANGE] OnTriggerEnter2D on Enemy with tag=Ground ShouldRunAI=True
[DEBUG-RANGE] OnTriggerEnter2D on Enemy with tag=Ground ShouldRunAI=True
[DEBUG-RANGE] OnTriggerEnter2D on Enemy with tag=Ground ShouldRunAI=True
[DEBUG-RANGE] OnTriggerEnter2D on Enemy with tag=Ground ShouldRunAI=True
[DEBUG-RANGE] OnTriggerEnter2D on Enemy with tag=Ground ShouldRunAI=True
[DEBUG-RANGE] OnTriggerEnter2D on Enemy with tag=Ground ShouldRunAI=True
[DEBUG-RANGE] OnTriggerEnter2D on Enemy with tag=Ground ShouldRunAI=True
[DEBUG-RANGE] OnTriggerEnter2D on Enemy with tag=Ground ShouldRunAI=True
[DEBUG-RANGE] OnTriggerEnter2D on Enemy with tag=Ground ShouldRunAI=True
[DEBUG-RANGE] OnTriggerEnter2D on Enemy with tag=Ground ShouldRunAI=True
[DEBUG-RANGE] OnTriggerEnter2D on Enemy with tag=Ground ShouldRunAI=True
[DEBUG-RANGE] OnTriggerEnter2D on Enemy with tag=Ground ShouldRunAI=True
[DEBUG-RANGE] OnTriggerEnter2D on Enemy with tag=Ground ShouldRunAI=True
[DEBUG-RANGE] OnTriggerEnter2D on Enemy with tag=Ground ShouldRunAI=True
[DEBUG-RANGE] OnTriggerEnter2D on Enemy with tag=Ground ShouldRunAI=True
[DEBUG-RANGE] OnTriggerEnter2D on Enemy with tag=Ground ShouldRunAI=True
[DEBUG-RANGE] OnTriggerEnter2D on Enemy with tag=Ground ShouldRunAI=True
[DEBUG-RANGE] OnTriggerEnter2D on Enemy with tag=Ground ShouldRunAI=True
[DEBUG-RANGE] OnTriggerEnter2D on Enemy with tag=Ground ShouldRunAI=True
[DEBUG-RANGE] OnTriggerEnter2D on Enemy with tag=Ground ShouldRunAI=True
[DEBUG-RANGE] OnTriggerEnter2D on Enemy with tag=Ground ShouldRunAI=True
[DEBUG-RANGE] OnTriggerEnter2D on Enemy with tag=Ground ShouldRunAI=True
[DEBUG-RANGE] OnTriggerEnter2D on Enemy with tag=Ground ShouldRunAI=True
[DEBUG-RANGE] OnTriggerEnter2D on Enemy with tag=Ground ShouldRunAI=True
[DEBUG-RANGE] OnTriggerEnter2D on Enemy with tag=Ground ShouldRunAI=True
[DEBUG-RANGE] OnTriggerEnter2D on Enemy with tag=Ground ShouldRunAI=True
[DEBUG-RANGE] OnTriggerEnter2D on Enemy with tag=Ground ShouldRunAI=True
[DEBUG-RANGE] OnTriggerEnter2D on Enemy with tag=Ground ShouldRunAI=True
[DEBUG-RANGE] OnTriggerEnter2D on Enemy with tag=Ground ShouldRunAI=True
[DEBUG-RANGE] OnTriggerEnter2D on Enemy with tag=Ground ShouldRunAI=True
[DEBUG-RANGE] OnTriggerEnter2D on Enemy with tag=Ground ShouldRunAI=True
[DEBUG-RANGE] OnTriggerEnter2D on Enemy with tag=Ground ShouldRunAI=True
[DEBUG-RANGE] OnTriggerEnter2D on Enemy with tag=Ground ShouldRunAI=True
[DEBUG-ENEMY] Enemy IsAlive=True ShouldRunAI=True state=IdleState MyTarget= MyAttackTime=19,99 IsAttacking=False AttackRange=0 dist=-1,00
[DEBUG-ENEMY] Enemy IsAlive=True ShouldRunAI=True state=IdleState MyTarget= MyAttackTime=19,99 IsAttacking=False AttackRange=0 dist=-1,00
[DEBUG-ENEMY] Enemy IsAlive=True ShouldRunAI=True state=IdleState MyTarget= MyAttackTime=19,99 IsAttacking=False AttackRange=5 dist=-1,00
[DEBUG-ENEMY] Enemy IsAlive=True ShouldRunAI=True state=IdleState MyTarget= MyAttackTime=19,99 IsAttacking=False AttackRange=5 dist=-1,00
[DEBUG-ENEMY] Enemy IsAlive=True ShouldRunAI=True state=FollowState MyTarget=Player [connId=1866355813] (Player) MyAttackTime=19,99 IsAttacking=False AttackRange=0 dist=12,04
[DEBUG-ENEMY] Enemy IsAlive=True ShouldRunAI=True state=IdleState MyTarget= MyAttackTime=19,99 IsAttacking=False AttackRange=5 dist=-1,00
[DEBUG-ENEMY] Enemy IsAlive=True ShouldRunAI=True state=IdleState MyTarget= MyAttackTime=19,99 IsAttacking=False AttackRange=0 dist=-1,00
[DEBUG-ENEMY] Enemy IsAlive=True ShouldRunAI=True state=IdleState MyTarget= MyAttackTime=19,99 IsAttacking=False AttackRange=0 dist=-1,00
[DEBUG-ENEMY] Enemy IsAlive=True ShouldRunAI=True state=IdleState MyTarget= MyAttackTime=19,99 IsAttacking=False AttackRange=0 dist=-1,00
[DEBUG-ENEMY] Enemy IsAlive=True ShouldRunAI=True state=IdleState MyTarget= MyAttackTime=19,99 IsAttacking=False AttackRange=5 dist=-1,00
[DEBUG-RANGE] OnTriggerEnter2D on Enemy with tag=Ground ShouldRunAI=True
[DEBUG-RANGE] OnTriggerEnter2D on Enemy with tag=Ground ShouldRunAI=True
[DEBUG-RANGE] OnTriggerEnter2D on Enemy with tag=Ground ShouldRunAI=True
[DEBUG-RANGE] OnTriggerEnter2D on Enemy with tag=Ground ShouldRunAI=True
[DEBUG-RANGE] OnTriggerEnter2D on Enemy with tag=Ground ShouldRunAI=True
[DEBUG-RANGE] OnTriggerEnter2D on Enemy with tag=Ground ShouldRunAI=True
[DEBUG-RANGE] OnTriggerEnter2D on Enemy with tag=Ground ShouldRunAI=True
[DEBUG-RANGE] OnTriggerEnter2D on Enemy with tag=Ground ShouldRunAI=True
[DEBUG-RANGE] OnTriggerEnter2D on Enemy with tag=Untagged ShouldRunAI=True
[DEBUG-RANGE] OnTriggerEnter2D on Enemy with tag=Untagged ShouldRunAI=True
[DEBUG-RANGE] OnTriggerEnter2D on Enemy with tag=Untagged ShouldRunAI=True
[DEBUG-RANGE] OnTriggerEnter2D on Enemy with tag=Untagged ShouldRunAI=True
[DEBUG-RANGE] OnTriggerEnter2D on Enemy with tag=Ground ShouldRunAI=True
[DEBUG-RANGE] OnTriggerEnter2D on Enemy with tag=Ground ShouldRunAI=True
[DEBUG-RANGE] OnTriggerEnter2D on Enemy with tag=Ground ShouldRunAI=True
[DEBUG-RANGE] OnTriggerEnter2D on Enemy with tag=Untagged ShouldRunAI=True
[DEBUG-RANGE] OnTriggerEnter2D on Enemy with tag=Untagged ShouldRunAI=True
[DEBUG-RANGE] OnTriggerEnter2D on Enemy with tag=Untagged ShouldRunAI=True
[DEBUG-RANGE] OnTriggerEnter2D on Enemy with tag=Untagged ShouldRunAI=True
[DEBUG-RANGE] OnTriggerEnter2D on Enemy with tag=Ground ShouldRunAI=True
[DEBUG-RANGE] OnTriggerEnter2D on Enemy with tag=Ground ShouldRunAI=True
[DEBUG-RANGE] OnTriggerEnter2D on Enemy with tag=Ground ShouldRunAI=True
[DEBUG-RANGE] OnTriggerEnter2D on Enemy with tag=Untagged ShouldRunAI=True
[DEBUG-RANGE] OnTriggerEnter2D on Enemy with tag=Untagged ShouldRunAI=True
[DEBUG-RANGE] OnTriggerEnter2D on Enemy with tag=Ground ShouldRunAI=True
[DEBUG-RANGE] OnTriggerEnter2D on Enemy with tag=Interactable ShouldRunAI=True
[DEBUG-RANGE] OnTriggerEnter2D on Enemy with tag=Ground ShouldRunAI=True
[DEBUG-RANGE] OnTriggerEnter2D on Enemy with tag=Ground ShouldRunAI=True
[DEBUG-RANGE] OnTriggerEnter2D on Enemy with tag=Ground ShouldRunAI=True
[DEBUG-ENEMY] Enemy IsAlive=True ShouldRunAI=True state=IdleState MyTarget= MyAttackTime=21,99 IsAttacking=False AttackRange=0 dist=-1,00
[DEBUG-ENEMY] Enemy IsAlive=True ShouldRunAI=True state=IdleState MyTarget= MyAttackTime=21,99 IsAttacking=False AttackRange=0 dist=-1,00
[DEBUG-ENEMY] Enemy IsAlive=True ShouldRunAI=True state=IdleState MyTarget= MyAttackTime=21,99 IsAttacking=False AttackRange=5 dist=-1,00
[DEBUG-ENEMY] Enemy IsAlive=True ShouldRunAI=True state=IdleState MyTarget= MyAttackTime=21,99 IsAttacking=False AttackRange=5 dist=-1,00
[DEBUG-ENEMY] Enemy IsAlive=True ShouldRunAI=True state=FollowState MyTarget=Player [connId=1866355813] (Player) MyAttackTime=21,99 IsAttacking=False AttackRange=0 dist=15,31
[DEBUG-ENEMY] Enemy IsAlive=True ShouldRunAI=True state=IdleState MyTarget= MyAttackTime=21,99 IsAttacking=False AttackRange=5 dist=-1,00
[DEBUG-ENEMY] Enemy IsAlive=True ShouldRunAI=True state=IdleState MyTarget= MyAttackTime=21,99 IsAttacking=False AttackRange=0 dist=-1,00
[DEBUG-ENEMY] Enemy IsAlive=True ShouldRunAI=True state=IdleState MyTarget= MyAttackTime=21,99 IsAttacking=False AttackRange=0 dist=-1,00
[DEBUG-ENEMY] Enemy IsAlive=True ShouldRunAI=True state=IdleState MyTarget= MyAttackTime=21,99 IsAttacking=False AttackRange=0 dist=-1,00
[DEBUG-ENEMY] Enemy IsAlive=True ShouldRunAI=True state=IdleState MyTarget= MyAttackTime=21,99 IsAttacking=False AttackRange=5 dist=-1,00
[DEBUG-RANGE] OnTriggerEnter2D on Enemy with tag=Ground ShouldRunAI=True
[DEBUG-RANGE] OnTriggerEnter2D on Enemy with tag=Ground ShouldRunAI=True
[DEBUG-RANGE] OnTriggerEnter2D on Enemy with tag=Ground ShouldRunAI=True
[DEBUG-RANGE] OnTriggerEnter2D on Enemy with tag=Ground ShouldRunAI=True
[DEBUG-RANGE] OnTriggerEnter2D on Enemy with tag=Enemy ShouldRunAI=True
[DEBUG-RANGE] OnTriggerEnter2D on Enemy with tag=Enemy ShouldRunAI=True
[DEBUG-RANGE] OnTriggerEnter2D on Enemy with tag=Enemy ShouldRunAI=True
[DEBUG-RANGE] OnTriggerEnter2D on Enemy with tag=Enemy ShouldRunAI=True
[DEBUG-RANGE] OnTriggerEnter2D on Enemy with tag=Untagged ShouldRunAI=True
[DEBUG-RANGE] OnTriggerEnter2D on Enemy with tag=Untagged ShouldRunAI=True
[DEBUG-RANGE] OnTriggerEnter2D on Enemy with tag=Ground ShouldRunAI=True
[DEBUG-RANGE] OnTriggerEnter2D on Enemy with tag=Ground ShouldRunAI=True
[DEBUG-RANGE] OnTriggerEnter2D on Enemy with tag=Player ShouldRunAI=True
[DEBUG-RANGE] SetTarget called, MyTarget now=Player [connId=1866355813] (Player)
[DEBUG-RANGE] OnTriggerEnter2D on Enemy with tag=HitBox ShouldRunAI=True
[DEBUG-RANGE] OnTriggerEnter2D on Enemy with tag=HitBox ShouldRunAI=True
[DEBUG-RANGE] OnTriggerEnter2D on Enemy with tag=Player ShouldRunAI=True
[DEBUG-RANGE] SetTarget called, MyTarget now=Player [connId=1866355813] (Player)
[DEBUG-RANGE] OnTriggerEnter2D on Enemy with tag=Player ShouldRunAI=True
[DEBUG-RANGE] SetTarget called, MyTarget now=Player [connId=1866355813] (Player)
[DEBUG-RANGE] OnTriggerEnter2D on Enemy with tag=HitBox ShouldRunAI=True
[DEBUG-RANGE] OnTriggerEnter2D on Enemy with tag=Ground ShouldRunAI=True
[DEBUG-RANGE] OnTriggerEnter2D on Enemy with tag=Ground ShouldRunAI=True
[DEBUG-RANGE] OnTriggerEnter2D on Enemy with tag=Ground ShouldRunAI=True
[DEBUG-RANGE] OnTriggerEnter2D on Enemy with tag=Obstacle ShouldRunAI=True
[DEBUG-RANGE] OnTriggerEnter2D on Enemy with tag=Enemy ShouldRunAI=True
[DEBUG-RANGE] OnTriggerEnter2D on Enemy with tag=Enemy ShouldRunAI=True
[DEBUG-RANGE] OnTriggerEnter2D on Enemy with tag=HitBox ShouldRunAI=True
[DEBUG-RANGE] OnTriggerEnter2D on Enemy with tag=HitBox ShouldRunAI=True
[DEBUG-RANGE] OnTriggerEnter2D on Enemy with tag=Ground ShouldRunAI=True
[DEBUG-RANGE] OnTriggerEnter2D on Enemy with tag=HitBox ShouldRunAI=True
[DEBUG-RANGE] OnTriggerEnter2D on Enemy with tag=HitBox ShouldRunAI=True
[DEBUG-RANGE] OnTriggerEnter2D on Enemy with tag=Ground ShouldRunAI=True
[DEBUG-RANGE] OnTriggerEnter2D on Enemy with tag=Untagged ShouldRunAI=True
[DEBUG-RANGE] OnTriggerEnter2D on Enemy with tag=Ground ShouldRunAI=True
[DEBUG-RANGE] OnTriggerEnter2D on Enemy with tag=Ground ShouldRunAI=True
[DEBUG-RANGE] OnTriggerEnter2D on Enemy with tag=Ground ShouldRunAI=True
[DEBUG-RANGE] OnTriggerEnter2D on Enemy with tag=Ground ShouldRunAI=True
[DEBUG-RANGE] OnTriggerEnter2D on Enemy with tag=Ground ShouldRunAI=True
[DEBUG-RANGE] OnTriggerEnter2D on Enemy with tag=HitBox ShouldRunAI=True
[DEBUG-RANGE] OnTriggerEnter2D on Enemy with tag=HitBox ShouldRunAI=True
[DEBUG-RANGE] OnTriggerEnter2D on Enemy with tag=Enemy ShouldRunAI=True
[DEBUG-RANGE] OnTriggerEnter2D on Enemy with tag=Enemy ShouldRunAI=True
[DEBUG-RANGE] OnTriggerEnter2D on Enemy with tag=Ground ShouldRunAI=True
[DEBUG-RANGE] OnTriggerEnter2D on Enemy with tag=Enemy ShouldRunAI=True
[DEBUG-RANGE] OnTriggerEnter2D on Enemy with tag=Enemy ShouldRunAI=True
[DEBUG-RANGE] OnTriggerEnter2D on Enemy with tag=Ground ShouldRunAI=True
[DEBUG-RANGE] OnTriggerEnter2D on Enemy with tag=Ground ShouldRunAI=True
[DEBUG-RANGE] OnTriggerEnter2D on Enemy with tag=Ground ShouldRunAI=True
[DEBUG-RANGE] OnTriggerEnter2D on Enemy with tag=Ground ShouldRunAI=True
[DEBUG-RANGE] OnTriggerEnter2D on Enemy with tag=Ground ShouldRunAI=True
[DEBUG-RANGE] OnTriggerEnter2D on Enemy with tag=HitBox ShouldRunAI=True
[DEBUG-RANGE] OnTriggerEnter2D on Enemy with tag=Ground ShouldRunAI=True
[DEBUG-RANGE] OnTriggerEnter2D on Enemy with tag=Obstacle ShouldRunAI=True
[DEBUG-RANGE] OnTriggerEnter2D on Enemy with tag=Player ShouldRunAI=True
[DEBUG-RANGE] SetTarget called, MyTarget now=Player [connId=1866355813] (Player)
[DEBUG-RANGE] OnTriggerEnter2D on Enemy with tag=Ground ShouldRunAI=True
[DEBUG-RANGE] OnTriggerEnter2D on Enemy with tag=HitBox ShouldRunAI=True
[DEBUG-RANGE] OnTriggerEnter2D on Enemy with tag=HitBox ShouldRunAI=True
[DEBUG-RANGE] OnTriggerEnter2D on Enemy with tag=Ground ShouldRunAI=True
[DEBUG-RANGE] OnTriggerEnter2D on Enemy with tag=Ground ShouldRunAI=True
[DEBUG-RANGE] OnTriggerEnter2D on Enemy with tag=Enemy ShouldRunAI=True
[DEBUG-RANGE] OnTriggerEnter2D on Enemy with tag=Ground ShouldRunAI=True
[DEBUG-RANGE] OnTriggerEnter2D on Enemy with tag=Ground ShouldRunAI=True
[DEBUG-RANGE] OnTriggerEnter2D on Enemy with tag=Ground ShouldRunAI=True
[DEBUG-RANGE] OnTriggerEnter2D on Enemy with tag=Ground ShouldRunAI=True
[DEBUG-RANGE] OnTriggerEnter2D on Enemy with tag=Ground ShouldRunAI=True
[DEBUG-RANGE] OnTriggerEnter2D on Enemy with tag=Enemy ShouldRunAI=True
[DEBUG-RANGE] OnTriggerEnter2D on Enemy with tag=Ground ShouldRunAI=True
[DEBUG-RANGE] OnTriggerEnter2D on Enemy with tag=Ground ShouldRunAI=True
[DEBUG-RANGE] OnTriggerEnter2D on Enemy with tag=Untagged ShouldRunAI=True
[DEBUG-RANGE] OnTriggerEnter2D on Enemy with tag=HitBox ShouldRunAI=True
[DEBUG-RANGE] OnTriggerEnter2D on Enemy with tag=HitBox ShouldRunAI=True
[DEBUG-RANGE] OnTriggerEnter2D on Enemy with tag=Ground ShouldRunAI=True
[DEBUG-RANGE] OnTriggerEnter2D on Enemy with tag=Ground ShouldRunAI=True
[DEBUG-RANGE] OnTriggerEnter2D on Enemy with tag=Ground ShouldRunAI=True
[DEBUG-RANGE] OnTriggerEnter2D on Enemy with tag=Ground ShouldRunAI=True
[DEBUG-RANGE] OnTriggerEnter2D on Enemy with tag=Enemy ShouldRunAI=True
[DEBUG-RANGE] OnTriggerEnter2D on Enemy with tag=Enemy ShouldRunAI=True
[DEBUG-RANGE] OnTriggerEnter2D on Enemy with tag=Ground ShouldRunAI=True
[DEBUG-RANGE] OnTriggerEnter2D on Enemy with tag=Untagged ShouldRunAI=True
[DEBUG-RANGE] OnTriggerEnter2D on Enemy with tag=Untagged ShouldRunAI=True
[DEBUG-RANGE] OnTriggerEnter2D on Enemy with tag=Ground ShouldRunAI=True
[DEBUG-RANGE] OnTriggerEnter2D on Enemy with tag=Ground ShouldRunAI=True
[DEBUG-RANGE] OnTriggerEnter2D on Enemy with tag=Ground ShouldRunAI=True
[DEBUG-RANGE] OnTriggerEnter2D on Enemy with tag=Obstacle ShouldRunAI=True
[DEBUG-RANGE] OnTriggerEnter2D on Enemy with tag=Ground ShouldRunAI=True
[DEBUG-RANGE] OnTriggerEnter2D on Enemy with tag=Untagged ShouldRunAI=True
[DEBUG-RANGE] OnTriggerEnter2D on Enemy with tag=Untagged ShouldRunAI=True
[DEBUG-RANGE] OnTriggerEnter2D on Enemy with tag=Ground ShouldRunAI=True
[DEBUG-RANGE] OnTriggerEnter2D on Enemy with tag=Ground ShouldRunAI=True
[DEBUG-RANGE] OnTriggerEnter2D on Enemy with tag=Ground ShouldRunAI=True
[DEBUG-RANGE] OnTriggerEnter2D on Enemy with tag=Ground ShouldRunAI=True
[DEBUG-RANGE] OnTriggerEnter2D on Enemy with tag=Ground ShouldRunAI=True
[DEBUG-RANGE] OnTriggerEnter2D on Enemy with tag=HitBox ShouldRunAI=True
[DEBUG-RANGE] OnTriggerEnter2D on Enemy with tag=HitBox ShouldRunAI=True
[DEBUG-RANGE] OnTriggerEnter2D on Enemy with tag=Ground ShouldRunAI=True
[DEBUG-RANGE] OnTriggerEnter2D on Enemy with tag=Ground ShouldRunAI=True
[DEBUG-RANGE] OnTriggerEnter2D on Enemy with tag=Ground ShouldRunAI=True
[DEBUG-RANGE] OnTriggerEnter2D on Enemy with tag=Ground ShouldRunAI=True
[DEBUG-RANGE] OnTriggerEnter2D on Enemy with tag=Interactable ShouldRunAI=True
[DEBUG-RANGE] OnTriggerEnter2D on Enemy with tag=Ground ShouldRunAI=True
[DEBUG-RANGE] OnTriggerEnter2D on Enemy with tag=Obstacle ShouldRunAI=True
[DEBUG-RANGE] OnTriggerEnter2D on Enemy with tag=Ground ShouldRunAI=True
[DEBUG-RANGE] OnTriggerEnter2D on Enemy with tag=Ground ShouldRunAI=True
[DEBUG-RANGE] OnTriggerEnter2D on Enemy with tag=Untagged ShouldRunAI=True
[DEBUG-RANGE] OnTriggerEnter2D on Enemy with tag=Ground ShouldRunAI=True
[DEBUG-RANGE] OnTriggerEnter2D on Enemy with tag=Ground ShouldRunAI=True
[DEBUG-RANGE] OnTriggerEnter2D on Enemy with tag=Ground ShouldRunAI=True
[DEBUG-RANGE] OnTriggerEnter2D on Enemy with tag=Ground ShouldRunAI=True
[DEBUG-RANGE] OnTriggerEnter2D on Enemy with tag=Ground ShouldRunAI=True
[DEBUG-RANGE] OnTriggerEnter2D on Enemy with tag=Ground ShouldRunAI=True
[DEBUG-RANGE] OnTriggerEnter2D on Enemy with tag=Ground ShouldRunAI=True
[DEBUG-ENEMY] Enemy IsAlive=True ShouldRunAI=True state=IdleState MyTarget= MyAttackTime=23,99 IsAttacking=False AttackRange=0 dist=-1,00
[DEBUG-ENEMY] Enemy IsAlive=True ShouldRunAI=True state=IdleState MyTarget= MyAttackTime=23,99 IsAttacking=False AttackRange=0 dist=-1,00
[DEBUG-ENEMY] Enemy IsAlive=True ShouldRunAI=True state=PathState MyTarget=Player [connId=1866355813] (Player) MyAttackTime=23,99 IsAttacking=False AttackRange=5 dist=10,59
[DEBUG-ENEMY] Enemy IsAlive=True ShouldRunAI=True state=IdleState MyTarget= MyAttackTime=23,99 IsAttacking=False AttackRange=5 dist=-1,00
[DEBUG-ENEMY] Enemy IsAlive=True ShouldRunAI=True state=FollowState MyTarget=Player [connId=1866355813] (Player) MyAttackTime=23,99 IsAttacking=False AttackRange=0 dist=18,77
[DEBUG-ENEMY] Enemy IsAlive=True ShouldRunAI=True state=PathState MyTarget=Player [connId=1866355813] (Player) MyAttackTime=23,99 IsAttacking=False AttackRange=5 dist=10,83
[DEBUG-ENEMY] Enemy IsAlive=True ShouldRunAI=True state=PathState MyTarget=Player [connId=1866355813] (Player) MyAttackTime=23,99 IsAttacking=False AttackRange=0 dist=16,17
[DEBUG-ENEMY] Enemy IsAlive=True ShouldRunAI=True state=IdleState MyTarget= MyAttackTime=23,99 IsAttacking=False AttackRange=0 dist=-1,00
[DEBUG-ENEMY] Enemy IsAlive=True ShouldRunAI=True state=IdleState MyTarget= MyAttackTime=23,99 IsAttacking=False AttackRange=0 dist=-1,00
[DEBUG-ENEMY] Enemy IsAlive=True ShouldRunAI=True state=PathState MyTarget=Player [connId=1866355813] (Player) MyAttackTime=23,99 IsAttacking=False AttackRange=5 dist=10,23
[DEBUG-RANGE] OnTriggerEnter2D on Enemy with tag=Obstacle ShouldRunAI=True
[DEBUG-RANGE] OnTriggerEnter2D on Enemy with tag=Ground ShouldRunAI=True
[DEBUG-RANGE] OnTriggerEnter2D on Enemy with tag=Ground ShouldRunAI=True
[DEBUG-RANGE] OnTriggerEnter2D on Enemy with tag=Obstacle ShouldRunAI=True
[DEBUG-RANGE] OnTriggerEnter2D on Enemy with tag=Ground ShouldRunAI=True
[DEBUG-RANGE] OnTriggerEnter2D on Enemy with tag=Ground ShouldRunAI=True
[DEBUG-RANGE] OnTriggerEnter2D on Enemy with tag=Ground ShouldRunAI=True
[DEBUG-RANGE] OnTriggerEnter2D on Enemy with tag=Ground ShouldRunAI=True
[DEBUG-RANGE] OnTriggerEnter2D on Enemy with tag=Ground ShouldRunAI=True
[DEBUG-RANGE] OnTriggerEnter2D on Enemy with tag=Ground ShouldRunAI=True
[DEBUG-RANGE] OnTriggerEnter2D on Enemy with tag=Untagged ShouldRunAI=True
[DEBUG-RANGE] OnTriggerEnter2D on Enemy with tag=Ground ShouldRunAI=True
[DEBUG-RANGE] OnTriggerEnter2D on Enemy with tag=Ground ShouldRunAI=True
[DEBUG-RANGE] OnTriggerEnter2D on Enemy with tag=Ground ShouldRunAI=True
[DEBUG-RANGE] OnTriggerEnter2D on Enemy with tag=Untagged ShouldRunAI=True
[DEBUG-RANGE] OnTriggerEnter2D on Enemy with tag=Ground ShouldRunAI=True
[DEBUG-RANGE] OnTriggerEnter2D on Enemy with tag=Ground ShouldRunAI=True
[DEBUG-RANGE] OnTriggerEnter2D on Enemy with tag=Ground ShouldRunAI=True
[DEBUG-RANGE] OnTriggerEnter2D on Enemy with tag=Ground ShouldRunAI=True
[DEBUG-RANGE] OnTriggerEnter2D on Enemy with tag=Ground ShouldRunAI=True
[DEBUG-RANGE] OnTriggerEnter2D on Enemy with tag=Ground ShouldRunAI=True
[DEBUG-RANGE] OnTriggerEnter2D on Enemy with tag=Ground ShouldRunAI=True
[DEBUG-RANGE] OnTriggerEnter2D on Enemy with tag=Ground ShouldRunAI=True
[DEBUG-RANGE] OnTriggerEnter2D on Enemy with tag=Ground ShouldRunAI=True
[DEBUG-RANGE] OnTriggerEnter2D on Enemy with tag=Untagged ShouldRunAI=True
[DEBUG-RANGE] OnTriggerEnter2D on Enemy with tag=Ground ShouldRunAI=True
[DEBUG-RANGE] OnTriggerEnter2D on Enemy with tag=Ground ShouldRunAI=True
[DEBUG-RANGE] OnTriggerEnter2D on Enemy with tag=Ground ShouldRunAI=True
[DEBUG-RANGE] OnTriggerEnter2D on Enemy with tag=Ground ShouldRunAI=True
[DEBUG-RANGE] OnTriggerEnter2D on Enemy with tag=Ground ShouldRunAI=True
[DEBUG-RANGE] OnTriggerEnter2D on Enemy with tag=Ground ShouldRunAI=True
[DEBUG-RANGE] OnTriggerEnter2D on Enemy with tag=Ground ShouldRunAI=True
[DEBUG-RANGE] OnTriggerEnter2D on Enemy with tag=Ground ShouldRunAI=True
[DEBUG-RANGE] OnTriggerEnter2D on Enemy with tag=Ground ShouldRunAI=True
[DEBUG-RANGE] OnTriggerEnter2D on Enemy with tag=Ground ShouldRunAI=True
[DEBUG-RANGE] OnTriggerEnter2D on Enemy with tag=Obstacle ShouldRunAI=True
[DEBUG-RANGE] OnTriggerEnter2D on Enemy with tag=Ground ShouldRunAI=True
[DEBUG-RANGE] OnTriggerEnter2D on Enemy with tag=Ground ShouldRunAI=True
[DEBUG-RANGE] OnTriggerEnter2D on Enemy with tag=Ground ShouldRunAI=True
[DEBUG-RANGE] OnTriggerEnter2D on Enemy with tag=Ground ShouldRunAI=True
[DEBUG-RANGE] OnTriggerEnter2D on Enemy with tag=Ground ShouldRunAI=True
[DEBUG-RANGE] OnTriggerEnter2D on Enemy with tag=Ground ShouldRunAI=True
[DEBUG-RANGE] OnTriggerEnter2D on Enemy with tag=Ground ShouldRunAI=True
[DEBUG-RANGE] OnTriggerEnter2D on Enemy with tag=Ground ShouldRunAI=True
[DEBUG-RANGE] OnTriggerEnter2D on Enemy with tag=Ground ShouldRunAI=True
[DEBUG-RANGE] OnTriggerEnter2D on Enemy with tag=Ground ShouldRunAI=True
[DEBUG-RANGE] OnTriggerEnter2D on Enemy with tag=Ground ShouldRunAI=True
[DEBUG-RANGE] OnTriggerEnter2D on Enemy with tag=Ground ShouldRunAI=True
[DEBUG-RANGE] OnTriggerEnter2D on Enemy with tag=Ground ShouldRunAI=True
[DEBUG-RANGE] OnTriggerEnter2D on Enemy with tag=Ground ShouldRunAI=True
[DEBUG-RANGE] OnTriggerEnter2D on Enemy with tag=Ground ShouldRunAI=True
[DEBUG-RANGE] OnTriggerEnter2D on Enemy with tag=Ground ShouldRunAI=True
[DEBUG-RANGE] OnTriggerEnter2D on Enemy with tag=Ground ShouldRunAI=True
[DEBUG-RANGE] OnTriggerEnter2D on Enemy with tag=Ground ShouldRunAI=True
[DEBUG-RANGE] OnTriggerEnter2D on Enemy with tag=Ground ShouldRunAI=True
[DEBUG-RANGE] OnTriggerEnter2D on Enemy with tag=Ground ShouldRunAI=True
[DEBUG-RANGE] OnTriggerEnter2D on Enemy with tag=Ground ShouldRunAI=True
[DEBUG-RANGE] OnTriggerEnter2D on Enemy with tag=Ground ShouldRunAI=True
[DEBUG-RANGE] OnTriggerEnter2D on Enemy with tag=Ground ShouldRunAI=True
[DEBUG-RANGE] OnTriggerEnter2D on Enemy with tag=Ground ShouldRunAI=True
[DEBUG-RANGE] OnTriggerEnter2D on Enemy with tag=Ground ShouldRunAI=True
[DEBUG-RANGE] OnTriggerEnter2D on Enemy with tag=Ground ShouldRunAI=True
[DEBUG-RANGE] OnTriggerEnter2D on Enemy with tag=Ground ShouldRunAI=True
[DEBUG-RANGE] OnTriggerEnter2D on Enemy with tag=Ground ShouldRunAI=True
[DEBUG-RANGE] OnTriggerEnter2D on Enemy with tag=Ground ShouldRunAI=True
[DEBUG-RANGE] OnTriggerEnter2D on Enemy with tag=Ground ShouldRunAI=True
[DEBUG-RANGE] OnTriggerEnter2D on Enemy with tag=Ground ShouldRunAI=True
[DEBUG-RANGE] OnTriggerEnter2D on Enemy with tag=Ground ShouldRunAI=True
[DEBUG-ENEMY] Enemy IsAlive=True ShouldRunAI=True state=IdleState MyTarget= MyAttackTime=25,99 IsAttacking=False AttackRange=0 dist=-1,00
[DEBUG-ENEMY] Enemy IsAlive=True ShouldRunAI=True state=IdleState MyTarget= MyAttackTime=25,99 IsAttacking=False AttackRange=0 dist=-1,00
[DEBUG-ENEMY] Enemy IsAlive=True ShouldRunAI=True state=FollowState MyTarget=Player [connId=1866355813] (Player) MyAttackTime=25,99 IsAttacking=False AttackRange=5 dist=9,55
[DEBUG-ENEMY] Enemy IsAlive=True ShouldRunAI=True state=IdleState MyTarget= MyAttackTime=25,99 IsAttacking=False AttackRange=5 dist=-1,00
[DEBUG-ENEMY] Enemy IsAlive=True ShouldRunAI=True state=FollowState MyTarget=Player [connId=1866355813] (Player) MyAttackTime=25,99 IsAttacking=False AttackRange=0 dist=18,42
[DEBUG-ENEMY] Enemy IsAlive=True ShouldRunAI=True state=FollowState MyTarget=Player [connId=1866355813] (Player) MyAttackTime=25,99 IsAttacking=False AttackRange=5 dist=9,78
[DEBUG-ENEMY] Enemy IsAlive=True ShouldRunAI=True state=PathState MyTarget=Player [connId=1866355813] (Player) MyAttackTime=25,99 IsAttacking=False AttackRange=0 dist=12,17
[DEBUG-ENEMY] Enemy IsAlive=True ShouldRunAI=True state=IdleState MyTarget= MyAttackTime=25,99 IsAttacking=False AttackRange=0 dist=-1,00
[DEBUG-ENEMY] Enemy IsAlive=True ShouldRunAI=True state=IdleState MyTarget= MyAttackTime=25,99 IsAttacking=False AttackRange=0 dist=-1,00
[DEBUG-ENEMY] Enemy IsAlive=True ShouldRunAI=True state=FollowState MyTarget=Player [connId=1866355813] (Player) MyAttackTime=25,99 IsAttacking=False AttackRange=5 dist=9,59
[DEBUG-RANGE] OnTriggerEnter2D on Enemy with tag=Ground ShouldRunAI=True
[DEBUG-RANGE] OnTriggerEnter2D on Enemy with tag=Ground ShouldRunAI=True
[DEBUG-RANGE] OnTriggerEnter2D on Enemy with tag=Ground ShouldRunAI=True
[DEBUG-RANGE] OnTriggerEnter2D on Enemy with tag=Ground ShouldRunAI=True
[DEBUG-RANGE] OnTriggerEnter2D on Enemy with tag=Ground ShouldRunAI=True
[DEBUG-RANGE] OnTriggerEnter2D on Enemy with tag=Ground ShouldRunAI=True
[DEBUG-RANGE] OnTriggerEnter2D on Enemy with tag=Ground ShouldRunAI=True
[DEBUG-RANGE] OnTriggerEnter2D on Enemy with tag=Ground ShouldRunAI=True
[DEBUG-RANGE] OnTriggerEnter2D on Enemy with tag=Ground ShouldRunAI=True
[DEBUG-RANGE] OnTriggerEnter2D on Enemy with tag=Ground ShouldRunAI=True
[DEBUG-RANGE] OnTriggerEnter2D on Enemy with tag=Ground ShouldRunAI=True
[DEBUG-RANGE] OnTriggerEnter2D on Enemy with tag=Ground ShouldRunAI=True
[DEBUG-RANGE] OnTriggerEnter2D on Enemy with tag=Ground ShouldRunAI=True
[DEBUG-RANGE] OnTriggerEnter2D on Enemy with tag=Ground ShouldRunAI=True
[DEBUG-RANGE] OnTriggerEnter2D on Enemy with tag=Ground ShouldRunAI=True
[DEBUG-RANGE] OnTriggerEnter2D on Enemy with tag=Ground ShouldRunAI=True
[DEBUG-RANGE] OnTriggerEnter2D on Enemy with tag=Ground ShouldRunAI=True
[DEBUG-RANGE] OnTriggerEnter2D on Enemy with tag=Ground ShouldRunAI=True
[DEBUG-RANGE] OnTriggerEnter2D on Enemy with tag=Ground ShouldRunAI=True
[DEBUG-RANGE] OnTriggerEnter2D on Enemy with tag=Ground ShouldRunAI=True
[DEBUG-RANGE] OnTriggerEnter2D on Enemy with tag=Ground ShouldRunAI=True
[DEBUG-RANGE] OnTriggerEnter2D on Enemy with tag=Untagged ShouldRunAI=True
[DEBUG-RANGE] OnTriggerEnter2D on Enemy with tag=Untagged ShouldRunAI=True
[DEBUG-RANGE] OnTriggerEnter2D on Enemy with tag=Ground ShouldRunAI=True
[DEBUG-RANGE] OnTriggerEnter2D on Enemy with tag=Ground ShouldRunAI=True
[DEBUG-RANGE] OnTriggerEnter2D on Enemy with tag=Untagged ShouldRunAI=True
[DEBUG-RANGE] OnTriggerEnter2D on Enemy with tag=Untagged ShouldRunAI=True
[DEBUG-RANGE] OnTriggerEnter2D on Enemy with tag=Ground ShouldRunAI=True
[DEBUG-RANGE] OnTriggerEnter2D on Enemy with tag=Ground ShouldRunAI=True
[DEBUG-RANGE] OnTriggerEnter2D on Enemy with tag=Untagged ShouldRunAI=True
[DEBUG-RANGE] OnTriggerEnter2D on Enemy with tag=Untagged ShouldRunAI=True
[DEBUG-RANGE] OnTriggerEnter2D on Enemy with tag=Ground ShouldRunAI=True
[DEBUG-RANGE] OnTriggerEnter2D on Enemy with tag=Untagged ShouldRunAI=True
[DEBUG-RANGE] OnTriggerEnter2D on Enemy with tag=Untagged ShouldRunAI=True
[DEBUG-RANGE] OnTriggerEnter2D on Enemy with tag=Ground ShouldRunAI=True
[DEBUG-RANGE] OnTriggerEnter2D on Enemy with tag=Ground ShouldRunAI=True
[DEBUG-RANGE] OnTriggerEnter2D on Enemy with tag=Ground ShouldRunAI=True
[DEBUG-RANGE] OnTriggerEnter2D on Enemy with tag=Ground ShouldRunAI=True
[DEBUG-RANGE] OnTriggerEnter2D on Enemy with tag=Ground ShouldRunAI=True
[DEBUG-RANGE] OnTriggerEnter2D on Enemy with tag=Ground ShouldRunAI=True
[DEBUG-RANGE] OnTriggerEnter2D on Enemy with tag=Ground ShouldRunAI=True
[DEBUG-RANGE] OnTriggerEnter2D on Enemy with tag=Ground ShouldRunAI=True
[DEBUG-RANGE] OnTriggerEnter2D on Enemy with tag=Ground ShouldRunAI=True
[DEBUG-RANGE] OnTriggerEnter2D on Enemy with tag=Ground ShouldRunAI=True
[DEBUG-RANGE] OnTriggerEnter2D on Enemy with tag=Ground ShouldRunAI=True
[DEBUG-RANGE] OnTriggerEnter2D on Enemy with tag=Ground ShouldRunAI=True
[DEBUG-RANGE] OnTriggerEnter2D on Enemy with tag=Ground ShouldRunAI=True
[DEBUG-RANGE] OnTriggerEnter2D on Enemy with tag=Ground ShouldRunAI=True
[DEBUG-RANGE] OnTriggerEnter2D on Enemy with tag=Ground ShouldRunAI=True
[DEBUG-RANGE] OnTriggerEnter2D on Enemy with tag=Ground ShouldRunAI=True
[DEBUG-RANGE] OnTriggerEnter2D on Enemy with tag=Ground ShouldRunAI=True
[DEBUG-RANGE] OnTriggerEnter2D on Enemy with tag=Ground ShouldRunAI=True
[DEBUG-RANGE] OnTriggerEnter2D on Enemy with tag=Ground ShouldRunAI=True
[DEBUG-RANGE] OnTriggerEnter2D on Enemy with tag=Ground ShouldRunAI=True
[DEBUG-RANGE] OnTriggerEnter2D on Enemy with tag=Ground ShouldRunAI=True
[DEBUG-RANGE] OnTriggerEnter2D on Enemy with tag=Ground ShouldRunAI=True
[DEBUG-RANGE] OnTriggerEnter2D on Enemy with tag=Ground ShouldRunAI=True
[DEBUG-RANGE] OnTriggerEnter2D on Enemy with tag=Ground ShouldRunAI=True
[DEBUG-RANGE] OnTriggerEnter2D on Enemy with tag=Ground ShouldRunAI=True
[DEBUG-RANGE] OnTriggerEnter2D on Enemy with tag=Ground ShouldRunAI=True
[DEBUG-RANGE] OnTriggerEnter2D on Enemy with tag=Ground ShouldRunAI=True
[DEBUG-RANGE] OnTriggerEnter2D on Enemy with tag=Ground ShouldRunAI=True
[DEBUG-RANGE] OnTriggerEnter2D on Enemy with tag=Ground ShouldRunAI=True
[DEBUG-RANGE] OnTriggerEnter2D on Enemy with tag=Ground ShouldRunAI=True
[DEBUG-RANGE] OnTriggerEnter2D on Enemy with tag=Ground ShouldRunAI=True
[DEBUG-RANGE] OnTriggerEnter2D on Enemy with tag=Ground ShouldRunAI=True
[DEBUG-RANGE] OnTriggerEnter2D on Enemy with tag=Ground ShouldRunAI=True
[DEBUG-RANGE] OnTriggerEnter2D on Enemy with tag=Ground ShouldRunAI=True
[DEBUG-RANGE] OnTriggerEnter2D on Enemy with tag=Ground ShouldRunAI=True
[DEBUG-RANGE] OnTriggerEnter2D on Enemy with tag=Ground ShouldRunAI=True
[DEBUG-RANGE] OnTriggerEnter2D on Enemy with tag=Ground ShouldRunAI=True
[DEBUG-RANGE] OnTriggerEnter2D on Enemy with tag=Ground ShouldRunAI=True
[DEBUG-RANGE] OnTriggerEnter2D on Enemy with tag=Ground ShouldRunAI=True
[DEBUG-RANGE] OnTriggerEnter2D on Enemy with tag=Ground ShouldRunAI=True
[DEBUG-ENEMY] Enemy IsAlive=True ShouldRunAI=True state=IdleState MyTarget= MyAttackTime=27,99 IsAttacking=False AttackRange=0 dist=-1,00
[DEBUG-ENEMY] Enemy IsAlive=True ShouldRunAI=True state=IdleState MyTarget= MyAttackTime=27,99 IsAttacking=False AttackRange=0 dist=-1,00
[DEBUG-ENEMY] Enemy IsAlive=True ShouldRunAI=True state=FollowState MyTarget=Player [connId=1866355813] (Player) MyAttackTime=27,99 IsAttacking=False AttackRange=5 dist=7,86
[DEBUG-ENEMY] Enemy IsAlive=True ShouldRunAI=True state=IdleState MyTarget= MyAttackTime=27,99 IsAttacking=False AttackRange=5 dist=-1,00
[DEBUG-ENEMY] Enemy IsAlive=True ShouldRunAI=True state=FollowState MyTarget=Player [connId=1866355813] (Player) MyAttackTime=27,99 IsAttacking=False AttackRange=0 dist=16,37
[DEBUG-ENEMY] Enemy IsAlive=True ShouldRunAI=True state=FollowState MyTarget=Player [connId=1866355813] (Player) MyAttackTime=27,99 IsAttacking=False AttackRange=5 dist=7,77
[DEBUG-ENEMY] Enemy IsAlive=True ShouldRunAI=True state=PathState MyTarget=Player [connId=1866355813] (Player) MyAttackTime=27,99 IsAttacking=False AttackRange=0 dist=9,79
[DEBUG-ENEMY] Enemy IsAlive=True ShouldRunAI=True state=IdleState MyTarget= MyAttackTime=27,99 IsAttacking=False AttackRange=0 dist=-1,00
[DEBUG-ENEMY] Enemy IsAlive=True ShouldRunAI=True state=IdleState MyTarget= MyAttackTime=27,99 IsAttacking=False AttackRange=0 dist=-1,00
[DEBUG-ENEMY] Enemy IsAlive=True ShouldRunAI=True state=FollowState MyTarget=Player [connId=1866355813] (Player) MyAttackTime=27,99 IsAttacking=False AttackRange=5 dist=7,86
[DEBUG-RANGE] OnTriggerEnter2D on Enemy with tag=Ground ShouldRunAI=True
[DEBUG-RANGE] OnTriggerEnter2D on Enemy with tag=Ground ShouldRunAI=True
[DEBUG-RANGE] OnTriggerEnter2D on Enemy with tag=Ground ShouldRunAI=True
[DEBUG-RANGE] OnTriggerEnter2D on Enemy with tag=Ground ShouldRunAI=True
[DEBUG-RANGE] OnTriggerEnter2D on Enemy with tag=Interactable ShouldRunAI=True
[DEBUG-RANGE] OnTriggerEnter2D on Enemy with tag=Ground ShouldRunAI=True
[DEBUG-RANGE] OnTriggerEnter2D on Enemy with tag=Ground ShouldRunAI=True
[DEBUG-RANGE] OnTriggerEnter2D on Enemy with tag=Ground ShouldRunAI=True
[DEBUG-RANGE] OnTriggerEnter2D on Enemy with tag=Ground ShouldRunAI=True
[DEBUG-RANGE] OnTriggerEnter2D on Enemy with tag=Ground ShouldRunAI=True
[DEBUG-RANGE] OnTriggerEnter2D on Enemy with tag=Ground ShouldRunAI=True
[DEBUG-RANGE] OnTriggerEnter2D on Enemy with tag=Ground ShouldRunAI=True
[DEBUG-RANGE] OnTriggerEnter2D on Enemy with tag=Ground ShouldRunAI=True
[DEBUG-RANGE] OnTriggerEnter2D on Enemy with tag=Ground ShouldRunAI=True
[DEBUG-RANGE] OnTriggerEnter2D on Enemy with tag=Ground ShouldRunAI=True
[DEBUG-RANGE] OnTriggerEnter2D on Enemy with tag=Ground ShouldRunAI=True
[DEBUG-RANGE] OnTriggerEnter2D on Enemy with tag=Ground ShouldRunAI=True
[DEBUG-RANGE] OnTriggerEnter2D on Enemy with tag=Ground ShouldRunAI=True
[DEBUG-RANGE] OnTriggerEnter2D on Enemy with tag=Ground ShouldRunAI=True
[DEBUG-RANGE] OnTriggerEnter2D on Enemy with tag=Ground ShouldRunAI=True
[DEBUG-RANGE] OnTriggerEnter2D on Enemy with tag=Ground ShouldRunAI=True
[DEBUG-RANGE] OnTriggerEnter2D on Enemy with tag=Ground ShouldRunAI=True
[DEBUG-RANGE] OnTriggerEnter2D on Enemy with tag=Ground ShouldRunAI=True
[DEBUG-RANGE] OnTriggerEnter2D on Enemy with tag=Ground ShouldRunAI=True
[DEBUG-RANGE] OnTriggerEnter2D on Enemy with tag=Ground ShouldRunAI=True
[DEBUG-RANGE] OnTriggerEnter2D on Enemy with tag=Ground ShouldRunAI=True
[DEBUG-RANGE] OnTriggerEnter2D on Enemy with tag=Ground ShouldRunAI=True
[DEBUG-RANGE] OnTriggerEnter2D on Enemy with tag=Ground ShouldRunAI=True
[DEBUG-RANGE] OnTriggerEnter2D on Enemy with tag=Ground ShouldRunAI=True
[DEBUG-RANGE] OnTriggerEnter2D on Enemy with tag=Ground ShouldRunAI=True
[DEBUG-RANGE] OnTriggerEnter2D on Enemy with tag=Ground ShouldRunAI=True
[DEBUG-RANGE] OnTriggerEnter2D on Enemy with tag=Ground ShouldRunAI=True
[DEBUG-RANGE] OnTriggerEnter2D on Enemy with tag=Ground ShouldRunAI=True
[DEBUG-RANGE] OnTriggerEnter2D on Enemy with tag=Ground ShouldRunAI=True
[DEBUG-RANGE] OnTriggerEnter2D on Enemy with tag=Ground ShouldRunAI=True
[DEBUG-RANGE] OnTriggerEnter2D on Enemy with tag=Ground ShouldRunAI=True
[DEBUG-RANGE] OnTriggerEnter2D on Enemy with tag=Ground ShouldRunAI=True
[DEBUG-RANGE] OnTriggerEnter2D on Enemy with tag=Ground ShouldRunAI=True
[DEBUG-RANGE] OnTriggerEnter2D on Enemy with tag=Ground ShouldRunAI=True
[DEBUG-RANGE] OnTriggerEnter2D on Enemy with tag=Ground ShouldRunAI=True
[DEBUG-RANGE] OnTriggerEnter2D on Enemy with tag=Ground ShouldRunAI=True
[DEBUG-RANGE] OnTriggerEnter2D on Enemy with tag=Ground ShouldRunAI=True
[DEBUG-RANGE] OnTriggerEnter2D on Enemy with tag=Ground ShouldRunAI=True
[DEBUG-RANGE] OnTriggerEnter2D on Enemy with tag=Ground ShouldRunAI=True
[DEBUG-RANGE] OnTriggerEnter2D on Enemy with tag=Ground ShouldRunAI=True
[DEBUG-RANGE] OnTriggerEnter2D on Enemy with tag=Ground ShouldRunAI=True
[DEBUG-RANGE] OnTriggerEnter2D on Enemy with tag=Ground ShouldRunAI=True
[DEBUG-RANGE] OnTriggerEnter2D on Enemy with tag=Ground ShouldRunAI=True
[DEBUG-RANGE] OnTriggerEnter2D on Enemy with tag=Ground ShouldRunAI=True
[DEBUG-RANGE] OnTriggerEnter2D on Enemy with tag=Ground ShouldRunAI=True
[DEBUG-RANGE] OnTriggerEnter2D on Enemy with tag=Ground ShouldRunAI=True
[DEBUG-RANGE] OnTriggerEnter2D on Enemy with tag=Ground ShouldRunAI=True
[DEBUG-RANGE] OnTriggerEnter2D on Enemy with tag=Ground ShouldRunAI=True
[DEBUG-RANGE] OnTriggerEnter2D on Enemy with tag=Ground ShouldRunAI=True
[DEBUG-RANGE] OnTriggerEnter2D on Enemy with tag=Ground ShouldRunAI=True
[DEBUG-RANGE] OnTriggerEnter2D on Enemy with tag=Ground ShouldRunAI=True
[DEBUG-RANGE] OnTriggerEnter2D on Enemy with tag=Ground ShouldRunAI=True
[DEBUG-RANGE] OnTriggerEnter2D on Enemy with tag=Ground ShouldRunAI=True
[DEBUG-RANGE] OnTriggerEnter2D on Enemy with tag=Ground ShouldRunAI=True
[DEBUG-RANGE] OnTriggerEnter2D on Enemy with tag=Ground ShouldRunAI=True
[DEBUG-RANGE] OnTriggerEnter2D on Enemy with tag=Ground ShouldRunAI=True
[DEBUG-RANGE] OnTriggerEnter2D on Enemy with tag=Ground ShouldRunAI=True
[DEBUG-RANGE] OnTriggerEnter2D on Enemy with tag=Ground ShouldRunAI=True
[DEBUG-RANGE] OnTriggerEnter2D on Enemy with tag=Ground ShouldRunAI=True
[DEBUG-RANGE] OnTriggerEnter2D on Enemy with tag=Ground ShouldRunAI=True
[DEBUG-RANGE] OnTriggerEnter2D on Enemy with tag=Ground ShouldRunAI=True
[DEBUG-RANGE] OnTriggerEnter2D on Enemy with tag=Ground ShouldRunAI=True
[DEBUG-RANGE] OnTriggerEnter2D on Enemy with tag=Ground ShouldRunAI=True
[DEBUG-RANGE] OnTriggerEnter2D on Enemy with tag=Ground ShouldRunAI=True
[DEBUG-RANGE] OnTriggerEnter2D on Enemy with tag=Ground ShouldRunAI=True
[DEBUG-RANGE] OnTriggerEnter2D on Enemy with tag=Ground ShouldRunAI=True
[DEBUG-RANGE] OnTriggerEnter2D on Enemy with tag=Ground ShouldRunAI=True
[DEBUG-RANGE] OnTriggerEnter2D on Enemy with tag=Ground ShouldRunAI=True
[DEBUG-RANGE] OnTriggerEnter2D on Enemy with tag=Ground ShouldRunAI=True
[DEBUG-RANGE] OnTriggerEnter2D on Enemy with tag=Ground ShouldRunAI=True
[DEBUG-RANGE] OnTriggerEnter2D on Enemy with tag=Ground ShouldRunAI=True
[DEBUG-RANGE] OnTriggerEnter2D on Enemy with tag=Ground ShouldRunAI=True
[DEBUG-RANGE] OnTriggerEnter2D on Enemy with tag=Ground ShouldRunAI=True
[DEBUG-RANGE] OnTriggerEnter2D on Enemy with tag=Ground ShouldRunAI=True
[DEBUG-RANGE] OnTriggerEnter2D on Enemy with tag=Ground ShouldRunAI=True
[DEBUG-RANGE] OnTriggerEnter2D on Enemy with tag=Ground ShouldRunAI=True
[DEBUG-RANGE] OnTriggerEnter2D on Enemy with tag=Ground ShouldRunAI=True
[DEBUG-RANGE] OnTriggerEnter2D on Enemy with tag=Ground ShouldRunAI=True
[DEBUG-RANGE] OnTriggerEnter2D on Enemy with tag=Ground ShouldRunAI=True
[DEBUG-RANGE] OnTriggerEnter2D on Enemy with tag=Ground ShouldRunAI=True
[DEBUG-RANGE] OnTriggerEnter2D on Enemy with tag=Ground ShouldRunAI=True
[DEBUG-RANGE] OnTriggerEnter2D on Enemy with tag=Ground ShouldRunAI=True
[DEBUG-RANGE] OnTriggerEnter2D on Enemy with tag=Ground ShouldRunAI=True
[DEBUG-RANGE] OnTriggerEnter2D on Enemy with tag=Ground ShouldRunAI=True
[DEBUG-RANGE] OnTriggerEnter2D on Enemy with tag=Ground ShouldRunAI=True
[DEBUG-RANGE] OnTriggerEnter2D on Enemy with tag=Ground ShouldRunAI=True
[DEBUG-ENEMY] Enemy IsAlive=True ShouldRunAI=True state=IdleState MyTarget= MyAttackTime=29,99 IsAttacking=False AttackRange=0 dist=-1,00
[DEBUG-ENEMY] Enemy IsAlive=True ShouldRunAI=True state=IdleState MyTarget= MyAttackTime=29,99 IsAttacking=False AttackRange=0 dist=-1,00
[DEBUG-ENEMY] Enemy IsAlive=True ShouldRunAI=True state=FollowState MyTarget=Player [connId=1866355813] (Player) MyAttackTime=29,99 IsAttacking=False AttackRange=5 dist=6,54
[DEBUG-ENEMY] Enemy IsAlive=True ShouldRunAI=True state=IdleState MyTarget= MyAttackTime=29,99 IsAttacking=False AttackRange=5 dist=-1,00
[DEBUG-ENEMY] Enemy IsAlive=True ShouldRunAI=True state=FollowState MyTarget=Player [connId=1866355813] (Player) MyAttackTime=29,99 IsAttacking=False AttackRange=0 dist=14,67
[DEBUG-ENEMY] Enemy IsAlive=True ShouldRunAI=True state=FollowState MyTarget=Player [connId=1866355813] (Player) MyAttackTime=29,99 IsAttacking=False AttackRange=5 dist=6,50
[DEBUG-ENEMY] Enemy IsAlive=True ShouldRunAI=True state=PathState MyTarget=Player [connId=1866355813] (Player) MyAttackTime=29,99 IsAttacking=False AttackRange=0 dist=5,85
[DEBUG-ENEMY] Enemy IsAlive=True ShouldRunAI=True state=IdleState MyTarget= MyAttackTime=29,99 IsAttacking=False AttackRange=0 dist=-1,00
[DEBUG-ENEMY] Enemy IsAlive=True ShouldRunAI=True state=IdleState MyTarget= MyAttackTime=29,99 IsAttacking=False AttackRange=0 dist=-1,00
[DEBUG-ENEMY] Enemy IsAlive=True ShouldRunAI=True state=FollowState MyTarget=Player [connId=1866355813] (Player) MyAttackTime=29,99 IsAttacking=False AttackRange=5 dist=6,54
[DEBUG-RANGE] OnTriggerEnter2D on Enemy with tag=Ground ShouldRunAI=True
[DEBUG-RANGE] OnTriggerEnter2D on Enemy with tag=Ground ShouldRunAI=True
[DEBUG-RANGE] OnTriggerEnter2D on Enemy with tag=Ground ShouldRunAI=True
[DEBUG-RANGE] OnTriggerEnter2D on Enemy with tag=Ground ShouldRunAI=True
[DEBUG-RANGE] OnTriggerEnter2D on Enemy with tag=Ground ShouldRunAI=True
[DEBUG-RANGE] OnTriggerEnter2D on Enemy with tag=Ground ShouldRunAI=True
[DEBUG-RANGE] OnTriggerEnter2D on Enemy with tag=Ground ShouldRunAI=True
[DEBUG-RANGE] OnTriggerEnter2D on Enemy with tag=Ground ShouldRunAI=True
[DEBUG-RANGE] OnTriggerEnter2D on Enemy with tag=Ground ShouldRunAI=True
[DEBUG-RANGE] OnTriggerEnter2D on Enemy with tag=Ground ShouldRunAI=True
[DEBUG-RANGE] OnTriggerEnter2D on Enemy with tag=Ground ShouldRunAI=True
[DEBUG-RANGE] OnTriggerEnter2D on Enemy with tag=Ground ShouldRunAI=True
[DEBUG-RANGE] OnTriggerEnter2D on Enemy with tag=Ground ShouldRunAI=True
[DEBUG-RANGE] OnTriggerEnter2D on Enemy with tag=Ground ShouldRunAI=True
[DEBUG-RANGE] OnTriggerEnter2D on Enemy with tag=Ground ShouldRunAI=True
[DEBUG-RANGE] OnTriggerEnter2D on Enemy with tag=Ground ShouldRunAI=True
[DEBUG-RANGE] OnTriggerEnter2D on Enemy with tag=Ground ShouldRunAI=True
[DEBUG-RANGE] OnTriggerEnter2D on Enemy with tag=Ground ShouldRunAI=True
[DEBUG-RANGE] OnTriggerEnter2D on Enemy with tag=Ground ShouldRunAI=True
[DEBUG-RANGE] OnTriggerEnter2D on Enemy with tag=Ground ShouldRunAI=True
[DEBUG-RANGE] OnTriggerEnter2D on Enemy with tag=Ground ShouldRunAI=True
[DEBUG-RANGE] OnTriggerEnter2D on Enemy with tag=Ground ShouldRunAI=True
[DEBUG-RANGE] OnTriggerEnter2D on Enemy with tag=Ground ShouldRunAI=True
[DEBUG-RANGE] OnTriggerEnter2D on Enemy with tag=Ground ShouldRunAI=True
[DEBUG-RANGE] OnTriggerEnter2D on Enemy with tag=Ground ShouldRunAI=True
[DEBUG-RANGE] OnTriggerEnter2D on Enemy with tag=Ground ShouldRunAI=True
[DEBUG-RANGE] OnTriggerEnter2D on Enemy with tag=Ground ShouldRunAI=True
[DEBUG-RANGE] OnTriggerEnter2D on Enemy with tag=Ground ShouldRunAI=True
[DEBUG-RANGE] OnTriggerEnter2D on Enemy with tag=Ground ShouldRunAI=True
[DEBUG-RANGE] OnTriggerEnter2D on Enemy with tag=Ground ShouldRunAI=True
[DEBUG-RANGE] OnTriggerEnter2D on Enemy with tag=Ground ShouldRunAI=True
[DEBUG-RANGE] OnTriggerEnter2D on Enemy with tag=Ground ShouldRunAI=True
[DEBUG-RANGE] OnTriggerEnter2D on Enemy with tag=Ground ShouldRunAI=True
[DEBUG-RANGE] OnTriggerEnter2D on Enemy with tag=Ground ShouldRunAI=True
[DEBUG-RANGE] OnTriggerEnter2D on Enemy with tag=Ground ShouldRunAI=True
[DEBUG-RANGE] OnTriggerEnter2D on Enemy with tag=Ground ShouldRunAI=True
[DEBUG-RANGE] OnTriggerEnter2D on Enemy with tag=Ground ShouldRunAI=True
[DEBUG-RANGE] OnTriggerEnter2D on Enemy with tag=Ground ShouldRunAI=True
[DEBUG-RANGE] OnTriggerEnter2D on Enemy with tag=Ground ShouldRunAI=True
[DEBUG-RANGE] OnTriggerEnter2D on Enemy with tag=Ground ShouldRunAI=True
[DEBUG-RANGE] OnTriggerEnter2D on Enemy with tag=Ground ShouldRunAI=True
[DEBUG-RANGE] OnTriggerEnter2D on Enemy with tag=Ground ShouldRunAI=True
[DEBUG-RANGE] OnTriggerEnter2D on Enemy with tag=Ground ShouldRunAI=True
[DEBUG-RANGE] OnTriggerEnter2D on Enemy with tag=Ground ShouldRunAI=True
[DEBUG-RANGE] OnTriggerEnter2D on Enemy with tag=Ground ShouldRunAI=True
[DEBUG-RANGE] OnTriggerEnter2D on Enemy with tag=Ground ShouldRunAI=True
[DEBUG-RANGE] OnTriggerEnter2D on Enemy with tag=Ground ShouldRunAI=True
[DEBUG-RANGE] OnTriggerEnter2D on Enemy with tag=Ground ShouldRunAI=True
[DEBUG-RANGE] OnTriggerEnter2D on Enemy with tag=Ground ShouldRunAI=True
[DEBUG-RANGE] OnTriggerEnter2D on Enemy with tag=Ground ShouldRunAI=True
[DEBUG-RANGE] OnTriggerEnter2D on Enemy with tag=Ground ShouldRunAI=True
[DEBUG-RANGE] OnTriggerEnter2D on Enemy with tag=Ground ShouldRunAI=True
[DEBUG-RANGE] OnTriggerEnter2D on Enemy with tag=Ground ShouldRunAI=True
[DEBUG-RANGE] OnTriggerEnter2D on Enemy with tag=Ground ShouldRunAI=True
[DEBUG-RANGE] OnTriggerEnter2D on Enemy with tag=Ground ShouldRunAI=True
[DEBUG-RANGE] OnTriggerEnter2D on Enemy with tag=Ground ShouldRunAI=True
[DEBUG-ENEMY] Enemy IsAlive=True ShouldRunAI=True state=IdleState MyTarget= MyAttackTime=31,99 IsAttacking=False AttackRange=0 dist=-1,00
[DEBUG-ENEMY] Enemy IsAlive=True ShouldRunAI=True state=IdleState MyTarget= MyAttackTime=31,99 IsAttacking=False AttackRange=0 dist=-1,00
[DEBUG-ENEMY] Enemy IsAlive=True ShouldRunAI=True state=FollowState MyTarget=Player [connId=1866355813] (Player) MyAttackTime=31,99 IsAttacking=False AttackRange=5 dist=6,90
[DEBUG-ENEMY] Enemy IsAlive=True ShouldRunAI=True state=IdleState MyTarget= MyAttackTime=31,99 IsAttacking=False AttackRange=5 dist=-1,00
[DEBUG-ENEMY] Enemy IsAlive=True ShouldRunAI=True state=FollowState MyTarget=Player [connId=1866355813] (Player) MyAttackTime=31,99 IsAttacking=False AttackRange=0 dist=15,56
[DEBUG-ENEMY] Enemy IsAlive=True ShouldRunAI=True state=FollowState MyTarget=Player [connId=1866355813] (Player) MyAttackTime=31,99 IsAttacking=False AttackRange=5 dist=6,87
[DEBUG-ENEMY] Enemy IsAlive=True ShouldRunAI=True state=EvadeState MyTarget=Player [connId=1866355813] (Player) MyAttackTime=31,99 IsAttacking=False AttackRange=0 dist=5,74
[DEBUG-ENEMY] Enemy IsAlive=True ShouldRunAI=True state=IdleState MyTarget= MyAttackTime=31,99 IsAttacking=False AttackRange=0 dist=-1,00
[DEBUG-ENEMY] Enemy IsAlive=True ShouldRunAI=True state=IdleState MyTarget= MyAttackTime=31,99 IsAttacking=False AttackRange=0 dist=-1,00
[DEBUG-ENEMY] Enemy IsAlive=True ShouldRunAI=True state=FollowState MyTarget=Player [connId=1866355813] (Player) MyAttackTime=31,99 IsAttacking=False AttackRange=5 dist=6,90
[DEBUG-RANGE] OnTriggerEnter2D on Enemy with tag=Ground ShouldRunAI=True
[DEBUG-RANGE] OnTriggerEnter2D on Enemy with tag=Ground ShouldRunAI=True
[DEBUG-RANGE] OnTriggerEnter2D on Enemy with tag=Ground ShouldRunAI=True
[DEBUG-RANGE] OnTriggerEnter2D on Enemy with tag=Ground ShouldRunAI=True
[DEBUG-RANGE] OnTriggerEnter2D on Enemy with tag=Ground ShouldRunAI=True
[DEBUG-RANGE] OnTriggerEnter2D on Enemy with tag=Ground ShouldRunAI=True
[DEBUG-RANGE] OnTriggerEnter2D on Enemy with tag=Ground ShouldRunAI=True
[DEBUG-RANGE] OnTriggerEnter2D on Enemy with tag=Ground ShouldRunAI=True
[DEBUG-RANGE] OnTriggerEnter2D on Enemy with tag=Ground ShouldRunAI=True
[DEBUG-RANGE] OnTriggerEnter2D on Enemy with tag=Ground ShouldRunAI=True
[DEBUG-RANGE] OnTriggerEnter2D on Enemy with tag=Ground ShouldRunAI=True
[DEBUG-RANGE] OnTriggerEnter2D on Enemy with tag=Ground ShouldRunAI=True
[DEBUG-RANGE] OnTriggerEnter2D on Enemy with tag=Ground ShouldRunAI=True
[DEBUG-RANGE] OnTriggerEnter2D on Enemy with tag=Ground ShouldRunAI=True
[DEBUG-RANGE] OnTriggerEnter2D on Enemy with tag=Interactable ShouldRunAI=True
[DEBUG-RANGE] OnTriggerEnter2D on Enemy with tag=Obstacle ShouldRunAI=True
[DEBUG-RANGE] OnTriggerEnter2D on Enemy with tag=Obstacle ShouldRunAI=True
[DEBUG-RANGE] OnTriggerEnter2D on Enemy with tag=Ground ShouldRunAI=True
[DEBUG-RANGE] OnTriggerEnter2D on Enemy with tag=Ground ShouldRunAI=True
[DEBUG-RANGE] OnTriggerEnter2D on Enemy with tag=Ground ShouldRunAI=True
[DEBUG-RANGE] OnTriggerEnter2D on Enemy with tag=Ground ShouldRunAI=True
[DEBUG-RANGE] OnTriggerEnter2D on Enemy with tag=Ground ShouldRunAI=True
[DEBUG-RANGE] OnTriggerEnter2D on Enemy with tag=Ground ShouldRunAI=True
[DEBUG-RANGE] OnTriggerEnter2D on Enemy with tag=Interactable ShouldRunAI=True
[DEBUG-RANGE] OnTriggerEnter2D on Enemy with tag=Interactable ShouldRunAI=True
[DEBUG-RANGE] OnTriggerEnter2D on Enemy with tag=Interactable ShouldRunAI=True
[DEBUG-RANGE] OnTriggerEnter2D on Enemy with tag=Ground ShouldRunAI=True
[DEBUG-RANGE] OnTriggerEnter2D on Enemy with tag=Ground ShouldRunAI=True
[DEBUG-RANGE] OnTriggerEnter2D on Enemy with tag=Ground ShouldRunAI=True
[DEBUG-RANGE] OnTriggerEnter2D on Enemy with tag=Untagged ShouldRunAI=True
[DEBUG-RANGE] OnTriggerEnter2D on Enemy with tag=Untagged ShouldRunAI=True
[DEBUG-RANGE] OnTriggerEnter2D on Enemy with tag=Obstacle ShouldRunAI=True
[DEBUG-RANGE] OnTriggerEnter2D on Enemy with tag=Ground ShouldRunAI=True
[DEBUG-RANGE] OnTriggerEnter2D on Enemy with tag=Ground ShouldRunAI=True
[DEBUG-RANGE] OnTriggerEnter2D on Enemy with tag=Ground ShouldRunAI=True
[DEBUG-RANGE] OnTriggerEnter2D on Enemy with tag=Untagged ShouldRunAI=True
[DEBUG-RANGE] OnTriggerEnter2D on Enemy with tag=Ground ShouldRunAI=True
[DEBUG-RANGE] OnTriggerEnter2D on Enemy with tag=Ground ShouldRunAI=True
[DEBUG-RANGE] OnTriggerEnter2D on Enemy with tag=Ground ShouldRunAI=True
[DEBUG-RANGE] OnTriggerEnter2D on Enemy with tag=Ground ShouldRunAI=True
[DEBUG-RANGE] OnTriggerEnter2D on Enemy with tag=Untagged ShouldRunAI=True
[DEBUG-RANGE] OnTriggerEnter2D on Enemy with tag=Ground ShouldRunAI=True
[DEBUG-RANGE] OnTriggerEnter2D on Enemy with tag=Ground ShouldRunAI=True
[DEBUG-RANGE] OnTriggerEnter2D on Enemy with tag=Ground ShouldRunAI=True
[DEBUG-RANGE] OnTriggerEnter2D on Enemy with tag=Ground ShouldRunAI=True
[DEBUG-RANGE] OnTriggerEnter2D on Enemy with tag=Untagged ShouldRunAI=True
[DEBUG-RANGE] OnTriggerEnter2D on Enemy with tag=Untagged ShouldRunAI=True
[DEBUG-RANGE] OnTriggerEnter2D on Enemy with tag=Ground ShouldRunAI=True
[DEBUG-RANGE] OnTriggerEnter2D on Enemy with tag=Ground ShouldRunAI=True
[DEBUG-RANGE] OnTriggerEnter2D on Enemy with tag=Ground ShouldRunAI=True
[DEBUG-RANGE] OnTriggerEnter2D on Enemy with tag=Untagged ShouldRunAI=True
[DEBUG-RANGE] OnTriggerEnter2D on Enemy with tag=Ground ShouldRunAI=True
[DEBUG-RANGE] OnTriggerEnter2D on Enemy with tag=Ground ShouldRunAI=True
[DEBUG-RANGE] OnTriggerEnter2D on Enemy with tag=Ground ShouldRunAI=True
[DEBUG-RANGE] OnTriggerEnter2D on Enemy with tag=Ground ShouldRunAI=True
[DEBUG-RANGE] OnTriggerEnter2D on Enemy with tag=Ground ShouldRunAI=True
[DEBUG-RANGE] OnTriggerEnter2D on Enemy with tag=Untagged ShouldRunAI=True
[DEBUG-RANGE] OnTriggerEnter2D on Enemy with tag=Untagged ShouldRunAI=True
[DEBUG-RANGE] OnTriggerEnter2D on Enemy with tag=Ground ShouldRunAI=True
[DEBUG-RANGE] OnTriggerEnter2D on Enemy with tag=Ground ShouldRunAI=True
[DEBUG-RANGE] OnTriggerEnter2D on Enemy with tag=Ground ShouldRunAI=True
[DEBUG-RANGE] OnTriggerEnter2D on Enemy with tag=Ground ShouldRunAI=True
[DEBUG-RANGE] OnTriggerEnter2D on Enemy with tag=Ground ShouldRunAI=True
[DEBUG-RANGE] OnTriggerEnter2D on Enemy with tag=Ground ShouldRunAI=True
[DEBUG-RANGE] OnTriggerEnter2D on Enemy with tag=Ground ShouldRunAI=True
[DEBUG-RANGE] OnTriggerEnter2D on Enemy with tag=Ground ShouldRunAI=True
[DEBUG-RANGE] OnTriggerEnter2D on Enemy with tag=Ground ShouldRunAI=True
[DEBUG-RANGE] OnTriggerEnter2D on Enemy with tag=Untagged ShouldRunAI=True
[DEBUG-RANGE] OnTriggerEnter2D on Enemy with tag=Untagged ShouldRunAI=True
[DEBUG-RANGE] OnTriggerEnter2D on Enemy with tag=Untagged ShouldRunAI=True
[DEBUG-RANGE] OnTriggerEnter2D on Enemy with tag=Untagged ShouldRunAI=True
[DEBUG-RANGE] OnTriggerEnter2D on Enemy with tag=Untagged ShouldRunAI=True
[DEBUG-RANGE] OnTriggerEnter2D on Enemy with tag=Untagged ShouldRunAI=True
[DEBUG-RANGE] OnTriggerEnter2D on Enemy with tag=Obstacle ShouldRunAI=True
[DEBUG-RANGE] OnTriggerEnter2D on Enemy with tag=Ground ShouldRunAI=True
[DEBUG-RANGE] OnTriggerEnter2D on Enemy with tag=Ground ShouldRunAI=True
[DEBUG-RANGE] OnTriggerEnter2D on Enemy with tag=Untagged ShouldRunAI=True
[DEBUG-RANGE] OnTriggerEnter2D on Enemy with tag=Ground ShouldRunAI=True
[DEBUG-RANGE] OnTriggerEnter2D on Enemy with tag=Untagged ShouldRunAI=True
[DEBUG-RANGE] OnTriggerEnter2D on Enemy with tag=Ground ShouldRunAI=True
[DEBUG-RANGE] OnTriggerEnter2D on Enemy with tag=Untagged ShouldRunAI=True
[DEBUG-RANGE] OnTriggerEnter2D on Enemy with tag=Untagged ShouldRunAI=True
[DEBUG-RANGE] OnTriggerEnter2D on Enemy with tag=Untagged ShouldRunAI=True
[DEBUG-RANGE] OnTriggerEnter2D on Enemy with tag=Untagged ShouldRunAI=True
[DEBUG-RANGE] OnTriggerEnter2D on Enemy with tag=Ground ShouldRunAI=True
[DEBUG-RANGE] OnTriggerEnter2D on Enemy with tag=Untagged ShouldRunAI=True
[DEBUG-RANGE] OnTriggerEnter2D on Enemy with tag=Untagged ShouldRunAI=True
[DEBUG-RANGE] OnTriggerEnter2D on Enemy with tag=Ground ShouldRunAI=True
[DEBUG-RANGE] OnTriggerEnter2D on Enemy with tag=Ground ShouldRunAI=True
[DEBUG-RANGE] OnTriggerEnter2D on Enemy with tag=Ground ShouldRunAI=True
[DEBUG-RANGE] OnTriggerEnter2D on Enemy with tag=Ground ShouldRunAI=True
[DEBUG-RANGE] OnTriggerEnter2D on Enemy with tag=Ground ShouldRunAI=True
[DEBUG-RANGE] OnTriggerEnter2D on Enemy with tag=Ground ShouldRunAI=True
[DEBUG-RANGE] OnTriggerEnter2D on Enemy with tag=Ground ShouldRunAI=True
[DEBUG-RANGE] OnTriggerEnter2D on Enemy with tag=Ground ShouldRunAI=True
[DEBUG-RANGE] OnTriggerEnter2D on Enemy with tag=Ground ShouldRunAI=True
[DEBUG-RANGE] OnTriggerEnter2D on Enemy with tag=Ground ShouldRunAI=True
[DEBUG-RANGE] OnTriggerEnter2D on Enemy with tag=Ground ShouldRunAI=True
[DEBUG-RANGE] OnTriggerEnter2D on Enemy with tag=Ground ShouldRunAI=True
[DEBUG-RANGE] OnTriggerEnter2D on Enemy with tag=Ground ShouldRunAI=True
[DEBUG-RANGE] OnTriggerEnter2D on Enemy with tag=Ground ShouldRunAI=True
[DEBUG-ENEMY] Enemy IsAlive=True ShouldRunAI=True state=IdleState MyTarget= MyAttackTime=33,99 IsAttacking=False AttackRange=0 dist=-1,00
[DEBUG-ENEMY] Enemy IsAlive=True ShouldRunAI=True state=IdleState MyTarget= MyAttackTime=33,99 IsAttacking=False AttackRange=0 dist=-1,00
[DEBUG-ENEMY] Enemy IsAlive=True ShouldRunAI=True state=FollowState MyTarget=Player [connId=1866355813] (Player) MyAttackTime=33,99 IsAttacking=False AttackRange=5 dist=9,35
[DEBUG-ENEMY] Enemy IsAlive=True ShouldRunAI=True state=IdleState MyTarget= MyAttackTime=33,99 IsAttacking=False AttackRange=5 dist=-1,00
[DEBUG-ENEMY] Enemy IsAlive=True ShouldRunAI=True state=FollowState MyTarget=Player [connId=1866355813] (Player) MyAttackTime=33,99 IsAttacking=False AttackRange=0 dist=18,79
[DEBUG-ENEMY] Enemy IsAlive=True ShouldRunAI=True state=FollowState MyTarget=Player [connId=1866355813] (Player) MyAttackTime=33,99 IsAttacking=False AttackRange=5 dist=9,33
[DEBUG-ENEMY] Enemy IsAlive=True ShouldRunAI=True state=EvadeState MyTarget=Player [connId=1866355813] (Player) MyAttackTime=33,99 IsAttacking=False AttackRange=0 dist=9,73
[DEBUG-ENEMY] Enemy IsAlive=True ShouldRunAI=True state=IdleState MyTarget= MyAttackTime=33,99 IsAttacking=False AttackRange=0 dist=-1,00
[DEBUG-ENEMY] Enemy IsAlive=True ShouldRunAI=True state=IdleState MyTarget= MyAttackTime=33,99 IsAttacking=False AttackRange=0 dist=-1,00
[DEBUG-ENEMY] Enemy IsAlive=True ShouldRunAI=True state=FollowState MyTarget=Player [connId=1866355813] (Player) MyAttackTime=33,99 IsAttacking=False AttackRange=5 dist=9,35
[DEBUG-RANGE] OnTriggerEnter2D on Enemy with tag=Ground ShouldRunAI=True
[DEBUG-RANGE] OnTriggerEnter2D on Enemy with tag=Ground ShouldRunAI=True
[DEBUG-RANGE] OnTriggerEnter2D on Enemy with tag=Ground ShouldRunAI=True
[DEBUG-RANGE] OnTriggerEnter2D on Enemy with tag=Ground ShouldRunAI=True
[DEBUG-RANGE] OnTriggerEnter2D on Enemy with tag=Ground ShouldRunAI=True
[DEBUG-RANGE] OnTriggerEnter2D on Enemy with tag=Obstacle ShouldRunAI=True
[DEBUG-RANGE] OnTriggerEnter2D on Enemy with tag=Untagged ShouldRunAI=True
[DEBUG-RANGE] OnTriggerEnter2D on Enemy with tag=Ground ShouldRunAI=True
[DEBUG-RANGE] OnTriggerEnter2D on Enemy with tag=Ground ShouldRunAI=True
[DEBUG-RANGE] OnTriggerEnter2D on Enemy with tag=Ground ShouldRunAI=True
[DEBUG-RANGE] OnTriggerEnter2D on Enemy with tag=Enemy ShouldRunAI=True
[DEBUG-RANGE] OnTriggerEnter2D on Enemy with tag=Enemy ShouldRunAI=True
[DEBUG-RANGE] OnTriggerEnter2D on Enemy with tag=Ground ShouldRunAI=True
[DEBUG-RANGE] OnTriggerEnter2D on Enemy with tag=Ground ShouldRunAI=True
[DEBUG-RANGE] OnTriggerEnter2D on Enemy with tag=Ground ShouldRunAI=True
[DEBUG-RANGE] OnTriggerEnter2D on Enemy with tag=Ground ShouldRunAI=True
[DEBUG-RANGE] OnTriggerEnter2D on Enemy with tag=Ground ShouldRunAI=True
[DEBUG-RANGE] OnTriggerEnter2D on Enemy with tag=Ground ShouldRunAI=True
[DEBUG-RANGE] OnTriggerEnter2D on Enemy with tag=HitBox ShouldRunAI=True
[DEBUG-RANGE] OnTriggerEnter2D on Enemy with tag=HitBox ShouldRunAI=True
[DEBUG-RANGE] OnTriggerEnter2D on Enemy with tag=Ground ShouldRunAI=True
[DEBUG-RANGE] OnTriggerEnter2D on Enemy with tag=Ground ShouldRunAI=True
[DEBUG-RANGE] OnTriggerEnter2D on Enemy with tag=Untagged ShouldRunAI=True
[DEBUG-RANGE] OnTriggerEnter2D on Enemy with tag=Ground ShouldRunAI=True
[DEBUG-RANGE] OnTriggerEnter2D on Enemy with tag=Ground ShouldRunAI=True
[DEBUG-RANGE] OnTriggerEnter2D on Enemy with tag=Ground ShouldRunAI=True
[DEBUG-RANGE] OnTriggerEnter2D on Enemy with tag=Obstacle ShouldRunAI=True
[DEBUG-RANGE] OnTriggerEnter2D on Enemy with tag=Ground ShouldRunAI=True
[DEBUG-RANGE] OnTriggerEnter2D on Enemy with tag=Ground ShouldRunAI=True
[DEBUG-RANGE] OnTriggerEnter2D on Enemy with tag=Untagged ShouldRunAI=True
[DEBUG-RANGE] OnTriggerEnter2D on Enemy with tag=Untagged ShouldRunAI=True
[DEBUG-RANGE] OnTriggerEnter2D on Enemy with tag=Ground ShouldRunAI=True
[DEBUG-RANGE] OnTriggerEnter2D on Enemy with tag=Untagged ShouldRunAI=True
[DEBUG-RANGE] OnTriggerEnter2D on Enemy with tag=Untagged ShouldRunAI=True
[DEBUG-RANGE] OnTriggerEnter2D on Enemy with tag=Ground ShouldRunAI=True
[DEBUG-RANGE] OnTriggerEnter2D on Enemy with tag=Ground ShouldRunAI=True
[DEBUG-RANGE] OnTriggerEnter2D on Enemy with tag=Ground ShouldRunAI=True
[DEBUG-RANGE] OnTriggerEnter2D on Enemy with tag=Untagged ShouldRunAI=True
[DEBUG-RANGE] OnTriggerEnter2D on Enemy with tag=Untagged ShouldRunAI=True
[DEBUG-RANGE] OnTriggerEnter2D on Enemy with tag=Ground ShouldRunAI=True
[DEBUG-RANGE] OnTriggerEnter2D on Enemy with tag=Untagged ShouldRunAI=True
[DEBUG-RANGE] OnTriggerEnter2D on Enemy with tag=Untagged ShouldRunAI=True
[DEBUG-RANGE] OnTriggerEnter2D on Enemy with tag=Untagged ShouldRunAI=True
[DEBUG-RANGE] OnTriggerEnter2D on Enemy with tag=Untagged ShouldRunAI=True
[DEBUG-RANGE] OnTriggerEnter2D on Enemy with tag=Untagged ShouldRunAI=True
[DEBUG-RANGE] OnTriggerEnter2D on Enemy with tag=Untagged ShouldRunAI=True
[DEBUG-RANGE] OnTriggerEnter2D on Enemy with tag=Untagged ShouldRunAI=True
[DEBUG-RANGE] OnTriggerEnter2D on Enemy with tag=Ground ShouldRunAI=True
[DEBUG-RANGE] OnTriggerEnter2D on Enemy with tag=Ground ShouldRunAI=True
[DEBUG-RANGE] OnTriggerEnter2D on Enemy with tag=Obstacle ShouldRunAI=True
[DEBUG-RANGE] OnTriggerEnter2D on Enemy with tag=Ground ShouldRunAI=True
[DEBUG-RANGE] OnTriggerEnter2D on Enemy with tag=Ground ShouldRunAI=True
[DEBUG-RANGE] OnTriggerEnter2D on Enemy with tag=Ground ShouldRunAI=True
[DEBUG-ENEMY] Enemy IsAlive=True ShouldRunAI=True state=IdleState MyTarget= MyAttackTime=35,99 IsAttacking=False AttackRange=0 dist=-1,00
[DEBUG-ENEMY] Enemy IsAlive=True ShouldRunAI=True state=IdleState MyTarget= MyAttackTime=35,99 IsAttacking=False AttackRange=0 dist=-1,00
[DEBUG-ENEMY] Enemy IsAlive=True ShouldRunAI=True state=FollowState MyTarget=Player [connId=1866355813] (Player) MyAttackTime=35,99 IsAttacking=False AttackRange=5 dist=10,04
[DEBUG-ENEMY] Enemy IsAlive=True ShouldRunAI=True state=IdleState MyTarget= MyAttackTime=35,99 IsAttacking=False AttackRange=5 dist=-1,00
[DEBUG-ENEMY] Enemy IsAlive=True ShouldRunAI=True state=FollowState MyTarget=Player [connId=1866355813] (Player) MyAttackTime=35,99 IsAttacking=False AttackRange=0 dist=18,80
[DEBUG-ENEMY] Enemy IsAlive=True ShouldRunAI=True state=FollowState MyTarget=Player [connId=1866355813] (Player) MyAttackTime=35,99 IsAttacking=False AttackRange=5 dist=9,29
[DEBUG-ENEMY] Enemy IsAlive=True ShouldRunAI=True state=EvadeState MyTarget=Player [connId=1866355813] (Player) MyAttackTime=35,99 IsAttacking=False AttackRange=0 dist=13,72
[DEBUG-ENEMY] Enemy IsAlive=True ShouldRunAI=True state=IdleState MyTarget= MyAttackTime=35,99 IsAttacking=False AttackRange=0 dist=-1,00
[DEBUG-ENEMY] Enemy IsAlive=True ShouldRunAI=True state=IdleState MyTarget= MyAttackTime=35,99 IsAttacking=False AttackRange=0 dist=-1,00
[DEBUG-ENEMY] Enemy IsAlive=True ShouldRunAI=True state=FollowState MyTarget=Player [connId=1866355813] (Player) MyAttackTime=35,99 IsAttacking=False AttackRange=5 dist=10,05
[DEBUG-RANGE] OnTriggerEnter2D on Enemy with tag=Ground ShouldRunAI=True
[DEBUG-RANGE] OnTriggerEnter2D on Enemy with tag=Ground ShouldRunAI=True
[DEBUG-RANGE] OnTriggerEnter2D on Enemy with tag=Ground ShouldRunAI=True
[DEBUG-RANGE] OnTriggerEnter2D on Enemy with tag=Ground ShouldRunAI=True
[DEBUG-RANGE] OnTriggerEnter2D on Enemy with tag=Untagged ShouldRunAI=True
[DEBUG-RANGE] OnTriggerEnter2D on Enemy with tag=Ground ShouldRunAI=True
[DEBUG-RANGE] OnTriggerEnter2D on Enemy with tag=Ground ShouldRunAI=True
[DEBUG-RANGE] OnTriggerEnter2D on Enemy with tag=Ground ShouldRunAI=True
[DEBUG-RANGE] OnTriggerEnter2D on Enemy with tag=Ground ShouldRunAI=True
[DEBUG-RANGE] OnTriggerEnter2D on Enemy with tag=Ground ShouldRunAI=True
[DEBUG-RANGE] OnTriggerEnter2D on Enemy with tag=Ground ShouldRunAI=True
[DEBUG-RANGE] OnTriggerEnter2D on Enemy with tag=Obstacle ShouldRunAI=True
[DEBUG-RANGE] OnTriggerEnter2D on Enemy with tag=Ground ShouldRunAI=True
[DEBUG-RANGE] OnTriggerEnter2D on Enemy with tag=Untagged ShouldRunAI=True
[DEBUG-RANGE] OnTriggerEnter2D on Enemy with tag=Untagged ShouldRunAI=True
[DEBUG-RANGE] OnTriggerEnter2D on Enemy with tag=Ground ShouldRunAI=True
[DEBUG-RANGE] OnTriggerEnter2D on Enemy with tag=Ground ShouldRunAI=True
[DEBUG-RANGE] OnTriggerEnter2D on Enemy with tag=Ground ShouldRunAI=True
[DEBUG-RANGE] OnTriggerEnter2D on Enemy with tag=Ground ShouldRunAI=True
[DEBUG-RANGE] OnTriggerEnter2D on Enemy with tag=Ground ShouldRunAI=True
[DEBUG-RANGE] OnTriggerEnter2D on Enemy with tag=Ground ShouldRunAI=True
[DEBUG-RANGE] OnTriggerEnter2D on Enemy with tag=Ground ShouldRunAI=True
[DEBUG-RANGE] OnTriggerEnter2D on Enemy with tag=Untagged ShouldRunAI=True
[DEBUG-RANGE] OnTriggerEnter2D on Enemy with tag=Untagged ShouldRunAI=True
[DEBUG-RANGE] OnTriggerEnter2D on Enemy with tag=Interactable ShouldRunAI=True
[DEBUG-RANGE] OnTriggerEnter2D on Enemy with tag=Interactable ShouldRunAI=True
[DEBUG-RANGE] OnTriggerEnter2D on Enemy with tag=Ground ShouldRunAI=True
[DEBUG-RANGE] OnTriggerEnter2D on Enemy with tag=Ground ShouldRunAI=True
[DEBUG-RANGE] OnTriggerEnter2D on Enemy with tag=Enemy ShouldRunAI=True
[DEBUG-RANGE] OnTriggerEnter2D on Enemy with tag=Enemy ShouldRunAI=True
[DEBUG-RANGE] OnTriggerEnter2D on Enemy with tag=HitBox ShouldRunAI=True
[DEBUG-RANGE] OnTriggerEnter2D on Enemy with tag=HitBox ShouldRunAI=True
[DEBUG-RANGE] OnTriggerEnter2D on Enemy with tag=Ground ShouldRunAI=True
[DEBUG-RANGE] OnTriggerEnter2D on Enemy with tag=Ground ShouldRunAI=True
[DEBUG-RANGE] OnTriggerEnter2D on Enemy with tag=Ground ShouldRunAI=True
[DEBUG-RANGE] OnTriggerEnter2D on Enemy with tag=Ground ShouldRunAI=True
[DEBUG-RANGE] OnTriggerEnter2D on Enemy with tag=Ground ShouldRunAI=True
[DEBUG-RANGE] OnTriggerEnter2D on Enemy with tag=Ground ShouldRunAI=True
[DEBUG-RANGE] OnTriggerEnter2D on Enemy with tag=Ground ShouldRunAI=True
[DEBUG-RANGE] OnTriggerEnter2D on Enemy with tag=Ground ShouldRunAI=True
[DEBUG-RANGE] OnTriggerEnter2D on Enemy with tag=Interactable ShouldRunAI=True
[DEBUG-RANGE] OnTriggerEnter2D on Enemy with tag=Ground ShouldRunAI=True
[DEBUG-ENEMY] Enemy IsAlive=True ShouldRunAI=True state=IdleState MyTarget= MyAttackTime=37,99 IsAttacking=False AttackRange=0 dist=-1,00
[DEBUG-ENEMY] Enemy IsAlive=True ShouldRunAI=True state=IdleState MyTarget= MyAttackTime=37,99 IsAttacking=False AttackRange=0 dist=-1,00
[DEBUG-ENEMY] Enemy IsAlive=True ShouldRunAI=True state=FollowState MyTarget=Player [connId=1866355813] (Player) MyAttackTime=37,99 IsAttacking=False AttackRange=5 dist=10,04
[DEBUG-ENEMY] Enemy IsAlive=True ShouldRunAI=True state=IdleState MyTarget= MyAttackTime=37,99 IsAttacking=False AttackRange=5 dist=-1,00
[DEBUG-ENEMY] Enemy IsAlive=True ShouldRunAI=True state=FollowState MyTarget=Player [connId=1866355813] (Player) MyAttackTime=37,99 IsAttacking=False AttackRange=0 dist=18,80
[DEBUG-ENEMY] Enemy IsAlive=True ShouldRunAI=True state=FollowState MyTarget=Player [connId=1866355813] (Player) MyAttackTime=37,99 IsAttacking=False AttackRange=5 dist=9,29
[DEBUG-ENEMY] Enemy IsAlive=True ShouldRunAI=True state=EvadeState MyTarget=Player [connId=1866355813] (Player) MyAttackTime=37,99 IsAttacking=False AttackRange=0 dist=17,72
[DEBUG-ENEMY] Enemy IsAlive=True ShouldRunAI=True state=IdleState MyTarget= MyAttackTime=37,99 IsAttacking=False AttackRange=0 dist=-1,00
[DEBUG-ENEMY] Enemy IsAlive=True ShouldRunAI=True state=IdleState MyTarget= MyAttackTime=37,99 IsAttacking=False AttackRange=0 dist=-1,00
[DEBUG-ENEMY] Enemy IsAlive=True ShouldRunAI=True state=FollowState MyTarget=Player [connId=1866355813] (Player) MyAttackTime=37,99 IsAttacking=False AttackRange=5 dist=10,05
[DEBUG-RANGE] OnTriggerEnter2D on Enemy with tag=Ground ShouldRunAI=True
[DEBUG-RANGE] OnTriggerEnter2D on Enemy with tag=Ground ShouldRunAI=True
[DEBUG-RANGE] OnTriggerEnter2D on Enemy with tag=Ground ShouldRunAI=True
[DEBUG-RANGE] OnTriggerEnter2D on Enemy with tag=Ground ShouldRunAI=True
[DEBUG-RANGE] OnTriggerEnter2D on Enemy with tag=Ground ShouldRunAI=True
[DEBUG-RANGE] OnTriggerEnter2D on Enemy with tag=Ground ShouldRunAI=True
[DEBUG-RANGE] OnTriggerEnter2D on Enemy with tag=Ground ShouldRunAI=True
[DEBUG-RANGE] OnTriggerEnter2D on Enemy with tag=Interactable ShouldRunAI=True
[DEBUG-RANGE] OnTriggerEnter2D on Enemy with tag=Ground ShouldRunAI=True
[DEBUG-RANGE] OnTriggerEnter2D on Enemy with tag=Ground ShouldRunAI=True
[DEBUG-RANGE] OnTriggerEnter2D on Enemy with tag=Ground ShouldRunAI=True
[DEBUG-RANGE] OnTriggerEnter2D on Enemy with tag=Ground ShouldRunAI=True
[DEBUG-RANGE] OnTriggerEnter2D on Enemy with tag=Ground ShouldRunAI=True
[DEBUG-RANGE] OnTriggerEnter2D on Enemy with tag=Ground ShouldRunAI=True
[DEBUG-RANGE] OnTriggerEnter2D on Enemy with tag=Ground ShouldRunAI=True
[DEBUG-RANGE] OnTriggerEnter2D on Enemy with tag=Ground ShouldRunAI=True
[DEBUG-RANGE] OnTriggerEnter2D on Enemy with tag=Ground ShouldRunAI=True
[DEBUG-RANGE] OnTriggerEnter2D on Enemy with tag=Ground ShouldRunAI=True
[DEBUG-RANGE] OnTriggerEnter2D on Enemy with tag=Ground ShouldRunAI=True
[DEBUG-RANGE] OnTriggerEnter2D on Enemy with tag=Ground ShouldRunAI=True
[DEBUG-ENEMY] Enemy IsAlive=True ShouldRunAI=True state=IdleState MyTarget= MyAttackTime=39,99 IsAttacking=False AttackRange=0 dist=-1,00
[DEBUG-ENEMY] Enemy IsAlive=True ShouldRunAI=True state=IdleState MyTarget= MyAttackTime=39,99 IsAttacking=False AttackRange=0 dist=-1,00
[DEBUG-ENEMY] Enemy IsAlive=True ShouldRunAI=True state=FollowState MyTarget=Player [connId=1866355813] (Player) MyAttackTime=39,99 IsAttacking=False AttackRange=5 dist=10,04
[DEBUG-ENEMY] Enemy IsAlive=True ShouldRunAI=True state=IdleState MyTarget= MyAttackTime=39,99 IsAttacking=False AttackRange=5 dist=-1,00
[DEBUG-ENEMY] Enemy IsAlive=True ShouldRunAI=True state=FollowState MyTarget=Player [connId=1866355813] (Player) MyAttackTime=39,99 IsAttacking=False AttackRange=0 dist=18,80
[DEBUG-ENEMY] Enemy IsAlive=True ShouldRunAI=True state=FollowState MyTarget=Player [connId=1866355813] (Player) MyAttackTime=39,99 IsAttacking=False AttackRange=5 dist=9,29
[DEBUG-ENEMY] Enemy IsAlive=True ShouldRunAI=True state=IdleState MyTarget= MyAttackTime=39,99 IsAttacking=False AttackRange=0 dist=-1,00
[DEBUG-ENEMY] Enemy IsAlive=True ShouldRunAI=True state=IdleState MyTarget= MyAttackTime=39,99 IsAttacking=False AttackRange=0 dist=-1,00
[DEBUG-ENEMY] Enemy IsAlive=True ShouldRunAI=True state=IdleState MyTarget= MyAttackTime=39,99 IsAttacking=False AttackRange=0 dist=-1,00
[DEBUG-ENEMY] Enemy IsAlive=True ShouldRunAI=True state=FollowState MyTarget=Player [connId=1866355813] (Player) MyAttackTime=39,99 IsAttacking=False AttackRange=5 dist=10,05
[DEBUG-RANGE] OnTriggerEnter2D on Enemy with tag=Ground ShouldRunAI=True
[DEBUG-RANGE] OnTriggerEnter2D on Enemy with tag=Ground ShouldRunAI=True
[DEBUG-RANGE] OnTriggerEnter2D on Enemy with tag=Ground ShouldRunAI=True
[DEBUG-RANGE] OnTriggerEnter2D on Enemy with tag=Ground ShouldRunAI=True
[DEBUG-RANGE] OnTriggerEnter2D on Enemy with tag=Ground ShouldRunAI=True
[DEBUG-RANGE] OnTriggerEnter2D on Enemy with tag=Ground ShouldRunAI=True
[DEBUG-RANGE] OnTriggerEnter2D on Enemy with tag=Ground ShouldRunAI=True
[DEBUG-RANGE] OnTriggerEnter2D on Enemy with tag=Ground ShouldRunAI=True
[DEBUG-RANGE] OnTriggerEnter2D on Enemy with tag=Ground ShouldRunAI=True
[DEBUG-RANGE] OnTriggerEnter2D on Enemy with tag=Ground ShouldRunAI=True
[DEBUG-ENEMY] Enemy IsAlive=True ShouldRunAI=True state=IdleState MyTarget= MyAttackTime=41,99 IsAttacking=False AttackRange=0 dist=-1,00
[DEBUG-ENEMY] Enemy IsAlive=True ShouldRunAI=True state=IdleState MyTarget= MyAttackTime=41,99 IsAttacking=False AttackRange=0 dist=-1,00
[DEBUG-ENEMY] Enemy IsAlive=True ShouldRunAI=True state=FollowState MyTarget=Player [connId=1866355813] (Player) MyAttackTime=41,99 IsAttacking=False AttackRange=5 dist=10,04
[DEBUG-ENEMY] Enemy IsAlive=True ShouldRunAI=True state=IdleState MyTarget= MyAttackTime=41,99 IsAttacking=False AttackRange=5 dist=-1,00
[DEBUG-ENEMY] Enemy IsAlive=True ShouldRunAI=True state=FollowState MyTarget=Player [connId=1866355813] (Player) MyAttackTime=41,99 IsAttacking=False AttackRange=0 dist=18,80
[DEBUG-ENEMY] Enemy IsAlive=True ShouldRunAI=True state=FollowState MyTarget=Player [connId=1866355813] (Player) MyAttackTime=41,99 IsAttacking=False AttackRange=5 dist=9,29
[DEBUG-ENEMY] Enemy IsAlive=True ShouldRunAI=True state=IdleState MyTarget= MyAttackTime=41,99 IsAttacking=False AttackRange=0 dist=-1,00
[DEBUG-ENEMY] Enemy IsAlive=True ShouldRunAI=True state=IdleState MyTarget= MyAttackTime=41,99 IsAttacking=False AttackRange=0 dist=-1,00
[DEBUG-ENEMY] Enemy IsAlive=True ShouldRunAI=True state=IdleState MyTarget= MyAttackTime=41,99 IsAttacking=False AttackRange=0 dist=-1,00
[DEBUG-ENEMY] Enemy IsAlive=True ShouldRunAI=True state=FollowState MyTarget=Player [connId=1866355813] (Player) MyAttackTime=41,99 IsAttacking=False AttackRange=5 dist=10,05
[DEBUG-RANGE] OnTriggerEnter2D on Enemy with tag=Ground ShouldRunAI=True
[DEBUG-RANGE] OnTriggerEnter2D on Enemy with tag=Ground ShouldRunAI=True
[DEBUG-RANGE] OnTriggerEnter2D on Enemy with tag=Ground ShouldRunAI=True
[DEBUG-RANGE] OnTriggerEnter2D on Enemy with tag=Ground ShouldRunAI=True
[DEBUG-RANGE] OnTriggerEnter2D on Enemy with tag=Ground ShouldRunAI=True
[DEBUG-RANGE] OnTriggerEnter2D on Enemy with tag=Ground ShouldRunAI=True
[DEBUG-RANGE] OnTriggerEnter2D on Enemy with tag=Ground ShouldRunAI=True
[DEBUG-RANGE] OnTriggerEnter2D on Enemy with tag=Ground ShouldRunAI=True
[DEBUG-RANGE] OnTriggerEnter2D on Enemy with tag=Ground ShouldRunAI=True
[DEBUG-RANGE] OnTriggerEnter2D on Enemy with tag=Ground ShouldRunAI=True
[DEBUG-ENEMY] Enemy IsAlive=True ShouldRunAI=True state=IdleState MyTarget= MyAttackTime=43,99 IsAttacking=False AttackRange=0 dist=-1,00
[DEBUG-ENEMY] Enemy IsAlive=True ShouldRunAI=True state=IdleState MyTarget= MyAttackTime=43,99 IsAttacking=False AttackRange=0 dist=-1,00
[DEBUG-ENEMY] Enemy IsAlive=True ShouldRunAI=True state=FollowState MyTarget=Player [connId=1866355813] (Player) MyAttackTime=43,99 IsAttacking=False AttackRange=5 dist=10,04
[DEBUG-ENEMY] Enemy IsAlive=True ShouldRunAI=True state=IdleState MyTarget= MyAttackTime=43,99 IsAttacking=False AttackRange=5 dist=-1,00
[DEBUG-ENEMY] Enemy IsAlive=True ShouldRunAI=True state=FollowState MyTarget=Player [connId=1866355813] (Player) MyAttackTime=43,99 IsAttacking=False AttackRange=0 dist=18,80
[DEBUG-ENEMY] Enemy IsAlive=True ShouldRunAI=True state=FollowState MyTarget=Player [connId=1866355813] (Player) MyAttackTime=43,99 IsAttacking=False AttackRange=5 dist=9,29
[DEBUG-ENEMY] Enemy IsAlive=True ShouldRunAI=True state=IdleState MyTarget= MyAttackTime=43,99 IsAttacking=False AttackRange=0 dist=-1,00
[DEBUG-ENEMY] Enemy IsAlive=True ShouldRunAI=True state=IdleState MyTarget= MyAttackTime=43,99 IsAttacking=False AttackRange=0 dist=-1,00
[DEBUG-ENEMY] Enemy IsAlive=True ShouldRunAI=True state=IdleState MyTarget= MyAttackTime=43,99 IsAttacking=False AttackRange=0 dist=-1,00
[DEBUG-ENEMY] Enemy IsAlive=True ShouldRunAI=True state=FollowState MyTarget=Player [connId=1866355813] (Player) MyAttackTime=43,99 IsAttacking=False AttackRange=5 dist=10,05
[DEBUG-RANGE] OnTriggerEnter2D on Enemy with tag=Ground ShouldRunAI=True
[DEBUG-RANGE] OnTriggerEnter2D on Enemy with tag=Ground ShouldRunAI=True
[DEBUG-RANGE] OnTriggerEnter2D on Enemy with tag=Ground ShouldRunAI=True
[DEBUG-RANGE] OnTriggerEnter2D on Enemy with tag=Ground ShouldRunAI=True
[DEBUG-RANGE] OnTriggerEnter2D on Enemy with tag=Ground ShouldRunAI=True
[DEBUG-RANGE] OnTriggerEnter2D on Enemy with tag=Ground ShouldRunAI=True
[DEBUG-RANGE] OnTriggerEnter2D on Enemy with tag=Ground ShouldRunAI=True
[DEBUG-RANGE] OnTriggerEnter2D on Enemy with tag=Ground ShouldRunAI=True
[DEBUG-RANGE] OnTriggerEnter2D on Enemy with tag=Ground ShouldRunAI=True
[DEBUG-RANGE] OnTriggerEnter2D on Enemy with tag=Ground ShouldRunAI=True
[DEBUG-ENEMY] Enemy IsAlive=True ShouldRunAI=True state=IdleState MyTarget= MyAttackTime=45,99 IsAttacking=False AttackRange=0 dist=-1,00
[DEBUG-ENEMY] Enemy IsAlive=True ShouldRunAI=True state=IdleState MyTarget= MyAttackTime=45,99 IsAttacking=False AttackRange=0 dist=-1,00
[DEBUG-ENEMY] Enemy IsAlive=True ShouldRunAI=True state=FollowState MyTarget=Player [connId=1866355813] (Player) MyAttackTime=45,99 IsAttacking=False AttackRange=5 dist=10,04
[DEBUG-ENEMY] Enemy IsAlive=True ShouldRunAI=True state=IdleState MyTarget= MyAttackTime=45,99 IsAttacking=False AttackRange=5 dist=-1,00
[DEBUG-ENEMY] Enemy IsAlive=True ShouldRunAI=True state=FollowState MyTarget=Player [connId=1866355813] (Player) MyAttackTime=45,99 IsAttacking=False AttackRange=0 dist=18,80
[DEBUG-ENEMY] Enemy IsAlive=True ShouldRunAI=True state=FollowState MyTarget=Player [connId=1866355813] (Player) MyAttackTime=45,99 IsAttacking=False AttackRange=5 dist=9,29
[DEBUG-ENEMY] Enemy IsAlive=True ShouldRunAI=True state=IdleState MyTarget= MyAttackTime=45,99 IsAttacking=False AttackRange=0 dist=-1,00
[DEBUG-ENEMY] Enemy IsAlive=True ShouldRunAI=True state=IdleState MyTarget= MyAttackTime=45,99 IsAttacking=False AttackRange=0 dist=-1,00
[DEBUG-ENEMY] Enemy IsAlive=True ShouldRunAI=True state=IdleState MyTarget= MyAttackTime=45,99 IsAttacking=False AttackRange=0 dist=-1,00
[DEBUG-ENEMY] Enemy IsAlive=True ShouldRunAI=True state=FollowState MyTarget=Player [connId=1866355813] (Player) MyAttackTime=45,99 IsAttacking=False AttackRange=5 dist=10,05
[DEBUG-RANGE] OnTriggerEnter2D on Enemy with tag=Ground ShouldRunAI=True
[DEBUG-RANGE] OnTriggerEnter2D on Enemy with tag=Ground ShouldRunAI=True
[DEBUG-RANGE] OnTriggerEnter2D on Enemy with tag=Ground ShouldRunAI=True
[DEBUG-RANGE] OnTriggerEnter2D on Enemy with tag=Ground ShouldRunAI=True
[DEBUG-RANGE] OnTriggerEnter2D on Enemy with tag=Ground ShouldRunAI=True
[DEBUG-RANGE] OnTriggerEnter2D on Enemy with tag=Ground ShouldRunAI=True
[DEBUG-RANGE] OnTriggerEnter2D on Enemy with tag=Ground ShouldRunAI=True
[DEBUG-RANGE] OnTriggerEnter2D on Enemy with tag=Ground ShouldRunAI=True
[DEBUG-RANGE] OnTriggerEnter2D on Enemy with tag=Ground ShouldRunAI=True
[DEBUG-RANGE] OnTriggerEnter2D on Enemy with tag=Ground ShouldRunAI=True
[DEBUG-ENEMY] Enemy IsAlive=True ShouldRunAI=True state=IdleState MyTarget= MyAttackTime=47,99 IsAttacking=False AttackRange=0 dist=-1,00
[DEBUG-ENEMY] Enemy IsAlive=True ShouldRunAI=True state=IdleState MyTarget= MyAttackTime=47,99 IsAttacking=False AttackRange=0 dist=-1,00
[DEBUG-ENEMY] Enemy IsAlive=True ShouldRunAI=True state=FollowState MyTarget=Player [connId=1866355813] (Player) MyAttackTime=47,99 IsAttacking=False AttackRange=5 dist=10,04
[DEBUG-ENEMY] Enemy IsAlive=True ShouldRunAI=True state=IdleState MyTarget= MyAttackTime=47,99 IsAttacking=False AttackRange=5 dist=-1,00
[DEBUG-ENEMY] Enemy IsAlive=True ShouldRunAI=True state=FollowState MyTarget=Player [connId=1866355813] (Player) MyAttackTime=47,99 IsAttacking=False AttackRange=0 dist=18,80
[DEBUG-ENEMY] Enemy IsAlive=True ShouldRunAI=True state=FollowState MyTarget=Player [connId=1866355813] (Player) MyAttackTime=47,99 IsAttacking=False AttackRange=5 dist=9,29
[DEBUG-ENEMY] Enemy IsAlive=True ShouldRunAI=True state=IdleState MyTarget= MyAttackTime=47,99 IsAttacking=False AttackRange=0 dist=-1,00
[DEBUG-ENEMY] Enemy IsAlive=True ShouldRunAI=True state=IdleState MyTarget= MyAttackTime=47,99 IsAttacking=False AttackRange=0 dist=-1,00
[DEBUG-ENEMY] Enemy IsAlive=True ShouldRunAI=True state=IdleState MyTarget= MyAttackTime=47,99 IsAttacking=False AttackRange=0 dist=-1,00
[DEBUG-ENEMY] Enemy IsAlive=True ShouldRunAI=True state=FollowState MyTarget=Player [connId=1866355813] (Player) MyAttackTime=47,99 IsAttacking=False AttackRange=5 dist=10,05
[DEBUG-RANGE] OnTriggerEnter2D on Enemy with tag=Ground ShouldRunAI=True
[DEBUG-RANGE] OnTriggerEnter2D on Enemy with tag=Ground ShouldRunAI=True
[DEBUG-RANGE] OnTriggerEnter2D on Enemy with tag=Ground ShouldRunAI=True
[DEBUG-RANGE] OnTriggerEnter2D on Enemy with tag=Ground ShouldRunAI=True
[DEBUG-RANGE] OnTriggerEnter2D on Enemy with tag=Ground ShouldRunAI=True
[DEBUG-RANGE] OnTriggerEnter2D on Enemy with tag=Ground ShouldRunAI=True
[DEBUG-RANGE] OnTriggerEnter2D on Enemy with tag=Ground ShouldRunAI=True
[DEBUG-RANGE] OnTriggerEnter2D on Enemy with tag=Ground ShouldRunAI=True
[DEBUG-RANGE] OnTriggerEnter2D on Enemy with tag=Ground ShouldRunAI=True
[DEBUG-RANGE] OnTriggerEnter2D on Enemy with tag=Ground ShouldRunAI=True
[DEBUG-ENEMY] Enemy IsAlive=True ShouldRunAI=True state=IdleState MyTarget= MyAttackTime=49,99 IsAttacking=False AttackRange=0 dist=-1,00
[DEBUG-ENEMY] Enemy IsAlive=True ShouldRunAI=True state=IdleState MyTarget= MyAttackTime=49,99 IsAttacking=False AttackRange=0 dist=-1,00
[DEBUG-ENEMY] Enemy IsAlive=True ShouldRunAI=True state=FollowState MyTarget=Player [connId=1866355813] (Player) MyAttackTime=49,99 IsAttacking=False AttackRange=5 dist=10,04
[DEBUG-ENEMY] Enemy IsAlive=True ShouldRunAI=True state=IdleState MyTarget= MyAttackTime=49,99 IsAttacking=False AttackRange=5 dist=-1,00
[DEBUG-ENEMY] Enemy IsAlive=True ShouldRunAI=True state=FollowState MyTarget=Player [connId=1866355813] (Player) MyAttackTime=49,99 IsAttacking=False AttackRange=0 dist=18,80
[DEBUG-ENEMY] Enemy IsAlive=True ShouldRunAI=True state=FollowState MyTarget=Player [connId=1866355813] (Player) MyAttackTime=49,99 IsAttacking=False AttackRange=5 dist=9,29
[DEBUG-ENEMY] Enemy IsAlive=True ShouldRunAI=True state=IdleState MyTarget= MyAttackTime=49,99 IsAttacking=False AttackRange=0 dist=-1,00
[DEBUG-ENEMY] Enemy IsAlive=True ShouldRunAI=True state=IdleState MyTarget= MyAttackTime=49,99 IsAttacking=False AttackRange=0 dist=-1,00
[DEBUG-ENEMY] Enemy IsAlive=True ShouldRunAI=True state=IdleState MyTarget= MyAttackTime=49,99 IsAttacking=False AttackRange=0 dist=-1,00
[DEBUG-ENEMY] Enemy IsAlive=True ShouldRunAI=True state=FollowState MyTarget=Player [connId=1866355813] (Player) MyAttackTime=49,99 IsAttacking=False AttackRange=5 dist=10,05
[DEBUG-RANGE] OnTriggerEnter2D on Enemy with tag=Ground ShouldRunAI=True
[DEBUG-RANGE] OnTriggerEnter2D on Enemy with tag=Ground ShouldRunAI=True
[DEBUG-RANGE] OnTriggerEnter2D on Enemy with tag=Ground ShouldRunAI=True
[DEBUG-RANGE] OnTriggerEnter2D on Enemy with tag=Ground ShouldRunAI=True
[DEBUG-RANGE] OnTriggerEnter2D on Enemy with tag=Ground ShouldRunAI=True
[DEBUG-RANGE] OnTriggerEnter2D on Enemy with tag=Ground ShouldRunAI=True
[DEBUG-RANGE] OnTriggerEnter2D on Enemy with tag=Ground ShouldRunAI=True
[DEBUG-RANGE] OnTriggerEnter2D on Enemy with tag=Ground ShouldRunAI=True
[DEBUG-RANGE] OnTriggerEnter2D on Enemy with tag=Ground ShouldRunAI=True
[DEBUG-RANGE] OnTriggerEnter2D on Enemy with tag=Ground ShouldRunAI=True
[DEBUG-ENEMY] Enemy IsAlive=True ShouldRunAI=True state=IdleState MyTarget= MyAttackTime=51,99 IsAttacking=False AttackRange=0 dist=-1,00
[DEBUG-ENEMY] Enemy IsAlive=True ShouldRunAI=True state=IdleState MyTarget= MyAttackTime=51,99 IsAttacking=False AttackRange=0 dist=-1,00
[DEBUG-ENEMY] Enemy IsAlive=True ShouldRunAI=True state=FollowState MyTarget=Player [connId=1866355813] (Player) MyAttackTime=51,99 IsAttacking=False AttackRange=5 dist=10,04
[DEBUG-ENEMY] Enemy IsAlive=True ShouldRunAI=True state=IdleState MyTarget= MyAttackTime=51,99 IsAttacking=False AttackRange=5 dist=-1,00
[DEBUG-ENEMY] Enemy IsAlive=True ShouldRunAI=True state=FollowState MyTarget=Player [connId=1866355813] (Player) MyAttackTime=51,99 IsAttacking=False AttackRange=0 dist=18,80
[DEBUG-ENEMY] Enemy IsAlive=True ShouldRunAI=True state=FollowState MyTarget=Player [connId=1866355813] (Player) MyAttackTime=51,99 IsAttacking=False AttackRange=5 dist=9,29
[DEBUG-ENEMY] Enemy IsAlive=True ShouldRunAI=True state=IdleState MyTarget= MyAttackTime=51,99 IsAttacking=False AttackRange=0 dist=-1,00
[DEBUG-ENEMY] Enemy IsAlive=True ShouldRunAI=True state=IdleState MyTarget= MyAttackTime=51,99 IsAttacking=False AttackRange=0 dist=-1,00
[DEBUG-ENEMY] Enemy IsAlive=True ShouldRunAI=True state=IdleState MyTarget= MyAttackTime=51,99 IsAttacking=False AttackRange=0 dist=-1,00
[DEBUG-ENEMY] Enemy IsAlive=True ShouldRunAI=True state=FollowState MyTarget=Player [connId=1866355813] (Player) MyAttackTime=51,99 IsAttacking=False AttackRange=5 dist=10,05
[DEBUG-RANGE] OnTriggerEnter2D on Enemy with tag=Ground ShouldRunAI=True
[DEBUG-RANGE] OnTriggerEnter2D on Enemy with tag=Ground ShouldRunAI=True
[DEBUG-RANGE] OnTriggerEnter2D on Enemy with tag=Ground ShouldRunAI=True
[DEBUG-RANGE] OnTriggerEnter2D on Enemy with tag=Ground ShouldRunAI=True
[DEBUG-RANGE] OnTriggerEnter2D on Enemy with tag=Ground ShouldRunAI=True
[DEBUG-RANGE] OnTriggerEnter2D on Enemy with tag=Ground ShouldRunAI=True
[DEBUG-RANGE] OnTriggerEnter2D on Enemy with tag=Ground ShouldRunAI=True
[DEBUG-RANGE] OnTriggerEnter2D on Enemy with tag=Ground ShouldRunAI=True
[DEBUG-RANGE] OnTriggerEnter2D on Enemy with tag=Ground ShouldRunAI=True
[DEBUG-RANGE] OnTriggerEnter2D on Enemy with tag=Ground ShouldRunAI=True
[DEBUG-ENEMY] Enemy IsAlive=True ShouldRunAI=True state=IdleState MyTarget= MyAttackTime=53,99 IsAttacking=False AttackRange=0 dist=-1,00
[DEBUG-ENEMY] Enemy IsAlive=True ShouldRunAI=True state=IdleState MyTarget= MyAttackTime=53,99 IsAttacking=False AttackRange=0 dist=-1,00
[DEBUG-ENEMY] Enemy IsAlive=True ShouldRunAI=True state=FollowState MyTarget=Player [connId=1866355813] (Player) MyAttackTime=53,99 IsAttacking=False AttackRange=5 dist=10,04
[DEBUG-ENEMY] Enemy IsAlive=True ShouldRunAI=True state=IdleState MyTarget= MyAttackTime=53,99 IsAttacking=False AttackRange=5 dist=-1,00
[DEBUG-ENEMY] Enemy IsAlive=True ShouldRunAI=True state=FollowState MyTarget=Player [connId=1866355813] (Player) MyAttackTime=53,99 IsAttacking=False AttackRange=0 dist=18,80
[DEBUG-ENEMY] Enemy IsAlive=True ShouldRunAI=True state=FollowState MyTarget=Player [connId=1866355813] (Player) MyAttackTime=53,99 IsAttacking=False AttackRange=5 dist=9,29
[DEBUG-ENEMY] Enemy IsAlive=True ShouldRunAI=True state=IdleState MyTarget= MyAttackTime=53,99 IsAttacking=False AttackRange=0 dist=-1,00
[DEBUG-ENEMY] Enemy IsAlive=True ShouldRunAI=True state=IdleState MyTarget= MyAttackTime=53,99 IsAttacking=False AttackRange=0 dist=-1,00
[DEBUG-ENEMY] Enemy IsAlive=True ShouldRunAI=True state=IdleState MyTarget= MyAttackTime=53,99 IsAttacking=False AttackRange=0 dist=-1,00
[DEBUG-ENEMY] Enemy IsAlive=True ShouldRunAI=True state=FollowState MyTarget=Player [connId=1866355813] (Player) MyAttackTime=53,99 IsAttacking=False AttackRange=5 dist=10,05
[DEBUG-RANGE] OnTriggerEnter2D on Enemy with tag=Ground ShouldRunAI=True
[DEBUG-RANGE] OnTriggerEnter2D on Enemy with tag=Ground ShouldRunAI=True
[DEBUG-RANGE] OnTriggerEnter2D on Enemy with tag=Ground ShouldRunAI=True
[DEBUG-RANGE] OnTriggerEnter2D on Enemy with tag=Ground ShouldRunAI=True
[DEBUG-RANGE] OnTriggerEnter2D on Enemy with tag=Ground ShouldRunAI=True
[DEBUG-RANGE] OnTriggerEnter2D on Enemy with tag=Ground ShouldRunAI=True
[DEBUG-RANGE] OnTriggerEnter2D on Enemy with tag=Ground ShouldRunAI=True
[DEBUG-RANGE] OnTriggerEnter2D on Enemy with tag=Ground ShouldRunAI=True
[DEBUG-RANGE] OnTriggerEnter2D on Enemy with tag=Ground ShouldRunAI=True
[DEBUG-RANGE] OnTriggerEnter2D on Enemy with tag=Ground ShouldRunAI=True
[DEBUG-ENEMY] Enemy IsAlive=True ShouldRunAI=True state=IdleState MyTarget= MyAttackTime=55,99 IsAttacking=False AttackRange=0 dist=-1,00
[DEBUG-ENEMY] Enemy IsAlive=True ShouldRunAI=True state=IdleState MyTarget= MyAttackTime=55,99 IsAttacking=False AttackRange=0 dist=-1,00
[DEBUG-ENEMY] Enemy IsAlive=True ShouldRunAI=True state=FollowState MyTarget=Player [connId=1866355813] (Player) MyAttackTime=55,99 IsAttacking=False AttackRange=5 dist=10,04
[DEBUG-ENEMY] Enemy IsAlive=True ShouldRunAI=True state=IdleState MyTarget= MyAttackTime=55,99 IsAttacking=False AttackRange=5 dist=-1,00
[DEBUG-ENEMY] Enemy IsAlive=True ShouldRunAI=True state=FollowState MyTarget=Player [connId=1866355813] (Player) MyAttackTime=55,99 IsAttacking=False AttackRange=0 dist=18,80
[DEBUG-ENEMY] Enemy IsAlive=True ShouldRunAI=True state=FollowState MyTarget=Player [connId=1866355813] (Player) MyAttackTime=55,99 IsAttacking=False AttackRange=5 dist=9,29
[DEBUG-ENEMY] Enemy IsAlive=True ShouldRunAI=True state=IdleState MyTarget= MyAttackTime=55,99 IsAttacking=False AttackRange=0 dist=-1,00
[DEBUG-ENEMY] Enemy IsAlive=True ShouldRunAI=True state=IdleState MyTarget= MyAttackTime=55,99 IsAttacking=False AttackRange=0 dist=-1,00
[DEBUG-ENEMY] Enemy IsAlive=True ShouldRunAI=True state=IdleState MyTarget= MyAttackTime=55,99 IsAttacking=False AttackRange=0 dist=-1,00
[DEBUG-ENEMY] Enemy IsAlive=True ShouldRunAI=True state=FollowState MyTarget=Player [connId=1866355813] (Player) MyAttackTime=55,99 IsAttacking=False AttackRange=5 dist=10,05
[DEBUG-RANGE] OnTriggerEnter2D on Enemy with tag=Ground ShouldRunAI=True
[DEBUG-RANGE] OnTriggerEnter2D on Enemy with tag=Ground ShouldRunAI=True
[DEBUG-RANGE] OnTriggerEnter2D on Enemy with tag=Ground ShouldRunAI=True
[DEBUG-RANGE] OnTriggerEnter2D on Enemy with tag=Ground ShouldRunAI=True
[DEBUG-RANGE] OnTriggerEnter2D on Enemy with tag=Ground ShouldRunAI=True
[DEBUG-RANGE] OnTriggerEnter2D on Enemy with tag=Ground ShouldRunAI=True
[DEBUG-RANGE] OnTriggerEnter2D on Enemy with tag=Ground ShouldRunAI=True
[DEBUG-RANGE] OnTriggerEnter2D on Enemy with tag=Ground ShouldRunAI=True
[DEBUG-RANGE] OnTriggerEnter2D on Enemy with tag=Ground ShouldRunAI=True
[DEBUG-RANGE] OnTriggerEnter2D on Enemy with tag=Ground ShouldRunAI=True
[DEBUG-ENEMY] Enemy IsAlive=True ShouldRunAI=True state=IdleState MyTarget= MyAttackTime=57,99 IsAttacking=False AttackRange=0 dist=-1,00
[DEBUG-ENEMY] Enemy IsAlive=True ShouldRunAI=True state=IdleState MyTarget= MyAttackTime=57,99 IsAttacking=False AttackRange=0 dist=-1,00
[DEBUG-ENEMY] Enemy IsAlive=True ShouldRunAI=True state=FollowState MyTarget=Player [connId=1866355813] (Player) MyAttackTime=57,99 IsAttacking=False AttackRange=5 dist=10,04
[DEBUG-ENEMY] Enemy IsAlive=True ShouldRunAI=True state=IdleState MyTarget= MyAttackTime=57,99 IsAttacking=False AttackRange=5 dist=-1,00
[DEBUG-ENEMY] Enemy IsAlive=True ShouldRunAI=True state=FollowState MyTarget=Player [connId=1866355813] (Player) MyAttackTime=57,99 IsAttacking=False AttackRange=0 dist=18,80
[DEBUG-ENEMY] Enemy IsAlive=True ShouldRunAI=True state=FollowState MyTarget=Player [connId=1866355813] (Player) MyAttackTime=57,99 IsAttacking=False AttackRange=5 dist=9,29
[DEBUG-ENEMY] Enemy IsAlive=True ShouldRunAI=True state=IdleState MyTarget= MyAttackTime=57,99 IsAttacking=False AttackRange=0 dist=-1,00
[DEBUG-ENEMY] Enemy IsAlive=True ShouldRunAI=True state=IdleState MyTarget= MyAttackTime=57,99 IsAttacking=False AttackRange=0 dist=-1,00
[DEBUG-ENEMY] Enemy IsAlive=True ShouldRunAI=True state=IdleState MyTarget= MyAttackTime=57,99 IsAttacking=False AttackRange=0 dist=-1,00
[DEBUG-ENEMY] Enemy IsAlive=True ShouldRunAI=True state=FollowState MyTarget=Player [connId=1866355813] (Player) MyAttackTime=57,99 IsAttacking=False AttackRange=5 dist=10,05
[DEBUG-RANGE] OnTriggerEnter2D on Enemy with tag=Ground ShouldRunAI=True
[DEBUG-RANGE] OnTriggerEnter2D on Enemy with tag=Ground ShouldRunAI=True
[DEBUG-RANGE] OnTriggerEnter2D on Enemy with tag=Ground ShouldRunAI=True
[DEBUG-RANGE] OnTriggerEnter2D on Enemy with tag=Ground ShouldRunAI=True
[DEBUG-RANGE] OnTriggerEnter2D on Enemy with tag=Ground ShouldRunAI=True
[DEBUG-RANGE] OnTriggerEnter2D on Enemy with tag=Ground ShouldRunAI=True
[DEBUG-RANGE] OnTriggerEnter2D on Enemy with tag=Ground ShouldRunAI=True
[DEBUG-RANGE] OnTriggerEnter2D on Enemy with tag=Ground ShouldRunAI=True
[DEBUG-RANGE] OnTriggerEnter2D on Enemy with tag=Ground ShouldRunAI=True
[DEBUG-RANGE] OnTriggerEnter2D on Enemy with tag=Ground ShouldRunAI=True
[DEBUG-ENEMY] Enemy IsAlive=True ShouldRunAI=True state=IdleState MyTarget= MyAttackTime=59,99 IsAttacking=False AttackRange=0 dist=-1,00
[DEBUG-ENEMY] Enemy IsAlive=True ShouldRunAI=True state=IdleState MyTarget= MyAttackTime=59,99 IsAttacking=False AttackRange=0 dist=-1,00
[DEBUG-ENEMY] Enemy IsAlive=True ShouldRunAI=True state=FollowState MyTarget=Player [connId=1866355813] (Player) MyAttackTime=59,99 IsAttacking=False AttackRange=5 dist=10,04
[DEBUG-ENEMY] Enemy IsAlive=True ShouldRunAI=True state=IdleState MyTarget= MyAttackTime=59,99 IsAttacking=False AttackRange=5 dist=-1,00
[DEBUG-ENEMY] Enemy IsAlive=True ShouldRunAI=True state=FollowState MyTarget=Player [connId=1866355813] (Player) MyAttackTime=59,99 IsAttacking=False AttackRange=0 dist=18,80
[DEBUG-ENEMY] Enemy IsAlive=True ShouldRunAI=True state=FollowState MyTarget=Player [connId=1866355813] (Player) MyAttackTime=59,99 IsAttacking=False AttackRange=5 dist=9,29
[DEBUG-ENEMY] Enemy IsAlive=True ShouldRunAI=True state=IdleState MyTarget= MyAttackTime=59,99 IsAttacking=False AttackRange=0 dist=-1,00
[DEBUG-ENEMY] Enemy IsAlive=True ShouldRunAI=True state=IdleState MyTarget= MyAttackTime=59,99 IsAttacking=False AttackRange=0 dist=-1,00
[DEBUG-ENEMY] Enemy IsAlive=True ShouldRunAI=True state=IdleState MyTarget= MyAttackTime=59,99 IsAttacking=False AttackRange=0 dist=-1,00
[DEBUG-ENEMY] Enemy IsAlive=True ShouldRunAI=True state=FollowState MyTarget=Player [connId=1866355813] (Player) MyAttackTime=59,99 IsAttacking=False AttackRange=5 dist=10,05
[DEBUG-RANGE] OnTriggerEnter2D on Enemy with tag=Ground ShouldRunAI=True
[DEBUG-RANGE] OnTriggerEnter2D on Enemy with tag=Ground ShouldRunAI=True
[DEBUG-RANGE] OnTriggerEnter2D on Enemy with tag=Ground ShouldRunAI=True
[DEBUG-RANGE] OnTriggerEnter2D on Enemy with tag=Ground ShouldRunAI=True
[DEBUG-RANGE] OnTriggerEnter2D on Enemy with tag=Ground ShouldRunAI=True
[DEBUG-RANGE] OnTriggerEnter2D on Enemy with tag=Ground ShouldRunAI=True
[DEBUG-RANGE] OnTriggerEnter2D on Enemy with tag=Ground ShouldRunAI=True
[DEBUG-RANGE] OnTriggerEnter2D on Enemy with tag=Ground ShouldRunAI=True
[DEBUG-RANGE] OnTriggerEnter2D on Enemy with tag=Ground ShouldRunAI=True
[DEBUG-RANGE] OnTriggerEnter2D on Enemy with tag=Ground ShouldRunAI=True
[DEBUG-ENEMY] Enemy IsAlive=True ShouldRunAI=True state=IdleState MyTarget= MyAttackTime=61,99 IsAttacking=False AttackRange=0 dist=-1,00
[DEBUG-ENEMY] Enemy IsAlive=True ShouldRunAI=True state=IdleState MyTarget= MyAttackTime=61,99 IsAttacking=False AttackRange=0 dist=-1,00
[DEBUG-ENEMY] Enemy IsAlive=True ShouldRunAI=True state=FollowState MyTarget=Player [connId=1866355813] (Player) MyAttackTime=61,99 IsAttacking=False AttackRange=5 dist=10,04
[DEBUG-ENEMY] Enemy IsAlive=True ShouldRunAI=True state=IdleState MyTarget= MyAttackTime=61,99 IsAttacking=False AttackRange=5 dist=-1,00
[DEBUG-ENEMY] Enemy IsAlive=True ShouldRunAI=True state=FollowState MyTarget=Player [connId=1866355813] (Player) MyAttackTime=61,99 IsAttacking=False AttackRange=0 dist=18,80
[DEBUG-ENEMY] Enemy IsAlive=True ShouldRunAI=True state=FollowState MyTarget=Player [connId=1866355813] (Player) MyAttackTime=61,99 IsAttacking=False AttackRange=5 dist=9,29
[DEBUG-ENEMY] Enemy IsAlive=True ShouldRunAI=True state=IdleState MyTarget= MyAttackTime=61,99 IsAttacking=False AttackRange=0 dist=-1,00
[DEBUG-ENEMY] Enemy IsAlive=True ShouldRunAI=True state=IdleState MyTarget= MyAttackTime=61,99 IsAttacking=False AttackRange=0 dist=-1,00
[DEBUG-ENEMY] Enemy IsAlive=True ShouldRunAI=True state=IdleState MyTarget= MyAttackTime=61,99 IsAttacking=False AttackRange=0 dist=-1,00
[DEBUG-ENEMY] Enemy IsAlive=True ShouldRunAI=True state=FollowState MyTarget=Player [connId=1866355813] (Player) MyAttackTime=61,99 IsAttacking=False AttackRange=5 dist=10,05
[DEBUG-RANGE] OnTriggerEnter2D on Enemy with tag=Ground ShouldRunAI=True
[DEBUG-RANGE] OnTriggerEnter2D on Enemy with tag=Ground ShouldRunAI=True
[DEBUG-RANGE] OnTriggerEnter2D on Enemy with tag=Ground ShouldRunAI=True
[DEBUG-RANGE] OnTriggerEnter2D on Enemy with tag=Ground ShouldRunAI=True
[DEBUG-RANGE] OnTriggerEnter2D on Enemy with tag=Ground ShouldRunAI=True
[DEBUG-RANGE] OnTriggerEnter2D on Enemy with tag=Ground ShouldRunAI=True
[DEBUG-RANGE] OnTriggerEnter2D on Enemy with tag=Ground ShouldRunAI=True
[DEBUG-RANGE] OnTriggerEnter2D on Enemy with tag=Ground ShouldRunAI=True
[DEBUG-RANGE] OnTriggerEnter2D on Enemy with tag=Ground ShouldRunAI=True
[DEBUG-RANGE] OnTriggerEnter2D on Enemy with tag=Ground ShouldRunAI=True
[DEBUG-ENEMY] Enemy IsAlive=True ShouldRunAI=True state=IdleState MyTarget= MyAttackTime=63,99 IsAttacking=False AttackRange=0 dist=-1,00
[DEBUG-ENEMY] Enemy IsAlive=True ShouldRunAI=True state=IdleState MyTarget= MyAttackTime=63,99 IsAttacking=False AttackRange=0 dist=-1,00
[DEBUG-ENEMY] Enemy IsAlive=True ShouldRunAI=True state=FollowState MyTarget=Player [connId=1866355813] (Player) MyAttackTime=63,99 IsAttacking=False AttackRange=5 dist=10,04
[DEBUG-ENEMY] Enemy IsAlive=True ShouldRunAI=True state=IdleState MyTarget= MyAttackTime=63,99 IsAttacking=False AttackRange=5 dist=-1,00
[DEBUG-ENEMY] Enemy IsAlive=True ShouldRunAI=True state=FollowState MyTarget=Player [connId=1866355813] (Player) MyAttackTime=63,99 IsAttacking=False AttackRange=0 dist=18,80
[DEBUG-ENEMY] Enemy IsAlive=True ShouldRunAI=True state=FollowState MyTarget=Player [connId=1866355813] (Player) MyAttackTime=63,99 IsAttacking=False AttackRange=5 dist=9,29
[DEBUG-ENEMY] Enemy IsAlive=True ShouldRunAI=True state=IdleState MyTarget= MyAttackTime=63,99 IsAttacking=False AttackRange=0 dist=-1,00
[DEBUG-ENEMY] Enemy IsAlive=True ShouldRunAI=True state=IdleState MyTarget= MyAttackTime=63,99 IsAttacking=False AttackRange=0 dist=-1,00
[DEBUG-ENEMY] Enemy IsAlive=True ShouldRunAI=True state=IdleState MyTarget= MyAttackTime=63,99 IsAttacking=False AttackRange=0 dist=-1,00
[DEBUG-ENEMY] Enemy IsAlive=True ShouldRunAI=True state=FollowState MyTarget=Player [connId=1866355813] (Player) MyAttackTime=63,99 IsAttacking=False AttackRange=5 dist=10,05
[DEBUG-RANGE] OnTriggerEnter2D on Enemy with tag=Ground ShouldRunAI=True
[DEBUG-RANGE] OnTriggerEnter2D on Enemy with tag=Ground ShouldRunAI=True
[DEBUG-RANGE] OnTriggerEnter2D on Enemy with tag=Ground ShouldRunAI=True
[DEBUG-RANGE] OnTriggerEnter2D on Enemy with tag=Ground ShouldRunAI=True
[DEBUG-RANGE] OnTriggerEnter2D on Enemy with tag=Ground ShouldRunAI=True
[DEBUG-RANGE] OnTriggerEnter2D on Enemy with tag=Ground ShouldRunAI=True
[DEBUG-RANGE] OnTriggerEnter2D on Enemy with tag=Ground ShouldRunAI=True
[DEBUG-RANGE] OnTriggerEnter2D on Enemy with tag=Ground ShouldRunAI=True
[DEBUG-RANGE] OnTriggerEnter2D on Enemy with tag=Ground ShouldRunAI=True
[DEBUG-RANGE] OnTriggerEnter2D on Enemy with tag=Ground ShouldRunAI=True
[DEBUG-ENEMY] Enemy IsAlive=True ShouldRunAI=True state=IdleState MyTarget= MyAttackTime=65,99 IsAttacking=False AttackRange=0 dist=-1,00
[DEBUG-ENEMY] Enemy IsAlive=True ShouldRunAI=True state=IdleState MyTarget= MyAttackTime=65,99 IsAttacking=False AttackRange=0 dist=-1,00
[DEBUG-ENEMY] Enemy IsAlive=True ShouldRunAI=True state=FollowState MyTarget=Player [connId=1866355813] (Player) MyAttackTime=65,99 IsAttacking=False AttackRange=5 dist=10,04
[DEBUG-ENEMY] Enemy IsAlive=True ShouldRunAI=True state=IdleState MyTarget= MyAttackTime=65,99 IsAttacking=False AttackRange=5 dist=-1,00
[DEBUG-ENEMY] Enemy IsAlive=True ShouldRunAI=True state=FollowState MyTarget=Player [connId=1866355813] (Player) MyAttackTime=65,99 IsAttacking=False AttackRange=0 dist=18,80
[DEBUG-ENEMY] Enemy IsAlive=True ShouldRunAI=True state=FollowState MyTarget=Player [connId=1866355813] (Player) MyAttackTime=65,99 IsAttacking=False AttackRange=5 dist=9,29
[DEBUG-ENEMY] Enemy IsAlive=True ShouldRunAI=True state=IdleState MyTarget= MyAttackTime=65,99 IsAttacking=False AttackRange=0 dist=-1,00
[DEBUG-ENEMY] Enemy IsAlive=True ShouldRunAI=True state=IdleState MyTarget= MyAttackTime=65,99 IsAttacking=False AttackRange=0 dist=-1,00
[DEBUG-ENEMY] Enemy IsAlive=True ShouldRunAI=True state=IdleState MyTarget= MyAttackTime=65,99 IsAttacking=False AttackRange=0 dist=-1,00
[DEBUG-ENEMY] Enemy IsAlive=True ShouldRunAI=True state=FollowState MyTarget=Player [connId=1866355813] (Player) MyAttackTime=65,99 IsAttacking=False AttackRange=5 dist=10,05
[DEBUG-RANGE] OnTriggerEnter2D on Enemy with tag=Ground ShouldRunAI=True
[DEBUG-RANGE] OnTriggerEnter2D on Enemy with tag=Ground ShouldRunAI=True
[DEBUG-RANGE] OnTriggerEnter2D on Enemy with tag=Ground ShouldRunAI=True
[DEBUG-RANGE] OnTriggerEnter2D on Enemy with tag=Ground ShouldRunAI=True
[DEBUG-RANGE] OnTriggerEnter2D on Enemy with tag=Ground ShouldRunAI=True
[DEBUG-RANGE] OnTriggerEnter2D on Enemy with tag=Ground ShouldRunAI=True
[DEBUG-RANGE] OnTriggerEnter2D on Enemy with tag=Ground ShouldRunAI=True
[DEBUG-RANGE] OnTriggerEnter2D on Enemy with tag=Ground ShouldRunAI=True
[DEBUG-RANGE] OnTriggerEnter2D on Enemy with tag=Ground ShouldRunAI=True
[DEBUG-RANGE] OnTriggerEnter2D on Enemy with tag=Ground ShouldRunAI=True
[DEBUG-ENEMY] Enemy IsAlive=True ShouldRunAI=True state=IdleState MyTarget= MyAttackTime=67,99 IsAttacking=False AttackRange=0 dist=-1,00
[DEBUG-ENEMY] Enemy IsAlive=True ShouldRunAI=True state=IdleState MyTarget= MyAttackTime=67,99 IsAttacking=False AttackRange=0 dist=-1,00
[DEBUG-ENEMY] Enemy IsAlive=True ShouldRunAI=True state=FollowState MyTarget=Player [connId=1866355813] (Player) MyAttackTime=67,99 IsAttacking=False AttackRange=5 dist=10,04
[DEBUG-ENEMY] Enemy IsAlive=True ShouldRunAI=True state=IdleState MyTarget= MyAttackTime=67,99 IsAttacking=False AttackRange=5 dist=-1,00
[DEBUG-ENEMY] Enemy IsAlive=True ShouldRunAI=True state=FollowState MyTarget=Player [connId=1866355813] (Player) MyAttackTime=67,99 IsAttacking=False AttackRange=0 dist=18,80
[DEBUG-ENEMY] Enemy IsAlive=True ShouldRunAI=True state=FollowState MyTarget=Player [connId=1866355813] (Player) MyAttackTime=67,99 IsAttacking=False AttackRange=5 dist=9,29
[DEBUG-ENEMY] Enemy IsAlive=True ShouldRunAI=True state=IdleState MyTarget= MyAttackTime=67,99 IsAttacking=False AttackRange=0 dist=-1,00
[DEBUG-ENEMY] Enemy IsAlive=True ShouldRunAI=True state=IdleState MyTarget= MyAttackTime=67,99 IsAttacking=False AttackRange=0 dist=-1,00
[DEBUG-ENEMY] Enemy IsAlive=True ShouldRunAI=True state=IdleState MyTarget= MyAttackTime=67,99 IsAttacking=False AttackRange=0 dist=-1,00
[DEBUG-ENEMY] Enemy IsAlive=True ShouldRunAI=True state=FollowState MyTarget=Player [connId=1866355813] (Player) MyAttackTime=67,99 IsAttacking=False AttackRange=5 dist=10,05
[DEBUG-RANGE] OnTriggerEnter2D on Enemy with tag=Ground ShouldRunAI=True
[DEBUG-RANGE] OnTriggerEnter2D on Enemy with tag=Ground ShouldRunAI=True
[DEBUG-RANGE] OnTriggerEnter2D on Enemy with tag=Ground ShouldRunAI=True
[DEBUG-RANGE] OnTriggerEnter2D on Enemy with tag=Ground ShouldRunAI=True
[DEBUG-RANGE] OnTriggerEnter2D on Enemy with tag=Ground ShouldRunAI=True
[DEBUG-RANGE] OnTriggerEnter2D on Enemy with tag=Ground ShouldRunAI=True
[DEBUG-RANGE] OnTriggerEnter2D on Enemy with tag=Ground ShouldRunAI=True
[DEBUG-RANGE] OnTriggerEnter2D on Enemy with tag=Ground ShouldRunAI=True
[DEBUG-RANGE] OnTriggerEnter2D on Enemy with tag=Ground ShouldRunAI=True
[DEBUG-RANGE] OnTriggerEnter2D on Enemy with tag=Ground ShouldRunAI=True
[DEBUG-ENEMY] Enemy IsAlive=True ShouldRunAI=True state=IdleState MyTarget= MyAttackTime=69,99 IsAttacking=False AttackRange=0 dist=-1,00
[DEBUG-ENEMY] Enemy IsAlive=True ShouldRunAI=True state=IdleState MyTarget= MyAttackTime=69,99 IsAttacking=False AttackRange=0 dist=-1,00
[DEBUG-ENEMY] Enemy IsAlive=True ShouldRunAI=True state=FollowState MyTarget=Player [connId=1866355813] (Player) MyAttackTime=69,99 IsAttacking=False AttackRange=5 dist=10,04
[DEBUG-ENEMY] Enemy IsAlive=True ShouldRunAI=True state=IdleState MyTarget= MyAttackTime=69,99 IsAttacking=False AttackRange=5 dist=-1,00
[DEBUG-ENEMY] Enemy IsAlive=True ShouldRunAI=True state=FollowState MyTarget=Player [connId=1866355813] (Player) MyAttackTime=69,99 IsAttacking=False AttackRange=0 dist=18,80
[DEBUG-ENEMY] Enemy IsAlive=True ShouldRunAI=True state=FollowState MyTarget=Player [connId=1866355813] (Player) MyAttackTime=69,99 IsAttacking=False AttackRange=5 dist=9,29
[DEBUG-ENEMY] Enemy IsAlive=True ShouldRunAI=True state=IdleState MyTarget= MyAttackTime=69,99 IsAttacking=False AttackRange=0 dist=-1,00
[DEBUG-ENEMY] Enemy IsAlive=True ShouldRunAI=True state=IdleState MyTarget= MyAttackTime=69,99 IsAttacking=False AttackRange=0 dist=-1,00
[DEBUG-ENEMY] Enemy IsAlive=True ShouldRunAI=True state=IdleState MyTarget= MyAttackTime=69,99 IsAttacking=False AttackRange=0 dist=-1,00
[DEBUG-ENEMY] Enemy IsAlive=True ShouldRunAI=True state=FollowState MyTarget=Player [connId=1866355813] (Player) MyAttackTime=69,99 IsAttacking=False AttackRange=5 dist=10,05
[DEBUG-RANGE] OnTriggerEnter2D on Enemy with tag=Ground ShouldRunAI=True
[DEBUG-RANGE] OnTriggerEnter2D on Enemy with tag=Ground ShouldRunAI=True
[DEBUG-RANGE] OnTriggerEnter2D on Enemy with tag=Ground ShouldRunAI=True
[DEBUG-RANGE] OnTriggerEnter2D on Enemy with tag=Ground ShouldRunAI=True
[DEBUG-RANGE] OnTriggerEnter2D on Enemy with tag=Ground ShouldRunAI=True
[DEBUG-RANGE] OnTriggerEnter2D on Enemy with tag=Ground ShouldRunAI=True
[DEBUG-RANGE] OnTriggerEnter2D on Enemy with tag=Ground ShouldRunAI=True
[DEBUG-RANGE] OnTriggerEnter2D on Enemy with tag=Ground ShouldRunAI=True
[DEBUG-RANGE] OnTriggerEnter2D on Enemy with tag=Ground ShouldRunAI=True
[DEBUG-RANGE] OnTriggerEnter2D on Enemy with tag=Ground ShouldRunAI=True
[DEBUG-ENEMY] Enemy IsAlive=True ShouldRunAI=True state=IdleState MyTarget= MyAttackTime=71,99 IsAttacking=False AttackRange=0 dist=-1,00
[DEBUG-ENEMY] Enemy IsAlive=True ShouldRunAI=True state=IdleState MyTarget= MyAttackTime=71,99 IsAttacking=False AttackRange=0 dist=-1,00
[DEBUG-ENEMY] Enemy IsAlive=True ShouldRunAI=True state=FollowState MyTarget=Player [connId=1866355813] (Player) MyAttackTime=71,99 IsAttacking=False AttackRange=5 dist=10,04
[DEBUG-ENEMY] Enemy IsAlive=True ShouldRunAI=True state=IdleState MyTarget= MyAttackTime=71,99 IsAttacking=False AttackRange=5 dist=-1,00
[DEBUG-ENEMY] Enemy IsAlive=True ShouldRunAI=True state=FollowState MyTarget=Player [connId=1866355813] (Player) MyAttackTime=71,99 IsAttacking=False AttackRange=0 dist=18,80
[DEBUG-ENEMY] Enemy IsAlive=True ShouldRunAI=True state=FollowState MyTarget=Player [connId=1866355813] (Player) MyAttackTime=71,99 IsAttacking=False AttackRange=5 dist=9,29
[DEBUG-ENEMY] Enemy IsAlive=True ShouldRunAI=True state=IdleState MyTarget= MyAttackTime=71,99 IsAttacking=False AttackRange=0 dist=-1,00
[DEBUG-ENEMY] Enemy IsAlive=True ShouldRunAI=True state=IdleState MyTarget= MyAttackTime=71,99 IsAttacking=False AttackRange=0 dist=-1,00
[DEBUG-ENEMY] Enemy IsAlive=True ShouldRunAI=True state=IdleState MyTarget= MyAttackTime=71,99 IsAttacking=False AttackRange=0 dist=-1,00
[DEBUG-ENEMY] Enemy IsAlive=True ShouldRunAI=True state=FollowState MyTarget=Player [connId=1866355813] (Player) MyAttackTime=71,99 IsAttacking=False AttackRange=5 dist=10,05
[DEBUG-RANGE] OnTriggerEnter2D on Enemy with tag=Ground ShouldRunAI=True
[DEBUG-RANGE] OnTriggerEnter2D on Enemy with tag=Ground ShouldRunAI=True
[DEBUG-RANGE] OnTriggerEnter2D on Enemy with tag=Ground ShouldRunAI=True
[DEBUG-RANGE] OnTriggerEnter2D on Enemy with tag=Ground ShouldRunAI=True
[DEBUG-RANGE] OnTriggerEnter2D on Enemy with tag=Ground ShouldRunAI=True
[DEBUG-RANGE] OnTriggerEnter2D on Enemy with tag=Ground ShouldRunAI=True
[DEBUG-RANGE] OnTriggerEnter2D on Enemy with tag=Ground ShouldRunAI=True
[DEBUG-RANGE] OnTriggerEnter2D on Enemy with tag=Ground ShouldRunAI=True
[DEBUG-RANGE] OnTriggerEnter2D on Enemy with tag=Ground ShouldRunAI=True
[DEBUG-RANGE] OnTriggerEnter2D on Enemy with tag=Ground ShouldRunAI=True
[DEBUG-ENEMY] Enemy IsAlive=True ShouldRunAI=True state=IdleState MyTarget= MyAttackTime=73,99 IsAttacking=False AttackRange=0 dist=-1,00
[DEBUG-ENEMY] Enemy IsAlive=True ShouldRunAI=True state=IdleState MyTarget= MyAttackTime=73,99 IsAttacking=False AttackRange=0 dist=-1,00
[DEBUG-ENEMY] Enemy IsAlive=True ShouldRunAI=True state=FollowState MyTarget=Player [connId=1866355813] (Player) MyAttackTime=73,99 IsAttacking=False AttackRange=5 dist=10,04
[DEBUG-ENEMY] Enemy IsAlive=True ShouldRunAI=True state=IdleState MyTarget= MyAttackTime=73,99 IsAttacking=False AttackRange=5 dist=-1,00
[DEBUG-ENEMY] Enemy IsAlive=True ShouldRunAI=True state=FollowState MyTarget=Player [connId=1866355813] (Player) MyAttackTime=73,99 IsAttacking=False AttackRange=0 dist=18,80
[DEBUG-ENEMY] Enemy IsAlive=True ShouldRunAI=True state=FollowState MyTarget=Player [connId=1866355813] (Player) MyAttackTime=73,99 IsAttacking=False AttackRange=5 dist=9,29
[DEBUG-ENEMY] Enemy IsAlive=True ShouldRunAI=True state=IdleState MyTarget= MyAttackTime=73,99 IsAttacking=False AttackRange=0 dist=-1,00
[DEBUG-ENEMY] Enemy IsAlive=True ShouldRunAI=True state=IdleState MyTarget= MyAttackTime=73,99 IsAttacking=False AttackRange=0 dist=-1,00
[DEBUG-ENEMY] Enemy IsAlive=True ShouldRunAI=True state=IdleState MyTarget= MyAttackTime=73,99 IsAttacking=False AttackRange=0 dist=-1,00
[DEBUG-ENEMY] Enemy IsAlive=True ShouldRunAI=True state=FollowState MyTarget=Player [connId=1866355813] (Player) MyAttackTime=73,99 IsAttacking=False AttackRange=5 dist=10,05
[DEBUG-RANGE] OnTriggerEnter2D on Enemy with tag=Ground ShouldRunAI=True
[DEBUG-RANGE] OnTriggerEnter2D on Enemy with tag=Ground ShouldRunAI=True
[DEBUG-RANGE] OnTriggerEnter2D on Enemy with tag=Ground ShouldRunAI=True
[DEBUG-RANGE] OnTriggerEnter2D on Enemy with tag=Ground ShouldRunAI=True
[DEBUG-RANGE] OnTriggerEnter2D on Enemy with tag=Ground ShouldRunAI=True
[DEBUG-RANGE] OnTriggerEnter2D on Enemy with tag=Ground ShouldRunAI=True
[DEBUG-RANGE] OnTriggerEnter2D on Enemy with tag=Ground ShouldRunAI=True
[DEBUG-RANGE] OnTriggerEnter2D on Enemy with tag=Ground ShouldRunAI=True
[DEBUG-RANGE] OnTriggerEnter2D on Enemy with tag=Ground ShouldRunAI=True
[DEBUG-RANGE] OnTriggerEnter2D on Enemy with tag=Ground ShouldRunAI=True
[DEBUG-ENEMY] Enemy IsAlive=True ShouldRunAI=True state=IdleState MyTarget= MyAttackTime=75,99 IsAttacking=False AttackRange=0 dist=-1,00
[DEBUG-ENEMY] Enemy IsAlive=True ShouldRunAI=True state=IdleState MyTarget= MyAttackTime=75,99 IsAttacking=False AttackRange=0 dist=-1,00
[DEBUG-ENEMY] Enemy IsAlive=True ShouldRunAI=True state=FollowState MyTarget=Player [connId=1866355813] (Player) MyAttackTime=75,99 IsAttacking=False AttackRange=5 dist=10,04
[DEBUG-ENEMY] Enemy IsAlive=True ShouldRunAI=True state=IdleState MyTarget= MyAttackTime=75,99 IsAttacking=False AttackRange=5 dist=-1,00
[DEBUG-ENEMY] Enemy IsAlive=True ShouldRunAI=True state=FollowState MyTarget=Player [connId=1866355813] (Player) MyAttackTime=75,99 IsAttacking=False AttackRange=0 dist=18,80
[DEBUG-ENEMY] Enemy IsAlive=True ShouldRunAI=True state=FollowState MyTarget=Player [connId=1866355813] (Player) MyAttackTime=75,99 IsAttacking=False AttackRange=5 dist=9,29
[DEBUG-ENEMY] Enemy IsAlive=True ShouldRunAI=True state=IdleState MyTarget= MyAttackTime=75,99 IsAttacking=False AttackRange=0 dist=-1,00
[DEBUG-ENEMY] Enemy IsAlive=True ShouldRunAI=True state=IdleState MyTarget= MyAttackTime=75,99 IsAttacking=False AttackRange=0 dist=-1,00
[DEBUG-ENEMY] Enemy IsAlive=True ShouldRunAI=True state=IdleState MyTarget= MyAttackTime=75,99 IsAttacking=False AttackRange=0 dist=-1,00
[DEBUG-ENEMY] Enemy IsAlive=True ShouldRunAI=True state=FollowState MyTarget=Player [connId=1866355813] (Player) MyAttackTime=75,99 IsAttacking=False AttackRange=5 dist=10,05
[DEBUG-RANGE] OnTriggerEnter2D on Enemy with tag=Ground ShouldRunAI=True
[DEBUG-RANGE] OnTriggerEnter2D on Enemy with tag=Ground ShouldRunAI=True
[DEBUG-RANGE] OnTriggerEnter2D on Enemy with tag=Ground ShouldRunAI=True
[DEBUG-RANGE] OnTriggerEnter2D on Enemy with tag=Ground ShouldRunAI=True
[DEBUG-RANGE] OnTriggerEnter2D on Enemy with tag=Ground ShouldRunAI=True
[DEBUG-RANGE] OnTriggerEnter2D on Enemy with tag=Ground ShouldRunAI=True
[DEBUG-RANGE] OnTriggerEnter2D on Enemy with tag=Ground ShouldRunAI=True
[DEBUG-RANGE] OnTriggerEnter2D on Enemy with tag=Ground ShouldRunAI=True
[DEBUG-RANGE] OnTriggerEnter2D on Enemy with tag=Ground ShouldRunAI=True
[DEBUG-RANGE] OnTriggerEnter2D on Enemy with tag=Ground ShouldRunAI=True
[DEBUG-ENEMY] Enemy IsAlive=True ShouldRunAI=True state=IdleState MyTarget= MyAttackTime=77,99 IsAttacking=False AttackRange=0 dist=-1,00
[DEBUG-ENEMY] Enemy IsAlive=True ShouldRunAI=True state=IdleState MyTarget= MyAttackTime=77,99 IsAttacking=False AttackRange=0 dist=-1,00
[DEBUG-ENEMY] Enemy IsAlive=True ShouldRunAI=True state=FollowState MyTarget=Player [connId=1866355813] (Player) MyAttackTime=77,99 IsAttacking=False AttackRange=5 dist=10,04
[DEBUG-ENEMY] Enemy IsAlive=True ShouldRunAI=True state=IdleState MyTarget= MyAttackTime=77,99 IsAttacking=False AttackRange=5 dist=-1,00
[DEBUG-ENEMY] Enemy IsAlive=True ShouldRunAI=True state=FollowState MyTarget=Player [connId=1866355813] (Player) MyAttackTime=77,99 IsAttacking=False AttackRange=0 dist=18,80
[DEBUG-ENEMY] Enemy IsAlive=True ShouldRunAI=True state=FollowState MyTarget=Player [connId=1866355813] (Player) MyAttackTime=77,99 IsAttacking=False AttackRange=5 dist=9,29
[DEBUG-ENEMY] Enemy IsAlive=True ShouldRunAI=True state=IdleState MyTarget= MyAttackTime=77,99 IsAttacking=False AttackRange=0 dist=-1,00
[DEBUG-ENEMY] Enemy IsAlive=True ShouldRunAI=True state=IdleState MyTarget= MyAttackTime=77,99 IsAttacking=False AttackRange=0 dist=-1,00
[DEBUG-ENEMY] Enemy IsAlive=True ShouldRunAI=True state=IdleState MyTarget= MyAttackTime=77,99 IsAttacking=False AttackRange=0 dist=-1,00
[DEBUG-ENEMY] Enemy IsAlive=True ShouldRunAI=True state=FollowState MyTarget=Player [connId=1866355813] (Player) MyAttackTime=77,99 IsAttacking=False AttackRange=5 dist=10,05
[DEBUG-RANGE] OnTriggerEnter2D on Enemy with tag=Ground ShouldRunAI=True
[DEBUG-RANGE] OnTriggerEnter2D on Enemy with tag=Ground ShouldRunAI=True
[DEBUG-RANGE] OnTriggerEnter2D on Enemy with tag=Ground ShouldRunAI=True
[DEBUG-RANGE] OnTriggerEnter2D on Enemy with tag=Ground ShouldRunAI=True
[DEBUG-RANGE] OnTriggerEnter2D on Enemy with tag=Ground ShouldRunAI=True
[DEBUG-RANGE] OnTriggerEnter2D on Enemy with tag=Ground ShouldRunAI=True
[DEBUG-RANGE] OnTriggerEnter2D on Enemy with tag=Ground ShouldRunAI=True
[DEBUG-RANGE] OnTriggerEnter2D on Enemy with tag=Ground ShouldRunAI=True
[DEBUG-RANGE] OnTriggerEnter2D on Enemy with tag=Ground ShouldRunAI=True
[DEBUG-RANGE] OnTriggerEnter2D on Enemy with tag=Ground ShouldRunAI=True
[DEBUG-ENEMY] Enemy IsAlive=True ShouldRunAI=True state=IdleState MyTarget= MyAttackTime=79,99 IsAttacking=False AttackRange=0 dist=-1,00
[DEBUG-ENEMY] Enemy IsAlive=True ShouldRunAI=True state=IdleState MyTarget= MyAttackTime=79,99 IsAttacking=False AttackRange=0 dist=-1,00
[DEBUG-ENEMY] Enemy IsAlive=True ShouldRunAI=True state=FollowState MyTarget=Player [connId=1866355813] (Player) MyAttackTime=79,99 IsAttacking=False AttackRange=5 dist=10,04
[DEBUG-ENEMY] Enemy IsAlive=True ShouldRunAI=True state=IdleState MyTarget= MyAttackTime=79,99 IsAttacking=False AttackRange=5 dist=-1,00
[DEBUG-ENEMY] Enemy IsAlive=True ShouldRunAI=True state=FollowState MyTarget=Player [connId=1866355813] (Player) MyAttackTime=79,99 IsAttacking=False AttackRange=0 dist=18,80
[DEBUG-ENEMY] Enemy IsAlive=True ShouldRunAI=True state=FollowState MyTarget=Player [connId=1866355813] (Player) MyAttackTime=79,99 IsAttacking=False AttackRange=5 dist=9,29
[DEBUG-ENEMY] Enemy IsAlive=True ShouldRunAI=True state=IdleState MyTarget= MyAttackTime=79,99 IsAttacking=False AttackRange=0 dist=-1,00
[DEBUG-ENEMY] Enemy IsAlive=True ShouldRunAI=True state=IdleState MyTarget= MyAttackTime=79,99 IsAttacking=False AttackRange=0 dist=-1,00
[DEBUG-ENEMY] Enemy IsAlive=True ShouldRunAI=True state=IdleState MyTarget= MyAttackTime=79,99 IsAttacking=False AttackRange=0 dist=-1,00
[DEBUG-ENEMY] Enemy IsAlive=True ShouldRunAI=True state=FollowState MyTarget=Player [connId=1866355813] (Player) MyAttackTime=79,99 IsAttacking=False AttackRange=5 dist=10,05
[DEBUG-RANGE] OnTriggerEnter2D on Enemy with tag=Ground ShouldRunAI=True
[DEBUG-RANGE] OnTriggerEnter2D on Enemy with tag=Ground ShouldRunAI=True
[DEBUG-RANGE] OnTriggerEnter2D on Enemy with tag=Ground ShouldRunAI=True
[DEBUG-RANGE] OnTriggerEnter2D on Enemy with tag=Ground ShouldRunAI=True
[DEBUG-RANGE] OnTriggerEnter2D on Enemy with tag=Ground ShouldRunAI=True
[DEBUG-RANGE] OnTriggerEnter2D on Enemy with tag=Ground ShouldRunAI=True
[DEBUG-RANGE] OnTriggerEnter2D on Enemy with tag=Ground ShouldRunAI=True
[DEBUG-RANGE] OnTriggerEnter2D on Enemy with tag=Ground ShouldRunAI=True
[DEBUG-RANGE] OnTriggerEnter2D on Enemy with tag=Ground ShouldRunAI=True
[DEBUG-RANGE] OnTriggerEnter2D on Enemy with tag=Ground ShouldRunAI=True
[DEBUG-ENEMY] Enemy IsAlive=True ShouldRunAI=True state=IdleState MyTarget= MyAttackTime=81,99 IsAttacking=False AttackRange=0 dist=-1,00
[DEBUG-ENEMY] Enemy IsAlive=True ShouldRunAI=True state=IdleState MyTarget= MyAttackTime=81,99 IsAttacking=False AttackRange=0 dist=-1,00
[DEBUG-ENEMY] Enemy IsAlive=True ShouldRunAI=True state=FollowState MyTarget=Player [connId=1866355813] (Player) MyAttackTime=81,99 IsAttacking=False AttackRange=5 dist=10,04
[DEBUG-ENEMY] Enemy IsAlive=True ShouldRunAI=True state=IdleState MyTarget= MyAttackTime=81,99 IsAttacking=False AttackRange=5 dist=-1,00
[DEBUG-ENEMY] Enemy IsAlive=True ShouldRunAI=True state=FollowState MyTarget=Player [connId=1866355813] (Player) MyAttackTime=81,99 IsAttacking=False AttackRange=0 dist=18,80
[DEBUG-ENEMY] Enemy IsAlive=True ShouldRunAI=True state=FollowState MyTarget=Player [connId=1866355813] (Player) MyAttackTime=81,99 IsAttacking=False AttackRange=5 dist=9,29
[DEBUG-ENEMY] Enemy IsAlive=True ShouldRunAI=True state=IdleState MyTarget= MyAttackTime=81,99 IsAttacking=False AttackRange=0 dist=-1,00
[DEBUG-ENEMY] Enemy IsAlive=True ShouldRunAI=True state=IdleState MyTarget= MyAttackTime=81,99 IsAttacking=False AttackRange=0 dist=-1,00
[DEBUG-ENEMY] Enemy IsAlive=True ShouldRunAI=True state=IdleState MyTarget= MyAttackTime=81,99 IsAttacking=False AttackRange=0 dist=-1,00
[DEBUG-ENEMY] Enemy IsAlive=True ShouldRunAI=True state=FollowState MyTarget=Player [connId=1866355813] (Player) MyAttackTime=81,99 IsAttacking=False AttackRange=5 dist=10,05
[DEBUG-RANGE] OnTriggerEnter2D on Enemy with tag=Ground ShouldRunAI=True
[DEBUG-RANGE] OnTriggerEnter2D on Enemy with tag=Ground ShouldRunAI=True
[DEBUG-RANGE] OnTriggerEnter2D on Enemy with tag=Ground ShouldRunAI=True
[DEBUG-RANGE] OnTriggerEnter2D on Enemy with tag=Ground ShouldRunAI=True
[DEBUG-RANGE] OnTriggerEnter2D on Enemy with tag=Ground ShouldRunAI=True
[DEBUG-RANGE] OnTriggerEnter2D on Enemy with tag=Ground ShouldRunAI=True
[DEBUG-RANGE] OnTriggerEnter2D on Enemy with tag=Ground ShouldRunAI=True
[DEBUG-RANGE] OnTriggerEnter2D on Enemy with tag=Ground ShouldRunAI=True
[DEBUG-RANGE] OnTriggerEnter2D on Enemy with tag=Ground ShouldRunAI=True
[DEBUG-RANGE] OnTriggerEnter2D on Enemy with tag=Ground ShouldRunAI=True
[DEBUG-ENEMY] Enemy IsAlive=True ShouldRunAI=True state=IdleState MyTarget= MyAttackTime=83,99 IsAttacking=False AttackRange=0 dist=-1,00
[DEBUG-ENEMY] Enemy IsAlive=True ShouldRunAI=True state=IdleState MyTarget= MyAttackTime=83,99 IsAttacking=False AttackRange=0 dist=-1,00
[DEBUG-ENEMY] Enemy IsAlive=True ShouldRunAI=True state=FollowState MyTarget=Player [connId=1866355813] (Player) MyAttackTime=83,99 IsAttacking=False AttackRange=5 dist=10,04
[DEBUG-ENEMY] Enemy IsAlive=True ShouldRunAI=True state=IdleState MyTarget= MyAttackTime=83,99 IsAttacking=False AttackRange=5 dist=-1,00
[DEBUG-ENEMY] Enemy IsAlive=True ShouldRunAI=True state=FollowState MyTarget=Player [connId=1866355813] (Player) MyAttackTime=83,99 IsAttacking=False AttackRange=0 dist=18,80
[DEBUG-ENEMY] Enemy IsAlive=True ShouldRunAI=True state=FollowState MyTarget=Player [connId=1866355813] (Player) MyAttackTime=83,99 IsAttacking=False AttackRange=5 dist=9,29
[DEBUG-ENEMY] Enemy IsAlive=True ShouldRunAI=True state=IdleState MyTarget= MyAttackTime=83,99 IsAttacking=False AttackRange=0 dist=-1,00
[DEBUG-ENEMY] Enemy IsAlive=True ShouldRunAI=True state=IdleState MyTarget= MyAttackTime=83,99 IsAttacking=False AttackRange=0 dist=-1,00
[DEBUG-ENEMY] Enemy IsAlive=True ShouldRunAI=True state=IdleState MyTarget= MyAttackTime=83,99 IsAttacking=False AttackRange=0 dist=-1,00
[DEBUG-ENEMY] Enemy IsAlive=True ShouldRunAI=True state=FollowState MyTarget=Player [connId=1866355813] (Player) MyAttackTime=83,99 IsAttacking=False AttackRange=5 dist=10,05
[DEBUG-RANGE] OnTriggerEnter2D on Enemy with tag=Ground ShouldRunAI=True
[DEBUG-RANGE] OnTriggerEnter2D on Enemy with tag=Ground ShouldRunAI=True
[DEBUG-RANGE] OnTriggerEnter2D on Enemy with tag=Ground ShouldRunAI=True
[DEBUG-RANGE] OnTriggerEnter2D on Enemy with tag=Ground ShouldRunAI=True
[DEBUG-RANGE] OnTriggerEnter2D on Enemy with tag=Ground ShouldRunAI=True
[DEBUG-RANGE] OnTriggerEnter2D on Enemy with tag=Ground ShouldRunAI=True
[DEBUG-RANGE] OnTriggerEnter2D on Enemy with tag=Ground ShouldRunAI=True
[DEBUG-RANGE] OnTriggerEnter2D on Enemy with tag=Ground ShouldRunAI=True
[DEBUG-RANGE] OnTriggerEnter2D on Enemy with tag=Ground ShouldRunAI=True
[DEBUG-RANGE] OnTriggerEnter2D on Enemy with tag=Ground ShouldRunAI=True
[DEBUG-ENEMY] Enemy IsAlive=True ShouldRunAI=True state=IdleState MyTarget= MyAttackTime=85,99 IsAttacking=False AttackRange=0 dist=-1,00
[DEBUG-ENEMY] Enemy IsAlive=True ShouldRunAI=True state=IdleState MyTarget= MyAttackTime=85,99 IsAttacking=False AttackRange=0 dist=-1,00
[DEBUG-ENEMY] Enemy IsAlive=True ShouldRunAI=True state=FollowState MyTarget=Player [connId=1866355813] (Player) MyAttackTime=85,99 IsAttacking=False AttackRange=5 dist=10,04
[DEBUG-ENEMY] Enemy IsAlive=True ShouldRunAI=True state=IdleState MyTarget= MyAttackTime=85,99 IsAttacking=False AttackRange=5 dist=-1,00
[DEBUG-ENEMY] Enemy IsAlive=True ShouldRunAI=True state=FollowState MyTarget=Player [connId=1866355813] (Player) MyAttackTime=85,99 IsAttacking=False AttackRange=0 dist=18,80
[DEBUG-ENEMY] Enemy IsAlive=True ShouldRunAI=True state=FollowState MyTarget=Player [connId=1866355813] (Player) MyAttackTime=85,99 IsAttacking=False AttackRange=5 dist=9,29
[DEBUG-ENEMY] Enemy IsAlive=True ShouldRunAI=True state=IdleState MyTarget= MyAttackTime=85,99 IsAttacking=False AttackRange=0 dist=-1,00
[DEBUG-ENEMY] Enemy IsAlive=True ShouldRunAI=True state=IdleState MyTarget= MyAttackTime=85,99 IsAttacking=False AttackRange=0 dist=-1,00
[DEBUG-ENEMY] Enemy IsAlive=True ShouldRunAI=True state=IdleState MyTarget= MyAttackTime=85,99 IsAttacking=False AttackRange=0 dist=-1,00
[DEBUG-ENEMY] Enemy IsAlive=True ShouldRunAI=True state=FollowState MyTarget=Player [connId=1866355813] (Player) MyAttackTime=85,99 IsAttacking=False AttackRange=5 dist=10,05
[DEBUG-RANGE] OnTriggerEnter2D on Enemy with tag=Ground ShouldRunAI=True
[DEBUG-RANGE] OnTriggerEnter2D on Enemy with tag=Ground ShouldRunAI=True
[DEBUG-RANGE] OnTriggerEnter2D on Enemy with tag=Ground ShouldRunAI=True
[DEBUG-RANGE] OnTriggerEnter2D on Enemy with tag=Ground ShouldRunAI=True
[DEBUG-RANGE] OnTriggerEnter2D on Enemy with tag=Ground ShouldRunAI=True
[DEBUG-RANGE] OnTriggerEnter2D on Enemy with tag=Ground ShouldRunAI=True
[DEBUG-RANGE] OnTriggerEnter2D on Enemy with tag=Ground ShouldRunAI=True
[DEBUG-RANGE] OnTriggerEnter2D on Enemy with tag=Ground ShouldRunAI=True
[DEBUG-RANGE] OnTriggerEnter2D on Enemy with tag=Ground ShouldRunAI=True
[DEBUG-RANGE] OnTriggerEnter2D on Enemy with tag=Ground ShouldRunAI=True
[DEBUG-ENEMY] Enemy IsAlive=True ShouldRunAI=True state=IdleState MyTarget= MyAttackTime=87,99 IsAttacking=False AttackRange=0 dist=-1,00
[DEBUG-ENEMY] Enemy IsAlive=True ShouldRunAI=True state=IdleState MyTarget= MyAttackTime=87,99 IsAttacking=False AttackRange=0 dist=-1,00
[DEBUG-ENEMY] Enemy IsAlive=True ShouldRunAI=True state=FollowState MyTarget=Player [connId=1866355813] (Player) MyAttackTime=87,99 IsAttacking=False AttackRange=5 dist=10,04
[DEBUG-ENEMY] Enemy IsAlive=True ShouldRunAI=True state=IdleState MyTarget= MyAttackTime=87,99 IsAttacking=False AttackRange=5 dist=-1,00
[DEBUG-ENEMY] Enemy IsAlive=True ShouldRunAI=True state=FollowState MyTarget=Player [connId=1866355813] (Player) MyAttackTime=87,99 IsAttacking=False AttackRange=0 dist=18,80
[DEBUG-ENEMY] Enemy IsAlive=True ShouldRunAI=True state=FollowState MyTarget=Player [connId=1866355813] (Player) MyAttackTime=87,99 IsAttacking=False AttackRange=5 dist=9,29
[DEBUG-ENEMY] Enemy IsAlive=True ShouldRunAI=True state=IdleState MyTarget= MyAttackTime=87,99 IsAttacking=False AttackRange=0 dist=-1,00
[DEBUG-ENEMY] Enemy IsAlive=True ShouldRunAI=True state=IdleState MyTarget= MyAttackTime=87,99 IsAttacking=False AttackRange=0 dist=-1,00
[DEBUG-ENEMY] Enemy IsAlive=True ShouldRunAI=True state=IdleState MyTarget= MyAttackTime=87,99 IsAttacking=False AttackRange=0 dist=-1,00
[DEBUG-ENEMY] Enemy IsAlive=True ShouldRunAI=True state=FollowState MyTarget=Player [connId=1866355813] (Player) MyAttackTime=87,99 IsAttacking=False AttackRange=5 dist=10,05
[DEBUG-RANGE] OnTriggerEnter2D on Enemy with tag=Ground ShouldRunAI=True
[DEBUG-RANGE] OnTriggerEnter2D on Enemy with tag=Ground ShouldRunAI=True
[DEBUG-RANGE] OnTriggerEnter2D on Enemy with tag=Ground ShouldRunAI=True
[DEBUG-RANGE] OnTriggerEnter2D on Enemy with tag=Ground ShouldRunAI=True
[DEBUG-RANGE] OnTriggerEnter2D on Enemy with tag=Ground ShouldRunAI=True
[DEBUG-RANGE] OnTriggerEnter2D on Enemy with tag=Ground ShouldRunAI=True
[DEBUG-RANGE] OnTriggerEnter2D on Enemy with tag=Ground ShouldRunAI=True
[DEBUG-RANGE] OnTriggerEnter2D on Enemy with tag=Ground ShouldRunAI=True
[DEBUG-RANGE] OnTriggerEnter2D on Enemy with tag=Ground ShouldRunAI=True
[DEBUG-RANGE] OnTriggerEnter2D on Enemy with tag=Ground ShouldRunAI=True
[DEBUG-ENEMY] Enemy IsAlive=True ShouldRunAI=True state=IdleState MyTarget= MyAttackTime=89,99 IsAttacking=False AttackRange=0 dist=-1,00
[DEBUG-ENEMY] Enemy IsAlive=True ShouldRunAI=True state=IdleState MyTarget= MyAttackTime=89,99 IsAttacking=False AttackRange=0 dist=-1,00
[DEBUG-ENEMY] Enemy IsAlive=True ShouldRunAI=True state=FollowState MyTarget=Player [connId=1866355813] (Player) MyAttackTime=89,99 IsAttacking=False AttackRange=5 dist=10,04
[DEBUG-ENEMY] Enemy IsAlive=True ShouldRunAI=True state=IdleState MyTarget= MyAttackTime=89,99 IsAttacking=False AttackRange=5 dist=-1,00
[DEBUG-ENEMY] Enemy IsAlive=True ShouldRunAI=True state=FollowState MyTarget=Player [connId=1866355813] (Player) MyAttackTime=89,99 IsAttacking=False AttackRange=0 dist=18,80
[DEBUG-ENEMY] Enemy IsAlive=True ShouldRunAI=True state=FollowState MyTarget=Player [connId=1866355813] (Player) MyAttackTime=89,99 IsAttacking=False AttackRange=5 dist=9,29
[DEBUG-ENEMY] Enemy IsAlive=True ShouldRunAI=True state=IdleState MyTarget= MyAttackTime=89,99 IsAttacking=False AttackRange=0 dist=-1,00
[DEBUG-ENEMY] Enemy IsAlive=True ShouldRunAI=True state=IdleState MyTarget= MyAttackTime=89,99 IsAttacking=False AttackRange=0 dist=-1,00
[DEBUG-ENEMY] Enemy IsAlive=True ShouldRunAI=True state=IdleState MyTarget= MyAttackTime=89,99 IsAttacking=False AttackRange=0 dist=-1,00
[DEBUG-ENEMY] Enemy IsAlive=True ShouldRunAI=True state=FollowState MyTarget=Player [connId=1866355813] (Player) MyAttackTime=89,99 IsAttacking=False AttackRange=5 dist=10,05
[DEBUG-RANGE] OnTriggerEnter2D on Enemy with tag=Ground ShouldRunAI=True
[DEBUG-RANGE] OnTriggerEnter2D on Enemy with tag=Ground ShouldRunAI=True
[DEBUG-RANGE] OnTriggerEnter2D on Enemy with tag=Ground ShouldRunAI=True
[DEBUG-RANGE] OnTriggerEnter2D on Enemy with tag=Ground ShouldRunAI=True
[DEBUG-RANGE] OnTriggerEnter2D on Enemy with tag=Ground ShouldRunAI=True
[DEBUG-RANGE] OnTriggerEnter2D on Enemy with tag=Ground ShouldRunAI=True
[DEBUG-RANGE] OnTriggerEnter2D on Enemy with tag=Ground ShouldRunAI=True
[DEBUG-RANGE] OnTriggerEnter2D on Enemy with tag=Ground ShouldRunAI=True
[DEBUG-RANGE] OnTriggerEnter2D on Enemy with tag=Ground ShouldRunAI=True
[DEBUG-RANGE] OnTriggerEnter2D on Enemy with tag=Ground ShouldRunAI=True
[DEBUG-ENEMY] Enemy IsAlive=True ShouldRunAI=True state=IdleState MyTarget= MyAttackTime=91,99 IsAttacking=False AttackRange=0 dist=-1,00
[DEBUG-ENEMY] Enemy IsAlive=True ShouldRunAI=True state=IdleState MyTarget= MyAttackTime=91,99 IsAttacking=False AttackRange=0 dist=-1,00
[DEBUG-ENEMY] Enemy IsAlive=True ShouldRunAI=True state=FollowState MyTarget=Player [connId=1866355813] (Player) MyAttackTime=91,99 IsAttacking=False AttackRange=5 dist=10,04
[DEBUG-ENEMY] Enemy IsAlive=True ShouldRunAI=True state=IdleState MyTarget= MyAttackTime=91,99 IsAttacking=False AttackRange=5 dist=-1,00
[DEBUG-ENEMY] Enemy IsAlive=True ShouldRunAI=True state=FollowState MyTarget=Player [connId=1866355813] (Player) MyAttackTime=91,99 IsAttacking=False AttackRange=0 dist=18,80
[DEBUG-ENEMY] Enemy IsAlive=True ShouldRunAI=True state=FollowState MyTarget=Player [connId=1866355813] (Player) MyAttackTime=91,99 IsAttacking=False AttackRange=5 dist=9,29
[DEBUG-ENEMY] Enemy IsAlive=True ShouldRunAI=True state=IdleState MyTarget= MyAttackTime=91,99 IsAttacking=False AttackRange=0 dist=-1,00
[DEBUG-ENEMY] Enemy IsAlive=True ShouldRunAI=True state=IdleState MyTarget= MyAttackTime=91,99 IsAttacking=False AttackRange=0 dist=-1,00
[DEBUG-ENEMY] Enemy IsAlive=True ShouldRunAI=True state=IdleState MyTarget= MyAttackTime=91,99 IsAttacking=False AttackRange=0 dist=-1,00
[DEBUG-ENEMY] Enemy IsAlive=True ShouldRunAI=True state=FollowState MyTarget=Player [connId=1866355813] (Player) MyAttackTime=91,99 IsAttacking=False AttackRange=5 dist=10,05
[DEBUG-RANGE] OnTriggerEnter2D on Enemy with tag=Ground ShouldRunAI=True
[DEBUG-RANGE] OnTriggerEnter2D on Enemy with tag=Ground ShouldRunAI=True
[DEBUG-RANGE] OnTriggerEnter2D on Enemy with tag=Ground ShouldRunAI=True
[DEBUG-RANGE] OnTriggerEnter2D on Enemy with tag=Ground ShouldRunAI=True
[DEBUG-RANGE] OnTriggerEnter2D on Enemy with tag=Ground ShouldRunAI=True
[DEBUG-RANGE] OnTriggerEnter2D on Enemy with tag=Ground ShouldRunAI=True
[DEBUG-RANGE] OnTriggerEnter2D on Enemy with tag=Ground ShouldRunAI=True
[DEBUG-RANGE] OnTriggerEnter2D on Enemy with tag=Ground ShouldRunAI=True
[DEBUG-RANGE] OnTriggerEnter2D on Enemy with tag=Ground ShouldRunAI=True
[DEBUG-RANGE] OnTriggerEnter2D on Enemy with tag=Ground ShouldRunAI=True
[DEBUG-ENEMY] Enemy IsAlive=True ShouldRunAI=True state=IdleState MyTarget= MyAttackTime=93,99 IsAttacking=False AttackRange=0 dist=-1,00
[DEBUG-ENEMY] Enemy IsAlive=True ShouldRunAI=True state=IdleState MyTarget= MyAttackTime=93,99 IsAttacking=False AttackRange=0 dist=-1,00
[DEBUG-ENEMY] Enemy IsAlive=True ShouldRunAI=True state=FollowState MyTarget=Player [connId=1866355813] (Player) MyAttackTime=93,99 IsAttacking=False AttackRange=5 dist=10,04
[DEBUG-ENEMY] Enemy IsAlive=True ShouldRunAI=True state=IdleState MyTarget= MyAttackTime=93,99 IsAttacking=False AttackRange=5 dist=-1,00
[DEBUG-ENEMY] Enemy IsAlive=True ShouldRunAI=True state=FollowState MyTarget=Player [connId=1866355813] (Player) MyAttackTime=93,99 IsAttacking=False AttackRange=0 dist=18,80
[DEBUG-ENEMY] Enemy IsAlive=True ShouldRunAI=True state=FollowState MyTarget=Player [connId=1866355813] (Player) MyAttackTime=93,99 IsAttacking=False AttackRange=5 dist=9,29
[DEBUG-ENEMY] Enemy IsAlive=True ShouldRunAI=True state=IdleState MyTarget= MyAttackTime=93,99 IsAttacking=False AttackRange=0 dist=-1,00
[DEBUG-ENEMY] Enemy IsAlive=True ShouldRunAI=True state=IdleState MyTarget= MyAttackTime=93,99 IsAttacking=False AttackRange=0 dist=-1,00
[DEBUG-ENEMY] Enemy IsAlive=True ShouldRunAI=True state=IdleState MyTarget= MyAttackTime=93,99 IsAttacking=False AttackRange=0 dist=-1,00
[DEBUG-ENEMY] Enemy IsAlive=True ShouldRunAI=True state=FollowState MyTarget=Player [connId=1866355813] (Player) MyAttackTime=93,99 IsAttacking=False AttackRange=5 dist=10,05
[DEBUG-RANGE] OnTriggerEnter2D on Enemy with tag=Ground ShouldRunAI=True
[DEBUG-RANGE] OnTriggerEnter2D on Enemy with tag=Ground ShouldRunAI=True
[DEBUG-RANGE] OnTriggerEnter2D on Enemy with tag=Ground ShouldRunAI=True
[DEBUG-RANGE] OnTriggerEnter2D on Enemy with tag=Ground ShouldRunAI=True
[DEBUG-RANGE] OnTriggerEnter2D on Enemy with tag=Ground ShouldRunAI=True
[DEBUG-RANGE] OnTriggerEnter2D on Enemy with tag=Ground ShouldRunAI=True
[DEBUG-RANGE] OnTriggerEnter2D on Enemy with tag=Ground ShouldRunAI=True
[DEBUG-RANGE] OnTriggerEnter2D on Enemy with tag=Ground ShouldRunAI=True
[DEBUG-RANGE] OnTriggerEnter2D on Enemy with tag=Ground ShouldRunAI=True
[DEBUG-RANGE] OnTriggerEnter2D on Enemy with tag=Ground ShouldRunAI=True
[DEBUG-ENEMY] Enemy IsAlive=True ShouldRunAI=True state=IdleState MyTarget= MyAttackTime=95,99 IsAttacking=False AttackRange=0 dist=-1,00
[DEBUG-ENEMY] Enemy IsAlive=True ShouldRunAI=True state=IdleState MyTarget= MyAttackTime=95,99 IsAttacking=False AttackRange=0 dist=-1,00
[DEBUG-ENEMY] Enemy IsAlive=True ShouldRunAI=True state=FollowState MyTarget=Player [connId=1866355813] (Player) MyAttackTime=95,99 IsAttacking=False AttackRange=5 dist=10,04
[DEBUG-ENEMY] Enemy IsAlive=True ShouldRunAI=True state=IdleState MyTarget= MyAttackTime=95,99 IsAttacking=False AttackRange=5 dist=-1,00
[DEBUG-ENEMY] Enemy IsAlive=True ShouldRunAI=True state=FollowState MyTarget=Player [connId=1866355813] (Player) MyAttackTime=95,99 IsAttacking=False AttackRange=0 dist=18,80
[DEBUG-ENEMY] Enemy IsAlive=True ShouldRunAI=True state=FollowState MyTarget=Player [connId=1866355813] (Player) MyAttackTime=95,99 IsAttacking=False AttackRange=5 dist=9,29
[DEBUG-ENEMY] Enemy IsAlive=True ShouldRunAI=True state=IdleState MyTarget= MyAttackTime=95,99 IsAttacking=False AttackRange=0 dist=-1,00
[DEBUG-ENEMY] Enemy IsAlive=True ShouldRunAI=True state=IdleState MyTarget= MyAttackTime=95,99 IsAttacking=False AttackRange=0 dist=-1,00
[DEBUG-ENEMY] Enemy IsAlive=True ShouldRunAI=True state=IdleState MyTarget= MyAttackTime=95,99 IsAttacking=False AttackRange=0 dist=-1,00
[DEBUG-ENEMY] Enemy IsAlive=True ShouldRunAI=True state=FollowState MyTarget=Player [connId=1866355813] (Player) MyAttackTime=95,99 IsAttacking=False AttackRange=5 dist=10,05
[DEBUG-RANGE] OnTriggerEnter2D on Enemy with tag=Ground ShouldRunAI=True
[DEBUG-RANGE] OnTriggerEnter2D on Enemy with tag=Ground ShouldRunAI=True
[DEBUG-RANGE] OnTriggerEnter2D on Enemy with tag=Ground ShouldRunAI=True
[DEBUG-RANGE] OnTriggerEnter2D on Enemy with tag=Ground ShouldRunAI=True
[DEBUG-RANGE] OnTriggerEnter2D on Enemy with tag=Ground ShouldRunAI=True
[DEBUG-RANGE] OnTriggerEnter2D on Enemy with tag=Ground ShouldRunAI=True
[DEBUG-RANGE] OnTriggerEnter2D on Enemy with tag=Ground ShouldRunAI=True
[DEBUG-RANGE] OnTriggerEnter2D on Enemy with tag=Ground ShouldRunAI=True
[DEBUG-RANGE] OnTriggerEnter2D on Enemy with tag=Ground ShouldRunAI=True
[DEBUG-RANGE] OnTriggerEnter2D on Enemy with tag=Ground ShouldRunAI=True
[DEBUG-ENEMY] Enemy IsAlive=True ShouldRunAI=True state=IdleState MyTarget= MyAttackTime=97,99 IsAttacking=False AttackRange=0 dist=-1,00
[DEBUG-ENEMY] Enemy IsAlive=True ShouldRunAI=True state=IdleState MyTarget= MyAttackTime=97,99 IsAttacking=False AttackRange=0 dist=-1,00
[DEBUG-ENEMY] Enemy IsAlive=True ShouldRunAI=True state=FollowState MyTarget=Player [connId=1866355813] (Player) MyAttackTime=97,99 IsAttacking=False AttackRange=5 dist=10,04
[DEBUG-ENEMY] Enemy IsAlive=True ShouldRunAI=True state=IdleState MyTarget= MyAttackTime=97,99 IsAttacking=False AttackRange=5 dist=-1,00
[DEBUG-ENEMY] Enemy IsAlive=True ShouldRunAI=True state=FollowState MyTarget=Player [connId=1866355813] (Player) MyAttackTime=97,99 IsAttacking=False AttackRange=0 dist=18,80
[DEBUG-ENEMY] Enemy IsAlive=True ShouldRunAI=True state=FollowState MyTarget=Player [connId=1866355813] (Player) MyAttackTime=97,99 IsAttacking=False AttackRange=5 dist=9,29
[DEBUG-ENEMY] Enemy IsAlive=True ShouldRunAI=True state=IdleState MyTarget= MyAttackTime=97,99 IsAttacking=False AttackRange=0 dist=-1,00
[DEBUG-ENEMY] Enemy IsAlive=True ShouldRunAI=True state=IdleState MyTarget= MyAttackTime=97,99 IsAttacking=False AttackRange=0 dist=-1,00
[DEBUG-ENEMY] Enemy IsAlive=True ShouldRunAI=True state=IdleState MyTarget= MyAttackTime=97,99 IsAttacking=False AttackRange=0 dist=-1,00
[DEBUG-ENEMY] Enemy IsAlive=True ShouldRunAI=True state=FollowState MyTarget=Player [connId=1866355813] (Player) MyAttackTime=97,99 IsAttacking=False AttackRange=5 dist=10,05
[DEBUG-RANGE] OnTriggerEnter2D on Enemy with tag=Ground ShouldRunAI=True
[DEBUG-RANGE] OnTriggerEnter2D on Enemy with tag=Ground ShouldRunAI=True
[DEBUG-RANGE] OnTriggerEnter2D on Enemy with tag=Ground ShouldRunAI=True
[DEBUG-RANGE] OnTriggerEnter2D on Enemy with tag=Ground ShouldRunAI=True
[DEBUG-RANGE] OnTriggerEnter2D on Enemy with tag=Ground ShouldRunAI=True
[DEBUG-RANGE] OnTriggerEnter2D on Enemy with tag=Ground ShouldRunAI=True
[DEBUG-RANGE] OnTriggerEnter2D on Enemy with tag=Ground ShouldRunAI=True
[DEBUG-RANGE] OnTriggerEnter2D on Enemy with tag=Ground ShouldRunAI=True
[DEBUG-RANGE] OnTriggerEnter2D on Enemy with tag=Ground ShouldRunAI=True
[DEBUG-RANGE] OnTriggerEnter2D on Enemy with tag=Ground ShouldRunAI=True
[DEBUG-ENEMY] Enemy IsAlive=True ShouldRunAI=True state=IdleState MyTarget= MyAttackTime=99,99 IsAttacking=False AttackRange=0 dist=-1,00
[DEBUG-ENEMY] Enemy IsAlive=True ShouldRunAI=True state=IdleState MyTarget= MyAttackTime=99,99 IsAttacking=False AttackRange=0 dist=-1,00
[DEBUG-ENEMY] Enemy IsAlive=True ShouldRunAI=True state=FollowState MyTarget=Player [connId=1866355813] (Player) MyAttackTime=99,99 IsAttacking=False AttackRange=5 dist=10,04
[DEBUG-ENEMY] Enemy IsAlive=True ShouldRunAI=True state=IdleState MyTarget= MyAttackTime=99,99 IsAttacking=False AttackRange=5 dist=-1,00
[DEBUG-ENEMY] Enemy IsAlive=True ShouldRunAI=True state=FollowState MyTarget=Player [connId=1866355813] (Player) MyAttackTime=99,99 IsAttacking=False AttackRange=0 dist=18,80
[DEBUG-ENEMY] Enemy IsAlive=True ShouldRunAI=True state=FollowState MyTarget=Player [connId=1866355813] (Player) MyAttackTime=99,99 IsAttacking=False AttackRange=5 dist=9,29
[DEBUG-ENEMY] Enemy IsAlive=True ShouldRunAI=True state=IdleState MyTarget= MyAttackTime=99,99 IsAttacking=False AttackRange=0 dist=-1,00
[DEBUG-ENEMY] Enemy IsAlive=True ShouldRunAI=True state=IdleState MyTarget= MyAttackTime=99,99 IsAttacking=False AttackRange=0 dist=-1,00
[DEBUG-ENEMY] Enemy IsAlive=True ShouldRunAI=True state=IdleState MyTarget= MyAttackTime=99,99 IsAttacking=False AttackRange=0 dist=-1,00
[DEBUG-ENEMY] Enemy IsAlive=True ShouldRunAI=True state=FollowState MyTarget=Player [connId=1866355813] (Player) MyAttackTime=99,99 IsAttacking=False AttackRange=5 dist=10,05
[DEBUG-RANGE] OnTriggerEnter2D on Enemy with tag=Ground ShouldRunAI=True
[DEBUG-RANGE] OnTriggerEnter2D on Enemy with tag=Ground ShouldRunAI=True
[DEBUG-RANGE] OnTriggerEnter2D on Enemy with tag=Ground ShouldRunAI=True
[DEBUG-RANGE] OnTriggerEnter2D on Enemy with tag=Ground ShouldRunAI=True
[DEBUG-RANGE] OnTriggerEnter2D on Enemy with tag=Ground ShouldRunAI=True
[DEBUG-RANGE] OnTriggerEnter2D on Enemy with tag=Ground ShouldRunAI=True
[DEBUG-RANGE] OnTriggerEnter2D on Enemy with tag=Ground ShouldRunAI=True
[DEBUG-RANGE] OnTriggerEnter2D on Enemy with tag=Ground ShouldRunAI=True
[DEBUG-RANGE] OnTriggerEnter2D on Enemy with tag=Ground ShouldRunAI=True
[DEBUG-RANGE] OnTriggerEnter2D on Enemy with tag=Ground ShouldRunAI=True
[DEBUG-ENEMY] Enemy IsAlive=True ShouldRunAI=True state=IdleState MyTarget= MyAttackTime=101,99 IsAttacking=False AttackRange=0 dist=-1,00
[DEBUG-ENEMY] Enemy IsAlive=True ShouldRunAI=True state=IdleState MyTarget= MyAttackTime=101,99 IsAttacking=False AttackRange=0 dist=-1,00
[DEBUG-ENEMY] Enemy IsAlive=True ShouldRunAI=True state=FollowState MyTarget=Player [connId=1866355813] (Player) MyAttackTime=101,99 IsAttacking=False AttackRange=5 dist=10,04
[DEBUG-ENEMY] Enemy IsAlive=True ShouldRunAI=True state=IdleState MyTarget= MyAttackTime=101,99 IsAttacking=False AttackRange=5 dist=-1,00
[DEBUG-ENEMY] Enemy IsAlive=True ShouldRunAI=True state=FollowState MyTarget=Player [connId=1866355813] (Player) MyAttackTime=101,99 IsAttacking=False AttackRange=0 dist=18,80
[DEBUG-ENEMY] Enemy IsAlive=True ShouldRunAI=True state=FollowState MyTarget=Player [connId=1866355813] (Player) MyAttackTime=101,99 IsAttacking=False AttackRange=5 dist=9,29
[DEBUG-ENEMY] Enemy IsAlive=True ShouldRunAI=True state=IdleState MyTarget= MyAttackTime=101,99 IsAttacking=False AttackRange=0 dist=-1,00
[DEBUG-ENEMY] Enemy IsAlive=True ShouldRunAI=True state=IdleState MyTarget= MyAttackTime=101,99 IsAttacking=False AttackRange=0 dist=-1,00
[DEBUG-ENEMY] Enemy IsAlive=True ShouldRunAI=True state=IdleState MyTarget= MyAttackTime=101,99 IsAttacking=False AttackRange=0 dist=-1,00
[DEBUG-ENEMY] Enemy IsAlive=True ShouldRunAI=True state=FollowState MyTarget=Player [connId=1866355813] (Player) MyAttackTime=101,99 IsAttacking=False AttackRange=5 dist=10,05
[DEBUG-RANGE] OnTriggerEnter2D on Enemy with tag=Ground ShouldRunAI=True
[DEBUG-RANGE] OnTriggerEnter2D on Enemy with tag=Ground ShouldRunAI=True
[DEBUG-RANGE] OnTriggerEnter2D on Enemy with tag=Ground ShouldRunAI=True
[DEBUG-RANGE] OnTriggerEnter2D on Enemy with tag=Ground ShouldRunAI=True
[DEBUG-RANGE] OnTriggerEnter2D on Enemy with tag=Ground ShouldRunAI=True
[DEBUG-RANGE] OnTriggerEnter2D on Enemy with tag=Ground ShouldRunAI=True
[DEBUG-RANGE] OnTriggerEnter2D on Enemy with tag=Ground ShouldRunAI=True
[DEBUG-RANGE] OnTriggerEnter2D on Enemy with tag=Ground ShouldRunAI=True
[DEBUG-RANGE] OnTriggerEnter2D on Enemy with tag=Ground ShouldRunAI=True
[DEBUG-RANGE] OnTriggerEnter2D on Enemy with tag=Ground ShouldRunAI=True
[DEBUG-ENEMY] Enemy IsAlive=True ShouldRunAI=True state=IdleState MyTarget= MyAttackTime=103,99 IsAttacking=False AttackRange=0 dist=-1,00
[DEBUG-ENEMY] Enemy IsAlive=True ShouldRunAI=True state=IdleState MyTarget= MyAttackTime=103,99 IsAttacking=False AttackRange=0 dist=-1,00
[DEBUG-ENEMY] Enemy IsAlive=True ShouldRunAI=True state=FollowState MyTarget=Player [connId=1866355813] (Player) MyAttackTime=103,99 IsAttacking=False AttackRange=5 dist=10,04
[DEBUG-ENEMY] Enemy IsAlive=True ShouldRunAI=True state=IdleState MyTarget= MyAttackTime=103,99 IsAttacking=False AttackRange=5 dist=-1,00
[DEBUG-ENEMY] Enemy IsAlive=True ShouldRunAI=True state=FollowState MyTarget=Player [connId=1866355813] (Player) MyAttackTime=103,99 IsAttacking=False AttackRange=0 dist=18,80
[DEBUG-ENEMY] Enemy IsAlive=True ShouldRunAI=True state=FollowState MyTarget=Player [connId=1866355813] (Player) MyAttackTime=103,99 IsAttacking=False AttackRange=5 dist=9,29
[DEBUG-ENEMY] Enemy IsAlive=True ShouldRunAI=True state=IdleState MyTarget= MyAttackTime=103,99 IsAttacking=False AttackRange=0 dist=-1,00
[DEBUG-ENEMY] Enemy IsAlive=True ShouldRunAI=True state=IdleState MyTarget= MyAttackTime=103,99 IsAttacking=False AttackRange=0 dist=-1,00
[DEBUG-ENEMY] Enemy IsAlive=True ShouldRunAI=True state=IdleState MyTarget= MyAttackTime=103,99 IsAttacking=False AttackRange=0 dist=-1,00
[DEBUG-ENEMY] Enemy IsAlive=True ShouldRunAI=True state=FollowState MyTarget=Player [connId=1866355813] (Player) MyAttackTime=103,99 IsAttacking=False AttackRange=5 dist=10,05
[DEBUG-RANGE] OnTriggerEnter2D on Enemy with tag=Ground ShouldRunAI=True
[DEBUG-RANGE] OnTriggerEnter2D on Enemy with tag=Ground ShouldRunAI=True
[DEBUG-RANGE] OnTriggerEnter2D on Enemy with tag=Ground ShouldRunAI=True
[DEBUG-RANGE] OnTriggerEnter2D on Enemy with tag=Ground ShouldRunAI=True
[DEBUG-RANGE] OnTriggerEnter2D on Enemy with tag=Ground ShouldRunAI=True
[DEBUG-RANGE] OnTriggerEnter2D on Enemy with tag=Ground ShouldRunAI=True
[DEBUG-RANGE] OnTriggerEnter2D on Enemy with tag=Ground ShouldRunAI=True
[DEBUG-RANGE] OnTriggerEnter2D on Enemy with tag=Ground ShouldRunAI=True
[DEBUG-RANGE] OnTriggerEnter2D on Enemy with tag=Ground ShouldRunAI=True
[DEBUG-RANGE] OnTriggerEnter2D on Enemy with tag=Ground ShouldRunAI=True
[DEBUG-ENEMY] Enemy IsAlive=True ShouldRunAI=True state=IdleState MyTarget= MyAttackTime=105,99 IsAttacking=False AttackRange=0 dist=-1,00
[DEBUG-ENEMY] Enemy IsAlive=True ShouldRunAI=True state=IdleState MyTarget= MyAttackTime=105,99 IsAttacking=False AttackRange=0 dist=-1,00
[DEBUG-ENEMY] Enemy IsAlive=True ShouldRunAI=True state=FollowState MyTarget=Player [connId=1866355813] (Player) MyAttackTime=105,99 IsAttacking=False AttackRange=5 dist=10,04
[DEBUG-ENEMY] Enemy IsAlive=True ShouldRunAI=True state=IdleState MyTarget= MyAttackTime=105,99 IsAttacking=False AttackRange=5 dist=-1,00
[DEBUG-ENEMY] Enemy IsAlive=True ShouldRunAI=True state=FollowState MyTarget=Player [connId=1866355813] (Player) MyAttackTime=105,99 IsAttacking=False AttackRange=0 dist=18,80
[DEBUG-ENEMY] Enemy IsAlive=True ShouldRunAI=True state=FollowState MyTarget=Player [connId=1866355813] (Player) MyAttackTime=105,99 IsAttacking=False AttackRange=5 dist=9,29
[DEBUG-ENEMY] Enemy IsAlive=True ShouldRunAI=True state=IdleState MyTarget= MyAttackTime=105,99 IsAttacking=False AttackRange=0 dist=-1,00
[DEBUG-ENEMY] Enemy IsAlive=True ShouldRunAI=True state=IdleState MyTarget= MyAttackTime=105,99 IsAttacking=False AttackRange=0 dist=-1,00
[DEBUG-ENEMY] Enemy IsAlive=True ShouldRunAI=True state=IdleState MyTarget= MyAttackTime=105,99 IsAttacking=False AttackRange=0 dist=-1,00
[DEBUG-ENEMY] Enemy IsAlive=True ShouldRunAI=True state=FollowState MyTarget=Player [connId=1866355813] (Player) MyAttackTime=105,99 IsAttacking=False AttackRange=5 dist=10,05
[DEBUG-RANGE] OnTriggerEnter2D on Enemy with tag=Ground ShouldRunAI=True
[DEBUG-RANGE] OnTriggerEnter2D on Enemy with tag=Ground ShouldRunAI=True
[DEBUG-RANGE] OnTriggerEnter2D on Enemy with tag=Ground ShouldRunAI=True
[DEBUG-RANGE] OnTriggerEnter2D on Enemy with tag=Ground ShouldRunAI=True
[DEBUG-RANGE] OnTriggerEnter2D on Enemy with tag=Ground ShouldRunAI=True
[DEBUG-RANGE] OnTriggerEnter2D on Enemy with tag=Ground ShouldRunAI=True
[DEBUG-RANGE] OnTriggerEnter2D on Enemy with tag=Ground ShouldRunAI=True
[DEBUG-RANGE] OnTriggerEnter2D on Enemy with tag=Ground ShouldRunAI=True
[DEBUG-RANGE] OnTriggerEnter2D on Enemy with tag=Ground ShouldRunAI=True
[DEBUG-RANGE] OnTriggerEnter2D on Enemy with tag=Ground ShouldRunAI=True
[DEBUG-ENEMY] Enemy IsAlive=True ShouldRunAI=True state=IdleState MyTarget= MyAttackTime=107,99 IsAttacking=False AttackRange=0 dist=-1,00
[DEBUG-ENEMY] Enemy IsAlive=True ShouldRunAI=True state=IdleState MyTarget= MyAttackTime=107,99 IsAttacking=False AttackRange=0 dist=-1,00
[DEBUG-ENEMY] Enemy IsAlive=True ShouldRunAI=True state=FollowState MyTarget=Player [connId=1866355813] (Player) MyAttackTime=107,99 IsAttacking=False AttackRange=5 dist=10,04
[DEBUG-ENEMY] Enemy IsAlive=True ShouldRunAI=True state=IdleState MyTarget= MyAttackTime=107,99 IsAttacking=False AttackRange=5 dist=-1,00
[DEBUG-ENEMY] Enemy IsAlive=True ShouldRunAI=True state=FollowState MyTarget=Player [connId=1866355813] (Player) MyAttackTime=107,99 IsAttacking=False AttackRange=0 dist=18,80
[DEBUG-ENEMY] Enemy IsAlive=True ShouldRunAI=True state=FollowState MyTarget=Player [connId=1866355813] (Player) MyAttackTime=107,99 IsAttacking=False AttackRange=5 dist=9,29
[DEBUG-ENEMY] Enemy IsAlive=True ShouldRunAI=True state=IdleState MyTarget= MyAttackTime=107,99 IsAttacking=False AttackRange=0 dist=-1,00
[DEBUG-ENEMY] Enemy IsAlive=True ShouldRunAI=True state=IdleState MyTarget= MyAttackTime=107,99 IsAttacking=False AttackRange=0 dist=-1,00
[DEBUG-ENEMY] Enemy IsAlive=True ShouldRunAI=True state=IdleState MyTarget= MyAttackTime=107,99 IsAttacking=False AttackRange=0 dist=-1,00
[DEBUG-ENEMY] Enemy IsAlive=True ShouldRunAI=True state=FollowState MyTarget=Player [connId=1866355813] (Player) MyAttackTime=107,99 IsAttacking=False AttackRange=5 dist=10,05
[DEBUG-RANGE] OnTriggerEnter2D on Enemy with tag=Ground ShouldRunAI=True
[DEBUG-RANGE] OnTriggerEnter2D on Enemy with tag=Ground ShouldRunAI=True
[DEBUG-RANGE] OnTriggerEnter2D on Enemy with tag=Ground ShouldRunAI=True
[DEBUG-RANGE] OnTriggerEnter2D on Enemy with tag=Ground ShouldRunAI=True
[DEBUG-RANGE] OnTriggerEnter2D on Enemy with tag=Ground ShouldRunAI=True
[DEBUG-RANGE] OnTriggerEnter2D on Enemy with tag=Ground ShouldRunAI=True
[DEBUG-RANGE] OnTriggerEnter2D on Enemy with tag=Ground ShouldRunAI=True
[DEBUG-RANGE] OnTriggerEnter2D on Enemy with tag=Ground ShouldRunAI=True
[DEBUG-RANGE] OnTriggerEnter2D on Enemy with tag=Ground ShouldRunAI=True
[DEBUG-RANGE] OnTriggerEnter2D on Enemy with tag=Ground ShouldRunAI=True
[DEBUG-ENEMY] Enemy IsAlive=True ShouldRunAI=True state=IdleState MyTarget= MyAttackTime=109,99 IsAttacking=False AttackRange=0 dist=-1,00
[DEBUG-ENEMY] Enemy IsAlive=True ShouldRunAI=True state=IdleState MyTarget= MyAttackTime=109,99 IsAttacking=False AttackRange=0 dist=-1,00
[DEBUG-ENEMY] Enemy IsAlive=True ShouldRunAI=True state=FollowState MyTarget=Player [connId=1866355813] (Player) MyAttackTime=109,99 IsAttacking=False AttackRange=5 dist=10,04
[DEBUG-ENEMY] Enemy IsAlive=True ShouldRunAI=True state=IdleState MyTarget= MyAttackTime=109,99 IsAttacking=False AttackRange=5 dist=-1,00
[DEBUG-ENEMY] Enemy IsAlive=True ShouldRunAI=True state=FollowState MyTarget=Player [connId=1866355813] (Player) MyAttackTime=109,99 IsAttacking=False AttackRange=0 dist=18,80
[DEBUG-ENEMY] Enemy IsAlive=True ShouldRunAI=True state=FollowState MyTarget=Player [connId=1866355813] (Player) MyAttackTime=109,99 IsAttacking=False AttackRange=5 dist=9,29
[DEBUG-ENEMY] Enemy IsAlive=True ShouldRunAI=True state=IdleState MyTarget= MyAttackTime=109,99 IsAttacking=False AttackRange=0 dist=-1,00
[DEBUG-ENEMY] Enemy IsAlive=True ShouldRunAI=True state=IdleState MyTarget= MyAttackTime=109,99 IsAttacking=False AttackRange=0 dist=-1,00
[DEBUG-ENEMY] Enemy IsAlive=True ShouldRunAI=True state=IdleState MyTarget= MyAttackTime=109,99 IsAttacking=False AttackRange=0 dist=-1,00
[DEBUG-ENEMY] Enemy IsAlive=True ShouldRunAI=True state=FollowState MyTarget=Player [connId=1866355813] (Player) MyAttackTime=109,99 IsAttacking=False AttackRange=5 dist=10,05
[DEBUG-RANGE] OnTriggerEnter2D on Enemy with tag=Ground ShouldRunAI=True
[DEBUG-RANGE] OnTriggerEnter2D on Enemy with tag=Ground ShouldRunAI=True
[DEBUG-RANGE] OnTriggerEnter2D on Enemy with tag=Ground ShouldRunAI=True
[DEBUG-RANGE] OnTriggerEnter2D on Enemy with tag=Ground ShouldRunAI=True
[DEBUG-RANGE] OnTriggerEnter2D on Enemy with tag=Ground ShouldRunAI=True
[DEBUG-RANGE] OnTriggerEnter2D on Enemy with tag=Ground ShouldRunAI=True
[DEBUG-RANGE] OnTriggerEnter2D on Enemy with tag=Ground ShouldRunAI=True
[DEBUG-RANGE] OnTriggerEnter2D on Enemy with tag=Ground ShouldRunAI=True
[DEBUG-RANGE] OnTriggerEnter2D on Enemy with tag=Ground ShouldRunAI=True
[DEBUG-RANGE] OnTriggerEnter2D on Enemy with tag=Ground ShouldRunAI=True
[DEBUG-RANGE] OnTriggerEnter2D on Enemy with tag=Ground ShouldRunAI=True
[DEBUG-ENEMY] Enemy IsAlive=True ShouldRunAI=True state=IdleState MyTarget= MyAttackTime=111,99 IsAttacking=False AttackRange=0 dist=-1,00
[DEBUG-ENEMY] Enemy IsAlive=True ShouldRunAI=True state=IdleState MyTarget= MyAttackTime=111,99 IsAttacking=False AttackRange=0 dist=-1,00
[DEBUG-ENEMY] Enemy IsAlive=True ShouldRunAI=True state=FollowState MyTarget=Player [connId=1866355813] (Player) MyAttackTime=111,99 IsAttacking=False AttackRange=5 dist=9,79
[DEBUG-ENEMY] Enemy IsAlive=True ShouldRunAI=True state=IdleState MyTarget= MyAttackTime=111,99 IsAttacking=False AttackRange=5 dist=-1,00
[DEBUG-ENEMY] Enemy IsAlive=True ShouldRunAI=True state=FollowState MyTarget=Player [connId=1866355813] (Player) MyAttackTime=111,99 IsAttacking=False AttackRange=0 dist=18,43
[DEBUG-ENEMY] Enemy IsAlive=True ShouldRunAI=True state=FollowState MyTarget=Player [connId=1866355813] (Player) MyAttackTime=111,99 IsAttacking=False AttackRange=5 dist=9,26
[DEBUG-ENEMY] Enemy IsAlive=True ShouldRunAI=True state=IdleState MyTarget= MyAttackTime=111,99 IsAttacking=False AttackRange=0 dist=-1,00
[DEBUG-ENEMY] Enemy IsAlive=True ShouldRunAI=True state=IdleState MyTarget= MyAttackTime=111,99 IsAttacking=False AttackRange=0 dist=-1,00
[DEBUG-ENEMY] Enemy IsAlive=True ShouldRunAI=True state=IdleState MyTarget= MyAttackTime=111,99 IsAttacking=False AttackRange=0 dist=-1,00
[DEBUG-ENEMY] Enemy IsAlive=True ShouldRunAI=True state=FollowState MyTarget=Player [connId=1866355813] (Player) MyAttackTime=111,99 IsAttacking=False AttackRange=5 dist=9,79
[DEBUG-RANGE] OnTriggerEnter2D on Enemy with tag=Ground ShouldRunAI=True
[DEBUG-RANGE] OnTriggerEnter2D on Enemy with tag=Ground ShouldRunAI=True
[DEBUG-RANGE] OnTriggerEnter2D on Enemy with tag=Ground ShouldRunAI=True
[DEBUG-RANGE] OnTriggerEnter2D on Enemy with tag=Ground ShouldRunAI=True
[DEBUG-RANGE] OnTriggerEnter2D on Enemy with tag=Ground ShouldRunAI=True
[DEBUG-RANGE] OnTriggerEnter2D on Enemy with tag=Ground ShouldRunAI=True
[DEBUG-RANGE] OnTriggerEnter2D on Enemy with tag=Ground ShouldRunAI=True
[DEBUG-RANGE] OnTriggerEnter2D on Enemy with tag=Ground ShouldRunAI=True
[DEBUG-RANGE] OnTriggerEnter2D on Enemy with tag=Untagged ShouldRunAI=True
[DEBUG-RANGE] OnTriggerEnter2D on Enemy with tag=Untagged ShouldRunAI=True
[DEBUG-RANGE] OnTriggerEnter2D on Enemy with tag=Ground ShouldRunAI=True
[DEBUG-RANGE] OnTriggerEnter2D on Enemy with tag=Ground ShouldRunAI=True
[DEBUG-RANGE] OnTriggerEnter2D on Enemy with tag=Ground ShouldRunAI=True
[DEBUG-RANGE] OnTriggerEnter2D on Enemy with tag=Untagged ShouldRunAI=True
[DEBUG-RANGE] OnTriggerEnter2D on Enemy with tag=Untagged ShouldRunAI=True
[DEBUG-RANGE] OnTriggerEnter2D on Enemy with tag=Untagged ShouldRunAI=True
[DEBUG-RANGE] OnTriggerEnter2D on Enemy with tag=Untagged ShouldRunAI=True
[DEBUG-RANGE] OnTriggerEnter2D on Enemy with tag=Ground ShouldRunAI=True
[DEBUG-RANGE] OnTriggerEnter2D on Enemy with tag=Enemy ShouldRunAI=True
[DEBUG-RANGE] OnTriggerEnter2D on Enemy with tag=Ground ShouldRunAI=True
[DEBUG-RANGE] OnTriggerEnter2D on Enemy with tag=Enemy ShouldRunAI=True
[DEBUG-RANGE] OnTriggerEnter2D on Enemy with tag=Ground ShouldRunAI=True
[DEBUG-RANGE] OnTriggerEnter2D on Enemy with tag=Ground ShouldRunAI=True
[DEBUG-RANGE] OnTriggerEnter2D on Enemy with tag=Ground ShouldRunAI=True
[DEBUG-RANGE] OnTriggerEnter2D on Enemy with tag=Ground ShouldRunAI=True
[DEBUG-RANGE] OnTriggerEnter2D on Enemy with tag=Ground ShouldRunAI=True
[DEBUG-RANGE] OnTriggerEnter2D on Enemy with tag=Untagged ShouldRunAI=True
[DEBUG-RANGE] OnTriggerEnter2D on Enemy with tag=Untagged ShouldRunAI=True
[DEBUG-RANGE] OnTriggerEnter2D on Enemy with tag=Ground ShouldRunAI=True
[DEBUG-RANGE] OnTriggerEnter2D on Enemy with tag=Ground ShouldRunAI=True
[DEBUG-RANGE] OnTriggerEnter2D on Enemy with tag=Ground ShouldRunAI=True
[DEBUG-RANGE] OnTriggerEnter2D on Enemy with tag=Enemy ShouldRunAI=True
[DEBUG-RANGE] OnTriggerEnter2D on Enemy with tag=Enemy ShouldRunAI=True
[DEBUG-RANGE] OnTriggerEnter2D on Enemy with tag=Enemy ShouldRunAI=True
[DEBUG-RANGE] OnTriggerEnter2D on Enemy with tag=Enemy ShouldRunAI=True
[DEBUG-RANGE] OnTriggerEnter2D on Enemy with tag=Ground ShouldRunAI=True
[DEBUG-RANGE] OnTriggerEnter2D on Enemy with tag=Ground ShouldRunAI=True
[DEBUG-RANGE] OnTriggerEnter2D on Enemy with tag=Ground ShouldRunAI=True
[DEBUG-RANGE] OnTriggerEnter2D on Enemy with tag=HitBox ShouldRunAI=True
[DEBUG-RANGE] OnTriggerEnter2D on Enemy with tag=Ground ShouldRunAI=True
[DEBUG-RANGE] OnTriggerEnter2D on Enemy with tag=Ground ShouldRunAI=True
[DEBUG-RANGE] OnTriggerEnter2D on Enemy with tag=Ground ShouldRunAI=True
[DEBUG-RANGE] OnTriggerEnter2D on Enemy with tag=Enemy ShouldRunAI=True
[DEBUG-RANGE] OnTriggerEnter2D on Enemy with tag=Enemy ShouldRunAI=True
[DEBUG-RANGE] OnTriggerEnter2D on Enemy with tag=Ground ShouldRunAI=True
[DEBUG-RANGE] OnTriggerEnter2D on Enemy with tag=Ground ShouldRunAI=True
[DEBUG-RANGE] OnTriggerEnter2D on Enemy with tag=HitBox ShouldRunAI=True
[DEBUG-RANGE] OnTriggerEnter2D on Enemy with tag=HitBox ShouldRunAI=True
[DEBUG-RANGE] OnTriggerEnter2D on Enemy with tag=Ground ShouldRunAI=True
[DEBUG-RANGE] OnTriggerEnter2D on Enemy with tag=Player ShouldRunAI=True
[DEBUG-RANGE] SetTarget called, MyTarget now=Player [connId=1866355813] (Player)
[DEBUG-RANGE] OnTriggerEnter2D on Enemy with tag=Enemy ShouldRunAI=True
[DEBUG-RANGE] OnTriggerEnter2D on Enemy with tag=Enemy ShouldRunAI=True
[DEBUG-RANGE] OnTriggerEnter2D on Enemy with tag=Ground ShouldRunAI=True
[DEBUG-RANGE] OnTriggerEnter2D on Enemy with tag=Ground ShouldRunAI=True
[DEBUG-RANGE] OnTriggerEnter2D on Enemy with tag=Ground ShouldRunAI=True
[DEBUG-RANGE] OnTriggerEnter2D on Enemy with tag=Ground ShouldRunAI=True
[DEBUG-RANGE] OnTriggerEnter2D on Enemy with tag=Obstacle ShouldRunAI=True
[DEBUG-RANGE] OnTriggerEnter2D on Enemy with tag=Untagged ShouldRunAI=True
[DEBUG-RANGE] OnTriggerEnter2D on Enemy with tag=Ground ShouldRunAI=True
[DEBUG-RANGE] OnTriggerEnter2D on Enemy with tag=Ground ShouldRunAI=True
[DEBUG-RANGE] OnTriggerEnter2D on Enemy with tag=HitBox ShouldRunAI=True
[DEBUG-RANGE] OnTriggerEnter2D on Enemy with tag=Enemy ShouldRunAI=True
[DEBUG-RANGE] OnTriggerEnter2D on Enemy with tag=Enemy ShouldRunAI=True
[DEBUG-RANGE] OnTriggerEnter2D on Enemy with tag=Ground ShouldRunAI=True
[DEBUG-RANGE] OnTriggerEnter2D on Enemy with tag=Player ShouldRunAI=True
[DEBUG-RANGE] SetTarget called, MyTarget now=Player [connId=1866355813] (Player)
[DEBUG-RANGE] OnTriggerEnter2D on Enemy with tag=Ground ShouldRunAI=True
[DEBUG-RANGE] OnTriggerEnter2D on Enemy with tag=Ground ShouldRunAI=True
[DEBUG-RANGE] OnTriggerEnter2D on Enemy with tag=Ground ShouldRunAI=True
[DEBUG-RANGE] OnTriggerEnter2D on Enemy with tag=Ground ShouldRunAI=True
[DEBUG-RANGE] OnTriggerEnter2D on Enemy with tag=HitBox ShouldRunAI=True
[DEBUG-RANGE] OnTriggerEnter2D on Enemy with tag=HitBox ShouldRunAI=True
[DEBUG-RANGE] OnTriggerEnter2D on Enemy with tag=HitBox ShouldRunAI=True
[DEBUG-RANGE] OnTriggerEnter2D on Enemy with tag=HitBox ShouldRunAI=True
[DEBUG-RANGE] OnTriggerEnter2D on Enemy with tag=HitBox ShouldRunAI=True
[DEBUG-RANGE] OnTriggerEnter2D on Enemy with tag=HitBox ShouldRunAI=True
[DEBUG-RANGE] OnTriggerEnter2D on Enemy with tag=Untagged ShouldRunAI=True
[DEBUG-RANGE] OnTriggerEnter2D on Enemy with tag=Untagged ShouldRunAI=True
[DEBUG-RANGE] OnTriggerEnter2D on Enemy with tag=Enemy ShouldRunAI=True
[DEBUG-RANGE] OnTriggerEnter2D on Enemy with tag=Enemy ShouldRunAI=True
[DEBUG-RANGE] OnTriggerEnter2D on Enemy with tag=Enemy ShouldRunAI=True
[DEBUG-RANGE] OnTriggerEnter2D on Enemy with tag=Enemy ShouldRunAI=True
[DEBUG-RANGE] OnTriggerEnter2D on Enemy with tag=Interactable ShouldRunAI=True
[DEBUG-RANGE] OnTriggerEnter2D on Enemy with tag=Player ShouldRunAI=True
[DEBUG-RANGE] SetTarget called, MyTarget now=Player [connId=1866355813] (Player)
[DEBUG-RANGE] OnTriggerEnter2D on Enemy with tag=Enemy ShouldRunAI=True
[DEBUG-RANGE] OnTriggerEnter2D on Enemy with tag=Enemy ShouldRunAI=True
[DEBUG-RANGE] OnTriggerEnter2D on Enemy with tag=Obstacle ShouldRunAI=True
[DEBUG-RANGE] OnTriggerEnter2D on Enemy with tag=Ground ShouldRunAI=True
[DEBUG-RANGE] OnTriggerEnter2D on Enemy with tag=Ground ShouldRunAI=True
[DEBUG-RANGE] OnTriggerEnter2D on Enemy with tag=Ground ShouldRunAI=True
[DEBUG-RANGE] OnTriggerEnter2D on Enemy with tag=Ground ShouldRunAI=True
[DEBUG-RANGE] OnTriggerEnter2D on Enemy with tag=Ground ShouldRunAI=True
[DEBUG-RANGE] OnTriggerEnter2D on Enemy with tag=Ground ShouldRunAI=True
[DEBUG-RANGE] OnTriggerEnter2D on Enemy with tag=Ground ShouldRunAI=True
[DEBUG-RANGE] OnTriggerEnter2D on Enemy with tag=Ground ShouldRunAI=True
[DEBUG-RANGE] OnTriggerEnter2D on Enemy with tag=Ground ShouldRunAI=True
[DEBUG-RANGE] OnTriggerEnter2D on Enemy with tag=Ground ShouldRunAI=True
[DEBUG-RANGE] OnTriggerEnter2D on Enemy with tag=Ground ShouldRunAI=True
[DEBUG-RANGE] OnTriggerEnter2D on Enemy with tag=Untagged ShouldRunAI=True
[DEBUG-RANGE] OnTriggerEnter2D on Enemy with tag=Untagged ShouldRunAI=True
[DEBUG-RANGE] OnTriggerEnter2D on Enemy with tag=Ground ShouldRunAI=True
[DEBUG-RANGE] OnTriggerEnter2D on Enemy with tag=HitBox ShouldRunAI=True
[DEBUG-RANGE] OnTriggerEnter2D on Enemy with tag=HitBox ShouldRunAI=True
[DEBUG-RANGE] OnTriggerEnter2D on Enemy with tag=HitBox ShouldRunAI=True
[DEBUG-RANGE] OnTriggerEnter2D on Enemy with tag=HitBox ShouldRunAI=True
[DEBUG-RANGE] OnTriggerEnter2D on Enemy with tag=HitBox ShouldRunAI=True
[DEBUG-RANGE] OnTriggerEnter2D on Enemy with tag=Ground ShouldRunAI=True
[DEBUG-RANGE] OnTriggerEnter2D on Enemy with tag=Ground ShouldRunAI=True
[DEBUG-RANGE] OnTriggerEnter2D on Enemy with tag=HitBox ShouldRunAI=True
[DEBUG-RANGE] OnTriggerEnter2D on Enemy with tag=HitBox ShouldRunAI=True
[DEBUG-RANGE] OnTriggerEnter2D on Enemy with tag=Ground ShouldRunAI=True
[DEBUG-RANGE] OnTriggerEnter2D on Enemy with tag=Ground ShouldRunAI=True
[DEBUG-RANGE] OnTriggerEnter2D on Enemy with tag=HitBox ShouldRunAI=True
[DEBUG-RANGE] OnTriggerEnter2D on Enemy with tag=HitBox ShouldRunAI=True
[DEBUG-RANGE] OnTriggerEnter2D on Enemy with tag=Enemy ShouldRunAI=True
[DEBUG-RANGE] OnTriggerEnter2D on Enemy with tag=Enemy ShouldRunAI=True
[DEBUG-RANGE] OnTriggerEnter2D on Enemy with tag=Ground ShouldRunAI=True
[DEBUG-RANGE] OnTriggerEnter2D on Enemy with tag=HitBox ShouldRunAI=True
[DEBUG-RANGE] OnTriggerEnter2D on Enemy with tag=HitBox ShouldRunAI=True
[DEBUG-ENEMY] Enemy IsAlive=True ShouldRunAI=True state=IdleState MyTarget= MyAttackTime=113,99 IsAttacking=False AttackRange=0 dist=-1,00
[DEBUG-ENEMY] Enemy IsAlive=True ShouldRunAI=True state=PathState MyTarget=Player [connId=1866355813] (Player) MyAttackTime=113,99 IsAttacking=False AttackRange=0 dist=23,18
[DEBUG-ENEMY] Enemy IsAlive=True ShouldRunAI=True state=FollowState MyTarget=Player [connId=1866355813] (Player) MyAttackTime=113,99 IsAttacking=False AttackRange=5 dist=9,87
[DEBUG-ENEMY] Enemy IsAlive=True ShouldRunAI=True state=PathState MyTarget=Player [connId=1866355813] (Player) MyAttackTime=113,99 IsAttacking=False AttackRange=5 dist=11,72
[DEBUG-ENEMY] Enemy IsAlive=True ShouldRunAI=True state=FollowState MyTarget=Player [connId=1866355813] (Player) MyAttackTime=113,99 IsAttacking=False AttackRange=0 dist=19,06
[DEBUG-ENEMY] Enemy IsAlive=True ShouldRunAI=True state=FollowState MyTarget=Player [connId=1866355813] (Player) MyAttackTime=113,99 IsAttacking=False AttackRange=5 dist=10,07
[DEBUG-ENEMY] Enemy IsAlive=True ShouldRunAI=True state=PathState MyTarget=Player [connId=1866355813] (Player) MyAttackTime=113,99 IsAttacking=False AttackRange=0 dist=17,78
[DEBUG-ENEMY] Enemy IsAlive=True ShouldRunAI=True state=IdleState MyTarget= MyAttackTime=113,99 IsAttacking=False AttackRange=0 dist=-1,00
[DEBUG-ENEMY] Enemy IsAlive=True ShouldRunAI=True state=IdleState MyTarget= MyAttackTime=113,99 IsAttacking=False AttackRange=0 dist=-1,00
[DEBUG-ENEMY] Enemy IsAlive=True ShouldRunAI=True state=FollowState MyTarget=Player [connId=1866355813] (Player) MyAttackTime=113,99 IsAttacking=False AttackRange=5 dist=9,87
[DEBUG-RANGE] OnTriggerEnter2D on Enemy with tag=Untagged ShouldRunAI=True
[DEBUG-RANGE] OnTriggerEnter2D on Enemy with tag=Ground ShouldRunAI=True
[DEBUG-RANGE] OnTriggerEnter2D on Enemy with tag=HitBox ShouldRunAI=True
[DEBUG-RANGE] OnTriggerEnter2D on Enemy with tag=HitBox ShouldRunAI=True
[DEBUG-RANGE] OnTriggerEnter2D on Enemy with tag=Ground ShouldRunAI=True
[DEBUG-RANGE] OnTriggerEnter2D on Enemy with tag=Ground ShouldRunAI=True
[DEBUG-RANGE] OnTriggerEnter2D on Enemy with tag=Enemy ShouldRunAI=True
[DEBUG-RANGE] OnTriggerEnter2D on Enemy with tag=Enemy ShouldRunAI=True
[DEBUG-RANGE] OnTriggerEnter2D on Enemy with tag=HitBox ShouldRunAI=True
[DEBUG-RANGE] OnTriggerEnter2D on Enemy with tag=HitBox ShouldRunAI=True
[DEBUG-RANGE] OnTriggerEnter2D on Enemy with tag=Ground ShouldRunAI=True
[DEBUG-RANGE] OnTriggerEnter2D on Enemy with tag=Interactable ShouldRunAI=True
[DEBUG-RANGE] OnTriggerEnter2D on Enemy with tag=Ground ShouldRunAI=True
[DEBUG-RANGE] OnTriggerEnter2D on Enemy with tag=Ground ShouldRunAI=True
[DEBUG-RANGE] OnTriggerEnter2D on Enemy with tag=Enemy ShouldRunAI=True
[DEBUG-RANGE] OnTriggerEnter2D on Enemy with tag=Enemy ShouldRunAI=True
[DEBUG-RANGE] OnTriggerEnter2D on Enemy with tag=Enemy ShouldRunAI=True
[DEBUG-RANGE] OnTriggerEnter2D on Enemy with tag=Enemy ShouldRunAI=True
[DEBUG-RANGE] OnTriggerEnter2D on Enemy with tag=Enemy ShouldRunAI=True
[DEBUG-RANGE] OnTriggerEnter2D on Enemy with tag=Enemy ShouldRunAI=True
[DEBUG-RANGE] OnTriggerEnter2D on Enemy with tag=Untagged ShouldRunAI=True
[DEBUG-RANGE] OnTriggerEnter2D on Enemy with tag=Untagged ShouldRunAI=True
[DEBUG-RANGE] OnTriggerEnter2D on Enemy with tag=Untagged ShouldRunAI=True
[DEBUG-RANGE] OnTriggerEnter2D on Enemy with tag=Untagged ShouldRunAI=True
[DEBUG-RANGE] OnTriggerEnter2D on Enemy with tag=Interactable ShouldRunAI=True
[DEBUG-RANGE] OnTriggerEnter2D on Enemy with tag=Ground ShouldRunAI=True
[DEBUG-RANGE] OnTriggerEnter2D on Enemy with tag=Ground ShouldRunAI=True
[DEBUG-RANGE] OnTriggerEnter2D on Enemy with tag=Obstacle ShouldRunAI=True
[DEBUG-RANGE] OnTriggerEnter2D on Enemy with tag=Ground ShouldRunAI=True
[DEBUG-RANGE] OnTriggerEnter2D on Enemy with tag=Interactable ShouldRunAI=True
[DEBUG-RANGE] OnTriggerEnter2D on Enemy with tag=Interactable ShouldRunAI=True
[DEBUG-RANGE] OnTriggerEnter2D on Enemy with tag=Untagged ShouldRunAI=True
[DEBUG-RANGE] OnTriggerEnter2D on Enemy with tag=Interactable ShouldRunAI=True
[DEBUG-RANGE] OnTriggerEnter2D on Enemy with tag=Ground ShouldRunAI=True
[DEBUG-RANGE] OnTriggerEnter2D on Enemy with tag=Interactable ShouldRunAI=True
[DEBUG-RANGE] OnTriggerEnter2D on Enemy with tag=HitBox ShouldRunAI=True
[DEBUG-RANGE] OnTriggerEnter2D on Enemy with tag=HitBox ShouldRunAI=True
[DEBUG-RANGE] OnTriggerEnter2D on Enemy with tag=Untagged ShouldRunAI=True
[DEBUG-RANGE] OnTriggerEnter2D on Enemy with tag=Untagged ShouldRunAI=True
[DEBUG-RANGE] OnTriggerEnter2D on Enemy with tag=HitBox ShouldRunAI=True
[DEBUG-RANGE] OnTriggerEnter2D on Enemy with tag=HitBox ShouldRunAI=True
[DEBUG-RANGE] OnTriggerEnter2D on Enemy with tag=HitBox ShouldRunAI=True
[DEBUG-RANGE] OnTriggerEnter2D on Enemy with tag=HitBox ShouldRunAI=True
[DEBUG-RANGE] OnTriggerEnter2D on Enemy with tag=HitBox ShouldRunAI=True
[DEBUG-RANGE] OnTriggerEnter2D on Enemy with tag=HitBox ShouldRunAI=True
[DEBUG-RANGE] OnTriggerEnter2D on Enemy with tag=Ground ShouldRunAI=True
[DEBUG-RANGE] OnTriggerEnter2D on Enemy with tag=Ground ShouldRunAI=True
[DEBUG-RANGE] OnTriggerEnter2D on Enemy with tag=Ground ShouldRunAI=True
[DEBUG-RANGE] OnTriggerEnter2D on Enemy with tag=Ground ShouldRunAI=True
[DEBUG-RANGE] OnTriggerEnter2D on Enemy with tag=Ground ShouldRunAI=True
[DEBUG-RANGE] OnTriggerEnter2D on Enemy with tag=Ground ShouldRunAI=True
[DEBUG-RANGE] OnTriggerEnter2D on Enemy with tag=Ground ShouldRunAI=True
[DEBUG-RANGE] OnTriggerEnter2D on Enemy with tag=Ground ShouldRunAI=True
[DEBUG-RANGE] OnTriggerEnter2D on Enemy with tag=Untagged ShouldRunAI=True
[DEBUG-RANGE] OnTriggerEnter2D on Enemy with tag=Untagged ShouldRunAI=True
[DEBUG-RANGE] OnTriggerEnter2D on Enemy with tag=Ground ShouldRunAI=True
[DEBUG-RANGE] OnTriggerEnter2D on Enemy with tag=Untagged ShouldRunAI=True
[DEBUG-RANGE] OnTriggerEnter2D on Enemy with tag=Untagged ShouldRunAI=True
[DEBUG-RANGE] OnTriggerEnter2D on Enemy with tag=Ground ShouldRunAI=True
[DEBUG-RANGE] OnTriggerEnter2D on Enemy with tag=Ground ShouldRunAI=True
[DEBUG-RANGE] OnTriggerEnter2D on Enemy with tag=Ground ShouldRunAI=True
[DEBUG-RANGE] OnTriggerEnter2D on Enemy with tag=Ground ShouldRunAI=True
[DEBUG-RANGE] OnTriggerEnter2D on Enemy with tag=Ground ShouldRunAI=True
[DEBUG-RANGE] OnTriggerEnter2D on Enemy with tag=Ground ShouldRunAI=True
[DEBUG-RANGE] OnTriggerEnter2D on Enemy with tag=Ground ShouldRunAI=True
[DEBUG-RANGE] OnTriggerEnter2D on Enemy with tag=Ground ShouldRunAI=True
[DEBUG-RANGE] OnTriggerEnter2D on Enemy with tag=Ground ShouldRunAI=True
[DEBUG-RANGE] OnTriggerEnter2D on Enemy with tag=Ground ShouldRunAI=True
[DEBUG-RANGE] OnTriggerEnter2D on Enemy with tag=Ground ShouldRunAI=True
[DEBUG-RANGE] OnTriggerEnter2D on Enemy with tag=Ground ShouldRunAI=True
[DEBUG-RANGE] OnTriggerEnter2D on Enemy with tag=Ground ShouldRunAI=True
[DEBUG-RANGE] OnTriggerEnter2D on Enemy with tag=Obstacle ShouldRunAI=True
[DEBUG-RANGE] OnTriggerEnter2D on Enemy with tag=Untagged ShouldRunAI=True
[DEBUG-RANGE] OnTriggerEnter2D on Enemy with tag=Ground ShouldRunAI=True
[DEBUG-RANGE] OnTriggerEnter2D on Enemy with tag=Untagged ShouldRunAI=True
[DEBUG-RANGE] OnTriggerEnter2D on Enemy with tag=Untagged ShouldRunAI=True
[DEBUG-RANGE] OnTriggerEnter2D on Enemy with tag=Ground ShouldRunAI=True
[DEBUG-RANGE] OnTriggerEnter2D on Enemy with tag=Ground ShouldRunAI=True
[DEBUG-RANGE] OnTriggerEnter2D on Enemy with tag=Untagged ShouldRunAI=True
[DEBUG-RANGE] OnTriggerEnter2D on Enemy with tag=Untagged ShouldRunAI=True
[DEBUG-RANGE] OnTriggerEnter2D on Enemy with tag=Ground ShouldRunAI=True
[DEBUG-RANGE] OnTriggerEnter2D on Enemy with tag=Ground ShouldRunAI=True
[DEBUG-RANGE] OnTriggerEnter2D on Enemy with tag=Ground ShouldRunAI=True
[DEBUG-RANGE] OnTriggerEnter2D on Enemy with tag=Ground ShouldRunAI=True
[DEBUG-RANGE] OnTriggerEnter2D on Enemy with tag=Ground ShouldRunAI=True
[DEBUG-RANGE] OnTriggerEnter2D on Enemy with tag=Obstacle ShouldRunAI=True
[DEBUG-RANGE] OnTriggerEnter2D on Enemy with tag=Ground ShouldRunAI=True
[DEBUG-RANGE] OnTriggerEnter2D on Enemy with tag=Ground ShouldRunAI=True
[DEBUG-RANGE] OnTriggerEnter2D on Enemy with tag=Ground ShouldRunAI=True
[DEBUG-RANGE] OnTriggerEnter2D on Enemy with tag=Ground ShouldRunAI=True
[DEBUG-RANGE] OnTriggerEnter2D on Enemy with tag=Ground ShouldRunAI=True
[DEBUG-RANGE] OnTriggerEnter2D on Enemy with tag=Ground ShouldRunAI=True
[DEBUG-RANGE] OnTriggerEnter2D on Enemy with tag=Ground ShouldRunAI=True
[DEBUG-RANGE] OnTriggerEnter2D on Enemy with tag=Interactable ShouldRunAI=True
[DEBUG-RANGE] OnTriggerEnter2D on Enemy with tag=Obstacle ShouldRunAI=True
[DEBUG-RANGE] OnTriggerEnter2D on Enemy with tag=Ground ShouldRunAI=True
[DEBUG-RANGE] OnTriggerEnter2D on Enemy with tag=Ground ShouldRunAI=True
[DEBUG-RANGE] OnTriggerEnter2D on Enemy with tag=Interactable ShouldRunAI=True
[DEBUG-RANGE] OnTriggerEnter2D on Enemy with tag=Interactable ShouldRunAI=True
[DEBUG-RANGE] OnTriggerEnter2D on Enemy with tag=Ground ShouldRunAI=True
[DEBUG-RANGE] OnTriggerEnter2D on Enemy with tag=Ground ShouldRunAI=True
[DEBUG-RANGE] OnTriggerEnter2D on Enemy with tag=Interactable ShouldRunAI=True
[DEBUG-RANGE] OnTriggerEnter2D on Enemy with tag=Interactable ShouldRunAI=True
[DEBUG-RANGE] OnTriggerEnter2D on Enemy with tag=Ground ShouldRunAI=True
[DEBUG-RANGE] OnTriggerEnter2D on Enemy with tag=Ground ShouldRunAI=True
[DEBUG-RANGE] OnTriggerEnter2D on Enemy with tag=Untagged ShouldRunAI=True
[DEBUG-RANGE] OnTriggerEnter2D on Enemy with tag=Ground ShouldRunAI=True
[DEBUG-RANGE] OnTriggerEnter2D on Enemy with tag=Ground ShouldRunAI=True
[DEBUG-RANGE] OnTriggerEnter2D on Enemy with tag=Ground ShouldRunAI=True
[DEBUG-RANGE] OnTriggerEnter2D on Enemy with tag=Ground ShouldRunAI=True
[DEBUG-RANGE] OnTriggerEnter2D on Enemy with tag=Ground ShouldRunAI=True
[DEBUG-RANGE] OnTriggerEnter2D on Enemy with tag=Ground ShouldRunAI=True
[DEBUG-RANGE] OnTriggerEnter2D on Enemy with tag=Untagged ShouldRunAI=True
[DEBUG-RANGE] OnTriggerEnter2D on Enemy with tag=Untagged ShouldRunAI=True
[DEBUG-RANGE] OnTriggerEnter2D on Enemy with tag=Ground ShouldRunAI=True
[DEBUG-RANGE] OnTriggerEnter2D on Enemy with tag=Interactable ShouldRunAI=True
[DEBUG-RANGE] OnTriggerEnter2D on Enemy with tag=Ground ShouldRunAI=True
[DEBUG-RANGE] OnTriggerEnter2D on Enemy with tag=Ground ShouldRunAI=True
[DEBUG-RANGE] OnTriggerEnter2D on Enemy with tag=Untagged ShouldRunAI=True
[DEBUG-RANGE] OnTriggerEnter2D on Enemy with tag=Untagged ShouldRunAI=True
[DEBUG-RANGE] OnTriggerEnter2D on Enemy with tag=Untagged ShouldRunAI=True
[DEBUG-RANGE] OnTriggerEnter2D on Enemy with tag=Ground ShouldRunAI=True
[DEBUG-RANGE] OnTriggerEnter2D on Enemy with tag=Ground ShouldRunAI=True
[DEBUG-RANGE] OnTriggerEnter2D on Enemy with tag=Ground ShouldRunAI=True
[DEBUG-RANGE] OnTriggerEnter2D on Enemy with tag=Ground ShouldRunAI=True
[DEBUG-RANGE] OnTriggerEnter2D on Enemy with tag=Ground ShouldRunAI=True
[DEBUG-RANGE] OnTriggerEnter2D on Enemy with tag=Ground ShouldRunAI=True
[DEBUG-RANGE] OnTriggerEnter2D on Enemy with tag=Ground ShouldRunAI=True
[DEBUG-RANGE] OnTriggerEnter2D on Enemy with tag=Ground ShouldRunAI=True
[DEBUG-RANGE] OnTriggerEnter2D on Enemy with tag=Ground ShouldRunAI=True
[DEBUG-RANGE] OnTriggerEnter2D on Enemy with tag=Ground ShouldRunAI=True
[DEBUG-RANGE] OnTriggerEnter2D on Enemy with tag=Ground ShouldRunAI=True
[DEBUG-RANGE] OnTriggerEnter2D on Enemy with tag=Ground ShouldRunAI=True
[DEBUG-RANGE] OnTriggerEnter2D on Enemy with tag=Ground ShouldRunAI=True
[DEBUG-RANGE] OnTriggerEnter2D on Enemy with tag=Ground ShouldRunAI=True
[DEBUG-RANGE] OnTriggerEnter2D on Enemy with tag=Ground ShouldRunAI=True
[DEBUG-RANGE] OnTriggerEnter2D on Enemy with tag=Untagged ShouldRunAI=True
[DEBUG-RANGE] OnTriggerEnter2D on Enemy with tag=Ground ShouldRunAI=True
[DEBUG-RANGE] OnTriggerEnter2D on Enemy with tag=Obstacle ShouldRunAI=True
[DEBUG-RANGE] OnTriggerEnter2D on Enemy with tag=Ground ShouldRunAI=True
[DEBUG-RANGE] OnTriggerEnter2D on Enemy with tag=Ground ShouldRunAI=True
[DEBUG-RANGE] OnTriggerEnter2D on Enemy with tag=Ground ShouldRunAI=True
[DEBUG-RANGE] OnTriggerEnter2D on Enemy with tag=Enemy ShouldRunAI=True
[DEBUG-RANGE] OnTriggerEnter2D on Enemy with tag=Enemy ShouldRunAI=True
[DEBUG-RANGE] OnTriggerEnter2D on Enemy with tag=Interactable ShouldRunAI=True
[DEBUG-RANGE] OnTriggerEnter2D on Enemy with tag=Ground ShouldRunAI=True
[DEBUG-RANGE] OnTriggerEnter2D on Enemy with tag=Ground ShouldRunAI=True
[DEBUG-RANGE] OnTriggerEnter2D on Enemy with tag=Ground ShouldRunAI=True
[DEBUG-RANGE] OnTriggerEnter2D on Enemy with tag=Ground ShouldRunAI=True
[DEBUG-RANGE] OnTriggerEnter2D on Enemy with tag=Ground ShouldRunAI=True
[DEBUG-RANGE] OnTriggerEnter2D on Enemy with tag=Ground ShouldRunAI=True
[DEBUG-RANGE] OnTriggerEnter2D on Enemy with tag=Ground ShouldRunAI=True
[DEBUG-RANGE] OnTriggerEnter2D on Enemy with tag=Ground ShouldRunAI=True
[DEBUG-RANGE] OnTriggerEnter2D on Enemy with tag=Ground ShouldRunAI=True
[DEBUG-RANGE] OnTriggerEnter2D on Enemy with tag=Untagged ShouldRunAI=True
[DEBUG-RANGE] OnTriggerEnter2D on Enemy with tag=Obstacle ShouldRunAI=True
[DEBUG-RANGE] OnTriggerEnter2D on Enemy with tag=HitBox ShouldRunAI=True
[DEBUG-RANGE] OnTriggerEnter2D on Enemy with tag=Player ShouldRunAI=True
[DEBUG-RANGE] SetTarget called, MyTarget now=Player [connId=1866355813] (Player)
[DEBUG-RANGE] OnTriggerEnter2D on Enemy with tag=Ground ShouldRunAI=True
[DEBUG-RANGE] OnTriggerEnter2D on Enemy with tag=Enemy ShouldRunAI=True
[DEBUG-RANGE] OnTriggerEnter2D on Enemy with tag=Enemy ShouldRunAI=True
[DEBUG-RANGE] OnTriggerEnter2D on Enemy with tag=Interactable ShouldRunAI=True
[DEBUG-RANGE] OnTriggerEnter2D on Enemy with tag=Ground ShouldRunAI=True
[DEBUG-RANGE] OnTriggerEnter2D on Enemy with tag=Ground ShouldRunAI=True
[DEBUG-RANGE] OnTriggerEnter2D on Enemy with tag=Ground ShouldRunAI=True
[DEBUG-RANGE] OnTriggerEnter2D on Enemy with tag=Interactable ShouldRunAI=True
[DEBUG-RANGE] OnTriggerEnter2D on Enemy with tag=Ground ShouldRunAI=True
[DEBUG-RANGE] OnTriggerEnter2D on Enemy with tag=Ground ShouldRunAI=True
[DEBUG-RANGE] OnTriggerEnter2D on Enemy with tag=Ground ShouldRunAI=True
[DEBUG-RANGE] OnTriggerEnter2D on Enemy with tag=Ground ShouldRunAI=True
[DEBUG-RANGE] OnTriggerEnter2D on Enemy with tag=Ground ShouldRunAI=True
[DEBUG-RANGE] OnTriggerEnter2D on Enemy with tag=HitBox ShouldRunAI=True
[DEBUG-RANGE] OnTriggerEnter2D on Enemy with tag=HitBox ShouldRunAI=True
[DEBUG-RANGE] OnTriggerEnter2D on Enemy with tag=Ground ShouldRunAI=True
[DEBUG-RANGE] OnTriggerEnter2D on Enemy with tag=Ground ShouldRunAI=True
[DEBUG-RANGE] OnTriggerEnter2D on Enemy with tag=Untagged ShouldRunAI=True
[DEBUG-RANGE] OnTriggerEnter2D on Enemy with tag=Untagged ShouldRunAI=True
[DEBUG-RANGE] OnTriggerEnter2D on Enemy with tag=Ground ShouldRunAI=True
[DEBUG-RANGE] OnTriggerEnter2D on Enemy with tag=Untagged ShouldRunAI=True
[DEBUG-RANGE] OnTriggerEnter2D on Enemy with tag=Untagged ShouldRunAI=True
[DEBUG-RANGE] OnTriggerEnter2D on Enemy with tag=Ground ShouldRunAI=True
[DEBUG-RANGE] OnTriggerEnter2D on Enemy with tag=Ground ShouldRunAI=True
[DEBUG-RANGE] OnTriggerEnter2D on Enemy with tag=Ground ShouldRunAI=True
[DEBUG-RANGE] OnTriggerEnter2D on Enemy with tag=Ground ShouldRunAI=True
[DEBUG-RANGE] OnTriggerEnter2D on Enemy with tag=Ground ShouldRunAI=True
[DEBUG-RANGE] OnTriggerEnter2D on Enemy with tag=Enemy ShouldRunAI=True
[DEBUG-RANGE] OnTriggerEnter2D on Enemy with tag=Enemy ShouldRunAI=True
[DEBUG-RANGE] OnTriggerEnter2D on Enemy with tag=Ground ShouldRunAI=True
[DEBUG-RANGE] OnTriggerEnter2D on Enemy with tag=Ground ShouldRunAI=True
[DEBUG-RANGE] OnTriggerEnter2D on Enemy with tag=Ground ShouldRunAI=True
[DEBUG-RANGE] OnTriggerEnter2D on Enemy with tag=HitBox ShouldRunAI=True
[DEBUG-RANGE] OnTriggerEnter2D on Enemy with tag=HitBox ShouldRunAI=True
[DEBUG-RANGE] OnTriggerEnter2D on Enemy with tag=Obstacle ShouldRunAI=True
[DEBUG-RANGE] OnTriggerEnter2D on Enemy with tag=Ground ShouldRunAI=True
[DEBUG-RANGE] OnTriggerEnter2D on Enemy with tag=Ground ShouldRunAI=True
[DEBUG-RANGE] OnTriggerEnter2D on Enemy with tag=Ground ShouldRunAI=True
[DEBUG-RANGE] OnTriggerEnter2D on Enemy with tag=Ground ShouldRunAI=True
[DEBUG-RANGE] OnTriggerEnter2D on Enemy with tag=Ground ShouldRunAI=True
[DEBUG-RANGE] OnTriggerEnter2D on Enemy with tag=Ground ShouldRunAI=True
[DEBUG-RANGE] OnTriggerEnter2D on Enemy with tag=HitBox ShouldRunAI=True
[DEBUG-RANGE] OnTriggerEnter2D on Enemy with tag=HitBox ShouldRunAI=True
[DEBUG-RANGE] OnTriggerEnter2D on Enemy with tag=Ground ShouldRunAI=True
[DEBUG-RANGE] OnTriggerEnter2D on Enemy with tag=Untagged ShouldRunAI=True
[DEBUG-RANGE] OnTriggerEnter2D on Enemy with tag=Ground ShouldRunAI=True
[DEBUG-RANGE] OnTriggerEnter2D on Enemy with tag=Ground ShouldRunAI=True
[DEBUG-RANGE] OnTriggerEnter2D on Enemy with tag=Ground ShouldRunAI=True
[DEBUG-RANGE] OnTriggerEnter2D on Enemy with tag=Untagged ShouldRunAI=True
[DEBUG-RANGE] OnTriggerEnter2D on Enemy with tag=Interactable ShouldRunAI=True
[DEBUG-RANGE] OnTriggerEnter2D on Enemy with tag=Ground ShouldRunAI=True
[DEBUG-RANGE] OnTriggerEnter2D on Enemy with tag=Ground ShouldRunAI=True
[DEBUG-RANGE] OnTriggerEnter2D on Enemy with tag=Ground ShouldRunAI=True
[DEBUG-RANGE] OnTriggerEnter2D on Enemy with tag=Ground ShouldRunAI=True
[DEBUG-RANGE] OnTriggerEnter2D on Enemy with tag=Ground ShouldRunAI=True
[DEBUG-RANGE] OnTriggerEnter2D on Enemy with tag=Ground ShouldRunAI=True
[DEBUG-RANGE] OnTriggerEnter2D on Enemy with tag=Ground ShouldRunAI=True
[DEBUG-RANGE] OnTriggerEnter2D on Enemy with tag=Ground ShouldRunAI=True
[DEBUG-RANGE] OnTriggerEnter2D on Enemy with tag=Ground ShouldRunAI=True
[DEBUG-RANGE] OnTriggerEnter2D on Enemy with tag=Ground ShouldRunAI=True
[DEBUG-RANGE] OnTriggerEnter2D on Enemy with tag=Ground ShouldRunAI=True
[DEBUG-ENEMY] Enemy IsAlive=True ShouldRunAI=True state=IdleState MyTarget= MyAttackTime=115,99 IsAttacking=False AttackRange=0 dist=-1,00
[DEBUG-ENEMY] Enemy IsAlive=True ShouldRunAI=True state=PathState MyTarget=Player [connId=1866355813] (Player) MyAttackTime=115,99 IsAttacking=False AttackRange=0 dist=19,19
[DEBUG-ENEMY] Enemy IsAlive=True ShouldRunAI=True state=FollowState MyTarget=Player [connId=1866355813] (Player) MyAttackTime=115,99 IsAttacking=False AttackRange=5 dist=11,03
[DEBUG-ENEMY] Enemy IsAlive=True ShouldRunAI=True state=FollowState MyTarget=Player [connId=1866355813] (Player) MyAttackTime=115,99 IsAttacking=False AttackRange=5 dist=11,84
[DEBUG-ENEMY] Enemy IsAlive=True ShouldRunAI=True state=FollowState MyTarget=Player [connId=1866355813] (Player) MyAttackTime=115,99 IsAttacking=False AttackRange=0 dist=20,33
[DEBUG-ENEMY] Enemy IsAlive=True ShouldRunAI=True state=FollowState MyTarget=Player [connId=1866355813] (Player) MyAttackTime=115,99 IsAttacking=False AttackRange=5 dist=11,06
[DEBUG-ENEMY] Enemy IsAlive=True ShouldRunAI=True state=PathState MyTarget=Player [connId=1866355813] (Player) MyAttackTime=115,99 IsAttacking=False AttackRange=0 dist=13,88
[DEBUG-ENEMY] Enemy IsAlive=True ShouldRunAI=True state=PathState MyTarget=Player [connId=1866355813] (Player) MyAttackTime=115,99 IsAttacking=False AttackRange=0 dist=21,95
[DEBUG-ENEMY] Enemy IsAlive=True ShouldRunAI=True state=IdleState MyTarget= MyAttackTime=115,99 IsAttacking=False AttackRange=0 dist=-1,00
[DEBUG-ENEMY] Enemy IsAlive=True ShouldRunAI=True state=FollowState MyTarget=Player [connId=1866355813] (Player) MyAttackTime=115,99 IsAttacking=False AttackRange=5 dist=11,03
[DEBUG-RANGE] OnTriggerEnter2D on Enemy with tag=Enemy ShouldRunAI=True
[DEBUG-RANGE] OnTriggerEnter2D on Enemy with tag=Enemy ShouldRunAI=True
[DEBUG-RANGE] OnTriggerEnter2D on Enemy with tag=Enemy ShouldRunAI=True
[DEBUG-RANGE] OnTriggerEnter2D on Enemy with tag=Enemy ShouldRunAI=True
[DEBUG-RANGE] OnTriggerEnter2D on Enemy with tag=Obstacle ShouldRunAI=True
[DEBUG-RANGE] OnTriggerEnter2D on Enemy with tag=Ground ShouldRunAI=True
[DEBUG-RANGE] OnTriggerEnter2D on Enemy with tag=Ground ShouldRunAI=True
[DEBUG-RANGE] OnTriggerEnter2D on Enemy with tag=Ground ShouldRunAI=True
[DEBUG-RANGE] OnTriggerEnter2D on Enemy with tag=Ground ShouldRunAI=True
[DEBUG-RANGE] OnTriggerEnter2D on Enemy with tag=Ground ShouldRunAI=True
[DEBUG-RANGE] OnTriggerEnter2D on Enemy with tag=Ground ShouldRunAI=True
[DEBUG-RANGE] OnTriggerEnter2D on Enemy with tag=Ground ShouldRunAI=True
[DEBUG-RANGE] OnTriggerEnter2D on Enemy with tag=Ground ShouldRunAI=True
[DEBUG-RANGE] OnTriggerEnter2D on Enemy with tag=Ground ShouldRunAI=True
[DEBUG-RANGE] OnTriggerEnter2D on Enemy with tag=Ground ShouldRunAI=True
[DEBUG-RANGE] OnTriggerEnter2D on Enemy with tag=Ground ShouldRunAI=True
[DEBUG-RANGE] OnTriggerEnter2D on Enemy with tag=Enemy ShouldRunAI=True
[DEBUG-RANGE] OnTriggerEnter2D on Enemy with tag=Enemy ShouldRunAI=True
[DEBUG-RANGE] OnTriggerEnter2D on Enemy with tag=Ground ShouldRunAI=True
[DEBUG-RANGE] OnTriggerEnter2D on Enemy with tag=Obstacle ShouldRunAI=True
[DEBUG-RANGE] OnTriggerEnter2D on Enemy with tag=Ground ShouldRunAI=True
[DEBUG-RANGE] OnTriggerEnter2D on Enemy with tag=Ground ShouldRunAI=True
[DEBUG-RANGE] OnTriggerEnter2D on Enemy with tag=Enemy ShouldRunAI=True
[DEBUG-RANGE] OnTriggerEnter2D on Enemy with tag=Enemy ShouldRunAI=True
[DEBUG-RANGE] OnTriggerEnter2D on Enemy with tag=Ground ShouldRunAI=True
[DEBUG-RANGE] OnTriggerEnter2D on Enemy with tag=Ground ShouldRunAI=True
[DEBUG-RANGE] OnTriggerEnter2D on Enemy with tag=Ground ShouldRunAI=True
[DEBUG-RANGE] OnTriggerEnter2D on Enemy with tag=Untagged ShouldRunAI=True
[DEBUG-RANGE] OnTriggerEnter2D on Enemy with tag=Ground ShouldRunAI=True
[DEBUG-RANGE] OnTriggerEnter2D on Enemy with tag=Ground ShouldRunAI=True
[DEBUG-RANGE] OnTriggerEnter2D on Enemy with tag=Ground ShouldRunAI=True
[DEBUG-RANGE] OnTriggerEnter2D on Enemy with tag=Ground ShouldRunAI=True
[DEBUG-RANGE] OnTriggerEnter2D on Enemy with tag=Interactable ShouldRunAI=True
[DEBUG-RANGE] OnTriggerEnter2D on Enemy with tag=Interactable ShouldRunAI=True
[DEBUG-RANGE] OnTriggerEnter2D on Enemy with tag=Ground ShouldRunAI=True
[DEBUG-RANGE] OnTriggerEnter2D on Enemy with tag=Ground ShouldRunAI=True
[DEBUG-RANGE] OnTriggerEnter2D on Enemy with tag=Ground ShouldRunAI=True
[DEBUG-RANGE] OnTriggerEnter2D on Enemy with tag=Ground ShouldRunAI=True
[DEBUG-RANGE] OnTriggerEnter2D on Enemy with tag=HitBox ShouldRunAI=True
[DEBUG-RANGE] OnTriggerEnter2D on Enemy with tag=HitBox ShouldRunAI=True
[DEBUG-RANGE] OnTriggerEnter2D on Enemy with tag=Ground ShouldRunAI=True
[DEBUG-RANGE] OnTriggerEnter2D on Enemy with tag=Ground ShouldRunAI=True
[DEBUG-RANGE] OnTriggerEnter2D on Enemy with tag=Ground ShouldRunAI=True
[DEBUG-RANGE] OnTriggerEnter2D on Enemy with tag=Untagged ShouldRunAI=True
[DEBUG-RANGE] OnTriggerEnter2D on Enemy with tag=Untagged ShouldRunAI=True
[DEBUG-RANGE] OnTriggerEnter2D on Enemy with tag=HitBox ShouldRunAI=True
[DEBUG-RANGE] OnTriggerEnter2D on Enemy with tag=HitBox ShouldRunAI=True
[DEBUG-RANGE] OnTriggerEnter2D on Enemy with tag=HitBox ShouldRunAI=True
[DEBUG-RANGE] OnTriggerEnter2D on Enemy with tag=HitBox ShouldRunAI=True
[DEBUG-RANGE] OnTriggerEnter2D on Enemy with tag=Interactable ShouldRunAI=True
[DEBUG-RANGE] OnTriggerEnter2D on Enemy with tag=Ground ShouldRunAI=True
[DEBUG-RANGE] OnTriggerEnter2D on Enemy with tag=Ground ShouldRunAI=True
[DEBUG-RANGE] OnTriggerEnter2D on Enemy with tag=Ground ShouldRunAI=True
[DEBUG-RANGE] OnTriggerEnter2D on Enemy with tag=Ground ShouldRunAI=True
[DEBUG-RANGE] OnTriggerEnter2D on Enemy with tag=Ground ShouldRunAI=True
[DEBUG-RANGE] OnTriggerEnter2D on Enemy with tag=Ground ShouldRunAI=True
[DEBUG-RANGE] OnTriggerEnter2D on Enemy with tag=Ground ShouldRunAI=True
[DEBUG-RANGE] OnTriggerEnter2D on Enemy with tag=Ground ShouldRunAI=True
[DEBUG-RANGE] OnTriggerEnter2D on Enemy with tag=Ground ShouldRunAI=True
[DEBUG-RANGE] OnTriggerEnter2D on Enemy with tag=Obstacle ShouldRunAI=True
[DEBUG-RANGE] OnTriggerEnter2D on Enemy with tag=Obstacle ShouldRunAI=True
[DEBUG-RANGE] OnTriggerEnter2D on Enemy with tag=Ground ShouldRunAI=True
[DEBUG-RANGE] OnTriggerEnter2D on Enemy with tag=Ground ShouldRunAI=True
[DEBUG-RANGE] OnTriggerEnter2D on Enemy with tag=Ground ShouldRunAI=True
[DEBUG-RANGE] OnTriggerEnter2D on Enemy with tag=Untagged ShouldRunAI=True
[DEBUG-RANGE] OnTriggerEnter2D on Enemy with tag=HitBox ShouldRunAI=True
[DEBUG-RANGE] OnTriggerEnter2D on Enemy with tag=HitBox ShouldRunAI=True
[DEBUG-RANGE] OnTriggerEnter2D on Enemy with tag=HitBox ShouldRunAI=True
[DEBUG-RANGE] OnTriggerEnter2D on Enemy with tag=Ground ShouldRunAI=True
[DEBUG-RANGE] OnTriggerEnter2D on Enemy with tag=Ground ShouldRunAI=True
[DEBUG-RANGE] OnTriggerEnter2D on Enemy with tag=Untagged ShouldRunAI=True
[DEBUG-RANGE] OnTriggerEnter2D on Enemy with tag=Untagged ShouldRunAI=True
[DEBUG-RANGE] OnTriggerEnter2D on Enemy with tag=Ground ShouldRunAI=True
[DEBUG-RANGE] OnTriggerEnter2D on Enemy with tag=Ground ShouldRunAI=True
[DEBUG-RANGE] OnTriggerEnter2D on Enemy with tag=Ground ShouldRunAI=True
[DEBUG-RANGE] OnTriggerEnter2D on Enemy with tag=Ground ShouldRunAI=True
[DEBUG-RANGE] OnTriggerEnter2D on Enemy with tag=Ground ShouldRunAI=True
[DEBUG-RANGE] OnTriggerEnter2D on Enemy with tag=Ground ShouldRunAI=True
[DEBUG-RANGE] OnTriggerEnter2D on Enemy with tag=Ground ShouldRunAI=True
[DEBUG-RANGE] OnTriggerEnter2D on Enemy with tag=Obstacle ShouldRunAI=True
[DEBUG-RANGE] OnTriggerEnter2D on Enemy with tag=Ground ShouldRunAI=True
[DEBUG-RANGE] OnTriggerEnter2D on Enemy with tag=Ground ShouldRunAI=True
[DEBUG-RANGE] OnTriggerEnter2D on Enemy with tag=Ground ShouldRunAI=True
[DEBUG-RANGE] OnTriggerEnter2D on Enemy with tag=Ground ShouldRunAI=True
[DEBUG-RANGE] OnTriggerEnter2D on Enemy with tag=Ground ShouldRunAI=True
[DEBUG-RANGE] OnTriggerEnter2D on Enemy with tag=Ground ShouldRunAI=True
[DEBUG-RANGE] OnTriggerEnter2D on Enemy with tag=Player ShouldRunAI=True
[DEBUG-RANGE] SetTarget called, MyTarget now=Player [connId=1866355813] (Player)
[DEBUG-RANGE] OnTriggerEnter2D on Enemy with tag=Enemy ShouldRunAI=True
[DEBUG-RANGE] OnTriggerEnter2D on Enemy with tag=Enemy ShouldRunAI=True
[DEBUG-RANGE] OnTriggerEnter2D on Enemy with tag=Ground ShouldRunAI=True
[DEBUG-RANGE] OnTriggerEnter2D on Enemy with tag=Ground ShouldRunAI=True
[DEBUG-RANGE] OnTriggerEnter2D on Enemy with tag=Interactable ShouldRunAI=True
[DEBUG-RANGE] OnTriggerEnter2D on Enemy with tag=Interactable ShouldRunAI=True
[DEBUG-RANGE] OnTriggerEnter2D on Enemy with tag=Ground ShouldRunAI=True
[DEBUG-RANGE] OnTriggerEnter2D on Enemy with tag=Ground ShouldRunAI=True
[DEBUG-RANGE] OnTriggerEnter2D on Enemy with tag=Ground ShouldRunAI=True
[DEBUG-RANGE] OnTriggerEnter2D on Enemy with tag=Ground ShouldRunAI=True
[DEBUG-RANGE] OnTriggerEnter2D on Enemy with tag=Ground ShouldRunAI=True
[DEBUG-RANGE] OnTriggerEnter2D on Enemy with tag=Ground ShouldRunAI=True
[DEBUG-RANGE] OnTriggerEnter2D on Enemy with tag=Obstacle ShouldRunAI=True
[DEBUG-RANGE] OnTriggerEnter2D on Enemy with tag=Untagged ShouldRunAI=True
[DEBUG-RANGE] OnTriggerEnter2D on Enemy with tag=Ground ShouldRunAI=True
[DEBUG-RANGE] OnTriggerEnter2D on Enemy with tag=Ground ShouldRunAI=True
[DEBUG-RANGE] OnTriggerEnter2D on Enemy with tag=Ground ShouldRunAI=True
[DEBUG-RANGE] OnTriggerEnter2D on Enemy with tag=Untagged ShouldRunAI=True
[DEBUG-RANGE] OnTriggerEnter2D on Enemy with tag=Ground ShouldRunAI=True
[DEBUG-RANGE] OnTriggerEnter2D on Enemy with tag=Ground ShouldRunAI=True
[DEBUG-RANGE] OnTriggerEnter2D on Enemy with tag=Ground ShouldRunAI=True
[DEBUG-RANGE] OnTriggerEnter2D on Enemy with tag=Interactable ShouldRunAI=True
[DEBUG-RANGE] OnTriggerEnter2D on Enemy with tag=Ground ShouldRunAI=True
[DEBUG-RANGE] OnTriggerEnter2D on Enemy with tag=Ground ShouldRunAI=True
[DEBUG-RANGE] OnTriggerEnter2D on Enemy with tag=Ground ShouldRunAI=True
[DEBUG-RANGE] OnTriggerEnter2D on Enemy with tag=Ground ShouldRunAI=True
[DEBUG-RANGE] OnTriggerEnter2D on Enemy with tag=Ground ShouldRunAI=True
[DEBUG-RANGE] OnTriggerEnter2D on Enemy with tag=Ground ShouldRunAI=True
[DEBUG-RANGE] OnTriggerEnter2D on Enemy with tag=Ground ShouldRunAI=True
[DEBUG-RANGE] OnTriggerEnter2D on Enemy with tag=Ground ShouldRunAI=True
[DEBUG-RANGE] OnTriggerEnter2D on Enemy with tag=Ground ShouldRunAI=True
[DEBUG-RANGE] OnTriggerEnter2D on Enemy with tag=Ground ShouldRunAI=True
[DEBUG-RANGE] OnTriggerEnter2D on Enemy with tag=Ground ShouldRunAI=True
[DEBUG-RANGE] OnTriggerEnter2D on Enemy with tag=Ground ShouldRunAI=True
[DEBUG-RANGE] OnTriggerEnter2D on Enemy with tag=Ground ShouldRunAI=True
[DEBUG-RANGE] OnTriggerEnter2D on Enemy with tag=Ground ShouldRunAI=True
[DEBUG-RANGE] OnTriggerEnter2D on Enemy with tag=Ground ShouldRunAI=True
[DEBUG-RANGE] OnTriggerEnter2D on Enemy with tag=Ground ShouldRunAI=True
[DEBUG-RANGE] OnTriggerEnter2D on Enemy with tag=Ground ShouldRunAI=True
[DEBUG-RANGE] OnTriggerEnter2D on Enemy with tag=Ground ShouldRunAI=True
[DEBUG-RANGE] OnTriggerEnter2D on Enemy with tag=Ground ShouldRunAI=True
[DEBUG-RANGE] OnTriggerEnter2D on Enemy with tag=Ground ShouldRunAI=True
[DEBUG-RANGE] OnTriggerEnter2D on Enemy with tag=Ground ShouldRunAI=True
[DEBUG-RANGE] OnTriggerEnter2D on Enemy with tag=Ground ShouldRunAI=True
[DEBUG-RANGE] OnTriggerEnter2D on Enemy with tag=Ground ShouldRunAI=True
[DEBUG-RANGE] OnTriggerEnter2D on Enemy with tag=Ground ShouldRunAI=True
[DEBUG-RANGE] OnTriggerEnter2D on Enemy with tag=Ground ShouldRunAI=True
[DEBUG-RANGE] OnTriggerEnter2D on Enemy with tag=Ground ShouldRunAI=True
[DEBUG-RANGE] OnTriggerEnter2D on Enemy with tag=HitBox ShouldRunAI=True
[DEBUG-RANGE] OnTriggerEnter2D on Enemy with tag=HitBox ShouldRunAI=True
[DEBUG-RANGE] OnTriggerEnter2D on Enemy with tag=Ground ShouldRunAI=True
[DEBUG-RANGE] OnTriggerEnter2D on Enemy with tag=Ground ShouldRunAI=True
[DEBUG-RANGE] OnTriggerEnter2D on Enemy with tag=Ground ShouldRunAI=True
[DEBUG-RANGE] OnTriggerEnter2D on Enemy with tag=Ground ShouldRunAI=True
[DEBUG-RANGE] OnTriggerEnter2D on Enemy with tag=Untagged ShouldRunAI=True
[DEBUG-RANGE] OnTriggerEnter2D on Enemy with tag=Ground ShouldRunAI=True
[DEBUG-RANGE] OnTriggerEnter2D on Enemy with tag=Ground ShouldRunAI=True
[DEBUG-RANGE] OnTriggerEnter2D on Enemy with tag=Ground ShouldRunAI=True
[DEBUG-RANGE] OnTriggerEnter2D on Enemy with tag=Obstacle ShouldRunAI=True
[DEBUG-RANGE] OnTriggerEnter2D on Enemy with tag=Ground ShouldRunAI=True
[DEBUG-RANGE] OnTriggerEnter2D on Enemy with tag=Untagged ShouldRunAI=True
[DEBUG-RANGE] OnTriggerEnter2D on Enemy with tag=Ground ShouldRunAI=True
[DEBUG-RANGE] OnTriggerEnter2D on Enemy with tag=Ground ShouldRunAI=True
[DEBUG-RANGE] OnTriggerEnter2D on Enemy with tag=HitBox ShouldRunAI=True
[DEBUG-RANGE] OnTriggerEnter2D on Enemy with tag=Ground ShouldRunAI=True
[DEBUG-RANGE] OnTriggerEnter2D on Enemy with tag=Ground ShouldRunAI=True
[DEBUG-RANGE] OnTriggerEnter2D on Enemy with tag=HitBox ShouldRunAI=True
[DEBUG-RANGE] OnTriggerEnter2D on Enemy with tag=Ground ShouldRunAI=True
[DEBUG-RANGE] OnTriggerEnter2D on Enemy with tag=Ground ShouldRunAI=True
[DEBUG-RANGE] OnTriggerEnter2D on Enemy with tag=Ground ShouldRunAI=True
[DEBUG-RANGE] OnTriggerEnter2D on Enemy with tag=Ground ShouldRunAI=True
[DEBUG-RANGE] OnTriggerEnter2D on Enemy with tag=Ground ShouldRunAI=True
[DEBUG-RANGE] OnTriggerEnter2D on Enemy with tag=Obstacle ShouldRunAI=True
[DEBUG-RANGE] OnTriggerEnter2D on Enemy with tag=Obstacle ShouldRunAI=True
[DEBUG-RANGE] OnTriggerEnter2D on Enemy with tag=Ground ShouldRunAI=True
[DEBUG-RANGE] OnTriggerEnter2D on Enemy with tag=Ground ShouldRunAI=True
[DEBUG-RANGE] OnTriggerEnter2D on Enemy with tag=Ground ShouldRunAI=True
[DEBUG-RANGE] OnTriggerEnter2D on Enemy with tag=Obstacle ShouldRunAI=True
[DEBUG-RANGE] OnTriggerEnter2D on Enemy with tag=Ground ShouldRunAI=True
[DEBUG-RANGE] OnTriggerEnter2D on Enemy with tag=Obstacle ShouldRunAI=True
[DEBUG-RANGE] OnTriggerEnter2D on Enemy with tag=Ground ShouldRunAI=True
[DEBUG-RANGE] OnTriggerEnter2D on Enemy with tag=Enemy ShouldRunAI=True
[DEBUG-RANGE] OnTriggerEnter2D on Enemy with tag=Untagged ShouldRunAI=True
[DEBUG-RANGE] OnTriggerEnter2D on Enemy with tag=Untagged ShouldRunAI=True
[DEBUG-RANGE] OnTriggerEnter2D on Enemy with tag=Enemy ShouldRunAI=True
[DEBUG-RANGE] OnTriggerEnter2D on Enemy with tag=Ground ShouldRunAI=True
[DEBUG-RANGE] OnTriggerEnter2D on Enemy with tag=Ground ShouldRunAI=True
[DEBUG-RANGE] OnTriggerEnter2D on Enemy with tag=Ground ShouldRunAI=True
[DEBUG-RANGE] OnTriggerEnter2D on Enemy with tag=Ground ShouldRunAI=True
[DEBUG-RANGE] OnTriggerEnter2D on Enemy with tag=Ground ShouldRunAI=True
[DEBUG-RANGE] OnTriggerEnter2D on Enemy with tag=Ground ShouldRunAI=True
[DEBUG-RANGE] OnTriggerEnter2D on Enemy with tag=Untagged ShouldRunAI=True
[DEBUG-RANGE] OnTriggerEnter2D on Enemy with tag=Ground ShouldRunAI=True
[DEBUG-RANGE] OnTriggerEnter2D on Enemy with tag=Ground ShouldRunAI=True
[DEBUG-RANGE] OnTriggerEnter2D on Enemy with tag=Ground ShouldRunAI=True
[DEBUG-RANGE] OnTriggerEnter2D on Enemy with tag=Ground ShouldRunAI=True
[DEBUG-RANGE] OnTriggerEnter2D on Enemy with tag=Ground ShouldRunAI=True
[DEBUG-RANGE] OnTriggerEnter2D on Enemy with tag=Ground ShouldRunAI=True
[DEBUG-RANGE] OnTriggerEnter2D on Enemy with tag=Ground ShouldRunAI=True
[DEBUG-RANGE] OnTriggerEnter2D on Enemy with tag=Ground ShouldRunAI=True
[DEBUG-RANGE] OnTriggerEnter2D on Enemy with tag=Ground ShouldRunAI=True
[DEBUG-RANGE] OnTriggerEnter2D on Enemy with tag=Ground ShouldRunAI=True
[DEBUG-RANGE] OnTriggerEnter2D on Enemy with tag=Untagged ShouldRunAI=True
[DEBUG-RANGE] OnTriggerEnter2D on Enemy with tag=Ground ShouldRunAI=True
[DEBUG-RANGE] OnTriggerEnter2D on Enemy with tag=Ground ShouldRunAI=True
[DEBUG-RANGE] OnTriggerEnter2D on Enemy with tag=Obstacle ShouldRunAI=True
[DEBUG-RANGE] OnTriggerEnter2D on Enemy with tag=Ground ShouldRunAI=True
[DEBUG-RANGE] OnTriggerEnter2D on Enemy with tag=Ground ShouldRunAI=True
[DEBUG-RANGE] OnTriggerEnter2D on Enemy with tag=Ground ShouldRunAI=True
[DEBUG-RANGE] OnTriggerEnter2D on Enemy with tag=Ground ShouldRunAI=True
[DEBUG-RANGE] OnTriggerEnter2D on Enemy with tag=Ground ShouldRunAI=True
[DEBUG-RANGE] OnTriggerEnter2D on Enemy with tag=Ground ShouldRunAI=True
[DEBUG-RANGE] OnTriggerEnter2D on Enemy with tag=Ground ShouldRunAI=True
[DEBUG-RANGE] OnTriggerEnter2D on Enemy with tag=Ground ShouldRunAI=True
[DEBUG-RANGE] OnTriggerEnter2D on Enemy with tag=Ground ShouldRunAI=True
[DEBUG-RANGE] OnTriggerEnter2D on Enemy with tag=Ground ShouldRunAI=True
[DEBUG-RANGE] OnTriggerEnter2D on Enemy with tag=HitBox ShouldRunAI=True
[DEBUG-RANGE] OnTriggerEnter2D on Enemy with tag=HitBox ShouldRunAI=True
[DEBUG-RANGE] OnTriggerEnter2D on Enemy with tag=Ground ShouldRunAI=True
[DEBUG-RANGE] OnTriggerEnter2D on Enemy with tag=Untagged ShouldRunAI=True
[DEBUG-RANGE] OnTriggerEnter2D on Enemy with tag=Ground ShouldRunAI=True
[DEBUG-RANGE] OnTriggerEnter2D on Enemy with tag=Obstacle ShouldRunAI=True
[DEBUG-RANGE] OnTriggerEnter2D on Enemy with tag=Ground ShouldRunAI=True
[DEBUG-RANGE] OnTriggerEnter2D on Enemy with tag=Ground ShouldRunAI=True
[DEBUG-RANGE] OnTriggerEnter2D on Enemy with tag=Ground ShouldRunAI=True
[DEBUG-RANGE] OnTriggerEnter2D on Enemy with tag=Ground ShouldRunAI=True
[DEBUG-RANGE] OnTriggerEnter2D on Enemy with tag=Ground ShouldRunAI=True
[DEBUG-RANGE] OnTriggerEnter2D on Enemy with tag=Ground ShouldRunAI=True
[DEBUG-RANGE] OnTriggerEnter2D on Enemy with tag=Ground ShouldRunAI=True
[DEBUG-RANGE] OnTriggerEnter2D on Enemy with tag=Obstacle ShouldRunAI=True
[DEBUG-RANGE] OnTriggerEnter2D on Enemy with tag=Ground ShouldRunAI=True
[DEBUG-RANGE] OnTriggerEnter2D on Enemy with tag=Ground ShouldRunAI=True
[DEBUG-RANGE] OnTriggerEnter2D on Enemy with tag=Ground ShouldRunAI=True
[DEBUG-RANGE] OnTriggerEnter2D on Enemy with tag=Ground ShouldRunAI=True
[DEBUG-RANGE] OnTriggerEnter2D on Enemy with tag=Ground ShouldRunAI=True
[DEBUG-RANGE] OnTriggerEnter2D on Enemy with tag=Ground ShouldRunAI=True
[DEBUG-RANGE] OnTriggerEnter2D on Enemy with tag=Ground ShouldRunAI=True
[DEBUG-RANGE] OnTriggerEnter2D on Enemy with tag=Ground ShouldRunAI=True
[DEBUG-RANGE] OnTriggerEnter2D on Enemy with tag=Ground ShouldRunAI=True
[DEBUG-RANGE] OnTriggerEnter2D on Enemy with tag=Obstacle ShouldRunAI=True
[DEBUG-RANGE] OnTriggerEnter2D on Enemy with tag=Ground ShouldRunAI=True
[DEBUG-RANGE] OnTriggerEnter2D on Enemy with tag=Ground ShouldRunAI=True
[DEBUG-RANGE] OnTriggerEnter2D on Enemy with tag=Enemy ShouldRunAI=True
[DEBUG-RANGE] OnTriggerEnter2D on Enemy with tag=Enemy ShouldRunAI=True
[DEBUG-RANGE] OnTriggerEnter2D on Enemy with tag=Ground ShouldRunAI=True
[DEBUG-RANGE] OnTriggerEnter2D on Enemy with tag=Untagged ShouldRunAI=True
[DEBUG-RANGE] OnTriggerEnter2D on Enemy with tag=Untagged ShouldRunAI=True
[DEBUG-RANGE] OnTriggerEnter2D on Enemy with tag=Ground ShouldRunAI=True
[DEBUG-RANGE] OnTriggerEnter2D on Enemy with tag=Obstacle ShouldRunAI=True
[DEBUG-RANGE] OnTriggerEnter2D on Enemy with tag=Ground ShouldRunAI=True
[DEBUG-RANGE] OnTriggerEnter2D on Enemy with tag=Obstacle ShouldRunAI=True
[DEBUG-RANGE] OnTriggerEnter2D on Enemy with tag=Obstacle ShouldRunAI=True
[DEBUG-RANGE] OnTriggerEnter2D on Enemy with tag=Ground ShouldRunAI=True
[DEBUG-RANGE] OnTriggerEnter2D on Enemy with tag=Obstacle ShouldRunAI=True
[DEBUG-RANGE] OnTriggerEnter2D on Enemy with tag=Ground ShouldRunAI=True
[DEBUG-RANGE] OnTriggerEnter2D on Enemy with tag=Ground ShouldRunAI=True
[DEBUG-RANGE] OnTriggerEnter2D on Enemy with tag=Ground ShouldRunAI=True
[DEBUG-RANGE] OnTriggerEnter2D on Enemy with tag=Obstacle ShouldRunAI=True
[DEBUG-ENEMY] Enemy IsAlive=True ShouldRunAI=True state=IdleState MyTarget= MyAttackTime=117,99 IsAttacking=False AttackRange=0 dist=-1,00
[DEBUG-ENEMY] Enemy IsAlive=True ShouldRunAI=True state=PathState MyTarget=Player [connId=1866355813] (Player) MyAttackTime=117,99 IsAttacking=False AttackRange=0 dist=15,21
[DEBUG-ENEMY] Enemy IsAlive=True ShouldRunAI=True state=FollowState MyTarget=Player [connId=1866355813] (Player) MyAttackTime=117,99 IsAttacking=False AttackRange=5 dist=12,61
[DEBUG-ENEMY] Enemy IsAlive=True ShouldRunAI=True state=FollowState MyTarget=Player [connId=1866355813] (Player) MyAttackTime=117,99 IsAttacking=False AttackRange=5 dist=13,92
[DEBUG-ENEMY] Enemy IsAlive=True ShouldRunAI=True state=FollowState MyTarget=Player [connId=1866355813] (Player) MyAttackTime=117,99 IsAttacking=False AttackRange=0 dist=21,65
[DEBUG-ENEMY] Enemy IsAlive=True ShouldRunAI=True state=FollowState MyTarget=Player [connId=1866355813] (Player) MyAttackTime=117,99 IsAttacking=False AttackRange=5 dist=12,52
[DEBUG-ENEMY] Enemy IsAlive=True ShouldRunAI=True state=EvadeState MyTarget=Player [connId=1866355813] (Player) MyAttackTime=117,99 IsAttacking=False AttackRange=0 dist=10,72
[DEBUG-ENEMY] Enemy IsAlive=True ShouldRunAI=True state=PathState MyTarget=Player [connId=1866355813] (Player) MyAttackTime=117,99 IsAttacking=False AttackRange=0 dist=18,12
[DEBUG-ENEMY] Enemy IsAlive=True ShouldRunAI=True state=PathState MyTarget=Player [connId=1866355813] (Player) MyAttackTime=117,99 IsAttacking=False AttackRange=0 dist=16,66
[DEBUG-ENEMY] Enemy IsAlive=True ShouldRunAI=True state=FollowState MyTarget=Player [connId=1866355813] (Player) MyAttackTime=117,99 IsAttacking=False AttackRange=5 dist=12,61
[DEBUG-RANGE] OnTriggerEnter2D on Enemy with tag=Ground ShouldRunAI=True
[DEBUG-RANGE] OnTriggerEnter2D on Enemy with tag=Ground ShouldRunAI=True
[DEBUG-RANGE] OnTriggerEnter2D on Enemy with tag=Ground ShouldRunAI=True
[DEBUG-RANGE] OnTriggerEnter2D on Enemy with tag=Ground ShouldRunAI=True
[DEBUG-RANGE] OnTriggerEnter2D on Enemy with tag=Untagged ShouldRunAI=True
[DEBUG-RANGE] OnTriggerEnter2D on Enemy with tag=Ground ShouldRunAI=True
[DEBUG-RANGE] OnTriggerEnter2D on Enemy with tag=Ground ShouldRunAI=True
[DEBUG-RANGE] OnTriggerEnter2D on Enemy with tag=Ground ShouldRunAI=True
[DEBUG-RANGE] OnTriggerEnter2D on Enemy with tag=Ground ShouldRunAI=True
[DEBUG-RANGE] OnTriggerEnter2D on Enemy with tag=Ground ShouldRunAI=True
[DEBUG-RANGE] OnTriggerEnter2D on Enemy with tag=Ground ShouldRunAI=True
[DEBUG-RANGE] OnTriggerEnter2D on Enemy with tag=Untagged ShouldRunAI=True
[DEBUG-RANGE] OnTriggerEnter2D on Enemy with tag=HitBox ShouldRunAI=True
[DEBUG-RANGE] OnTriggerEnter2D on Enemy with tag=HitBox ShouldRunAI=True
[DEBUG-RANGE] OnTriggerEnter2D on Enemy with tag=Ground ShouldRunAI=True
[DEBUG-RANGE] OnTriggerEnter2D on Enemy with tag=Ground ShouldRunAI=True
[DEBUG-RANGE] OnTriggerEnter2D on Enemy with tag=Obstacle ShouldRunAI=True
[DEBUG-RANGE] OnTriggerEnter2D on Enemy with tag=Enemy ShouldRunAI=True
[DEBUG-RANGE] OnTriggerEnter2D on Enemy with tag=Untagged ShouldRunAI=True
[DEBUG-RANGE] OnTriggerEnter2D on Enemy with tag=Ground ShouldRunAI=True
[DEBUG-RANGE] OnTriggerEnter2D on Enemy with tag=Enemy ShouldRunAI=True
[DEBUG-RANGE] OnTriggerEnter2D on Enemy with tag=Ground ShouldRunAI=True
[DEBUG-RANGE] OnTriggerEnter2D on Enemy with tag=Ground ShouldRunAI=True
[DEBUG-RANGE] OnTriggerEnter2D on Enemy with tag=Untagged ShouldRunAI=True
[DEBUG-RANGE] OnTriggerEnter2D on Enemy with tag=Ground ShouldRunAI=True
[DEBUG-RANGE] OnTriggerEnter2D on Enemy with tag=Ground ShouldRunAI=True
[DEBUG-RANGE] OnTriggerEnter2D on Enemy with tag=Ground ShouldRunAI=True
[DEBUG-RANGE] OnTriggerEnter2D on Enemy with tag=Obstacle ShouldRunAI=True
[DEBUG-RANGE] OnTriggerEnter2D on Enemy with tag=Ground ShouldRunAI=True
[DEBUG-RANGE] OnTriggerEnter2D on Enemy with tag=HitBox ShouldRunAI=True
[DEBUG-RANGE] OnTriggerEnter2D on Enemy with tag=HitBox ShouldRunAI=True
[DEBUG-RANGE] OnTriggerEnter2D on Enemy with tag=Ground ShouldRunAI=True
[DEBUG-RANGE] OnTriggerEnter2D on Enemy with tag=HitBox ShouldRunAI=True
[DEBUG-RANGE] OnTriggerEnter2D on Enemy with tag=HitBox ShouldRunAI=True
[DEBUG-RANGE] OnTriggerEnter2D on Enemy with tag=Ground ShouldRunAI=True
[DEBUG-RANGE] OnTriggerEnter2D on Enemy with tag=Untagged ShouldRunAI=True
[DEBUG-RANGE] OnTriggerEnter2D on Enemy with tag=Ground ShouldRunAI=True
[DEBUG-RANGE] OnTriggerEnter2D on Enemy with tag=Obstacle ShouldRunAI=True
[DEBUG-RANGE] OnTriggerEnter2D on Enemy with tag=HitBox ShouldRunAI=True
[DEBUG-RANGE] OnTriggerEnter2D on Enemy with tag=HitBox ShouldRunAI=True
[DEBUG-RANGE] OnTriggerEnter2D on Enemy with tag=Ground ShouldRunAI=True
[DEBUG-RANGE] OnTriggerEnter2D on Enemy with tag=Ground ShouldRunAI=True
[DEBUG-RANGE] OnTriggerEnter2D on Enemy with tag=Ground ShouldRunAI=True
[DEBUG-RANGE] OnTriggerEnter2D on Enemy with tag=Ground ShouldRunAI=True
[DEBUG-RANGE] OnTriggerEnter2D on Enemy with tag=HitBox ShouldRunAI=True
[DEBUG-RANGE] OnTriggerEnter2D on Enemy with tag=HitBox ShouldRunAI=True
[DEBUG-RANGE] OnTriggerEnter2D on Enemy with tag=Ground ShouldRunAI=True
[DEBUG-RANGE] OnTriggerEnter2D on Enemy with tag=Obstacle ShouldRunAI=True
[DEBUG-RANGE] OnTriggerEnter2D on Enemy with tag=Ground ShouldRunAI=True
[DEBUG-RANGE] OnTriggerEnter2D on Enemy with tag=Ground ShouldRunAI=True
[DEBUG-RANGE] OnTriggerEnter2D on Enemy with tag=Untagged ShouldRunAI=True
[DEBUG-RANGE] OnTriggerEnter2D on Enemy with tag=Ground ShouldRunAI=True
[DEBUG-RANGE] OnTriggerEnter2D on Enemy with tag=Ground ShouldRunAI=True
[DEBUG-RANGE] OnTriggerEnter2D on Enemy with tag=Ground ShouldRunAI=True
[DEBUG-RANGE] OnTriggerEnter2D on Enemy with tag=Ground ShouldRunAI=True
[DEBUG-RANGE] OnTriggerEnter2D on Enemy with tag=Ground ShouldRunAI=True
[DEBUG-RANGE] OnTriggerEnter2D on Enemy with tag=Ground ShouldRunAI=True
[DEBUG-RANGE] OnTriggerEnter2D on Enemy with tag=Ground ShouldRunAI=True
[DEBUG-RANGE] OnTriggerEnter2D on Enemy with tag=Ground ShouldRunAI=True
[DEBUG-RANGE] OnTriggerEnter2D on Enemy with tag=Ground ShouldRunAI=True
[DEBUG-RANGE] OnTriggerEnter2D on Enemy with tag=Ground ShouldRunAI=True
[DEBUG-RANGE] OnTriggerEnter2D on Enemy with tag=Ground ShouldRunAI=True
[DEBUG-RANGE] OnTriggerEnter2D on Enemy with tag=Ground ShouldRunAI=True
[DEBUG-RANGE] OnTriggerEnter2D on Enemy with tag=Ground ShouldRunAI=True
[DEBUG-RANGE] OnTriggerEnter2D on Enemy with tag=Ground ShouldRunAI=True
[DEBUG-RANGE] OnTriggerEnter2D on Enemy with tag=Obstacle ShouldRunAI=True
[DEBUG-RANGE] OnTriggerEnter2D on Enemy with tag=Ground ShouldRunAI=True
[DEBUG-RANGE] OnTriggerEnter2D on Enemy with tag=Ground ShouldRunAI=True
[DEBUG-RANGE] OnTriggerEnter2D on Enemy with tag=Ground ShouldRunAI=True
[DEBUG-RANGE] OnTriggerEnter2D on Enemy with tag=Ground ShouldRunAI=True
[DEBUG-RANGE] OnTriggerEnter2D on Enemy with tag=Ground ShouldRunAI=True
[DEBUG-RANGE] OnTriggerEnter2D on Enemy with tag=Ground ShouldRunAI=True
[DEBUG-RANGE] OnTriggerEnter2D on Enemy with tag=Obstacle ShouldRunAI=True
[DEBUG-RANGE] OnTriggerEnter2D on Enemy with tag=Ground ShouldRunAI=True
[DEBUG-RANGE] OnTriggerEnter2D on Enemy with tag=Untagged ShouldRunAI=True
[DEBUG-RANGE] OnTriggerEnter2D on Enemy with tag=Ground ShouldRunAI=True
[DEBUG-RANGE] OnTriggerEnter2D on Enemy with tag=Ground ShouldRunAI=True
[DEBUG-RANGE] OnTriggerEnter2D on Enemy with tag=Untagged ShouldRunAI=True
[DEBUG-RANGE] OnTriggerEnter2D on Enemy with tag=Ground ShouldRunAI=True
[DEBUG-RANGE] OnTriggerEnter2D on Enemy with tag=Ground ShouldRunAI=True
[DEBUG-RANGE] OnTriggerEnter2D on Enemy with tag=Ground ShouldRunAI=True
[DEBUG-RANGE] OnTriggerEnter2D on Enemy with tag=Untagged ShouldRunAI=True
[DEBUG-RANGE] OnTriggerEnter2D on Enemy with tag=Ground ShouldRunAI=True
[DEBUG-RANGE] OnTriggerEnter2D on Enemy with tag=Ground ShouldRunAI=True
[DEBUG-RANGE] OnTriggerEnter2D on Enemy with tag=Enemy ShouldRunAI=True
[DEBUG-RANGE] OnTriggerEnter2D on Enemy with tag=Enemy ShouldRunAI=True
[DEBUG-RANGE] OnTriggerEnter2D on Enemy with tag=Ground ShouldRunAI=True
[DEBUG-RANGE] OnTriggerEnter2D on Enemy with tag=Ground ShouldRunAI=True
[DEBUG-RANGE] OnTriggerEnter2D on Enemy with tag=Ground ShouldRunAI=True
[DEBUG-RANGE] OnTriggerEnter2D on Enemy with tag=Ground ShouldRunAI=True
[DEBUG-RANGE] OnTriggerEnter2D on Enemy with tag=Ground ShouldRunAI=True
[DEBUG-RANGE] OnTriggerEnter2D on Enemy with tag=Ground ShouldRunAI=True
[DEBUG-RANGE] OnTriggerEnter2D on Enemy with tag=Ground ShouldRunAI=True
[DEBUG-RANGE] OnTriggerEnter2D on Enemy with tag=Ground ShouldRunAI=True
[DEBUG-RANGE] OnTriggerEnter2D on Enemy with tag=Ground ShouldRunAI=True
[DEBUG-RANGE] OnTriggerEnter2D on Enemy with tag=Ground ShouldRunAI=True
[DEBUG-RANGE] OnTriggerEnter2D on Enemy with tag=Ground ShouldRunAI=True
[DEBUG-RANGE] OnTriggerEnter2D on Enemy with tag=Ground ShouldRunAI=True
[DEBUG-RANGE] OnTriggerEnter2D on Enemy with tag=Ground ShouldRunAI=True
[DEBUG-RANGE] OnTriggerEnter2D on Enemy with tag=Ground ShouldRunAI=True
[DEBUG-RANGE] OnTriggerEnter2D on Enemy with tag=Obstacle ShouldRunAI=True
[DEBUG-RANGE] OnTriggerEnter2D on Enemy with tag=Untagged ShouldRunAI=True
[DEBUG-RANGE] OnTriggerEnter2D on Enemy with tag=Ground ShouldRunAI=True
[DEBUG-RANGE] OnTriggerEnter2D on Enemy with tag=Ground ShouldRunAI=True
[DEBUG-RANGE] OnTriggerEnter2D on Enemy with tag=Untagged ShouldRunAI=True
[DEBUG-RANGE] OnTriggerEnter2D on Enemy with tag=Obstacle ShouldRunAI=True
[DEBUG-RANGE] OnTriggerEnter2D on Enemy with tag=Ground ShouldRunAI=True
[DEBUG-RANGE] OnTriggerEnter2D on Enemy with tag=Ground ShouldRunAI=True
[DEBUG-RANGE] OnTriggerEnter2D on Enemy with tag=Enemy ShouldRunAI=True
[DEBUG-RANGE] OnTriggerEnter2D on Enemy with tag=Enemy ShouldRunAI=True
[DEBUG-RANGE] OnTriggerEnter2D on Enemy with tag=Ground ShouldRunAI=True
[DEBUG-RANGE] OnTriggerEnter2D on Enemy with tag=Ground ShouldRunAI=True
[DEBUG-RANGE] OnTriggerEnter2D on Enemy with tag=Ground ShouldRunAI=True
[DEBUG-RANGE] OnTriggerEnter2D on Enemy with tag=Ground ShouldRunAI=True
[DEBUG-RANGE] OnTriggerEnter2D on Enemy with tag=Obstacle ShouldRunAI=True
[DEBUG-RANGE] OnTriggerEnter2D on Enemy with tag=Ground ShouldRunAI=True
[DEBUG-RANGE] OnTriggerEnter2D on Enemy with tag=Untagged ShouldRunAI=True
[DEBUG-RANGE] OnTriggerEnter2D on Enemy with tag=Obstacle ShouldRunAI=True
[DEBUG-RANGE] OnTriggerEnter2D on Enemy with tag=Obstacle ShouldRunAI=True
[DEBUG-RANGE] OnTriggerEnter2D on Enemy with tag=Untagged ShouldRunAI=True
[DEBUG-RANGE] OnTriggerEnter2D on Enemy with tag=Ground ShouldRunAI=True
[DEBUG-RANGE] OnTriggerEnter2D on Enemy with tag=Ground ShouldRunAI=True
[DEBUG-RANGE] OnTriggerEnter2D on Enemy with tag=Enemy ShouldRunAI=True
[DEBUG-RANGE] OnTriggerEnter2D on Enemy with tag=Enemy ShouldRunAI=True
[DEBUG-RANGE] OnTriggerEnter2D on Enemy with tag=Ground ShouldRunAI=True
[DEBUG-RANGE] OnTriggerEnter2D on Enemy with tag=Ground ShouldRunAI=True
[DEBUG-RANGE] OnTriggerEnter2D on Enemy with tag=Ground ShouldRunAI=True
[DEBUG-RANGE] OnTriggerEnter2D on Enemy with tag=Untagged ShouldRunAI=True
[DEBUG-RANGE] OnTriggerEnter2D on Enemy with tag=Untagged ShouldRunAI=True
[DEBUG-RANGE] OnTriggerEnter2D on Enemy with tag=Ground ShouldRunAI=True
[DEBUG-RANGE] OnTriggerEnter2D on Enemy with tag=Ground ShouldRunAI=True
[DEBUG-RANGE] OnTriggerEnter2D on Enemy with tag=Ground ShouldRunAI=True
[DEBUG-RANGE] OnTriggerEnter2D on Enemy with tag=Ground ShouldRunAI=True
[DEBUG-RANGE] OnTriggerEnter2D on Enemy with tag=Untagged ShouldRunAI=True
[DEBUG-RANGE] OnTriggerEnter2D on Enemy with tag=Ground ShouldRunAI=True
[DEBUG-RANGE] OnTriggerEnter2D on Enemy with tag=Obstacle ShouldRunAI=True
[DEBUG-RANGE] OnTriggerEnter2D on Enemy with tag=Ground ShouldRunAI=True
[DEBUG-RANGE] OnTriggerEnter2D on Enemy with tag=Untagged ShouldRunAI=True
[DEBUG-RANGE] OnTriggerEnter2D on Enemy with tag=Untagged ShouldRunAI=True
[DEBUG-RANGE] OnTriggerEnter2D on Enemy with tag=Ground ShouldRunAI=True
[DEBUG-RANGE] OnTriggerEnter2D on Enemy with tag=Untagged ShouldRunAI=True
[DEBUG-RANGE] OnTriggerEnter2D on Enemy with tag=Untagged ShouldRunAI=True
[DEBUG-RANGE] OnTriggerEnter2D on Enemy with tag=Ground ShouldRunAI=True
[DEBUG-RANGE] OnTriggerEnter2D on Enemy with tag=Untagged ShouldRunAI=True
[DEBUG-RANGE] OnTriggerEnter2D on Enemy with tag=Untagged ShouldRunAI=True
[DEBUG-RANGE] OnTriggerEnter2D on Enemy with tag=Untagged ShouldRunAI=True
[DEBUG-RANGE] OnTriggerEnter2D on Enemy with tag=Untagged ShouldRunAI=True
[DEBUG-RANGE] OnTriggerEnter2D on Enemy with tag=Untagged ShouldRunAI=True
[DEBUG-RANGE] OnTriggerEnter2D on Enemy with tag=Untagged ShouldRunAI=True
[DEBUG-RANGE] OnTriggerEnter2D on Enemy with tag=Ground ShouldRunAI=True
[DEBUG-RANGE] OnTriggerEnter2D on Enemy with tag=Obstacle ShouldRunAI=True
[DEBUG-RANGE] OnTriggerEnter2D on Enemy with tag=Obstacle ShouldRunAI=True
[DEBUG-RANGE] OnTriggerEnter2D on Enemy with tag=Untagged ShouldRunAI=True
[DEBUG-RANGE] OnTriggerEnter2D on Enemy with tag=Untagged ShouldRunAI=True
[DEBUG-RANGE] OnTriggerEnter2D on Enemy with tag=Obstacle ShouldRunAI=True
[DEBUG-RANGE] OnTriggerEnter2D on Enemy with tag=Ground ShouldRunAI=True
[DEBUG-RANGE] OnTriggerEnter2D on Enemy with tag=Ground ShouldRunAI=True
[DEBUG-RANGE] OnTriggerEnter2D on Enemy with tag=Ground ShouldRunAI=True
[DEBUG-RANGE] OnTriggerEnter2D on Enemy with tag=Player ShouldRunAI=True
[DEBUG-RANGE] SetTarget called, MyTarget now=Player [connId=1866355813] (Player)
[DEBUG-RANGE] OnTriggerEnter2D on Enemy with tag=Ground ShouldRunAI=True
[DEBUG-RANGE] OnTriggerEnter2D on Enemy with tag=Untagged ShouldRunAI=True
[DEBUG-RANGE] OnTriggerEnter2D on Enemy with tag=Untagged ShouldRunAI=True
[DEBUG-RANGE] OnTriggerEnter2D on Enemy with tag=Untagged ShouldRunAI=True
[DEBUG-RANGE] OnTriggerEnter2D on Enemy with tag=Untagged ShouldRunAI=True
[DEBUG-RANGE] OnTriggerEnter2D on Enemy with tag=Ground ShouldRunAI=True
[DEBUG-RANGE] OnTriggerEnter2D on Enemy with tag=Ground ShouldRunAI=True
[DEBUG-RANGE] OnTriggerEnter2D on Enemy with tag=Untagged ShouldRunAI=True
[DEBUG-RANGE] OnTriggerEnter2D on Enemy with tag=Untagged ShouldRunAI=True
[DEBUG-RANGE] OnTriggerEnter2D on Enemy with tag=HitBox ShouldRunAI=True
[DEBUG-RANGE] OnTriggerEnter2D on Enemy with tag=Ground ShouldRunAI=True
[DEBUG-RANGE] OnTriggerEnter2D on Enemy with tag=HitBox ShouldRunAI=True
[DEBUG-RANGE] OnTriggerEnter2D on Enemy with tag=Obstacle ShouldRunAI=True
[DEBUG-RANGE] OnTriggerEnter2D on Enemy with tag=Ground ShouldRunAI=True
[DEBUG-RANGE] OnTriggerEnter2D on Enemy with tag=Untagged ShouldRunAI=True
[DEBUG-RANGE] OnTriggerEnter2D on Enemy with tag=Ground ShouldRunAI=True
[DEBUG-RANGE] OnTriggerEnter2D on Enemy with tag=Ground ShouldRunAI=True
[DEBUG-RANGE] OnTriggerEnter2D on Enemy with tag=Untagged ShouldRunAI=True
[DEBUG-RANGE] OnTriggerEnter2D on Enemy with tag=Untagged ShouldRunAI=True
[DEBUG-RANGE] OnTriggerEnter2D on Enemy with tag=Ground ShouldRunAI=True
[DEBUG-RANGE] OnTriggerEnter2D on Enemy with tag=Ground ShouldRunAI=True
[DEBUG-RANGE] OnTriggerEnter2D on Enemy with tag=Ground ShouldRunAI=True
[DEBUG-RANGE] OnTriggerEnter2D on Enemy with tag=Ground ShouldRunAI=True
[DEBUG-RANGE] OnTriggerEnter2D on Enemy with tag=Untagged ShouldRunAI=True
[DEBUG-RANGE] OnTriggerEnter2D on Enemy with tag=Ground ShouldRunAI=True
[DEBUG-RANGE] OnTriggerEnter2D on Enemy with tag=Obstacle ShouldRunAI=True
[DEBUG-RANGE] OnTriggerEnter2D on Enemy with tag=Obstacle ShouldRunAI=True
[DEBUG-RANGE] OnTriggerEnter2D on Enemy with tag=Obstacle ShouldRunAI=True
[DEBUG-RANGE] OnTriggerEnter2D on Enemy with tag=Ground ShouldRunAI=True
[DEBUG-RANGE] OnTriggerEnter2D on Enemy with tag=Ground ShouldRunAI=True
[DEBUG-RANGE] OnTriggerEnter2D on Enemy with tag=Ground ShouldRunAI=True
[DEBUG-RANGE] OnTriggerEnter2D on Enemy with tag=Ground ShouldRunAI=True
[DEBUG-RANGE] OnTriggerEnter2D on Enemy with tag=Ground ShouldRunAI=True
[DEBUG-RANGE] OnTriggerEnter2D on Enemy with tag=Ground ShouldRunAI=True
[DEBUG-RANGE] OnTriggerEnter2D on Enemy with tag=Ground ShouldRunAI=True
[DEBUG-RANGE] OnTriggerEnter2D on Enemy with tag=Ground ShouldRunAI=True
[DEBUG-RANGE] OnTriggerEnter2D on Enemy with tag=Ground ShouldRunAI=True
[DEBUG-RANGE] OnTriggerEnter2D on Enemy with tag=Obstacle ShouldRunAI=True
[DEBUG-RANGE] OnTriggerEnter2D on Enemy with tag=Ground ShouldRunAI=True
[DEBUG-RANGE] OnTriggerEnter2D on Enemy with tag=Ground ShouldRunAI=True
[DEBUG-RANGE] OnTriggerEnter2D on Enemy with tag=Ground ShouldRunAI=True
[DEBUG-RANGE] OnTriggerEnter2D on Enemy with tag=Ground ShouldRunAI=True
[DEBUG-RANGE] OnTriggerEnter2D on Enemy with tag=Untagged ShouldRunAI=True
[DEBUG-RANGE] OnTriggerEnter2D on Enemy with tag=Ground ShouldRunAI=True
[DEBUG-RANGE] OnTriggerEnter2D on Enemy with tag=Ground ShouldRunAI=True
[DEBUG-RANGE] OnTriggerEnter2D on Enemy with tag=Obstacle ShouldRunAI=True
[DEBUG-RANGE] OnTriggerEnter2D on Enemy with tag=Untagged ShouldRunAI=True
[DEBUG-RANGE] OnTriggerEnter2D on Enemy with tag=Ground ShouldRunAI=True
[DEBUG-RANGE] OnTriggerEnter2D on Enemy with tag=Ground ShouldRunAI=True
[DEBUG-RANGE] OnTriggerEnter2D on Enemy with tag=Ground ShouldRunAI=True
[DEBUG-RANGE] OnTriggerEnter2D on Enemy with tag=Untagged ShouldRunAI=True
[DEBUG-RANGE] OnTriggerEnter2D on Enemy with tag=Ground ShouldRunAI=True
[DEBUG-RANGE] OnTriggerEnter2D on Enemy with tag=Ground ShouldRunAI=True
[DEBUG-RANGE] OnTriggerEnter2D on Enemy with tag=Ground ShouldRunAI=True
[DEBUG-RANGE] OnTriggerEnter2D on Enemy with tag=Ground ShouldRunAI=True
[DEBUG-RANGE] OnTriggerEnter2D on Enemy with tag=Ground ShouldRunAI=True
[DEBUG-RANGE] OnTriggerEnter2D on Enemy with tag=Ground ShouldRunAI=True
[DEBUG-RANGE] OnTriggerEnter2D on Enemy with tag=Ground ShouldRunAI=True
[DEBUG-RANGE] OnTriggerEnter2D on Enemy with tag=Ground ShouldRunAI=True
[DEBUG-RANGE] OnTriggerEnter2D on Enemy with tag=Ground ShouldRunAI=True
[DEBUG-RANGE] OnTriggerEnter2D on Enemy with tag=Obstacle ShouldRunAI=True
[DEBUG-RANGE] OnTriggerEnter2D on Enemy with tag=Ground ShouldRunAI=True
[DEBUG-RANGE] OnTriggerEnter2D on Enemy with tag=Untagged ShouldRunAI=True
[DEBUG-RANGE] OnTriggerEnter2D on Enemy with tag=Ground ShouldRunAI=True
[DEBUG-RANGE] OnTriggerEnter2D on Enemy with tag=Ground ShouldRunAI=True
[DEBUG-RANGE] OnTriggerEnter2D on Enemy with tag=Ground ShouldRunAI=True
[DEBUG-RANGE] OnTriggerEnter2D on Enemy with tag=Ground ShouldRunAI=True
[DEBUG-RANGE] OnTriggerEnter2D on Enemy with tag=Ground ShouldRunAI=True
[DEBUG-RANGE] OnTriggerEnter2D on Enemy with tag=Obstacle ShouldRunAI=True
[DEBUG-RANGE] OnTriggerEnter2D on Enemy with tag=Untagged ShouldRunAI=True
[DEBUG-RANGE] OnTriggerEnter2D on Enemy with tag=Untagged ShouldRunAI=True
[DEBUG-RANGE] OnTriggerEnter2D on Enemy with tag=Untagged ShouldRunAI=True
[DEBUG-RANGE] OnTriggerEnter2D on Enemy with tag=Ground ShouldRunAI=True
[DEBUG-RANGE] OnTriggerEnter2D on Enemy with tag=Ground ShouldRunAI=True
[DEBUG-RANGE] OnTriggerEnter2D on Enemy with tag=Ground ShouldRunAI=True
[DEBUG-RANGE] OnTriggerEnter2D on Enemy with tag=Untagged ShouldRunAI=True
[DEBUG-RANGE] OnTriggerEnter2D on Enemy with tag=Ground ShouldRunAI=True
[DEBUG-RANGE] OnTriggerEnter2D on Enemy with tag=Ground ShouldRunAI=True
[DEBUG-RANGE] OnTriggerEnter2D on Enemy with tag=Ground ShouldRunAI=True
[DEBUG-RANGE] OnTriggerEnter2D on Enemy with tag=Untagged ShouldRunAI=True
[DEBUG-RANGE] OnTriggerEnter2D on Enemy with tag=Untagged ShouldRunAI=True
[DEBUG-RANGE] OnTriggerEnter2D on Enemy with tag=Ground ShouldRunAI=True
[DEBUG-RANGE] OnTriggerEnter2D on Enemy with tag=Obstacle ShouldRunAI=True
[DEBUG-RANGE] OnTriggerEnter2D on Enemy with tag=Ground ShouldRunAI=True
[DEBUG-RANGE] OnTriggerEnter2D on Enemy with tag=Ground ShouldRunAI=True
[DEBUG-RANGE] OnTriggerEnter2D on Enemy with tag=Ground ShouldRunAI=True
[DEBUG-RANGE] OnTriggerEnter2D on Enemy with tag=Ground ShouldRunAI=True
[DEBUG-RANGE] OnTriggerEnter2D on Enemy with tag=Ground ShouldRunAI=True
[DEBUG-RANGE] OnTriggerEnter2D on Enemy with tag=Ground ShouldRunAI=True
[DEBUG-RANGE] OnTriggerEnter2D on Enemy with tag=Ground ShouldRunAI=True
[DEBUG-RANGE] OnTriggerEnter2D on Enemy with tag=Ground ShouldRunAI=True
[DEBUG-RANGE] OnTriggerEnter2D on Enemy with tag=Ground ShouldRunAI=True
[DEBUG-RANGE] OnTriggerEnter2D on Enemy with tag=Ground ShouldRunAI=True
[DEBUG-RANGE] OnTriggerEnter2D on Enemy with tag=Ground ShouldRunAI=True
[DEBUG-RANGE] OnTriggerEnter2D on Enemy with tag=Ground ShouldRunAI=True
[DEBUG-RANGE] OnTriggerEnter2D on Enemy with tag=Ground ShouldRunAI=True
[DEBUG-RANGE] OnTriggerEnter2D on Enemy with tag=Ground ShouldRunAI=True
[DEBUG-RANGE] OnTriggerEnter2D on Enemy with tag=Player ShouldRunAI=True
[DEBUG-RANGE] SetTarget called, MyTarget now=Player [connId=1866355813] (Player)
[DEBUG-RANGE] OnTriggerEnter2D on Enemy with tag=Ground ShouldRunAI=True
[DEBUG-RANGE] OnTriggerEnter2D on Enemy with tag=Ground ShouldRunAI=True
[DEBUG-RANGE] OnTriggerEnter2D on Enemy with tag=Untagged ShouldRunAI=True
[DEBUG-RANGE] OnTriggerEnter2D on Enemy with tag=Ground ShouldRunAI=True
[DEBUG-RANGE] OnTriggerEnter2D on Enemy with tag=Ground ShouldRunAI=True
[DEBUG-RANGE] OnTriggerEnter2D on Enemy with tag=Interactable ShouldRunAI=True
[DEBUG-RANGE] OnTriggerEnter2D on Enemy with tag=Ground ShouldRunAI=True
[DEBUG-RANGE] OnTriggerEnter2D on Enemy with tag=Ground ShouldRunAI=True
[DEBUG-ENEMY] Enemy IsAlive=True ShouldRunAI=True state=PathState MyTarget=Player [connId=1866355813] (Player) MyAttackTime=119,99 IsAttacking=False AttackRange=0 dist=13,58
[DEBUG-ENEMY] Enemy IsAlive=True ShouldRunAI=True state=EvadeState MyTarget=Player [connId=1866355813] (Player) MyAttackTime=119,99 IsAttacking=False AttackRange=0 dist=15,15
[DEBUG-ENEMY] Enemy IsAlive=True ShouldRunAI=True state=FollowState MyTarget=Player [connId=1866355813] (Player) MyAttackTime=119,99 IsAttacking=False AttackRange=5 dist=11,52
[DEBUG-ENEMY] Enemy IsAlive=True ShouldRunAI=True state=FollowState MyTarget=Player [connId=1866355813] (Player) MyAttackTime=119,99 IsAttacking=False AttackRange=5 dist=11,10
[DEBUG-ENEMY] Enemy IsAlive=True ShouldRunAI=True state=FollowState MyTarget=Player [connId=1866355813] (Player) MyAttackTime=119,99 IsAttacking=False AttackRange=0 dist=18,73
[DEBUG-ENEMY] Enemy IsAlive=True ShouldRunAI=True state=FollowState MyTarget=Player [connId=1866355813] (Player) MyAttackTime=119,99 IsAttacking=False AttackRange=5 dist=11,52
[DEBUG-ENEMY] Enemy IsAlive=True ShouldRunAI=True state=EvadeState MyTarget=Player [connId=1866355813] (Player) MyAttackTime=119,99 IsAttacking=False AttackRange=0 dist=14,57
[DEBUG-ENEMY] Enemy IsAlive=True ShouldRunAI=True state=PathState MyTarget=Player [connId=1866355813] (Player) MyAttackTime=119,99 IsAttacking=False AttackRange=0 dist=14,38
[DEBUG-ENEMY] Enemy IsAlive=True ShouldRunAI=True state=PathState MyTarget=Player [connId=1866355813] (Player) MyAttackTime=119,99 IsAttacking=False AttackRange=0 dist=13,10
[DEBUG-ENEMY] Enemy IsAlive=True ShouldRunAI=True state=FollowState MyTarget=Player [connId=1866355813] (Player) MyAttackTime=119,99 IsAttacking=False AttackRange=5 dist=11,52
[DEBUG-RANGE] OnTriggerEnter2D on Enemy with tag=Ground ShouldRunAI=True
[DEBUG-RANGE] OnTriggerEnter2D on Enemy with tag=Ground ShouldRunAI=True
[DEBUG-RANGE] OnTriggerEnter2D on Enemy with tag=Ground ShouldRunAI=True
[DEBUG-RANGE] OnTriggerEnter2D on Enemy with tag=Ground ShouldRunAI=True
[DEBUG-RANGE] OnTriggerEnter2D on Enemy with tag=Untagged ShouldRunAI=True
[DEBUG-RANGE] OnTriggerEnter2D on Enemy with tag=Ground ShouldRunAI=True
[DEBUG-RANGE] OnTriggerEnter2D on Enemy with tag=Player ShouldRunAI=True
[DEBUG-RANGE] SetTarget called, MyTarget now=Player [connId=1866355813] (Player)
[DEBUG-RANGE] OnTriggerEnter2D on Enemy with tag=Ground ShouldRunAI=True
[DEBUG-RANGE] OnTriggerEnter2D on Enemy with tag=Untagged ShouldRunAI=True
[DEBUG-RANGE] OnTriggerEnter2D on Enemy with tag=Untagged ShouldRunAI=True
[DEBUG-RANGE] OnTriggerEnter2D on Enemy with tag=Obstacle ShouldRunAI=True
[DEBUG-RANGE] OnTriggerEnter2D on Enemy with tag=Obstacle ShouldRunAI=True
[DEBUG-RANGE] OnTriggerEnter2D on Enemy with tag=Enemy ShouldRunAI=True
[DEBUG-RANGE] OnTriggerEnter2D on Enemy with tag=Enemy ShouldRunAI=True
[DEBUG-RANGE] OnTriggerEnter2D on Enemy with tag=Obstacle ShouldRunAI=True
[DEBUG-RANGE] OnTriggerEnter2D on Enemy with tag=Ground ShouldRunAI=True
[DEBUG-RANGE] OnTriggerEnter2D on Enemy with tag=Ground ShouldRunAI=True
[DEBUG-RANGE] OnTriggerEnter2D on Enemy with tag=Interactable ShouldRunAI=True
[DEBUG-RANGE] OnTriggerEnter2D on Enemy with tag=Enemy ShouldRunAI=True
[DEBUG-RANGE] OnTriggerEnter2D on Enemy with tag=Ground ShouldRunAI=True
[DEBUG-RANGE] OnTriggerEnter2D on Enemy with tag=Enemy ShouldRunAI=True
[DEBUG-RANGE] OnTriggerEnter2D on Enemy with tag=Interactable ShouldRunAI=True
[DEBUG-RANGE] OnTriggerEnter2D on Enemy with tag=Ground ShouldRunAI=True
[DEBUG-RANGE] OnTriggerEnter2D on Enemy with tag=Ground ShouldRunAI=True
[DEBUG-RANGE] OnTriggerEnter2D on Enemy with tag=Ground ShouldRunAI=True
[DEBUG-RANGE] OnTriggerEnter2D on Enemy with tag=Ground ShouldRunAI=True
[DEBUG-RANGE] OnTriggerEnter2D on Enemy with tag=Ground ShouldRunAI=True
[DEBUG-RANGE] OnTriggerEnter2D on Enemy with tag=Untagged ShouldRunAI=True
[DEBUG-RANGE] OnTriggerEnter2D on Enemy with tag=Ground ShouldRunAI=True
[DEBUG-RANGE] OnTriggerEnter2D on Enemy with tag=Obstacle ShouldRunAI=True
[DEBUG-RANGE] OnTriggerEnter2D on Enemy with tag=Ground ShouldRunAI=True
[DEBUG-RANGE] OnTriggerEnter2D on Enemy with tag=Enemy ShouldRunAI=True
[DEBUG-RANGE] OnTriggerEnter2D on Enemy with tag=Enemy ShouldRunAI=True
[DEBUG-RANGE] OnTriggerEnter2D on Enemy with tag=Enemy ShouldRunAI=True
[DEBUG-RANGE] OnTriggerEnter2D on Enemy with tag=Enemy ShouldRunAI=True
[DEBUG-RANGE] OnTriggerEnter2D on Enemy with tag=Ground ShouldRunAI=True
[DEBUG-RANGE] OnTriggerEnter2D on Enemy with tag=Ground ShouldRunAI=True
[DEBUG-RANGE] OnTriggerEnter2D on Enemy with tag=Enemy ShouldRunAI=True
[DEBUG-RANGE] OnTriggerEnter2D on Enemy with tag=Enemy ShouldRunAI=True
[DEBUG-RANGE] OnTriggerEnter2D on Enemy with tag=Ground ShouldRunAI=True
[DEBUG-RANGE] OnTriggerEnter2D on Enemy with tag=Ground ShouldRunAI=True
[DEBUG-RANGE] OnTriggerEnter2D on Enemy with tag=Untagged ShouldRunAI=True
[DEBUG-RANGE] OnTriggerEnter2D on Enemy with tag=Ground ShouldRunAI=True
[DEBUG-RANGE] OnTriggerEnter2D on Enemy with tag=Ground ShouldRunAI=True
[DEBUG-RANGE] OnTriggerEnter2D on Enemy with tag=HitBox ShouldRunAI=True
[DEBUG-RANGE] OnTriggerEnter2D on Enemy with tag=Enemy ShouldRunAI=True
[DEBUG-RANGE] OnTriggerEnter2D on Enemy with tag=Enemy ShouldRunAI=True
[DEBUG-RANGE] OnTriggerEnter2D on Enemy with tag=Ground ShouldRunAI=True
[DEBUG-RANGE] OnTriggerEnter2D on Enemy with tag=HitBox ShouldRunAI=True
[DEBUG-RANGE] OnTriggerEnter2D on Enemy with tag=HitBox ShouldRunAI=True
[DEBUG-RANGE] OnTriggerEnter2D on Enemy with tag=Ground ShouldRunAI=True
[DEBUG-RANGE] OnTriggerEnter2D on Enemy with tag=Ground ShouldRunAI=True
[DEBUG-RANGE] OnTriggerEnter2D on Enemy with tag=Ground ShouldRunAI=True
[DEBUG-RANGE] OnTriggerEnter2D on Enemy with tag=Untagged ShouldRunAI=True
[DEBUG-RANGE] OnTriggerEnter2D on Enemy with tag=Ground ShouldRunAI=True
[DEBUG-RANGE] OnTriggerEnter2D on Enemy with tag=Untagged ShouldRunAI=True
[DEBUG-RANGE] OnTriggerEnter2D on Enemy with tag=Untagged ShouldRunAI=True
[DEBUG-RANGE] OnTriggerEnter2D on Enemy with tag=Ground ShouldRunAI=True
[DEBUG-RANGE] OnTriggerEnter2D on Enemy with tag=Ground ShouldRunAI=True
[DEBUG-RANGE] OnTriggerEnter2D on Enemy with tag=HitBox ShouldRunAI=True
[DEBUG-RANGE] OnTriggerEnter2D on Enemy with tag=HitBox ShouldRunAI=True
[DEBUG-RANGE] OnTriggerEnter2D on Enemy with tag=Enemy ShouldRunAI=True
[DEBUG-RANGE] OnTriggerEnter2D on Enemy with tag=Enemy ShouldRunAI=True
[DEBUG-RANGE] OnTriggerEnter2D on Enemy with tag=Ground ShouldRunAI=True
[DEBUG-RANGE] OnTriggerEnter2D on Enemy with tag=Ground ShouldRunAI=True
[DEBUG-RANGE] OnTriggerEnter2D on Enemy with tag=Ground ShouldRunAI=True
[DEBUG-RANGE] OnTriggerEnter2D on Enemy with tag=Ground ShouldRunAI=True
[DEBUG-RANGE] OnTriggerEnter2D on Enemy with tag=Ground ShouldRunAI=True
[DEBUG-RANGE] OnTriggerEnter2D on Enemy with tag=Ground ShouldRunAI=True
[DEBUG-RANGE] OnTriggerEnter2D on Enemy with tag=Ground ShouldRunAI=True
[DEBUG-RANGE] OnTriggerEnter2D on Enemy with tag=HitBox ShouldRunAI=True
[DEBUG-RANGE] OnTriggerEnter2D on Enemy with tag=HitBox ShouldRunAI=True
[DEBUG-RANGE] OnTriggerEnter2D on Enemy with tag=HitBox ShouldRunAI=True
[DEBUG-RANGE] OnTriggerEnter2D on Enemy with tag=HitBox ShouldRunAI=True
[DEBUG-RANGE] OnTriggerEnter2D on Enemy with tag=HitBox ShouldRunAI=True
[DEBUG-RANGE] OnTriggerEnter2D on Enemy with tag=HitBox ShouldRunAI=True
[DEBUG-RANGE] OnTriggerEnter2D on Enemy with tag=Ground ShouldRunAI=True
[DEBUG-RANGE] OnTriggerEnter2D on Enemy with tag=Obstacle ShouldRunAI=True
[DEBUG-RANGE] OnTriggerEnter2D on Enemy with tag=Untagged ShouldRunAI=True
[DEBUG-RANGE] OnTriggerEnter2D on Enemy with tag=Untagged ShouldRunAI=True
[DEBUG-RANGE] OnTriggerEnter2D on Enemy with tag=Untagged ShouldRunAI=True
[DEBUG-RANGE] OnTriggerEnter2D on Enemy with tag=Untagged ShouldRunAI=True
[DEBUG-RANGE] OnTriggerEnter2D on Enemy with tag=Ground ShouldRunAI=True
[DEBUG-RANGE] OnTriggerEnter2D on Enemy with tag=Ground ShouldRunAI=True
[DEBUG-RANGE] OnTriggerEnter2D on Enemy with tag=Ground ShouldRunAI=True
[DEBUG-RANGE] OnTriggerEnter2D on Enemy with tag=Untagged ShouldRunAI=True
[DEBUG-RANGE] OnTriggerEnter2D on Enemy with tag=Untagged ShouldRunAI=True
[DEBUG-RANGE] OnTriggerEnter2D on Enemy with tag=Ground ShouldRunAI=True
[DEBUG-RANGE] OnTriggerEnter2D on Enemy with tag=Ground ShouldRunAI=True
[DEBUG-RANGE] OnTriggerEnter2D on Enemy with tag=Ground ShouldRunAI=True
[DEBUG-RANGE] OnTriggerEnter2D on Enemy with tag=Ground ShouldRunAI=True
[DEBUG-RANGE] OnTriggerEnter2D on Enemy with tag=Ground ShouldRunAI=True
[DEBUG-RANGE] OnTriggerEnter2D on Enemy with tag=Enemy ShouldRunAI=True
[DEBUG-RANGE] OnTriggerEnter2D on Enemy with tag=Enemy ShouldRunAI=True
[DEBUG-RANGE] OnTriggerEnter2D on Enemy with tag=Enemy ShouldRunAI=True
[DEBUG-RANGE] OnTriggerEnter2D on Enemy with tag=Enemy ShouldRunAI=True
[DEBUG-RANGE] OnTriggerEnter2D on Enemy with tag=Enemy ShouldRunAI=True
[DEBUG-RANGE] OnTriggerEnter2D on Enemy with tag=Enemy ShouldRunAI=True
[DEBUG-RANGE] OnTriggerEnter2D on Enemy with tag=Untagged ShouldRunAI=True
[DEBUG-RANGE] OnTriggerEnter2D on Enemy with tag=Obstacle ShouldRunAI=True
[DEBUG-RANGE] OnTriggerEnter2D on Enemy with tag=Ground ShouldRunAI=True
[DEBUG-RANGE] OnTriggerEnter2D on Enemy with tag=Ground ShouldRunAI=True
[DEBUG-RANGE] OnTriggerEnter2D on Enemy with tag=Ground ShouldRunAI=True
[DEBUG-RANGE] OnTriggerEnter2D on Enemy with tag=Ground ShouldRunAI=True
[DEBUG-RANGE] OnTriggerEnter2D on Enemy with tag=HitBox ShouldRunAI=True
[DEBUG-RANGE] OnTriggerEnter2D on Enemy with tag=HitBox ShouldRunAI=True
[DEBUG-RANGE] OnTriggerEnter2D on Enemy with tag=Untagged ShouldRunAI=True
[DEBUG-RANGE] OnTriggerEnter2D on Enemy with tag=Interactable ShouldRunAI=True
[DEBUG-RANGE] OnTriggerEnter2D on Enemy with tag=Interactable ShouldRunAI=True
[DEBUG-RANGE] OnTriggerEnter2D on Enemy with tag=Obstacle ShouldRunAI=True
[DEBUG-RANGE] OnTriggerEnter2D on Enemy with tag=Ground ShouldRunAI=True
[DEBUG-RANGE] OnTriggerEnter2D on Enemy with tag=Interactable ShouldRunAI=True
[DEBUG-RANGE] OnTriggerEnter2D on Enemy with tag=Untagged ShouldRunAI=True
[DEBUG-RANGE] OnTriggerEnter2D on Enemy with tag=Ground ShouldRunAI=True
[DEBUG-RANGE] OnTriggerEnter2D on Enemy with tag=HitBox ShouldRunAI=True
[DEBUG-RANGE] OnTriggerEnter2D on Enemy with tag=HitBox ShouldRunAI=True
[DEBUG-RANGE] OnTriggerEnter2D on Enemy with tag=Ground ShouldRunAI=True
[DEBUG-RANGE] OnTriggerEnter2D on Enemy with tag=Ground ShouldRunAI=True
[DEBUG-RANGE] OnTriggerEnter2D on Enemy with tag=Ground ShouldRunAI=True
[DEBUG-RANGE] OnTriggerEnter2D on Enemy with tag=Ground ShouldRunAI=True
[DEBUG-RANGE] OnTriggerEnter2D on Enemy with tag=Ground ShouldRunAI=True
[DEBUG-RANGE] OnTriggerEnter2D on Enemy with tag=Ground ShouldRunAI=True
[DEBUG-RANGE] OnTriggerEnter2D on Enemy with tag=Interactable ShouldRunAI=True
[DEBUG-RANGE] OnTriggerEnter2D on Enemy with tag=Ground ShouldRunAI=True
[DEBUG-RANGE] OnTriggerEnter2D on Enemy with tag=Ground ShouldRunAI=True
[DEBUG-RANGE] OnTriggerEnter2D on Enemy with tag=HitBox ShouldRunAI=True
[DEBUG-RANGE] OnTriggerEnter2D on Enemy with tag=Ground ShouldRunAI=True
[DEBUG-RANGE] OnTriggerEnter2D on Enemy with tag=Obstacle ShouldRunAI=True
[DEBUG-RANGE] OnTriggerEnter2D on Enemy with tag=Ground ShouldRunAI=True
[DEBUG-RANGE] OnTriggerEnter2D on Enemy with tag=Ground ShouldRunAI=True
[DEBUG-RANGE] OnTriggerEnter2D on Enemy with tag=Ground ShouldRunAI=True
[DEBUG-RANGE] OnTriggerEnter2D on Enemy with tag=Ground ShouldRunAI=True
[DEBUG-RANGE] OnTriggerEnter2D on Enemy with tag=Ground ShouldRunAI=True
[DEBUG-RANGE] OnTriggerEnter2D on Enemy with tag=Ground ShouldRunAI=True
[DEBUG-RANGE] OnTriggerEnter2D on Enemy with tag=Ground ShouldRunAI=True
[DEBUG-RANGE] OnTriggerEnter2D on Enemy with tag=Ground ShouldRunAI=True
[DEBUG-RANGE] OnTriggerEnter2D on Enemy with tag=Obstacle ShouldRunAI=True
[DEBUG-RANGE] OnTriggerEnter2D on Enemy with tag=Ground ShouldRunAI=True
[DEBUG-RANGE] OnTriggerEnter2D on Enemy with tag=Obstacle ShouldRunAI=True
[DEBUG-RANGE] OnTriggerEnter2D on Enemy with tag=Ground ShouldRunAI=True
[DEBUG-RANGE] OnTriggerEnter2D on Enemy with tag=Ground ShouldRunAI=True
[DEBUG-RANGE] OnTriggerEnter2D on Enemy with tag=Ground ShouldRunAI=True
[DEBUG-RANGE] OnTriggerEnter2D on Enemy with tag=Interactable ShouldRunAI=True
[DEBUG-RANGE] OnTriggerEnter2D on Enemy with tag=Ground ShouldRunAI=True
[DEBUG-RANGE] OnTriggerEnter2D on Enemy with tag=Ground ShouldRunAI=True
[DEBUG-RANGE] OnTriggerEnter2D on Enemy with tag=Untagged ShouldRunAI=True
[DEBUG-RANGE] OnTriggerEnter2D on Enemy with tag=Ground ShouldRunAI=True
[DEBUG-RANGE] OnTriggerEnter2D on Enemy with tag=Untagged ShouldRunAI=True
[DEBUG-RANGE] OnTriggerEnter2D on Enemy with tag=Untagged ShouldRunAI=True
[DEBUG-RANGE] OnTriggerEnter2D on Enemy with tag=Ground ShouldRunAI=True
[DEBUG-RANGE] OnTriggerEnter2D on Enemy with tag=Untagged ShouldRunAI=True
[DEBUG-RANGE] OnTriggerEnter2D on Enemy with tag=HitBox ShouldRunAI=True
[DEBUG-RANGE] OnTriggerEnter2D on Enemy with tag=HitBox ShouldRunAI=True
[DEBUG-RANGE] OnTriggerEnter2D on Enemy with tag=Ground ShouldRunAI=True
[DEBUG-RANGE] OnTriggerEnter2D on Enemy with tag=Ground ShouldRunAI=True
[DEBUG-RANGE] OnTriggerEnter2D on Enemy with tag=HitBox ShouldRunAI=True
[DEBUG-RANGE] OnTriggerEnter2D on Enemy with tag=HitBox ShouldRunAI=True
[DEBUG-RANGE] OnTriggerEnter2D on Enemy with tag=HitBox ShouldRunAI=True
[DEBUG-RANGE] OnTriggerEnter2D on Enemy with tag=Ground ShouldRunAI=True
[DEBUG-RANGE] OnTriggerEnter2D on Enemy with tag=HitBox ShouldRunAI=True
[DEBUG-RANGE] OnTriggerEnter2D on Enemy with tag=Interactable ShouldRunAI=True
[DEBUG-RANGE] OnTriggerEnter2D on Enemy with tag=Obstacle ShouldRunAI=True
[DEBUG-RANGE] OnTriggerEnter2D on Enemy with tag=Untagged ShouldRunAI=True
[DEBUG-RANGE] OnTriggerEnter2D on Enemy with tag=Ground ShouldRunAI=True
[DEBUG-RANGE] OnTriggerEnter2D on Enemy with tag=Ground ShouldRunAI=True
[DEBUG-RANGE] OnTriggerEnter2D on Enemy with tag=Ground ShouldRunAI=True
[DEBUG-RANGE] OnTriggerEnter2D on Enemy with tag=Ground ShouldRunAI=True
[DEBUG-RANGE] OnTriggerEnter2D on Enemy with tag=Ground ShouldRunAI=True
[DEBUG-RANGE] OnTriggerEnter2D on Enemy with tag=Ground ShouldRunAI=True
[DEBUG-RANGE] OnTriggerEnter2D on Enemy with tag=Interactable ShouldRunAI=True
[DEBUG-RANGE] OnTriggerEnter2D on Enemy with tag=Ground ShouldRunAI=True
[DEBUG-RANGE] OnTriggerEnter2D on Enemy with tag=Obstacle ShouldRunAI=True
[DEBUG-RANGE] OnTriggerEnter2D on Enemy with tag=Interactable ShouldRunAI=True
[DEBUG-RANGE] OnTriggerEnter2D on Enemy with tag=Ground ShouldRunAI=True
[DEBUG-RANGE] OnTriggerEnter2D on Enemy with tag=Ground ShouldRunAI=True
[DEBUG-RANGE] OnTriggerEnter2D on Enemy with tag=Ground ShouldRunAI=True
[DEBUG-RANGE] OnTriggerEnter2D on Enemy with tag=Ground ShouldRunAI=True
[DEBUG-RANGE] OnTriggerEnter2D on Enemy with tag=Ground ShouldRunAI=True
[DEBUG-RANGE] OnTriggerEnter2D on Enemy with tag=Interactable ShouldRunAI=True
[DEBUG-RANGE] OnTriggerEnter2D on Enemy with tag=Ground ShouldRunAI=True
[DEBUG-RANGE] OnTriggerEnter2D on Enemy with tag=Ground ShouldRunAI=True
[DEBUG-RANGE] OnTriggerEnter2D on Enemy with tag=Ground ShouldRunAI=True
[DEBUG-RANGE] OnTriggerEnter2D on Enemy with tag=Ground ShouldRunAI=True
[DEBUG-RANGE] OnTriggerEnter2D on Enemy with tag=Ground ShouldRunAI=True
[DEBUG-RANGE] OnTriggerEnter2D on Enemy with tag=Ground ShouldRunAI=True
[DEBUG-RANGE] OnTriggerEnter2D on Enemy with tag=Ground ShouldRunAI=True
[DEBUG-RANGE] OnTriggerEnter2D on Enemy with tag=Ground ShouldRunAI=True
[DEBUG-RANGE] OnTriggerEnter2D on Enemy with tag=Interactable ShouldRunAI=True
[DEBUG-RANGE] OnTriggerEnter2D on Enemy with tag=Ground ShouldRunAI=True
[DEBUG-RANGE] OnTriggerEnter2D on Enemy with tag=Ground ShouldRunAI=True
[DEBUG-RANGE] OnTriggerEnter2D on Enemy with tag=Untagged ShouldRunAI=True
[DEBUG-RANGE] OnTriggerEnter2D on Enemy with tag=Untagged ShouldRunAI=True
[DEBUG-RANGE] OnTriggerEnter2D on Enemy with tag=Ground ShouldRunAI=True
[DEBUG-RANGE] OnTriggerEnter2D on Enemy with tag=Ground ShouldRunAI=True
[DEBUG-RANGE] OnTriggerEnter2D on Enemy with tag=Ground ShouldRunAI=True
[DEBUG-RANGE] OnTriggerEnter2D on Enemy with tag=Ground ShouldRunAI=True
[DEBUG-RANGE] OnTriggerEnter2D on Enemy with tag=Ground ShouldRunAI=True
[DEBUG-RANGE] OnTriggerEnter2D on Enemy with tag=Ground ShouldRunAI=True
[DEBUG-RANGE] OnTriggerEnter2D on Enemy with tag=Ground ShouldRunAI=True
[DEBUG-RANGE] OnTriggerEnter2D on Enemy with tag=Ground ShouldRunAI=True
[DEBUG-RANGE] OnTriggerEnter2D on Enemy with tag=Ground ShouldRunAI=True
[DEBUG-RANGE] OnTriggerEnter2D on Enemy with tag=Ground ShouldRunAI=True
[DEBUG-RANGE] OnTriggerEnter2D on Enemy with tag=Ground ShouldRunAI=True
[DEBUG-RANGE] OnTriggerEnter2D on Enemy with tag=Ground ShouldRunAI=True
[DEBUG-RANGE] OnTriggerEnter2D on Enemy with tag=Ground ShouldRunAI=True
[DEBUG-RANGE] OnTriggerEnter2D on Enemy with tag=Ground ShouldRunAI=True
[DEBUG-RANGE] OnTriggerEnter2D on Enemy with tag=Obstacle ShouldRunAI=True
[DEBUG-RANGE] OnTriggerEnter2D on Enemy with tag=Ground ShouldRunAI=True
[DEBUG-RANGE] OnTriggerEnter2D on Enemy with tag=Ground ShouldRunAI=True
[DEBUG-RANGE] OnTriggerEnter2D on Enemy with tag=Ground ShouldRunAI=True
[DEBUG-RANGE] OnTriggerEnter2D on Enemy with tag=Interactable ShouldRunAI=True
[DEBUG-RANGE] OnTriggerEnter2D on Enemy with tag=Ground ShouldRunAI=True
[DEBUG-RANGE] OnTriggerEnter2D on Enemy with tag=Ground ShouldRunAI=True
[DEBUG-RANGE] OnTriggerEnter2D on Enemy with tag=Ground ShouldRunAI=True
[DEBUG-RANGE] OnTriggerEnter2D on Enemy with tag=Ground ShouldRunAI=True
[DEBUG-RANGE] OnTriggerEnter2D on Enemy with tag=Ground ShouldRunAI=True
[DEBUG-RANGE] OnTriggerEnter2D on Enemy with tag=Untagged ShouldRunAI=True
[DEBUG-RANGE] OnTriggerEnter2D on Enemy with tag=Obstacle ShouldRunAI=True
[DEBUG-RANGE] OnTriggerEnter2D on Enemy with tag=Untagged ShouldRunAI=True
[DEBUG-RANGE] OnTriggerEnter2D on Enemy with tag=Ground ShouldRunAI=True
[DEBUG-RANGE] OnTriggerEnter2D on Enemy with tag=Ground ShouldRunAI=True
[DEBUG-RANGE] OnTriggerEnter2D on Enemy with tag=Ground ShouldRunAI=True
[DEBUG-RANGE] OnTriggerEnter2D on Enemy with tag=Ground ShouldRunAI=True
[DEBUG-RANGE] OnTriggerEnter2D on Enemy with tag=Ground ShouldRunAI=True
[DEBUG-RANGE] OnTriggerEnter2D on Enemy with tag=Ground ShouldRunAI=True
[DEBUG-RANGE] OnTriggerEnter2D on Enemy with tag=Ground ShouldRunAI=True
[DEBUG-RANGE] OnTriggerEnter2D on Enemy with tag=Ground ShouldRunAI=True
[DEBUG-RANGE] OnTriggerEnter2D on Enemy with tag=Ground ShouldRunAI=True
[DEBUG-RANGE] OnTriggerEnter2D on Enemy with tag=Ground ShouldRunAI=True
[DEBUG-RANGE] OnTriggerEnter2D on Enemy with tag=Ground ShouldRunAI=True
[DEBUG-RANGE] OnTriggerEnter2D on Enemy with tag=Interactable ShouldRunAI=True
[DEBUG-RANGE] OnTriggerEnter2D on Enemy with tag=Ground ShouldRunAI=True
[DEBUG-RANGE] OnTriggerEnter2D on Enemy with tag=Ground ShouldRunAI=True
[DEBUG-RANGE] OnTriggerEnter2D on Enemy with tag=Ground ShouldRunAI=True
[DEBUG-RANGE] OnTriggerEnter2D on Enemy with tag=Ground ShouldRunAI=True
[DEBUG-RANGE] OnTriggerEnter2D on Enemy with tag=Untagged ShouldRunAI=True
[DEBUG-RANGE] OnTriggerEnter2D on Enemy with tag=Ground ShouldRunAI=True
[DEBUG-RANGE] OnTriggerEnter2D on Enemy with tag=Ground ShouldRunAI=True
[DEBUG-RANGE] OnTriggerEnter2D on Enemy with tag=Ground ShouldRunAI=True
[DEBUG-RANGE] OnTriggerEnter2D on Enemy with tag=Ground ShouldRunAI=True
[DEBUG-RANGE] OnTriggerEnter2D on Enemy with tag=Ground ShouldRunAI=True
[DEBUG-RANGE] OnTriggerEnter2D on Enemy with tag=Interactable ShouldRunAI=True
[DEBUG-RANGE] OnTriggerEnter2D on Enemy with tag=Interactable ShouldRunAI=True
[DEBUG-RANGE] OnTriggerEnter2D on Enemy with tag=Ground ShouldRunAI=True
[DEBUG-RANGE] OnTriggerEnter2D on Enemy with tag=Ground ShouldRunAI=True
[DEBUG-RANGE] OnTriggerEnter2D on Enemy with tag=Ground ShouldRunAI=True
[DEBUG-RANGE] OnTriggerEnter2D on Enemy with tag=Ground ShouldRunAI=True
[DEBUG-RANGE] OnTriggerEnter2D on Enemy with tag=Interactable ShouldRunAI=True
[DEBUG-RANGE] OnTriggerEnter2D on Enemy with tag=Ground ShouldRunAI=True
[DEBUG-RANGE] OnTriggerEnter2D on Enemy with tag=Ground ShouldRunAI=True
[DEBUG-RANGE] OnTriggerEnter2D on Enemy with tag=Ground ShouldRunAI=True
[DEBUG-RANGE] OnTriggerEnter2D on Enemy with tag=Ground ShouldRunAI=True
[DEBUG-RANGE] OnTriggerEnter2D on Enemy with tag=Ground ShouldRunAI=True
[DEBUG-RANGE] OnTriggerEnter2D on Enemy with tag=Ground ShouldRunAI=True
[DEBUG-RANGE] OnTriggerEnter2D on Enemy with tag=Ground ShouldRunAI=True
[DEBUG-RANGE] OnTriggerEnter2D on Enemy with tag=Ground ShouldRunAI=True
[DEBUG-RANGE] OnTriggerEnter2D on Enemy with tag=Ground ShouldRunAI=True
[DEBUG-RANGE] OnTriggerEnter2D on Enemy with tag=Ground ShouldRunAI=True
[DEBUG-RANGE] OnTriggerEnter2D on Enemy with tag=Ground ShouldRunAI=True
[DEBUG-RANGE] OnTriggerEnter2D on Enemy with tag=Ground ShouldRunAI=True
[DEBUG-RANGE] OnTriggerEnter2D on Enemy with tag=Ground ShouldRunAI=True
[DEBUG-RANGE] OnTriggerEnter2D on Enemy with tag=Ground ShouldRunAI=True
[DEBUG-RANGE] OnTriggerEnter2D on Enemy with tag=Ground ShouldRunAI=True
[DEBUG-RANGE] OnTriggerEnter2D on Enemy with tag=Ground ShouldRunAI=True
[DEBUG-RANGE] OnTriggerEnter2D on Enemy with tag=Ground ShouldRunAI=True
[DEBUG-RANGE] OnTriggerEnter2D on Enemy with tag=Ground ShouldRunAI=True
[DEBUG-RANGE] OnTriggerEnter2D on Enemy with tag=Ground ShouldRunAI=True
[DEBUG-RANGE] OnTriggerEnter2D on Enemy with tag=Ground ShouldRunAI=True
[DEBUG-RANGE] OnTriggerEnter2D on Enemy with tag=Ground ShouldRunAI=True
[DEBUG-RANGE] OnTriggerEnter2D on Enemy with tag=Ground ShouldRunAI=True
[DEBUG-RANGE] OnTriggerEnter2D on Enemy with tag=Ground ShouldRunAI=True
[DEBUG-RANGE] OnTriggerEnter2D on Enemy with tag=Ground ShouldRunAI=True
[DEBUG-RANGE] OnTriggerEnter2D on Enemy with tag=Ground ShouldRunAI=True
[DEBUG-RANGE] OnTriggerEnter2D on Enemy with tag=Ground ShouldRunAI=True
[DEBUG-RANGE] OnTriggerEnter2D on Enemy with tag=Ground ShouldRunAI=True
[DEBUG-RANGE] OnTriggerEnter2D on Enemy with tag=Ground ShouldRunAI=True
[DEBUG-RANGE] OnTriggerEnter2D on Enemy with tag=Interactable ShouldRunAI=True
[DEBUG-RANGE] OnTriggerEnter2D on Enemy with tag=Ground ShouldRunAI=True
[DEBUG-RANGE] OnTriggerEnter2D on Enemy with tag=Ground ShouldRunAI=True
[DEBUG-RANGE] OnTriggerEnter2D on Enemy with tag=Ground ShouldRunAI=True
[DEBUG-RANGE] OnTriggerEnter2D on Enemy with tag=Ground ShouldRunAI=True
[DEBUG-RANGE] OnTriggerEnter2D on Enemy with tag=Ground ShouldRunAI=True
[DEBUG-RANGE] OnTriggerEnter2D on Enemy with tag=Obstacle ShouldRunAI=True
[DEBUG-RANGE] OnTriggerEnter2D on Enemy with tag=Ground ShouldRunAI=True
[DEBUG-RANGE] OnTriggerEnter2D on Enemy with tag=Untagged ShouldRunAI=True
[DEBUG-RANGE] OnTriggerEnter2D on Enemy with tag=Interactable ShouldRunAI=True
[DEBUG-RANGE] OnTriggerEnter2D on Enemy with tag=Interactable ShouldRunAI=True
[DEBUG-RANGE] OnTriggerEnter2D on Enemy with tag=Interactable ShouldRunAI=True
[DEBUG-RANGE] OnTriggerEnter2D on Enemy with tag=Ground ShouldRunAI=True
[DEBUG-RANGE] OnTriggerEnter2D on Enemy with tag=Untagged ShouldRunAI=True
[DEBUG-RANGE] OnTriggerEnter2D on Enemy with tag=Ground ShouldRunAI=True
[DEBUG-RANGE] OnTriggerEnter2D on Enemy with tag=Ground ShouldRunAI=True
[DEBUG-RANGE] OnTriggerEnter2D on Enemy with tag=Ground ShouldRunAI=True
[DEBUG-RANGE] OnTriggerEnter2D on Enemy with tag=Ground ShouldRunAI=True
[DEBUG-RANGE] OnTriggerEnter2D on Enemy with tag=Ground ShouldRunAI=True
[DEBUG-RANGE] OnTriggerEnter2D on Enemy with tag=Ground ShouldRunAI=True
[DEBUG-RANGE] OnTriggerEnter2D on Enemy with tag=Ground ShouldRunAI=True
[DEBUG-RANGE] OnTriggerEnter2D on Enemy with tag=Ground ShouldRunAI=True
[DEBUG-RANGE] OnTriggerEnter2D on Enemy with tag=Ground ShouldRunAI=True
[DEBUG-RANGE] OnTriggerEnter2D on Enemy with tag=Ground ShouldRunAI=True
[DEBUG-RANGE] OnTriggerEnter2D on Enemy with tag=Ground ShouldRunAI=True
[DEBUG-RANGE] OnTriggerEnter2D on Enemy with tag=Untagged ShouldRunAI=True
[DEBUG-RANGE] OnTriggerEnter2D on Enemy with tag=Ground ShouldRunAI=True
[DEBUG-RANGE] OnTriggerEnter2D on Enemy with tag=Ground ShouldRunAI=True
[DEBUG-RANGE] OnTriggerEnter2D on Enemy with tag=Ground ShouldRunAI=True
[DEBUG-RANGE] OnTriggerEnter2D on Enemy with tag=Interactable ShouldRunAI=True
[DEBUG-RANGE] OnTriggerEnter2D on Enemy with tag=Ground ShouldRunAI=True
[DEBUG-RANGE] OnTriggerEnter2D on Enemy with tag=Ground ShouldRunAI=True
[DEBUG-RANGE] OnTriggerEnter2D on Enemy with tag=Untagged ShouldRunAI=True
[DEBUG-RANGE] OnTriggerEnter2D on Enemy with tag=Ground ShouldRunAI=True
[DEBUG-RANGE] OnTriggerEnter2D on Enemy with tag=Ground ShouldRunAI=True
[DEBUG-RANGE] OnTriggerEnter2D on Enemy with tag=Ground ShouldRunAI=True
[DEBUG-RANGE] OnTriggerEnter2D on Enemy with tag=Ground ShouldRunAI=True
[DEBUG-RANGE] OnTriggerEnter2D on Enemy with tag=Ground ShouldRunAI=True
[DEBUG-RANGE] OnTriggerEnter2D on Enemy with tag=Ground ShouldRunAI=True
[DEBUG-ENEMY] Enemy IsAlive=True ShouldRunAI=True state=PathState MyTarget=Player [connId=1866355813] (Player) MyAttackTime=121,99 IsAttacking=False AttackRange=0 dist=10,79
[DEBUG-ENEMY] Enemy IsAlive=True ShouldRunAI=True state=EvadeState MyTarget=Player [connId=1866355813] (Player) MyAttackTime=121,99 IsAttacking=False AttackRange=0 dist=19,09
[DEBUG-ENEMY] Enemy IsAlive=True ShouldRunAI=True state=FollowState MyTarget=Player [connId=1866355813] (Player) MyAttackTime=121,99 IsAttacking=False AttackRange=5 dist=10,31
[DEBUG-ENEMY] Enemy IsAlive=True ShouldRunAI=True state=FollowState MyTarget=Player [connId=1866355813] (Player) MyAttackTime=121,99 IsAttacking=False AttackRange=5 dist=10,28
[DEBUG-ENEMY] Enemy IsAlive=True ShouldRunAI=True state=FollowState MyTarget=Player [connId=1866355813] (Player) MyAttackTime=121,99 IsAttacking=False AttackRange=0 dist=18,68
[DEBUG-ENEMY] Enemy IsAlive=True ShouldRunAI=True state=FollowState MyTarget=Player [connId=1866355813] (Player) MyAttackTime=121,99 IsAttacking=False AttackRange=5 dist=10,31
[DEBUG-ENEMY] Enemy IsAlive=True ShouldRunAI=True state=EvadeState MyTarget=Player [connId=1866355813] (Player) MyAttackTime=121,99 IsAttacking=False AttackRange=0 dist=18,45
[DEBUG-ENEMY] Enemy IsAlive=True ShouldRunAI=True state=PathState MyTarget=Player [connId=1866355813] (Player) MyAttackTime=121,99 IsAttacking=False AttackRange=0 dist=11,04
[DEBUG-ENEMY] Enemy IsAlive=True ShouldRunAI=True state=EvadeState MyTarget=Player [connId=1866355813] (Player) MyAttackTime=121,99 IsAttacking=False AttackRange=0 dist=14,85
[DEBUG-ENEMY] Enemy IsAlive=True ShouldRunAI=True state=FollowState MyTarget=Player [connId=1866355813] (Player) MyAttackTime=121,99 IsAttacking=False AttackRange=5 dist=10,31
[DEBUG-RANGE] OnTriggerEnter2D on Enemy with tag=Ground ShouldRunAI=True
[DEBUG-RANGE] OnTriggerEnter2D on Enemy with tag=Ground ShouldRunAI=True
[DEBUG-RANGE] OnTriggerEnter2D on Enemy with tag=Obstacle ShouldRunAI=True
[DEBUG-RANGE] OnTriggerEnter2D on Enemy with tag=Ground ShouldRunAI=True
[DEBUG-RANGE] OnTriggerEnter2D on Enemy with tag=Ground ShouldRunAI=True
[DEBUG-RANGE] OnTriggerEnter2D on Enemy with tag=Ground ShouldRunAI=True
[DEBUG-RANGE] OnTriggerEnter2D on Enemy with tag=Ground ShouldRunAI=True
[DEBUG-RANGE] OnTriggerEnter2D on Enemy with tag=Ground ShouldRunAI=True
[DEBUG-RANGE] OnTriggerEnter2D on Enemy with tag=Ground ShouldRunAI=True
[DEBUG-RANGE] OnTriggerEnter2D on Enemy with tag=Ground ShouldRunAI=True
[DEBUG-RANGE] OnTriggerEnter2D on Enemy with tag=Ground ShouldRunAI=True
[DEBUG-RANGE] OnTriggerEnter2D on Enemy with tag=Ground ShouldRunAI=True
[DEBUG-RANGE] OnTriggerEnter2D on Enemy with tag=Ground ShouldRunAI=True
[DEBUG-RANGE] OnTriggerEnter2D on Enemy with tag=Ground ShouldRunAI=True
[DEBUG-RANGE] OnTriggerEnter2D on Enemy with tag=Ground ShouldRunAI=True
[DEBUG-RANGE] OnTriggerEnter2D on Enemy with tag=Ground ShouldRunAI=True
[DEBUG-RANGE] OnTriggerEnter2D on Enemy with tag=Ground ShouldRunAI=True
[DEBUG-RANGE] OnTriggerEnter2D on Enemy with tag=Ground ShouldRunAI=True
[DEBUG-RANGE] OnTriggerEnter2D on Enemy with tag=Ground ShouldRunAI=True
[DEBUG-RANGE] OnTriggerEnter2D on Enemy with tag=Ground ShouldRunAI=True
[DEBUG-RANGE] OnTriggerEnter2D on Enemy with tag=Ground ShouldRunAI=True
[DEBUG-RANGE] OnTriggerEnter2D on Enemy with tag=Ground ShouldRunAI=True
[DEBUG-RANGE] OnTriggerEnter2D on Enemy with tag=Ground ShouldRunAI=True
[DEBUG-RANGE] OnTriggerEnter2D on Enemy with tag=Ground ShouldRunAI=True
[DEBUG-RANGE] OnTriggerEnter2D on Enemy with tag=Ground ShouldRunAI=True
[DEBUG-RANGE] OnTriggerEnter2D on Enemy with tag=Ground ShouldRunAI=True
[DEBUG-RANGE] OnTriggerEnter2D on Enemy with tag=Ground ShouldRunAI=True
[DEBUG-RANGE] OnTriggerEnter2D on Enemy with tag=Ground ShouldRunAI=True
[DEBUG-RANGE] OnTriggerEnter2D on Enemy with tag=Ground ShouldRunAI=True
[DEBUG-RANGE] OnTriggerEnter2D on Enemy with tag=Ground ShouldRunAI=True
[DEBUG-RANGE] OnTriggerEnter2D on Enemy with tag=Untagged ShouldRunAI=True
[DEBUG-RANGE] OnTriggerEnter2D on Enemy with tag=Untagged ShouldRunAI=True
[DEBUG-RANGE] OnTriggerEnter2D on Enemy with tag=Ground ShouldRunAI=True
[DEBUG-RANGE] OnTriggerEnter2D on Enemy with tag=Ground ShouldRunAI=True
[DEBUG-RANGE] OnTriggerEnter2D on Enemy with tag=Ground ShouldRunAI=True
[DEBUG-RANGE] OnTriggerEnter2D on Enemy with tag=Obstacle ShouldRunAI=True
[DEBUG-RANGE] OnTriggerEnter2D on Enemy with tag=Ground ShouldRunAI=True
[DEBUG-RANGE] OnTriggerEnter2D on Enemy with tag=Ground ShouldRunAI=True
[DEBUG-RANGE] OnTriggerEnter2D on Enemy with tag=Ground ShouldRunAI=True
[DEBUG-RANGE] OnTriggerEnter2D on Enemy with tag=Ground ShouldRunAI=True
[DEBUG-RANGE] OnTriggerEnter2D on Enemy with tag=Ground ShouldRunAI=True
[DEBUG-RANGE] OnTriggerEnter2D on Enemy with tag=Untagged ShouldRunAI=True
[DEBUG-RANGE] OnTriggerEnter2D on Enemy with tag=Ground ShouldRunAI=True
[DEBUG-RANGE] OnTriggerEnter2D on Enemy with tag=Ground ShouldRunAI=True
[DEBUG-RANGE] OnTriggerEnter2D on Enemy with tag=Ground ShouldRunAI=True
[DEBUG-RANGE] OnTriggerEnter2D on Enemy with tag=Ground ShouldRunAI=True
[DEBUG-RANGE] OnTriggerEnter2D on Enemy with tag=Ground ShouldRunAI=True
[DEBUG-RANGE] OnTriggerEnter2D on Enemy with tag=Untagged ShouldRunAI=True
[DEBUG-RANGE] OnTriggerEnter2D on Enemy with tag=Ground ShouldRunAI=True
[DEBUG-RANGE] OnTriggerEnter2D on Enemy with tag=Obstacle ShouldRunAI=True
[DEBUG-RANGE] OnTriggerEnter2D on Enemy with tag=Ground ShouldRunAI=True
[DEBUG-RANGE] OnTriggerEnter2D on Enemy with tag=Ground ShouldRunAI=True
[DEBUG-RANGE] OnTriggerEnter2D on Enemy with tag=Ground ShouldRunAI=True
[DEBUG-RANGE] OnTriggerEnter2D on Enemy with tag=Ground ShouldRunAI=True
[DEBUG-RANGE] OnTriggerEnter2D on Enemy with tag=Ground ShouldRunAI=True
[DEBUG-RANGE] OnTriggerEnter2D on Enemy with tag=Untagged ShouldRunAI=True
[DEBUG-RANGE] OnTriggerEnter2D on Enemy with tag=Ground ShouldRunAI=True
[DEBUG-RANGE] OnTriggerEnter2D on Enemy with tag=Ground ShouldRunAI=True
[DEBUG-RANGE] OnTriggerEnter2D on Enemy with tag=Ground ShouldRunAI=True
[DEBUG-RANGE] OnTriggerEnter2D on Enemy with tag=Ground ShouldRunAI=True
[DEBUG-RANGE] OnTriggerEnter2D on Enemy with tag=Ground ShouldRunAI=True
[DEBUG-RANGE] OnTriggerEnter2D on Enemy with tag=Ground ShouldRunAI=True
[DEBUG-RANGE] OnTriggerEnter2D on Enemy with tag=Ground ShouldRunAI=True
[DEBUG-RANGE] OnTriggerEnter2D on Enemy with tag=Ground ShouldRunAI=True
[DEBUG-RANGE] OnTriggerEnter2D on Enemy with tag=Ground ShouldRunAI=True
[DEBUG-RANGE] OnTriggerEnter2D on Enemy with tag=Ground ShouldRunAI=True
[DEBUG-RANGE] OnTriggerEnter2D on Enemy with tag=Ground ShouldRunAI=True
[DEBUG-RANGE] OnTriggerEnter2D on Enemy with tag=Ground ShouldRunAI=True
[DEBUG-RANGE] OnTriggerEnter2D on Enemy with tag=Ground ShouldRunAI=True
[DEBUG-RANGE] OnTriggerEnter2D on Enemy with tag=Ground ShouldRunAI=True
[DEBUG-RANGE] OnTriggerEnter2D on Enemy with tag=Ground ShouldRunAI=True
[DEBUG-RANGE] OnTriggerEnter2D on Enemy with tag=Ground ShouldRunAI=True
[DEBUG-RANGE] OnTriggerEnter2D on Enemy with tag=Ground ShouldRunAI=True
[DEBUG-RANGE] OnTriggerEnter2D on Enemy with tag=Ground ShouldRunAI=True
[DEBUG-RANGE] OnTriggerEnter2D on Enemy with tag=Untagged ShouldRunAI=True
[DEBUG-RANGE] OnTriggerEnter2D on Enemy with tag=Ground ShouldRunAI=True
[DEBUG-RANGE] OnTriggerEnter2D on Enemy with tag=Ground ShouldRunAI=True
[DEBUG-RANGE] OnTriggerEnter2D on Enemy with tag=Ground ShouldRunAI=True
[DEBUG-RANGE] OnTriggerEnter2D on Enemy with tag=Ground ShouldRunAI=True
[DEBUG-RANGE] OnTriggerEnter2D on Enemy with tag=Ground ShouldRunAI=True
[DEBUG-RANGE] OnTriggerEnter2D on Enemy with tag=Ground ShouldRunAI=True
[DEBUG-RANGE] OnTriggerEnter2D on Enemy with tag=Ground ShouldRunAI=True
[DEBUG-RANGE] OnTriggerEnter2D on Enemy with tag=Ground ShouldRunAI=True
[DEBUG-RANGE] OnTriggerEnter2D on Enemy with tag=Ground ShouldRunAI=True
[DEBUG-RANGE] OnTriggerEnter2D on Enemy with tag=Untagged ShouldRunAI=True
[DEBUG-RANGE] OnTriggerEnter2D on Enemy with tag=Ground ShouldRunAI=True
[DEBUG-RANGE] OnTriggerEnter2D on Enemy with tag=Ground ShouldRunAI=True
[DEBUG-RANGE] OnTriggerEnter2D on Enemy with tag=Ground ShouldRunAI=True
[DEBUG-RANGE] OnTriggerEnter2D on Enemy with tag=Ground ShouldRunAI=True
[DEBUG-RANGE] OnTriggerEnter2D on Enemy with tag=Ground ShouldRunAI=True
[DEBUG-RANGE] OnTriggerEnter2D on Enemy with tag=Ground ShouldRunAI=True
[DEBUG-RANGE] OnTriggerEnter2D on Enemy with tag=Ground ShouldRunAI=True
[DEBUG-RANGE] OnTriggerEnter2D on Enemy with tag=Ground ShouldRunAI=True
[DEBUG-RANGE] OnTriggerEnter2D on Enemy with tag=Ground ShouldRunAI=True
[DEBUG-RANGE] OnTriggerEnter2D on Enemy with tag=Ground ShouldRunAI=True
[DEBUG-RANGE] OnTriggerEnter2D on Enemy with tag=Ground ShouldRunAI=True
[DEBUG-RANGE] OnTriggerEnter2D on Enemy with tag=Ground ShouldRunAI=True
[DEBUG-RANGE] OnTriggerEnter2D on Enemy with tag=Ground ShouldRunAI=True
[DEBUG-RANGE] OnTriggerEnter2D on Enemy with tag=Interactable ShouldRunAI=True
[DEBUG-RANGE] OnTriggerEnter2D on Enemy with tag=Ground ShouldRunAI=True
[DEBUG-RANGE] OnTriggerEnter2D on Enemy with tag=Ground ShouldRunAI=True
[DEBUG-RANGE] OnTriggerEnter2D on Enemy with tag=Ground ShouldRunAI=True
[DEBUG-RANGE] OnTriggerEnter2D on Enemy with tag=Ground ShouldRunAI=True
[DEBUG-RANGE] OnTriggerEnter2D on Enemy with tag=Ground ShouldRunAI=True
[DEBUG-RANGE] OnTriggerEnter2D on Enemy with tag=Ground ShouldRunAI=True
[DEBUG-RANGE] OnTriggerEnter2D on Enemy with tag=Interactable ShouldRunAI=True
[DEBUG-RANGE] OnTriggerEnter2D on Enemy with tag=Ground ShouldRunAI=True
[DEBUG-RANGE] OnTriggerEnter2D on Enemy with tag=Ground ShouldRunAI=True
[DEBUG-RANGE] OnTriggerEnter2D on Enemy with tag=Ground ShouldRunAI=True
[DEBUG-RANGE] OnTriggerEnter2D on Enemy with tag=Ground ShouldRunAI=True
[DEBUG-RANGE] OnTriggerEnter2D on Enemy with tag=Ground ShouldRunAI=True
[DEBUG-RANGE] OnTriggerEnter2D on Enemy with tag=Untagged ShouldRunAI=True
[DEBUG-RANGE] OnTriggerEnter2D on Enemy with tag=Ground ShouldRunAI=True
[DEBUG-RANGE] OnTriggerEnter2D on Enemy with tag=Ground ShouldRunAI=True
[DEBUG-RANGE] OnTriggerEnter2D on Enemy with tag=Ground ShouldRunAI=True
[DEBUG-RANGE] OnTriggerEnter2D on Enemy with tag=Ground ShouldRunAI=True
[DEBUG-RANGE] OnTriggerEnter2D on Enemy with tag=Ground ShouldRunAI=True
[DEBUG-RANGE] OnTriggerEnter2D on Enemy with tag=Untagged ShouldRunAI=True
[DEBUG-RANGE] OnTriggerEnter2D on Enemy with tag=Untagged ShouldRunAI=True
[DEBUG-RANGE] OnTriggerEnter2D on Enemy with tag=Untagged ShouldRunAI=True
[DEBUG-RANGE] OnTriggerEnter2D on Enemy with tag=Ground ShouldRunAI=True
[DEBUG-RANGE] OnTriggerEnter2D on Enemy with tag=Ground ShouldRunAI=True
[DEBUG-RANGE] OnTriggerEnter2D on Enemy with tag=Ground ShouldRunAI=True
[DEBUG-RANGE] OnTriggerEnter2D on Enemy with tag=Ground ShouldRunAI=True
[DEBUG-RANGE] OnTriggerEnter2D on Enemy with tag=Ground ShouldRunAI=True
[DEBUG-RANGE] OnTriggerEnter2D on Enemy with tag=Ground ShouldRunAI=True
[DEBUG-RANGE] OnTriggerEnter2D on Enemy with tag=Ground ShouldRunAI=True
[DEBUG-RANGE] OnTriggerEnter2D on Enemy with tag=Ground ShouldRunAI=True
[DEBUG-RANGE] OnTriggerEnter2D on Enemy with tag=Ground ShouldRunAI=True
[DEBUG-RANGE] OnTriggerEnter2D on Enemy with tag=Ground ShouldRunAI=True
[DEBUG-RANGE] OnTriggerEnter2D on Enemy with tag=Ground ShouldRunAI=True
[DEBUG-RANGE] OnTriggerEnter2D on Enemy with tag=Ground ShouldRunAI=True
[DEBUG-RANGE] OnTriggerEnter2D on Enemy with tag=Ground ShouldRunAI=True
[DEBUG-RANGE] OnTriggerEnter2D on Enemy with tag=Ground ShouldRunAI=True
[DEBUG-RANGE] OnTriggerEnter2D on Enemy with tag=Ground ShouldRunAI=True
[DEBUG-RANGE] OnTriggerEnter2D on Enemy with tag=Ground ShouldRunAI=True
[DEBUG-RANGE] OnTriggerEnter2D on Enemy with tag=Untagged ShouldRunAI=True
[DEBUG-RANGE] OnTriggerEnter2D on Enemy with tag=Untagged ShouldRunAI=True
[DEBUG-RANGE] OnTriggerEnter2D on Enemy with tag=Ground ShouldRunAI=True
[DEBUG-RANGE] OnTriggerEnter2D on Enemy with tag=Ground ShouldRunAI=True
[DEBUG-RANGE] OnTriggerEnter2D on Enemy with tag=Untagged ShouldRunAI=True
[DEBUG-RANGE] OnTriggerEnter2D on Enemy with tag=Untagged ShouldRunAI=True
[DEBUG-RANGE] OnTriggerEnter2D on Enemy with tag=Ground ShouldRunAI=True
[DEBUG-RANGE] OnTriggerEnter2D on Enemy with tag=Ground ShouldRunAI=True
[DEBUG-RANGE] OnTriggerEnter2D on Enemy with tag=Ground ShouldRunAI=True
[DEBUG-RANGE] OnTriggerEnter2D on Enemy with tag=Ground ShouldRunAI=True
[DEBUG-RANGE] OnTriggerEnter2D on Enemy with tag=Untagged ShouldRunAI=True
[DEBUG-RANGE] OnTriggerEnter2D on Enemy with tag=Ground ShouldRunAI=True
[DEBUG-RANGE] OnTriggerEnter2D on Enemy with tag=Ground ShouldRunAI=True
[DEBUG-RANGE] OnTriggerEnter2D on Enemy with tag=Untagged ShouldRunAI=True
[DEBUG-RANGE] OnTriggerEnter2D on Enemy with tag=Untagged ShouldRunAI=True
[DEBUG-RANGE] OnTriggerEnter2D on Enemy with tag=Ground ShouldRunAI=True
[DEBUG-RANGE] OnTriggerEnter2D on Enemy with tag=Ground ShouldRunAI=True
[DEBUG-RANGE] OnTriggerEnter2D on Enemy with tag=Ground ShouldRunAI=True
[DEBUG-RANGE] OnTriggerEnter2D on Enemy with tag=Ground ShouldRunAI=True
[DEBUG-RANGE] OnTriggerEnter2D on Enemy with tag=Obstacle ShouldRunAI=True
[DEBUG-RANGE] OnTriggerEnter2D on Enemy with tag=Ground ShouldRunAI=True
[DEBUG-RANGE] OnTriggerEnter2D on Enemy with tag=Ground ShouldRunAI=True
[DEBUG-RANGE] OnTriggerEnter2D on Enemy with tag=Ground ShouldRunAI=True
[DEBUG-RANGE] OnTriggerEnter2D on Enemy with tag=Ground ShouldRunAI=True
[DEBUG-RANGE] OnTriggerEnter2D on Enemy with tag=Ground ShouldRunAI=True
[DEBUG-RANGE] OnTriggerEnter2D on Enemy with tag=Ground ShouldRunAI=True
[DEBUG-RANGE] OnTriggerEnter2D on Enemy with tag=Ground ShouldRunAI=True
[DEBUG-RANGE] OnTriggerEnter2D on Enemy with tag=Ground ShouldRunAI=True
[DEBUG-RANGE] OnTriggerEnter2D on Enemy with tag=Ground ShouldRunAI=True
[DEBUG-RANGE] OnTriggerEnter2D on Enemy with tag=Ground ShouldRunAI=True
[DEBUG-RANGE] OnTriggerEnter2D on Enemy with tag=Ground ShouldRunAI=True
[DEBUG-RANGE] OnTriggerEnter2D on Enemy with tag=Ground ShouldRunAI=True
[DEBUG-RANGE] OnTriggerEnter2D on Enemy with tag=Obstacle ShouldRunAI=True
[DEBUG-RANGE] OnTriggerEnter2D on Enemy with tag=Ground ShouldRunAI=True
[DEBUG-RANGE] OnTriggerEnter2D on Enemy with tag=Ground ShouldRunAI=True
[DEBUG-RANGE] OnTriggerEnter2D on Enemy with tag=Ground ShouldRunAI=True
[DEBUG-RANGE] OnTriggerEnter2D on Enemy with tag=Ground ShouldRunAI=True
[DEBUG-RANGE] OnTriggerEnter2D on Enemy with tag=Ground ShouldRunAI=True
[DEBUG-RANGE] OnTriggerEnter2D on Enemy with tag=Ground ShouldRunAI=True
[DEBUG-RANGE] OnTriggerEnter2D on Enemy with tag=Ground ShouldRunAI=True
[DEBUG-RANGE] OnTriggerEnter2D on Enemy with tag=Ground ShouldRunAI=True
[DEBUG-RANGE] OnTriggerEnter2D on Enemy with tag=Ground ShouldRunAI=True
[DEBUG-RANGE] OnTriggerEnter2D on Enemy with tag=Ground ShouldRunAI=True
[DEBUG-RANGE] OnTriggerEnter2D on Enemy with tag=Ground ShouldRunAI=True
[DEBUG-RANGE] OnTriggerEnter2D on Enemy with tag=Ground ShouldRunAI=True
[DEBUG-RANGE] OnTriggerEnter2D on Enemy with tag=Ground ShouldRunAI=True
[DEBUG-RANGE] OnTriggerEnter2D on Enemy with tag=Ground ShouldRunAI=True
[DEBUG-RANGE] OnTriggerEnter2D on Enemy with tag=Interactable ShouldRunAI=True
[DEBUG-RANGE] OnTriggerEnter2D on Enemy with tag=Untagged ShouldRunAI=True
[DEBUG-RANGE] OnTriggerEnter2D on Enemy with tag=Untagged ShouldRunAI=True
[DEBUG-RANGE] OnTriggerEnter2D on Enemy with tag=Ground ShouldRunAI=True
[DEBUG-RANGE] OnTriggerEnter2D on Enemy with tag=Ground ShouldRunAI=True
[DEBUG-RANGE] OnTriggerEnter2D on Enemy with tag=Obstacle ShouldRunAI=True
[DEBUG-RANGE] OnTriggerEnter2D on Enemy with tag=Ground ShouldRunAI=True
[DEBUG-RANGE] OnTriggerEnter2D on Enemy with tag=Ground ShouldRunAI=True
[DEBUG-RANGE] OnTriggerEnter2D on Enemy with tag=Ground ShouldRunAI=True
[DEBUG-RANGE] OnTriggerEnter2D on Enemy with tag=Ground ShouldRunAI=True
[DEBUG-RANGE] OnTriggerEnter2D on Enemy with tag=Ground ShouldRunAI=True
[DEBUG-RANGE] OnTriggerEnter2D on Enemy with tag=Ground ShouldRunAI=True
[DEBUG-RANGE] OnTriggerEnter2D on Enemy with tag=Ground ShouldRunAI=True
[DEBUG-RANGE] OnTriggerEnter2D on Enemy with tag=Ground ShouldRunAI=True
[DEBUG-RANGE] OnTriggerEnter2D on Enemy with tag=Ground ShouldRunAI=True
[DEBUG-RANGE] OnTriggerEnter2D on Enemy with tag=Ground ShouldRunAI=True
[DEBUG-RANGE] OnTriggerEnter2D on Enemy with tag=Ground ShouldRunAI=True
[DEBUG-RANGE] OnTriggerEnter2D on Enemy with tag=Ground ShouldRunAI=True
[DEBUG-RANGE] OnTriggerEnter2D on Enemy with tag=Interactable ShouldRunAI=True
[DEBUG-RANGE] OnTriggerEnter2D on Enemy with tag=Obstacle ShouldRunAI=True
[DEBUG-RANGE] OnTriggerEnter2D on Enemy with tag=Ground ShouldRunAI=True
[DEBUG-RANGE] OnTriggerEnter2D on Enemy with tag=Ground ShouldRunAI=True
[DEBUG-RANGE] OnTriggerEnter2D on Enemy with tag=Obstacle ShouldRunAI=True
[DEBUG-RANGE] OnTriggerEnter2D on Enemy with tag=Untagged ShouldRunAI=True
[DEBUG-RANGE] OnTriggerEnter2D on Enemy with tag=Untagged ShouldRunAI=True
[DEBUG-RANGE] OnTriggerEnter2D on Enemy with tag=Ground ShouldRunAI=True
[DEBUG-RANGE] OnTriggerEnter2D on Enemy with tag=Enemy ShouldRunAI=True
[DEBUG-RANGE] OnTriggerEnter2D on Enemy with tag=Enemy ShouldRunAI=True
[DEBUG-RANGE] OnTriggerEnter2D on Enemy with tag=Ground ShouldRunAI=True
[DEBUG-RANGE] OnTriggerEnter2D on Enemy with tag=Ground ShouldRunAI=True
[DEBUG-RANGE] OnTriggerEnter2D on Enemy with tag=Ground ShouldRunAI=True
[DEBUG-RANGE] OnTriggerEnter2D on Enemy with tag=Ground ShouldRunAI=True
[DEBUG-RANGE] OnTriggerEnter2D on Enemy with tag=Untagged ShouldRunAI=True
[DEBUG-RANGE] OnTriggerEnter2D on Enemy with tag=Ground ShouldRunAI=True
[DEBUG-RANGE] OnTriggerEnter2D on Enemy with tag=Ground ShouldRunAI=True
[DEBUG-RANGE] OnTriggerEnter2D on Enemy with tag=Untagged ShouldRunAI=True
[DEBUG-RANGE] OnTriggerEnter2D on Enemy with tag=Untagged ShouldRunAI=True
[DEBUG-RANGE] OnTriggerEnter2D on Enemy with tag=Ground ShouldRunAI=True
[DEBUG-RANGE] OnTriggerEnter2D on Enemy with tag=Ground ShouldRunAI=True
[DEBUG-RANGE] OnTriggerEnter2D on Enemy with tag=Ground ShouldRunAI=True
[DEBUG-RANGE] OnTriggerEnter2D on Enemy with tag=Ground ShouldRunAI=True
[DEBUG-RANGE] OnTriggerEnter2D on Enemy with tag=Ground ShouldRunAI=True
[DEBUG-RANGE] OnTriggerEnter2D on Enemy with tag=Obstacle ShouldRunAI=True
[DEBUG-RANGE] OnTriggerEnter2D on Enemy with tag=Ground ShouldRunAI=True
[DEBUG-RANGE] OnTriggerEnter2D on Enemy with tag=Ground ShouldRunAI=True
[DEBUG-RANGE] OnTriggerEnter2D on Enemy with tag=Ground ShouldRunAI=True
[DEBUG-RANGE] OnTriggerEnter2D on Enemy with tag=Ground ShouldRunAI=True
[DEBUG-RANGE] OnTriggerEnter2D on Enemy with tag=Enemy ShouldRunAI=True
[DEBUG-RANGE] OnTriggerEnter2D on Enemy with tag=Enemy ShouldRunAI=True
[DEBUG-RANGE] OnTriggerEnter2D on Enemy with tag=Ground ShouldRunAI=True
[DEBUG-RANGE] OnTriggerEnter2D on Enemy with tag=Ground ShouldRunAI=True
[DEBUG-RANGE] OnTriggerEnter2D on Enemy with tag=Ground ShouldRunAI=True
[DEBUG-RANGE] OnTriggerEnter2D on Enemy with tag=Ground ShouldRunAI=True
[DEBUG-RANGE] OnTriggerEnter2D on Enemy with tag=Ground ShouldRunAI=True
[DEBUG-RANGE] OnTriggerEnter2D on Enemy with tag=Ground ShouldRunAI=True
[DEBUG-RANGE] OnTriggerEnter2D on Enemy with tag=Ground ShouldRunAI=True
[DEBUG-RANGE] OnTriggerEnter2D on Enemy with tag=Obstacle ShouldRunAI=True
[DEBUG-RANGE] OnTriggerEnter2D on Enemy with tag=Obstacle ShouldRunAI=True
[DEBUG-RANGE] OnTriggerEnter2D on Enemy with tag=Ground ShouldRunAI=True
[DEBUG-RANGE] OnTriggerEnter2D on Enemy with tag=Ground ShouldRunAI=True
[DEBUG-RANGE] OnTriggerEnter2D on Enemy with tag=Ground ShouldRunAI=True
[DEBUG-RANGE] OnTriggerEnter2D on Enemy with tag=Ground ShouldRunAI=True
[DEBUG-RANGE] OnTriggerEnter2D on Enemy with tag=Ground ShouldRunAI=True
[DEBUG-RANGE] OnTriggerEnter2D on Enemy with tag=Ground ShouldRunAI=True
[DEBUG-RANGE] OnTriggerEnter2D on Enemy with tag=Ground ShouldRunAI=True
[DEBUG-RANGE] OnTriggerEnter2D on Enemy with tag=Ground ShouldRunAI=True
[DEBUG-RANGE] OnTriggerEnter2D on Enemy with tag=Ground ShouldRunAI=True
[DEBUG-RANGE] OnTriggerEnter2D on Enemy with tag=Ground ShouldRunAI=True
[DEBUG-RANGE] OnTriggerEnter2D on Enemy with tag=Ground ShouldRunAI=True
[DEBUG-RANGE] OnTriggerEnter2D on Enemy with tag=Ground ShouldRunAI=True
[DEBUG-RANGE] OnTriggerEnter2D on Enemy with tag=Interactable ShouldRunAI=True
[DEBUG-RANGE] OnTriggerEnter2D on Enemy with tag=Untagged ShouldRunAI=True
[DEBUG-RANGE] OnTriggerEnter2D on Enemy with tag=Untagged ShouldRunAI=True
[DEBUG-RANGE] OnTriggerEnter2D on Enemy with tag=Ground ShouldRunAI=True
[DEBUG-RANGE] OnTriggerEnter2D on Enemy with tag=Ground ShouldRunAI=True
[DEBUG-RANGE] OnTriggerEnter2D on Enemy with tag=Ground ShouldRunAI=True
[DEBUG-RANGE] OnTriggerEnter2D on Enemy with tag=Ground ShouldRunAI=True
[DEBUG-RANGE] OnTriggerEnter2D on Enemy with tag=Ground ShouldRunAI=True
[DEBUG-RANGE] OnTriggerEnter2D on Enemy with tag=Ground ShouldRunAI=True
[DEBUG-RANGE] OnTriggerEnter2D on Enemy with tag=Ground ShouldRunAI=True
[DEBUG-RANGE] OnTriggerEnter2D on Enemy with tag=Ground ShouldRunAI=True
[DEBUG-RANGE] OnTriggerEnter2D on Enemy with tag=Ground ShouldRunAI=True
[DEBUG-RANGE] OnTriggerEnter2D on Enemy with tag=Ground ShouldRunAI=True
[DEBUG-RANGE] OnTriggerEnter2D on Enemy with tag=Ground ShouldRunAI=True
[DEBUG-RANGE] OnTriggerEnter2D on Enemy with tag=Ground ShouldRunAI=True
[DEBUG-RANGE] OnTriggerEnter2D on Enemy with tag=Ground ShouldRunAI=True
[DEBUG-RANGE] OnTriggerEnter2D on Enemy with tag=Ground ShouldRunAI=True
[DEBUG-RANGE] OnTriggerEnter2D on Enemy with tag=Ground ShouldRunAI=True
[DEBUG-RANGE] OnTriggerEnter2D on Enemy with tag=Ground ShouldRunAI=True
[DEBUG-RANGE] OnTriggerEnter2D on Enemy with tag=Ground ShouldRunAI=True
[DEBUG-RANGE] OnTriggerEnter2D on Enemy with tag=Ground ShouldRunAI=True
[DEBUG-RANGE] OnTriggerEnter2D on Enemy with tag=Ground ShouldRunAI=True
[DEBUG-RANGE] OnTriggerEnter2D on Enemy with tag=Ground ShouldRunAI=True
[DEBUG-RANGE] OnTriggerEnter2D on Enemy with tag=Ground ShouldRunAI=True
[DEBUG-RANGE] OnTriggerEnter2D on Enemy with tag=Obstacle ShouldRunAI=True
[DEBUG-RANGE] OnTriggerEnter2D on Enemy with tag=Ground ShouldRunAI=True
[DEBUG-RANGE] OnTriggerEnter2D on Enemy with tag=Ground ShouldRunAI=True
[DEBUG-RANGE] OnTriggerEnter2D on Enemy with tag=Ground ShouldRunAI=True
[DEBUG-RANGE] OnTriggerEnter2D on Enemy with tag=Ground ShouldRunAI=True
[DEBUG-RANGE] OnTriggerEnter2D on Enemy with tag=Ground ShouldRunAI=True
[DEBUG-RANGE] OnTriggerEnter2D on Enemy with tag=Ground ShouldRunAI=True
[DEBUG-RANGE] OnTriggerEnter2D on Enemy with tag=Ground ShouldRunAI=True
[DEBUG-RANGE] OnTriggerEnter2D on Enemy with tag=Ground ShouldRunAI=True
[DEBUG-RANGE] OnTriggerEnter2D on Enemy with tag=Obstacle ShouldRunAI=True
[DEBUG-RANGE] OnTriggerEnter2D on Enemy with tag=Ground ShouldRunAI=True
[DEBUG-RANGE] OnTriggerEnter2D on Enemy with tag=Ground ShouldRunAI=True
[DEBUG-RANGE] OnTriggerEnter2D on Enemy with tag=Ground ShouldRunAI=True
[DEBUG-RANGE] OnTriggerEnter2D on Enemy with tag=Ground ShouldRunAI=True
[DEBUG-RANGE] OnTriggerEnter2D on Enemy with tag=Ground ShouldRunAI=True
[DEBUG-RANGE] OnTriggerEnter2D on Enemy with tag=Ground ShouldRunAI=True
[DEBUG-RANGE] OnTriggerEnter2D on Enemy with tag=Ground ShouldRunAI=True
[DEBUG-RANGE] OnTriggerEnter2D on Enemy with tag=Ground ShouldRunAI=True
[DEBUG-RANGE] OnTriggerEnter2D on Enemy with tag=Ground ShouldRunAI=True
[DEBUG-RANGE] OnTriggerEnter2D on Enemy with tag=Ground ShouldRunAI=True
[DEBUG-RANGE] OnTriggerEnter2D on Enemy with tag=Ground ShouldRunAI=True
[DEBUG-RANGE] OnTriggerEnter2D on Enemy with tag=Ground ShouldRunAI=True
[DEBUG-RANGE] OnTriggerEnter2D on Enemy with tag=Untagged ShouldRunAI=True
[DEBUG-RANGE] OnTriggerEnter2D on Enemy with tag=Ground ShouldRunAI=True
[DEBUG-RANGE] OnTriggerEnter2D on Enemy with tag=Ground ShouldRunAI=True
[DEBUG-RANGE] OnTriggerEnter2D on Enemy with tag=Ground ShouldRunAI=True
[DEBUG-RANGE] OnTriggerEnter2D on Enemy with tag=Ground ShouldRunAI=True
[DEBUG-RANGE] OnTriggerEnter2D on Enemy with tag=Ground ShouldRunAI=True
[DEBUG-RANGE] OnTriggerEnter2D on Enemy with tag=Ground ShouldRunAI=True
[DEBUG-RANGE] OnTriggerEnter2D on Enemy with tag=Ground ShouldRunAI=True
[DEBUG-RANGE] OnTriggerEnter2D on Enemy with tag=Interactable ShouldRunAI=True
[DEBUG-ENEMY] Enemy IsAlive=True ShouldRunAI=True state=EvadeState MyTarget=Player [connId=1866355813] (Player) MyAttackTime=123,99 IsAttacking=False AttackRange=0 dist=9,57
[DEBUG-ENEMY] Enemy IsAlive=True ShouldRunAI=True state=EvadeState MyTarget=Player [connId=1866355813] (Player) MyAttackTime=123,99 IsAttacking=False AttackRange=0 dist=23,03
[DEBUG-ENEMY] Enemy IsAlive=True ShouldRunAI=True state=FollowState MyTarget=Player [connId=1866355813] (Player) MyAttackTime=123,99 IsAttacking=False AttackRange=5 dist=10,39
[DEBUG-ENEMY] Enemy IsAlive=True ShouldRunAI=True state=FollowState MyTarget=Player [connId=1866355813] (Player) MyAttackTime=123,99 IsAttacking=False AttackRange=5 dist=10,48
[DEBUG-ENEMY] Enemy IsAlive=True ShouldRunAI=True state=FollowState MyTarget=Player [connId=1866355813] (Player) MyAttackTime=123,99 IsAttacking=False AttackRange=0 dist=18,96
[DEBUG-ENEMY] Enemy IsAlive=True ShouldRunAI=True state=FollowState MyTarget=Player [connId=1866355813] (Player) MyAttackTime=123,99 IsAttacking=False AttackRange=5 dist=10,34
[DEBUG-ENEMY] Enemy IsAlive=True ShouldRunAI=True state=IdleState MyTarget= MyAttackTime=123,99 IsAttacking=False AttackRange=0 dist=-1,00
[DEBUG-ENEMY] Enemy IsAlive=True ShouldRunAI=True state=PathState MyTarget=Player [connId=1866355813] (Player) MyAttackTime=123,99 IsAttacking=False AttackRange=0 dist=8,36
[DEBUG-ENEMY] Enemy IsAlive=True ShouldRunAI=True state=EvadeState MyTarget=Player [connId=1866355813] (Player) MyAttackTime=123,99 IsAttacking=False AttackRange=0 dist=18,47
[DEBUG-ENEMY] Enemy IsAlive=True ShouldRunAI=True state=FollowState MyTarget=Player [connId=1866355813] (Player) MyAttackTime=123,99 IsAttacking=False AttackRange=5 dist=10,39
[DEBUG-RANGE] OnTriggerEnter2D on Enemy with tag=Ground ShouldRunAI=True
[DEBUG-RANGE] OnTriggerEnter2D on Enemy with tag=Ground ShouldRunAI=True
[DEBUG-RANGE] OnTriggerEnter2D on Enemy with tag=Ground ShouldRunAI=True
[DEBUG-RANGE] OnTriggerEnter2D on Enemy with tag=Ground ShouldRunAI=True
[DEBUG-RANGE] OnTriggerEnter2D on Enemy with tag=Ground ShouldRunAI=True
[DEBUG-RANGE] OnTriggerEnter2D on Enemy with tag=Ground ShouldRunAI=True
[DEBUG-RANGE] OnTriggerEnter2D on Enemy with tag=Ground ShouldRunAI=True
[DEBUG-RANGE] OnTriggerEnter2D on Enemy with tag=Ground ShouldRunAI=True
[DEBUG-RANGE] OnTriggerEnter2D on Enemy with tag=Ground ShouldRunAI=True
[DEBUG-RANGE] OnTriggerEnter2D on Enemy with tag=Ground ShouldRunAI=True
[DEBUG-RANGE] OnTriggerEnter2D on Enemy with tag=Ground ShouldRunAI=True
[DEBUG-RANGE] OnTriggerEnter2D on Enemy with tag=Ground ShouldRunAI=True
[DEBUG-RANGE] OnTriggerEnter2D on Enemy with tag=Untagged ShouldRunAI=True
[DEBUG-RANGE] OnTriggerEnter2D on Enemy with tag=Ground ShouldRunAI=True
[DEBUG-RANGE] OnTriggerEnter2D on Enemy with tag=Ground ShouldRunAI=True
[DEBUG-RANGE] OnTriggerEnter2D on Enemy with tag=Ground ShouldRunAI=True
[DEBUG-RANGE] OnTriggerEnter2D on Enemy with tag=Ground ShouldRunAI=True
[DEBUG-RANGE] OnTriggerEnter2D on Enemy with tag=Ground ShouldRunAI=True
[DEBUG-RANGE] OnTriggerEnter2D on Enemy with tag=Enemy ShouldRunAI=True
[DEBUG-RANGE] OnTriggerEnter2D on Enemy with tag=Enemy ShouldRunAI=True
[DEBUG-RANGE] OnTriggerEnter2D on Enemy with tag=Ground ShouldRunAI=True
[DEBUG-RANGE] OnTriggerEnter2D on Enemy with tag=Obstacle ShouldRunAI=True
[DEBUG-RANGE] OnTriggerEnter2D on Enemy with tag=Obstacle ShouldRunAI=True
[DEBUG-RANGE] OnTriggerEnter2D on Enemy with tag=Ground ShouldRunAI=True
[DEBUG-RANGE] OnTriggerEnter2D on Enemy with tag=Ground ShouldRunAI=True
[DEBUG-RANGE] OnTriggerEnter2D on Enemy with tag=Ground ShouldRunAI=True
[DEBUG-RANGE] OnTriggerEnter2D on Enemy with tag=Obstacle ShouldRunAI=True
[DEBUG-RANGE] OnTriggerEnter2D on Enemy with tag=Enemy ShouldRunAI=True
[DEBUG-RANGE] OnTriggerEnter2D on Enemy with tag=Enemy ShouldRunAI=True
[DEBUG-RANGE] OnTriggerEnter2D on Enemy with tag=Enemy ShouldRunAI=True
[DEBUG-RANGE] OnTriggerEnter2D on Enemy with tag=Enemy ShouldRunAI=True
[DEBUG-RANGE] OnTriggerEnter2D on Enemy with tag=Enemy ShouldRunAI=True
[DEBUG-RANGE] OnTriggerEnter2D on Enemy with tag=Enemy ShouldRunAI=True
[DEBUG-RANGE] OnTriggerEnter2D on Enemy with tag=Ground ShouldRunAI=True
[DEBUG-RANGE] OnTriggerEnter2D on Enemy with tag=Ground ShouldRunAI=True
[DEBUG-RANGE] OnTriggerEnter2D on Enemy with tag=Ground ShouldRunAI=True
[DEBUG-RANGE] OnTriggerEnter2D on Enemy with tag=Ground ShouldRunAI=True
[DEBUG-RANGE] OnTriggerEnter2D on Enemy with tag=Ground ShouldRunAI=True
[DEBUG-RANGE] OnTriggerEnter2D on Enemy with tag=Ground ShouldRunAI=True
[DEBUG-RANGE] OnTriggerEnter2D on Enemy with tag=Ground ShouldRunAI=True
[DEBUG-RANGE] OnTriggerEnter2D on Enemy with tag=Obstacle ShouldRunAI=True
[DEBUG-RANGE] OnTriggerEnter2D on Enemy with tag=Ground ShouldRunAI=True
[DEBUG-RANGE] OnTriggerEnter2D on Enemy with tag=Untagged ShouldRunAI=True
[DEBUG-RANGE] OnTriggerEnter2D on Enemy with tag=Ground ShouldRunAI=True
[DEBUG-RANGE] OnTriggerEnter2D on Enemy with tag=Ground ShouldRunAI=True
[DEBUG-RANGE] OnTriggerEnter2D on Enemy with tag=Ground ShouldRunAI=True
[DEBUG-RANGE] OnTriggerEnter2D on Enemy with tag=Ground ShouldRunAI=True
[DEBUG-RANGE] OnTriggerEnter2D on Enemy with tag=Ground ShouldRunAI=True
[DEBUG-RANGE] OnTriggerEnter2D on Enemy with tag=Ground ShouldRunAI=True
[DEBUG-RANGE] OnTriggerEnter2D on Enemy with tag=Ground ShouldRunAI=True
[DEBUG-RANGE] OnTriggerEnter2D on Enemy with tag=Ground ShouldRunAI=True
[DEBUG-RANGE] OnTriggerEnter2D on Enemy with tag=Ground ShouldRunAI=True
[DEBUG-RANGE] OnTriggerEnter2D on Enemy with tag=Enemy ShouldRunAI=True
[DEBUG-RANGE] OnTriggerEnter2D on Enemy with tag=Enemy ShouldRunAI=True
[DEBUG-RANGE] OnTriggerEnter2D on Enemy with tag=Ground ShouldRunAI=True
[DEBUG-RANGE] OnTriggerEnter2D on Enemy with tag=Ground ShouldRunAI=True
[DEBUG-RANGE] OnTriggerEnter2D on Enemy with tag=Ground ShouldRunAI=True
[DEBUG-RANGE] OnTriggerEnter2D on Enemy with tag=Ground ShouldRunAI=True
[DEBUG-RANGE] OnTriggerEnter2D on Enemy with tag=Ground ShouldRunAI=True
[DEBUG-RANGE] OnTriggerEnter2D on Enemy with tag=Ground ShouldRunAI=True
[DEBUG-RANGE] OnTriggerEnter2D on Enemy with tag=Ground ShouldRunAI=True
[DEBUG-RANGE] OnTriggerEnter2D on Enemy with tag=Untagged ShouldRunAI=True
[DEBUG-RANGE] OnTriggerEnter2D on Enemy with tag=Ground ShouldRunAI=True
[DEBUG-RANGE] OnTriggerEnter2D on Enemy with tag=Ground ShouldRunAI=True
[DEBUG-RANGE] OnTriggerEnter2D on Enemy with tag=Ground ShouldRunAI=True
[DEBUG-RANGE] OnTriggerEnter2D on Enemy with tag=Ground ShouldRunAI=True
[DEBUG-RANGE] OnTriggerEnter2D on Enemy with tag=Ground ShouldRunAI=True
[DEBUG-RANGE] OnTriggerEnter2D on Enemy with tag=Ground ShouldRunAI=True
[DEBUG-RANGE] OnTriggerEnter2D on Enemy with tag=Obstacle ShouldRunAI=True
[DEBUG-RANGE] OnTriggerEnter2D on Enemy with tag=Ground ShouldRunAI=True
[DEBUG-RANGE] OnTriggerEnter2D on Enemy with tag=Ground ShouldRunAI=True
[DEBUG-RANGE] OnTriggerEnter2D on Enemy with tag=Ground ShouldRunAI=True
[DEBUG-RANGE] OnTriggerEnter2D on Enemy with tag=Ground ShouldRunAI=True
[DEBUG-RANGE] OnTriggerEnter2D on Enemy with tag=Ground ShouldRunAI=True
[DEBUG-RANGE] OnTriggerEnter2D on Enemy with tag=Obstacle ShouldRunAI=True
[DEBUG-RANGE] OnTriggerEnter2D on Enemy with tag=HitBox ShouldRunAI=True
[DEBUG-RANGE] OnTriggerEnter2D on Enemy with tag=Ground ShouldRunAI=True
[DEBUG-RANGE] OnTriggerEnter2D on Enemy with tag=HitBox ShouldRunAI=True
[DEBUG-RANGE] OnTriggerEnter2D on Enemy with tag=HitBox ShouldRunAI=True
[DEBUG-RANGE] OnTriggerEnter2D on Enemy with tag=HitBox ShouldRunAI=True
[DEBUG-RANGE] OnTriggerEnter2D on Enemy with tag=Ground ShouldRunAI=True
[DEBUG-RANGE] OnTriggerEnter2D on Enemy with tag=Ground ShouldRunAI=True
[DEBUG-RANGE] OnTriggerEnter2D on Enemy with tag=Ground ShouldRunAI=True
[DEBUG-RANGE] OnTriggerEnter2D on Enemy with tag=Ground ShouldRunAI=True
[DEBUG-RANGE] OnTriggerEnter2D on Enemy with tag=Ground ShouldRunAI=True
[DEBUG-RANGE] OnTriggerEnter2D on Enemy with tag=Ground ShouldRunAI=True
[DEBUG-RANGE] OnTriggerEnter2D on Enemy with tag=Ground ShouldRunAI=True
[DEBUG-RANGE] OnTriggerEnter2D on Enemy with tag=Ground ShouldRunAI=True
[DEBUG-RANGE] OnTriggerEnter2D on Enemy with tag=Ground ShouldRunAI=True
[DEBUG-RANGE] OnTriggerEnter2D on Enemy with tag=Ground ShouldRunAI=True
[DEBUG-RANGE] OnTriggerEnter2D on Enemy with tag=Ground ShouldRunAI=True
[DEBUG-RANGE] OnTriggerEnter2D on Enemy with tag=Ground ShouldRunAI=True
[DEBUG-RANGE] OnTriggerEnter2D on Enemy with tag=Ground ShouldRunAI=True
[DEBUG-RANGE] OnTriggerEnter2D on Enemy with tag=HitBox ShouldRunAI=True
[DEBUG-RANGE] OnTriggerEnter2D on Enemy with tag=HitBox ShouldRunAI=True
[DEBUG-RANGE] OnTriggerEnter2D on Enemy with tag=HitBox ShouldRunAI=True
[DEBUG-RANGE] OnTriggerEnter2D on Enemy with tag=HitBox ShouldRunAI=True
[DEBUG-RANGE] OnTriggerEnter2D on Enemy with tag=Ground ShouldRunAI=True
[DEBUG-RANGE] OnTriggerEnter2D on Enemy with tag=Ground ShouldRunAI=True
[DEBUG-RANGE] OnTriggerEnter2D on Enemy with tag=Ground ShouldRunAI=True
[DEBUG-RANGE] OnTriggerEnter2D on Enemy with tag=Ground ShouldRunAI=True
[DEBUG-RANGE] OnTriggerEnter2D on Enemy with tag=Ground ShouldRunAI=True
[DEBUG-RANGE] OnTriggerEnter2D on Enemy with tag=Untagged ShouldRunAI=True
[DEBUG-RANGE] OnTriggerEnter2D on Enemy with tag=Obstacle ShouldRunAI=True
[DEBUG-RANGE] OnTriggerEnter2D on Enemy with tag=Ground ShouldRunAI=True
[DEBUG-RANGE] OnTriggerEnter2D on Enemy with tag=Ground ShouldRunAI=True
[DEBUG-RANGE] OnTriggerEnter2D on Enemy with tag=Ground ShouldRunAI=True
[DEBUG-RANGE] OnTriggerEnter2D on Enemy with tag=Ground ShouldRunAI=True
[DEBUG-RANGE] OnTriggerEnter2D on Enemy with tag=Ground ShouldRunAI=True
[DEBUG-RANGE] OnTriggerEnter2D on Enemy with tag=Ground ShouldRunAI=True
[DEBUG-RANGE] OnTriggerEnter2D on Enemy with tag=Ground ShouldRunAI=True
[DEBUG-RANGE] OnTriggerEnter2D on Enemy with tag=Untagged ShouldRunAI=True
[DEBUG-RANGE] OnTriggerEnter2D on Enemy with tag=Ground ShouldRunAI=True
[DEBUG-RANGE] OnTriggerEnter2D on Enemy with tag=Ground ShouldRunAI=True
[DEBUG-RANGE] OnTriggerEnter2D on Enemy with tag=Ground ShouldRunAI=True
[DEBUG-RANGE] OnTriggerEnter2D on Enemy with tag=Ground ShouldRunAI=True
[DEBUG-RANGE] OnTriggerEnter2D on Enemy with tag=Ground ShouldRunAI=True
[DEBUG-RANGE] OnTriggerEnter2D on Enemy with tag=Ground ShouldRunAI=True
[DEBUG-RANGE] OnTriggerEnter2D on Enemy with tag=Obstacle ShouldRunAI=True
[DEBUG-RANGE] OnTriggerEnter2D on Enemy with tag=Ground ShouldRunAI=True
[DEBUG-RANGE] OnTriggerEnter2D on Enemy with tag=Ground ShouldRunAI=True
[DEBUG-RANGE] OnTriggerEnter2D on Enemy with tag=Ground ShouldRunAI=True
[DEBUG-RANGE] OnTriggerEnter2D on Enemy with tag=Ground ShouldRunAI=True
[DEBUG-RANGE] OnTriggerEnter2D on Enemy with tag=Ground ShouldRunAI=True
[DEBUG-RANGE] OnTriggerEnter2D on Enemy with tag=Ground ShouldRunAI=True
[DEBUG-RANGE] OnTriggerEnter2D on Enemy with tag=Ground ShouldRunAI=True
[DEBUG-RANGE] OnTriggerEnter2D on Enemy with tag=Ground ShouldRunAI=True
[DEBUG-RANGE] OnTriggerEnter2D on Enemy with tag=Untagged ShouldRunAI=True
[DEBUG-RANGE] OnTriggerEnter2D on Enemy with tag=Untagged ShouldRunAI=True
[DEBUG-RANGE] OnTriggerEnter2D on Enemy with tag=Ground ShouldRunAI=True
[DEBUG-RANGE] OnTriggerEnter2D on Enemy with tag=Untagged ShouldRunAI=True
[DEBUG-RANGE] OnTriggerEnter2D on Enemy with tag=Ground ShouldRunAI=True
[DEBUG-RANGE] OnTriggerEnter2D on Enemy with tag=HitBox ShouldRunAI=True
[DEBUG-RANGE] OnTriggerEnter2D on Enemy with tag=HitBox ShouldRunAI=True
[DEBUG-RANGE] OnTriggerEnter2D on Enemy with tag=Ground ShouldRunAI=True
[DEBUG-RANGE] OnTriggerEnter2D on Enemy with tag=Untagged ShouldRunAI=True
[DEBUG-RANGE] OnTriggerEnter2D on Enemy with tag=Ground ShouldRunAI=True
[DEBUG-RANGE] OnTriggerEnter2D on Enemy with tag=Ground ShouldRunAI=True
[DEBUG-RANGE] OnTriggerEnter2D on Enemy with tag=Obstacle ShouldRunAI=True
[DEBUG-RANGE] OnTriggerEnter2D on Enemy with tag=Ground ShouldRunAI=True
[DEBUG-RANGE] OnTriggerEnter2D on Enemy with tag=Obstacle ShouldRunAI=True
[DEBUG-RANGE] OnTriggerEnter2D on Enemy with tag=Obstacle ShouldRunAI=True
[DEBUG-RANGE] OnTriggerEnter2D on Enemy with tag=Ground ShouldRunAI=True
[DEBUG-RANGE] OnTriggerEnter2D on Enemy with tag=Ground ShouldRunAI=True
[DEBUG-RANGE] OnTriggerEnter2D on Enemy with tag=Untagged ShouldRunAI=True
[DEBUG-RANGE] OnTriggerEnter2D on Enemy with tag=Ground ShouldRunAI=True
[DEBUG-RANGE] OnTriggerEnter2D on Enemy with tag=Ground ShouldRunAI=True
[DEBUG-RANGE] OnTriggerEnter2D on Enemy with tag=Ground ShouldRunAI=True
[DEBUG-RANGE] OnTriggerEnter2D on Enemy with tag=Ground ShouldRunAI=True
[DEBUG-RANGE] OnTriggerEnter2D on Enemy with tag=Ground ShouldRunAI=True
[DEBUG-RANGE] OnTriggerEnter2D on Enemy with tag=Ground ShouldRunAI=True
[DEBUG-RANGE] OnTriggerEnter2D on Enemy with tag=Ground ShouldRunAI=True
[DEBUG-RANGE] OnTriggerEnter2D on Enemy with tag=Ground ShouldRunAI=True
[DEBUG-RANGE] OnTriggerEnter2D on Enemy with tag=Ground ShouldRunAI=True
[DEBUG-RANGE] OnTriggerEnter2D on Enemy with tag=Ground ShouldRunAI=True
[DEBUG-RANGE] OnTriggerEnter2D on Enemy with tag=Ground ShouldRunAI=True
[DEBUG-RANGE] OnTriggerEnter2D on Enemy with tag=Ground ShouldRunAI=True
[DEBUG-RANGE] OnTriggerEnter2D on Enemy with tag=Ground ShouldRunAI=True
[DEBUG-RANGE] OnTriggerEnter2D on Enemy with tag=Untagged ShouldRunAI=True
[DEBUG-RANGE] OnTriggerEnter2D on Enemy with tag=Untagged ShouldRunAI=True
[DEBUG-RANGE] OnTriggerEnter2D on Enemy with tag=Ground ShouldRunAI=True
[DEBUG-RANGE] OnTriggerEnter2D on Enemy with tag=Ground ShouldRunAI=True
[DEBUG-RANGE] OnTriggerEnter2D on Enemy with tag=Ground ShouldRunAI=True
[DEBUG-RANGE] OnTriggerEnter2D on Enemy with tag=Ground ShouldRunAI=True
[DEBUG-RANGE] OnTriggerEnter2D on Enemy with tag=Ground ShouldRunAI=True
[DEBUG-RANGE] OnTriggerEnter2D on Enemy with tag=Ground ShouldRunAI=True
[DEBUG-RANGE] OnTriggerEnter2D on Enemy with tag=Ground ShouldRunAI=True
[DEBUG-RANGE] OnTriggerEnter2D on Enemy with tag=Ground ShouldRunAI=True
[DEBUG-RANGE] OnTriggerEnter2D on Enemy with tag=Ground ShouldRunAI=True
[DEBUG-RANGE] OnTriggerEnter2D on Enemy with tag=Ground ShouldRunAI=True
[DEBUG-RANGE] OnTriggerEnter2D on Enemy with tag=Ground ShouldRunAI=True
[DEBUG-RANGE] OnTriggerEnter2D on Enemy with tag=Untagged ShouldRunAI=True
[DEBUG-RANGE] OnTriggerEnter2D on Enemy with tag=Ground ShouldRunAI=True
[DEBUG-RANGE] OnTriggerEnter2D on Enemy with tag=Ground ShouldRunAI=True
[DEBUG-RANGE] OnTriggerEnter2D on Enemy with tag=Ground ShouldRunAI=True
[DEBUG-RANGE] OnTriggerEnter2D on Enemy with tag=Ground ShouldRunAI=True
[DEBUG-RANGE] OnTriggerEnter2D on Enemy with tag=Ground ShouldRunAI=True
[DEBUG-RANGE] OnTriggerEnter2D on Enemy with tag=Ground ShouldRunAI=True
[DEBUG-RANGE] OnTriggerEnter2D on Enemy with tag=Ground ShouldRunAI=True
[DEBUG-RANGE] OnTriggerEnter2D on Enemy with tag=Ground ShouldRunAI=True
[DEBUG-RANGE] OnTriggerEnter2D on Enemy with tag=Ground ShouldRunAI=True
[DEBUG-RANGE] OnTriggerEnter2D on Enemy with tag=Ground ShouldRunAI=True
[DEBUG-RANGE] OnTriggerEnter2D on Enemy with tag=Ground ShouldRunAI=True
[DEBUG-RANGE] OnTriggerEnter2D on Enemy with tag=Ground ShouldRunAI=True
[DEBUG-RANGE] OnTriggerEnter2D on Enemy with tag=Ground ShouldRunAI=True
[DEBUG-RANGE] OnTriggerEnter2D on Enemy with tag=Ground ShouldRunAI=True
[DEBUG-RANGE] OnTriggerEnter2D on Enemy with tag=Ground ShouldRunAI=True
[DEBUG-RANGE] OnTriggerEnter2D on Enemy with tag=Untagged ShouldRunAI=True
[DEBUG-RANGE] OnTriggerEnter2D on Enemy with tag=Ground ShouldRunAI=True
[DEBUG-RANGE] OnTriggerEnter2D on Enemy with tag=Ground ShouldRunAI=True
[DEBUG-RANGE] OnTriggerEnter2D on Enemy with tag=Obstacle ShouldRunAI=True
[DEBUG-RANGE] OnTriggerEnter2D on Enemy with tag=Ground ShouldRunAI=True
[DEBUG-RANGE] OnTriggerEnter2D on Enemy with tag=Ground ShouldRunAI=True
[DEBUG-RANGE] OnTriggerEnter2D on Enemy with tag=Ground ShouldRunAI=True
[DEBUG-RANGE] OnTriggerEnter2D on Enemy with tag=Ground ShouldRunAI=True
[DEBUG-RANGE] OnTriggerEnter2D on Enemy with tag=Ground ShouldRunAI=True
[DEBUG-RANGE] OnTriggerEnter2D on Enemy with tag=Ground ShouldRunAI=True
[DEBUG-ENEMY] Enemy IsAlive=True ShouldRunAI=True state=EvadeState MyTarget=Player [connId=1866355813] (Player) MyAttackTime=125,99 IsAttacking=False AttackRange=0 dist=11,75
[DEBUG-ENEMY] Enemy IsAlive=True ShouldRunAI=True state=IdleState MyTarget= MyAttackTime=125,99 IsAttacking=False AttackRange=0 dist=-1,00
[DEBUG-ENEMY] Enemy IsAlive=True ShouldRunAI=True state=FollowState MyTarget=Player [connId=1866355813] (Player) MyAttackTime=125,99 IsAttacking=False AttackRange=5 dist=10,78
[DEBUG-ENEMY] Enemy IsAlive=True ShouldRunAI=True state=FollowState MyTarget=Player [connId=1866355813] (Player) MyAttackTime=125,99 IsAttacking=False AttackRange=5 dist=10,80
[DEBUG-ENEMY] Enemy IsAlive=True ShouldRunAI=True state=FollowState MyTarget=Player [connId=1866355813] (Player) MyAttackTime=125,99 IsAttacking=False AttackRange=0 dist=19,55
[DEBUG-ENEMY] Enemy IsAlive=True ShouldRunAI=True state=FollowState MyTarget=Player [connId=1866355813] (Player) MyAttackTime=125,99 IsAttacking=False AttackRange=5 dist=10,80
[DEBUG-ENEMY] Enemy IsAlive=True ShouldRunAI=True state=IdleState MyTarget= MyAttackTime=125,99 IsAttacking=False AttackRange=0 dist=-1,00
[DEBUG-ENEMY] Enemy IsAlive=True ShouldRunAI=True state=EvadeState MyTarget=Player [connId=1866355813] (Player) MyAttackTime=125,99 IsAttacking=False AttackRange=0 dist=10,59
[DEBUG-ENEMY] Enemy IsAlive=True ShouldRunAI=True state=IdleState MyTarget= MyAttackTime=125,99 IsAttacking=False AttackRange=0 dist=-1,00
[DEBUG-ENEMY] Enemy IsAlive=True ShouldRunAI=True state=FollowState MyTarget=Player [connId=1866355813] (Player) MyAttackTime=125,99 IsAttacking=False AttackRange=5 dist=10,78
[DEBUG-RANGE] OnTriggerEnter2D on Enemy with tag=Ground ShouldRunAI=True
[DEBUG-RANGE] OnTriggerEnter2D on Enemy with tag=Obstacle ShouldRunAI=True
[DEBUG-RANGE] OnTriggerEnter2D on Enemy with tag=Ground ShouldRunAI=True
[DEBUG-RANGE] OnTriggerEnter2D on Enemy with tag=Ground ShouldRunAI=True
[DEBUG-RANGE] OnTriggerEnter2D on Enemy with tag=Untagged ShouldRunAI=True
[DEBUG-RANGE] OnTriggerEnter2D on Enemy with tag=Ground ShouldRunAI=True
[DEBUG-RANGE] OnTriggerEnter2D on Enemy with tag=Ground ShouldRunAI=True
[DEBUG-RANGE] OnTriggerEnter2D on Enemy with tag=Ground ShouldRunAI=True
[DEBUG-RANGE] OnTriggerEnter2D on Enemy with tag=Ground ShouldRunAI=True
[DEBUG-RANGE] OnTriggerEnter2D on Enemy with tag=Ground ShouldRunAI=True
[DEBUG-RANGE] OnTriggerEnter2D on Enemy with tag=Untagged ShouldRunAI=True
[DEBUG-RANGE] OnTriggerEnter2D on Enemy with tag=Ground ShouldRunAI=True
[DEBUG-RANGE] OnTriggerEnter2D on Enemy with tag=Ground ShouldRunAI=True
[DEBUG-RANGE] OnTriggerEnter2D on Enemy with tag=Obstacle ShouldRunAI=True
[DEBUG-RANGE] OnTriggerEnter2D on Enemy with tag=Ground ShouldRunAI=True
[DEBUG-RANGE] OnTriggerEnter2D on Enemy with tag=Ground ShouldRunAI=True
[DEBUG-RANGE] OnTriggerEnter2D on Enemy with tag=Ground ShouldRunAI=True
[DEBUG-RANGE] OnTriggerEnter2D on Enemy with tag=Ground ShouldRunAI=True
[DEBUG-RANGE] OnTriggerEnter2D on Enemy with tag=Ground ShouldRunAI=True
[DEBUG-RANGE] OnTriggerEnter2D on Enemy with tag=Ground ShouldRunAI=True
[DEBUG-RANGE] OnTriggerEnter2D on Enemy with tag=Ground ShouldRunAI=True
[DEBUG-RANGE] OnTriggerEnter2D on Enemy with tag=Untagged ShouldRunAI=True
[DEBUG-RANGE] OnTriggerEnter2D on Enemy with tag=Ground ShouldRunAI=True
[DEBUG-RANGE] OnTriggerEnter2D on Enemy with tag=Ground ShouldRunAI=True
[DEBUG-RANGE] OnTriggerEnter2D on Enemy with tag=Ground ShouldRunAI=True
[DEBUG-RANGE] OnTriggerEnter2D on Enemy with tag=Ground ShouldRunAI=True
[DEBUG-RANGE] OnTriggerEnter2D on Enemy with tag=Ground ShouldRunAI=True
[DEBUG-RANGE] OnTriggerEnter2D on Enemy with tag=Ground ShouldRunAI=True
[DEBUG-RANGE] OnTriggerEnter2D on Enemy with tag=Ground ShouldRunAI=True
[DEBUG-RANGE] OnTriggerEnter2D on Enemy with tag=Ground ShouldRunAI=True
[DEBUG-RANGE] OnTriggerEnter2D on Enemy with tag=Ground ShouldRunAI=True
[DEBUG-RANGE] OnTriggerEnter2D on Enemy with tag=Ground ShouldRunAI=True
[DEBUG-RANGE] OnTriggerEnter2D on Enemy with tag=Ground ShouldRunAI=True
[DEBUG-RANGE] OnTriggerEnter2D on Enemy with tag=Ground ShouldRunAI=True
[DEBUG-RANGE] OnTriggerEnter2D on Enemy with tag=Ground ShouldRunAI=True
[DEBUG-RANGE] OnTriggerEnter2D on Enemy with tag=Ground ShouldRunAI=True
[DEBUG-RANGE] OnTriggerEnter2D on Enemy with tag=Ground ShouldRunAI=True
[DEBUG-RANGE] OnTriggerEnter2D on Enemy with tag=Ground ShouldRunAI=True
[DEBUG-RANGE] OnTriggerEnter2D on Enemy with tag=Obstacle ShouldRunAI=True
[DEBUG-RANGE] OnTriggerEnter2D on Enemy with tag=Ground ShouldRunAI=True
[DEBUG-RANGE] OnTriggerEnter2D on Enemy with tag=Untagged ShouldRunAI=True
[DEBUG-RANGE] OnTriggerEnter2D on Enemy with tag=Untagged ShouldRunAI=True
[DEBUG-RANGE] OnTriggerEnter2D on Enemy with tag=Ground ShouldRunAI=True
[DEBUG-RANGE] OnTriggerEnter2D on Enemy with tag=Ground ShouldRunAI=True
[DEBUG-RANGE] OnTriggerEnter2D on Enemy with tag=Ground ShouldRunAI=True
[DEBUG-RANGE] OnTriggerEnter2D on Enemy with tag=Ground ShouldRunAI=True
[DEBUG-RANGE] OnTriggerEnter2D on Enemy with tag=Ground ShouldRunAI=True
[DEBUG-RANGE] OnTriggerEnter2D on Enemy with tag=Ground ShouldRunAI=True
[DEBUG-RANGE] OnTriggerEnter2D on Enemy with tag=Ground ShouldRunAI=True
[DEBUG-RANGE] OnTriggerEnter2D on Enemy with tag=Obstacle ShouldRunAI=True
[DEBUG-RANGE] OnTriggerEnter2D on Enemy with tag=Ground ShouldRunAI=True
[DEBUG-RANGE] OnTriggerEnter2D on Enemy with tag=Ground ShouldRunAI=True
[DEBUG-RANGE] OnTriggerEnter2D on Enemy with tag=Untagged ShouldRunAI=True
[DEBUG-RANGE] OnTriggerEnter2D on Enemy with tag=Untagged ShouldRunAI=True
[DEBUG-RANGE] OnTriggerEnter2D on Enemy with tag=Ground ShouldRunAI=True
[DEBUG-RANGE] OnTriggerEnter2D on Enemy with tag=Ground ShouldRunAI=True
[DEBUG-RANGE] OnTriggerEnter2D on Enemy with tag=Ground ShouldRunAI=True
[DEBUG-RANGE] OnTriggerEnter2D on Enemy with tag=Ground ShouldRunAI=True
[DEBUG-RANGE] OnTriggerEnter2D on Enemy with tag=Ground ShouldRunAI=True
[DEBUG-RANGE] OnTriggerEnter2D on Enemy with tag=Ground ShouldRunAI=True
[DEBUG-RANGE] OnTriggerEnter2D on Enemy with tag=Untagged ShouldRunAI=True
[DEBUG-RANGE] OnTriggerEnter2D on Enemy with tag=Untagged ShouldRunAI=True
[DEBUG-RANGE] OnTriggerEnter2D on Enemy with tag=Ground ShouldRunAI=True
[DEBUG-RANGE] OnTriggerEnter2D on Enemy with tag=Ground ShouldRunAI=True
[DEBUG-RANGE] OnTriggerEnter2D on Enemy with tag=Ground ShouldRunAI=True
[DEBUG-RANGE] OnTriggerEnter2D on Enemy with tag=Ground ShouldRunAI=True
[DEBUG-RANGE] OnTriggerEnter2D on Enemy with tag=Ground ShouldRunAI=True
[DEBUG-RANGE] OnTriggerEnter2D on Enemy with tag=Ground ShouldRunAI=True
[DEBUG-RANGE] OnTriggerEnter2D on Enemy with tag=Ground ShouldRunAI=True
[DEBUG-RANGE] OnTriggerEnter2D on Enemy with tag=Ground ShouldRunAI=True
[DEBUG-RANGE] OnTriggerEnter2D on Enemy with tag=Ground ShouldRunAI=True
[DEBUG-RANGE] OnTriggerEnter2D on Enemy with tag=Ground ShouldRunAI=True
[DEBUG-RANGE] OnTriggerEnter2D on Enemy with tag=Untagged ShouldRunAI=True
[DEBUG-RANGE] OnTriggerEnter2D on Enemy with tag=Ground ShouldRunAI=True
[DEBUG-RANGE] OnTriggerEnter2D on Enemy with tag=Ground ShouldRunAI=True
[DEBUG-RANGE] OnTriggerEnter2D on Enemy with tag=Ground ShouldRunAI=True
[DEBUG-RANGE] OnTriggerEnter2D on Enemy with tag=Untagged ShouldRunAI=True
[DEBUG-RANGE] OnTriggerEnter2D on Enemy with tag=Ground ShouldRunAI=True
[DEBUG-RANGE] OnTriggerEnter2D on Enemy with tag=Ground ShouldRunAI=True
[DEBUG-RANGE] OnTriggerEnter2D on Enemy with tag=Ground ShouldRunAI=True
[DEBUG-RANGE] OnTriggerEnter2D on Enemy with tag=Ground ShouldRunAI=True
[DEBUG-RANGE] OnTriggerEnter2D on Enemy with tag=Ground ShouldRunAI=True
[DEBUG-RANGE] OnTriggerEnter2D on Enemy with tag=Ground ShouldRunAI=True
[DEBUG-RANGE] OnTriggerEnter2D on Enemy with tag=Ground ShouldRunAI=True
[DEBUG-RANGE] OnTriggerEnter2D on Enemy with tag=Ground ShouldRunAI=True
[DEBUG-RANGE] OnTriggerEnter2D on Enemy with tag=Ground ShouldRunAI=True
[DEBUG-RANGE] OnTriggerEnter2D on Enemy with tag=Ground ShouldRunAI=True
[DEBUG-RANGE] OnTriggerEnter2D on Enemy with tag=Ground ShouldRunAI=True
[DEBUG-RANGE] OnTriggerEnter2D on Enemy with tag=Ground ShouldRunAI=True
[DEBUG-RANGE] OnTriggerEnter2D on Enemy with tag=Ground ShouldRunAI=True
[DEBUG-RANGE] OnTriggerEnter2D on Enemy with tag=Ground ShouldRunAI=True
[DEBUG-RANGE] OnTriggerEnter2D on Enemy with tag=Obstacle ShouldRunAI=True
[DEBUG-RANGE] OnTriggerEnter2D on Enemy with tag=Ground ShouldRunAI=True
[DEBUG-RANGE] OnTriggerEnter2D on Enemy with tag=Ground ShouldRunAI=True
[DEBUG-RANGE] OnTriggerEnter2D on Enemy with tag=Ground ShouldRunAI=True
[DEBUG-RANGE] OnTriggerEnter2D on Enemy with tag=Ground ShouldRunAI=True
[DEBUG-RANGE] OnTriggerEnter2D on Enemy with tag=Ground ShouldRunAI=True
[DEBUG-RANGE] OnTriggerEnter2D on Enemy with tag=Ground ShouldRunAI=True
[DEBUG-RANGE] OnTriggerEnter2D on Enemy with tag=Ground ShouldRunAI=True
[DEBUG-RANGE] OnTriggerEnter2D on Enemy with tag=Ground ShouldRunAI=True
[DEBUG-RANGE] OnTriggerEnter2D on Enemy with tag=Ground ShouldRunAI=True
[DEBUG-RANGE] OnTriggerEnter2D on Enemy with tag=Ground ShouldRunAI=True
[DEBUG-RANGE] OnTriggerEnter2D on Enemy with tag=Ground ShouldRunAI=True
[DEBUG-RANGE] OnTriggerEnter2D on Enemy with tag=Untagged ShouldRunAI=True
[DEBUG-RANGE] OnTriggerEnter2D on Enemy with tag=Untagged ShouldRunAI=True
[DEBUG-RANGE] OnTriggerEnter2D on Enemy with tag=Untagged ShouldRunAI=True
[DEBUG-RANGE] OnTriggerEnter2D on Enemy with tag=Untagged ShouldRunAI=True
[DEBUG-RANGE] OnTriggerEnter2D on Enemy with tag=Ground ShouldRunAI=True
[DEBUG-RANGE] OnTriggerEnter2D on Enemy with tag=Ground ShouldRunAI=True
[DEBUG-RANGE] OnTriggerEnter2D on Enemy with tag=Ground ShouldRunAI=True
[DEBUG-RANGE] OnTriggerEnter2D on Enemy with tag=Ground ShouldRunAI=True
[DEBUG-RANGE] OnTriggerEnter2D on Enemy with tag=Ground ShouldRunAI=True
[DEBUG-RANGE] OnTriggerEnter2D on Enemy with tag=Ground ShouldRunAI=True
[DEBUG-RANGE] OnTriggerEnter2D on Enemy with tag=Ground ShouldRunAI=True
[DEBUG-RANGE] OnTriggerEnter2D on Enemy with tag=Untagged ShouldRunAI=True
[DEBUG-RANGE] OnTriggerEnter2D on Enemy with tag=Obstacle ShouldRunAI=True
[DEBUG-RANGE] OnTriggerEnter2D on Enemy with tag=Ground ShouldRunAI=True
[DEBUG-RANGE] OnTriggerEnter2D on Enemy with tag=Ground ShouldRunAI=True
[DEBUG-RANGE] OnTriggerEnter2D on Enemy with tag=Ground ShouldRunAI=True
[DEBUG-RANGE] OnTriggerEnter2D on Enemy with tag=Ground ShouldRunAI=True
[DEBUG-RANGE] OnTriggerEnter2D on Enemy with tag=Ground ShouldRunAI=True
[DEBUG-RANGE] OnTriggerEnter2D on Enemy with tag=Ground ShouldRunAI=True
[DEBUG-RANGE] OnTriggerEnter2D on Enemy with tag=Ground ShouldRunAI=True
[DEBUG-RANGE] OnTriggerEnter2D on Enemy with tag=Ground ShouldRunAI=True
[DEBUG-RANGE] OnTriggerEnter2D on Enemy with tag=Untagged ShouldRunAI=True
[DEBUG-RANGE] OnTriggerEnter2D on Enemy with tag=Untagged ShouldRunAI=True
[DEBUG-RANGE] OnTriggerEnter2D on Enemy with tag=Untagged ShouldRunAI=True
[DEBUG-RANGE] OnTriggerEnter2D on Enemy with tag=Untagged ShouldRunAI=True
[DEBUG-RANGE] OnTriggerEnter2D on Enemy with tag=Ground ShouldRunAI=True
[DEBUG-RANGE] OnTriggerEnter2D on Enemy with tag=Ground ShouldRunAI=True
[DEBUG-RANGE] OnTriggerEnter2D on Enemy with tag=Ground ShouldRunAI=True
[DEBUG-RANGE] OnTriggerEnter2D on Enemy with tag=Ground ShouldRunAI=True
[DEBUG-RANGE] OnTriggerEnter2D on Enemy with tag=Untagged ShouldRunAI=True
[DEBUG-RANGE] OnTriggerEnter2D on Enemy with tag=Untagged ShouldRunAI=True
[DEBUG-RANGE] OnTriggerEnter2D on Enemy with tag=Ground ShouldRunAI=True
[DEBUG-RANGE] OnTriggerEnter2D on Enemy with tag=Ground ShouldRunAI=True
[DEBUG-RANGE] OnTriggerEnter2D on Enemy with tag=Ground ShouldRunAI=True
[DEBUG-RANGE] OnTriggerEnter2D on Enemy with tag=Ground ShouldRunAI=True
[DEBUG-RANGE] OnTriggerEnter2D on Enemy with tag=Ground ShouldRunAI=True
[DEBUG-RANGE] OnTriggerEnter2D on Enemy with tag=Ground ShouldRunAI=True
[DEBUG-RANGE] OnTriggerEnter2D on Enemy with tag=Ground ShouldRunAI=True
[DEBUG-RANGE] OnTriggerEnter2D on Enemy with tag=Ground ShouldRunAI=True
[DEBUG-RANGE] OnTriggerEnter2D on Enemy with tag=Ground ShouldRunAI=True
[DEBUG-RANGE] OnTriggerEnter2D on Enemy with tag=Ground ShouldRunAI=True
[DEBUG-RANGE] OnTriggerEnter2D on Enemy with tag=Ground ShouldRunAI=True
[DEBUG-RANGE] OnTriggerEnter2D on Enemy with tag=Ground ShouldRunAI=True
[DEBUG-RANGE] OnTriggerEnter2D on Enemy with tag=Untagged ShouldRunAI=True
[DEBUG-RANGE] OnTriggerEnter2D on Enemy with tag=Ground ShouldRunAI=True
[DEBUG-RANGE] OnTriggerEnter2D on Enemy with tag=Ground ShouldRunAI=True
[DEBUG-RANGE] OnTriggerEnter2D on Enemy with tag=Ground ShouldRunAI=True
[DEBUG-RANGE] OnTriggerEnter2D on Enemy with tag=Ground ShouldRunAI=True
[DEBUG-RANGE] OnTriggerEnter2D on Enemy with tag=Ground ShouldRunAI=True
[DEBUG-RANGE] OnTriggerEnter2D on Enemy with tag=Ground ShouldRunAI=True
[DEBUG-RANGE] OnTriggerEnter2D on Enemy with tag=Ground ShouldRunAI=True
[DEBUG-RANGE] OnTriggerEnter2D on Enemy with tag=Ground ShouldRunAI=True
[DEBUG-RANGE] OnTriggerEnter2D on Enemy with tag=Ground ShouldRunAI=True
[DEBUG-RANGE] OnTriggerEnter2D on Enemy with tag=Ground ShouldRunAI=True
[DEBUG-RANGE] OnTriggerEnter2D on Enemy with tag=Ground ShouldRunAI=True
[DEBUG-RANGE] OnTriggerEnter2D on Enemy with tag=Ground ShouldRunAI=True
[DEBUG-RANGE] OnTriggerEnter2D on Enemy with tag=Ground ShouldRunAI=True
[DEBUG-RANGE] OnTriggerEnter2D on Enemy with tag=Ground ShouldRunAI=True
[DEBUG-RANGE] OnTriggerEnter2D on Enemy with tag=Untagged ShouldRunAI=True
[DEBUG-RANGE] OnTriggerEnter2D on Enemy with tag=Ground ShouldRunAI=True
[DEBUG-RANGE] OnTriggerEnter2D on Enemy with tag=Ground ShouldRunAI=True
[DEBUG-RANGE] OnTriggerEnter2D on Enemy with tag=Ground ShouldRunAI=True
[DEBUG-RANGE] OnTriggerEnter2D on Enemy with tag=Ground ShouldRunAI=True
[DEBUG-RANGE] OnTriggerEnter2D on Enemy with tag=Ground ShouldRunAI=True
[DEBUG-RANGE] OnTriggerEnter2D on Enemy with tag=Ground ShouldRunAI=True
[DEBUG-RANGE] OnTriggerEnter2D on Enemy with tag=Ground ShouldRunAI=True
[DEBUG-RANGE] OnTriggerEnter2D on Enemy with tag=Ground ShouldRunAI=True
[DEBUG-RANGE] OnTriggerEnter2D on Enemy with tag=Ground ShouldRunAI=True
[DEBUG-RANGE] OnTriggerEnter2D on Enemy with tag=Ground ShouldRunAI=True
[DEBUG-RANGE] OnTriggerEnter2D on Enemy with tag=Ground ShouldRunAI=True
[DEBUG-RANGE] OnTriggerEnter2D on Enemy with tag=Ground ShouldRunAI=True
[DEBUG-RANGE] OnTriggerEnter2D on Enemy with tag=Ground ShouldRunAI=True
[DEBUG-RANGE] OnTriggerEnter2D on Enemy with tag=Ground ShouldRunAI=True
[DEBUG-RANGE] OnTriggerEnter2D on Enemy with tag=Ground ShouldRunAI=True
[DEBUG-RANGE] OnTriggerEnter2D on Enemy with tag=Ground ShouldRunAI=True
[DEBUG-RANGE] OnTriggerEnter2D on Enemy with tag=Ground ShouldRunAI=True
[DEBUG-RANGE] OnTriggerEnter2D on Enemy with tag=Ground ShouldRunAI=True
[DEBUG-RANGE] OnTriggerEnter2D on Enemy with tag=Ground ShouldRunAI=True
[DEBUG-RANGE] OnTriggerEnter2D on Enemy with tag=Obstacle ShouldRunAI=True
[DEBUG-RANGE] OnTriggerEnter2D on Enemy with tag=Ground ShouldRunAI=True
[DEBUG-RANGE] OnTriggerEnter2D on Enemy with tag=Ground ShouldRunAI=True
[DEBUG-RANGE] OnTriggerEnter2D on Enemy with tag=Ground ShouldRunAI=True
[DEBUG-RANGE] OnTriggerEnter2D on Enemy with tag=Ground ShouldRunAI=True
[DEBUG-RANGE] OnTriggerEnter2D on Enemy with tag=Ground ShouldRunAI=True
[DEBUG-RANGE] OnTriggerEnter2D on Enemy with tag=Ground ShouldRunAI=True
[DEBUG-RANGE] OnTriggerEnter2D on Enemy with tag=Ground ShouldRunAI=True
[DEBUG-RANGE] OnTriggerEnter2D on Enemy with tag=Ground ShouldRunAI=True
[DEBUG-RANGE] OnTriggerEnter2D on Enemy with tag=Ground ShouldRunAI=True
[DEBUG-RANGE] OnTriggerEnter2D on Enemy with tag=Ground ShouldRunAI=True
[DEBUG-RANGE] OnTriggerEnter2D on Enemy with tag=Ground ShouldRunAI=True
[DEBUG-RANGE] OnTriggerEnter2D on Enemy with tag=Ground ShouldRunAI=True
[DEBUG-RANGE] OnTriggerEnter2D on Enemy with tag=Ground ShouldRunAI=True
[DEBUG-RANGE] OnTriggerEnter2D on Enemy with tag=Ground ShouldRunAI=True
[DEBUG-RANGE] OnTriggerEnter2D on Enemy with tag=Ground ShouldRunAI=True
[DEBUG-RANGE] OnTriggerEnter2D on Enemy with tag=Ground ShouldRunAI=True
[DEBUG-RANGE] OnTriggerEnter2D on Enemy with tag=Enemy ShouldRunAI=True
[DEBUG-RANGE] OnTriggerEnter2D on Enemy with tag=Enemy ShouldRunAI=True
[DEBUG-RANGE] OnTriggerEnter2D on Enemy with tag=Ground ShouldRunAI=True
[DEBUG-RANGE] OnTriggerEnter2D on Enemy with tag=Ground ShouldRunAI=True
[DEBUG-RANGE] OnTriggerEnter2D on Enemy with tag=Ground ShouldRunAI=True
[DEBUG-RANGE] OnTriggerEnter2D on Enemy with tag=Ground ShouldRunAI=True
[DEBUG-RANGE] OnTriggerEnter2D on Enemy with tag=Ground ShouldRunAI=True
[DEBUG-RANGE] OnTriggerEnter2D on Enemy with tag=Untagged ShouldRunAI=True
[DEBUG-RANGE] OnTriggerEnter2D on Enemy with tag=Untagged ShouldRunAI=True
[DEBUG-RANGE] OnTriggerEnter2D on Enemy with tag=Ground ShouldRunAI=True
[DEBUG-RANGE] OnTriggerEnter2D on Enemy with tag=Ground ShouldRunAI=True
[DEBUG-RANGE] OnTriggerEnter2D on Enemy with tag=Ground ShouldRunAI=True
[DEBUG-RANGE] OnTriggerEnter2D on Enemy with tag=Ground ShouldRunAI=True
[DEBUG-ENEMY] Enemy IsAlive=True ShouldRunAI=True state=IdleState MyTarget= MyAttackTime=127,99 IsAttacking=False AttackRange=0 dist=-1,00
[DEBUG-ENEMY] Enemy IsAlive=True ShouldRunAI=True state=IdleState MyTarget= MyAttackTime=127,99 IsAttacking=False AttackRange=0 dist=-1,00
[DEBUG-ENEMY] Enemy IsAlive=True ShouldRunAI=True state=FollowState MyTarget=Player [connId=1866355813] (Player) MyAttackTime=127,99 IsAttacking=False AttackRange=5 dist=10,73
[DEBUG-ENEMY] Enemy IsAlive=True ShouldRunAI=True state=FollowState MyTarget=Player [connId=1866355813] (Player) MyAttackTime=127,99 IsAttacking=False AttackRange=5 dist=10,80
[DEBUG-ENEMY] Enemy IsAlive=True ShouldRunAI=True state=FollowState MyTarget=Player [connId=1866355813] (Player) MyAttackTime=127,99 IsAttacking=False AttackRange=0 dist=19,55
[DEBUG-ENEMY] Enemy IsAlive=True ShouldRunAI=True state=FollowState MyTarget=Player [connId=1866355813] (Player) MyAttackTime=127,99 IsAttacking=False AttackRange=5 dist=10,80
[DEBUG-ENEMY] Enemy IsAlive=True ShouldRunAI=True state=IdleState MyTarget= MyAttackTime=127,99 IsAttacking=False AttackRange=0 dist=-1,00
[DEBUG-ENEMY] Enemy IsAlive=True ShouldRunAI=True state=EvadeState MyTarget=Player [connId=1866355813] (Player) MyAttackTime=127,99 IsAttacking=False AttackRange=0 dist=13,91
[DEBUG-ENEMY] Enemy IsAlive=True ShouldRunAI=True state=IdleState MyTarget= MyAttackTime=127,99 IsAttacking=False AttackRange=0 dist=-1,00
[DEBUG-ENEMY] Enemy IsAlive=True ShouldRunAI=True state=FollowState MyTarget=Player [connId=1866355813] (Player) MyAttackTime=127,99 IsAttacking=False AttackRange=5 dist=10,73
[DEBUG-RANGE] OnTriggerEnter2D on Enemy with tag=Ground ShouldRunAI=True
[DEBUG-RANGE] OnTriggerEnter2D on Enemy with tag=Ground ShouldRunAI=True
[DEBUG-RANGE] OnTriggerEnter2D on Enemy with tag=Ground ShouldRunAI=True
[DEBUG-RANGE] OnTriggerEnter2D on Enemy with tag=Ground ShouldRunAI=True
[DEBUG-RANGE] OnTriggerEnter2D on Enemy with tag=Ground ShouldRunAI=True
[DEBUG-RANGE] OnTriggerEnter2D on Enemy with tag=Ground ShouldRunAI=True
[DEBUG-RANGE] OnTriggerEnter2D on Enemy with tag=Untagged ShouldRunAI=True
[DEBUG-RANGE] OnTriggerEnter2D on Enemy with tag=Ground ShouldRunAI=True
[DEBUG-RANGE] OnTriggerEnter2D on Enemy with tag=Ground ShouldRunAI=True
[DEBUG-RANGE] OnTriggerEnter2D on Enemy with tag=Ground ShouldRunAI=True
[DEBUG-RANGE] OnTriggerEnter2D on Enemy with tag=Ground ShouldRunAI=True
[DEBUG-RANGE] OnTriggerEnter2D on Enemy with tag=Ground ShouldRunAI=True
[DEBUG-RANGE] OnTriggerEnter2D on Enemy with tag=Ground ShouldRunAI=True
[DEBUG-RANGE] OnTriggerEnter2D on Enemy with tag=Ground ShouldRunAI=True
[DEBUG-RANGE] OnTriggerEnter2D on Enemy with tag=Ground ShouldRunAI=True
[DEBUG-RANGE] OnTriggerEnter2D on Enemy with tag=Ground ShouldRunAI=True
[DEBUG-RANGE] OnTriggerEnter2D on Enemy with tag=Ground ShouldRunAI=True
[DEBUG-RANGE] OnTriggerEnter2D on Enemy with tag=Ground ShouldRunAI=True
[DEBUG-RANGE] OnTriggerEnter2D on Enemy with tag=Ground ShouldRunAI=True
[DEBUG-RANGE] OnTriggerEnter2D on Enemy with tag=Ground ShouldRunAI=True
[DEBUG-RANGE] OnTriggerEnter2D on Enemy with tag=Ground ShouldRunAI=True
[DEBUG-RANGE] OnTriggerEnter2D on Enemy with tag=Ground ShouldRunAI=True
[DEBUG-RANGE] OnTriggerEnter2D on Enemy with tag=Ground ShouldRunAI=True
[DEBUG-RANGE] OnTriggerEnter2D on Enemy with tag=Ground ShouldRunAI=True
[DEBUG-RANGE] OnTriggerEnter2D on Enemy with tag=Ground ShouldRunAI=True
[DEBUG-RANGE] OnTriggerEnter2D on Enemy with tag=Ground ShouldRunAI=True
[DEBUG-RANGE] OnTriggerEnter2D on Enemy with tag=Ground ShouldRunAI=True
[DEBUG-RANGE] OnTriggerEnter2D on Enemy with tag=Ground ShouldRunAI=True
[DEBUG-RANGE] OnTriggerEnter2D on Enemy with tag=Ground ShouldRunAI=True
[DEBUG-RANGE] OnTriggerEnter2D on Enemy with tag=Ground ShouldRunAI=True
[DEBUG-RANGE] OnTriggerEnter2D on Enemy with tag=Ground ShouldRunAI=True
[DEBUG-RANGE] OnTriggerEnter2D on Enemy with tag=Ground ShouldRunAI=True
[DEBUG-RANGE] OnTriggerEnter2D on Enemy with tag=Ground ShouldRunAI=True
[DEBUG-RANGE] OnTriggerEnter2D on Enemy with tag=Ground ShouldRunAI=True
[DEBUG-RANGE] OnTriggerEnter2D on Enemy with tag=Ground ShouldRunAI=True
[DEBUG-RANGE] OnTriggerEnter2D on Enemy with tag=Enemy ShouldRunAI=True
[DEBUG-RANGE] OnTriggerEnter2D on Enemy with tag=Enemy ShouldRunAI=True
[DEBUG-RANGE] OnTriggerEnter2D on Enemy with tag=Ground ShouldRunAI=True
[DEBUG-RANGE] OnTriggerEnter2D on Enemy with tag=Ground ShouldRunAI=True
[DEBUG-RANGE] OnTriggerEnter2D on Enemy with tag=Ground ShouldRunAI=True
[DEBUG-RANGE] OnTriggerEnter2D on Enemy with tag=Ground ShouldRunAI=True
[DEBUG-RANGE] OnTriggerEnter2D on Enemy with tag=Ground ShouldRunAI=True
[DEBUG-RANGE] OnTriggerEnter2D on Enemy with tag=Ground ShouldRunAI=True
[DEBUG-RANGE] OnTriggerEnter2D on Enemy with tag=Ground ShouldRunAI=True
[DEBUG-RANGE] OnTriggerEnter2D on Enemy with tag=Ground ShouldRunAI=True
[DEBUG-RANGE] OnTriggerEnter2D on Enemy with tag=Ground ShouldRunAI=True
[DEBUG-RANGE] OnTriggerEnter2D on Enemy with tag=Ground ShouldRunAI=True
[DEBUG-RANGE] OnTriggerEnter2D on Enemy with tag=Ground ShouldRunAI=True
[DEBUG-RANGE] OnTriggerEnter2D on Enemy with tag=Ground ShouldRunAI=True
[DEBUG-RANGE] OnTriggerEnter2D on Enemy with tag=Ground ShouldRunAI=True
[DEBUG-RANGE] OnTriggerEnter2D on Enemy with tag=Ground ShouldRunAI=True
[DEBUG-RANGE] OnTriggerEnter2D on Enemy with tag=Ground ShouldRunAI=True
[DEBUG-RANGE] OnTriggerEnter2D on Enemy with tag=Ground ShouldRunAI=True
[DEBUG-RANGE] OnTriggerEnter2D on Enemy with tag=Ground ShouldRunAI=True
[DEBUG-RANGE] OnTriggerEnter2D on Enemy with tag=Ground ShouldRunAI=True
[DEBUG-RANGE] OnTriggerEnter2D on Enemy with tag=Untagged ShouldRunAI=True
[DEBUG-RANGE] OnTriggerEnter2D on Enemy with tag=Untagged ShouldRunAI=True
[DEBUG-RANGE] OnTriggerEnter2D on Enemy with tag=Untagged ShouldRunAI=True
[DEBUG-RANGE] OnTriggerEnter2D on Enemy with tag=Untagged ShouldRunAI=True
[DEBUG-RANGE] OnTriggerEnter2D on Enemy with tag=HitBox ShouldRunAI=True
[DEBUG-RANGE] OnTriggerEnter2D on Enemy with tag=HitBox ShouldRunAI=True
[DEBUG-RANGE] OnTriggerEnter2D on Enemy with tag=Untagged ShouldRunAI=True
[DEBUG-RANGE] OnTriggerEnter2D on Enemy with tag=Ground ShouldRunAI=True
[DEBUG-RANGE] OnTriggerEnter2D on Enemy with tag=Ground ShouldRunAI=True
[DEBUG-RANGE] OnTriggerEnter2D on Enemy with tag=Ground ShouldRunAI=True
[DEBUG-RANGE] OnTriggerEnter2D on Enemy with tag=Ground ShouldRunAI=True
[DEBUG-RANGE] OnTriggerEnter2D on Enemy with tag=Ground ShouldRunAI=True
[DEBUG-RANGE] OnTriggerEnter2D on Enemy with tag=Ground ShouldRunAI=True
[DEBUG-RANGE] OnTriggerEnter2D on Enemy with tag=Ground ShouldRunAI=True
[DEBUG-RANGE] OnTriggerEnter2D on Enemy with tag=Ground ShouldRunAI=True
[DEBUG-RANGE] OnTriggerEnter2D on Enemy with tag=Ground ShouldRunAI=True
[DEBUG-RANGE] OnTriggerEnter2D on Enemy with tag=Ground ShouldRunAI=True
[DEBUG-RANGE] OnTriggerEnter2D on Enemy with tag=Ground ShouldRunAI=True
[DEBUG-RANGE] OnTriggerEnter2D on Enemy with tag=Ground ShouldRunAI=True
[DEBUG-RANGE] OnTriggerEnter2D on Enemy with tag=Ground ShouldRunAI=True
[DEBUG-RANGE] OnTriggerEnter2D on Enemy with tag=Untagged ShouldRunAI=True
[DEBUG-RANGE] OnTriggerEnter2D on Enemy with tag=Ground ShouldRunAI=True
[DEBUG-RANGE] OnTriggerEnter2D on Enemy with tag=Ground ShouldRunAI=True
[DEBUG-RANGE] OnTriggerEnter2D on Enemy with tag=Ground ShouldRunAI=True
[DEBUG-RANGE] OnTriggerEnter2D on Enemy with tag=Ground ShouldRunAI=True
[DEBUG-RANGE] OnTriggerEnter2D on Enemy with tag=Ground ShouldRunAI=True
[DEBUG-RANGE] OnTriggerEnter2D on Enemy with tag=Ground ShouldRunAI=True
[DEBUG-RANGE] OnTriggerEnter2D on Enemy with tag=Ground ShouldRunAI=True
[DEBUG-RANGE] OnTriggerEnter2D on Enemy with tag=Ground ShouldRunAI=True
[DEBUG-RANGE] OnTriggerEnter2D on Enemy with tag=Ground ShouldRunAI=True
[DEBUG-RANGE] OnTriggerEnter2D on Enemy with tag=Ground ShouldRunAI=True
[DEBUG-RANGE] OnTriggerEnter2D on Enemy with tag=Ground ShouldRunAI=True
[DEBUG-RANGE] OnTriggerEnter2D on Enemy with tag=Ground ShouldRunAI=True
[DEBUG-RANGE] OnTriggerEnter2D on Enemy with tag=Ground ShouldRunAI=True
[DEBUG-RANGE] OnTriggerEnter2D on Enemy with tag=Ground ShouldRunAI=True
[DEBUG-RANGE] OnTriggerEnter2D on Enemy with tag=Ground ShouldRunAI=True
[DEBUG-RANGE] OnTriggerEnter2D on Enemy with tag=Ground ShouldRunAI=True
[DEBUG-RANGE] OnTriggerEnter2D on Enemy with tag=Ground ShouldRunAI=True
[DEBUG-RANGE] OnTriggerEnter2D on Enemy with tag=Ground ShouldRunAI=True
[DEBUG-RANGE] OnTriggerEnter2D on Enemy with tag=Ground ShouldRunAI=True
[DEBUG-RANGE] OnTriggerEnter2D on Enemy with tag=Ground ShouldRunAI=True
[DEBUG-RANGE] OnTriggerEnter2D on Enemy with tag=Ground ShouldRunAI=True
[DEBUG-RANGE] OnTriggerEnter2D on Enemy with tag=Ground ShouldRunAI=True
[DEBUG-RANGE] OnTriggerEnter2D on Enemy with tag=Ground ShouldRunAI=True
[DEBUG-RANGE] OnTriggerEnter2D on Enemy with tag=Ground ShouldRunAI=True
[DEBUG-RANGE] OnTriggerEnter2D on Enemy with tag=Ground ShouldRunAI=True
[DEBUG-RANGE] OnTriggerEnter2D on Enemy with tag=Untagged ShouldRunAI=True
[DEBUG-RANGE] OnTriggerEnter2D on Enemy with tag=Untagged ShouldRunAI=True
[DEBUG-RANGE] OnTriggerEnter2D on Enemy with tag=Ground ShouldRunAI=True
[DEBUG-RANGE] OnTriggerEnter2D on Enemy with tag=Untagged ShouldRunAI=True
[DEBUG-RANGE] OnTriggerEnter2D on Enemy with tag=Untagged ShouldRunAI=True
[DEBUG-RANGE] OnTriggerEnter2D on Enemy with tag=Untagged ShouldRunAI=True
[DEBUG-RANGE] OnTriggerEnter2D on Enemy with tag=Untagged ShouldRunAI=True
[DEBUG-RANGE] OnTriggerEnter2D on Enemy with tag=Ground ShouldRunAI=True
[DEBUG-RANGE] OnTriggerEnter2D on Enemy with tag=Ground ShouldRunAI=True
[DEBUG-RANGE] OnTriggerEnter2D on Enemy with tag=Ground ShouldRunAI=True
[DEBUG-RANGE] OnTriggerEnter2D on Enemy with tag=Ground ShouldRunAI=True
[DEBUG-RANGE] OnTriggerEnter2D on Enemy with tag=Ground ShouldRunAI=True
[DEBUG-RANGE] OnTriggerEnter2D on Enemy with tag=Ground ShouldRunAI=True
[DEBUG-RANGE] OnTriggerEnter2D on Enemy with tag=Ground ShouldRunAI=True
[DEBUG-RANGE] OnTriggerEnter2D on Enemy with tag=Ground ShouldRunAI=True
[DEBUG-RANGE] OnTriggerEnter2D on Enemy with tag=Ground ShouldRunAI=True
[DEBUG-RANGE] OnTriggerEnter2D on Enemy with tag=Ground ShouldRunAI=True
[DEBUG-RANGE] OnTriggerEnter2D on Enemy with tag=Ground ShouldRunAI=True
[DEBUG-RANGE] OnTriggerEnter2D on Enemy with tag=Ground ShouldRunAI=True
[DEBUG-RANGE] OnTriggerEnter2D on Enemy with tag=Ground ShouldRunAI=True
[DEBUG-RANGE] OnTriggerEnter2D on Enemy with tag=Ground ShouldRunAI=True
[DEBUG-RANGE] OnTriggerEnter2D on Enemy with tag=Ground ShouldRunAI=True
[DEBUG-RANGE] OnTriggerEnter2D on Enemy with tag=Ground ShouldRunAI=True
[DEBUG-RANGE] OnTriggerEnter2D on Enemy with tag=Ground ShouldRunAI=True
[DEBUG-RANGE] OnTriggerEnter2D on Enemy with tag=Ground ShouldRunAI=True
[DEBUG-RANGE] OnTriggerEnter2D on Enemy with tag=Ground ShouldRunAI=True
[DEBUG-RANGE] OnTriggerEnter2D on Enemy with tag=Ground ShouldRunAI=True
[DEBUG-RANGE] OnTriggerEnter2D on Enemy with tag=Ground ShouldRunAI=True
[DEBUG-RANGE] OnTriggerEnter2D on Enemy with tag=Ground ShouldRunAI=True
[DEBUG-RANGE] OnTriggerEnter2D on Enemy with tag=Ground ShouldRunAI=True
[DEBUG-RANGE] OnTriggerEnter2D on Enemy with tag=Ground ShouldRunAI=True
[DEBUG-RANGE] OnTriggerEnter2D on Enemy with tag=Ground ShouldRunAI=True
[DEBUG-RANGE] OnTriggerEnter2D on Enemy with tag=Ground ShouldRunAI=True
[DEBUG-RANGE] OnTriggerEnter2D on Enemy with tag=Ground ShouldRunAI=True
[DEBUG-RANGE] OnTriggerEnter2D on Enemy with tag=Ground ShouldRunAI=True
[DEBUG-RANGE] OnTriggerEnter2D on Enemy with tag=Ground ShouldRunAI=True
[DEBUG-RANGE] OnTriggerEnter2D on Enemy with tag=Ground ShouldRunAI=True
[DEBUG-RANGE] OnTriggerEnter2D on Enemy with tag=Ground ShouldRunAI=True
[DEBUG-RANGE] OnTriggerEnter2D on Enemy with tag=Ground ShouldRunAI=True
[DEBUG-RANGE] OnTriggerEnter2D on Enemy with tag=Ground ShouldRunAI=True
[DEBUG-RANGE] OnTriggerEnter2D on Enemy with tag=Ground ShouldRunAI=True
[DEBUG-RANGE] OnTriggerEnter2D on Enemy with tag=Ground ShouldRunAI=True
[DEBUG-RANGE] OnTriggerEnter2D on Enemy with tag=Ground ShouldRunAI=True
[DEBUG-RANGE] OnTriggerEnter2D on Enemy with tag=Ground ShouldRunAI=True
[DEBUG-RANGE] OnTriggerEnter2D on Enemy with tag=Ground ShouldRunAI=True
[DEBUG-RANGE] OnTriggerEnter2D on Enemy with tag=Ground ShouldRunAI=True
[DEBUG-RANGE] OnTriggerEnter2D on Enemy with tag=Ground ShouldRunAI=True
[DEBUG-RANGE] OnTriggerEnter2D on Enemy with tag=Ground ShouldRunAI=True
[DEBUG-RANGE] OnTriggerEnter2D on Enemy with tag=Ground ShouldRunAI=True
[DEBUG-RANGE] OnTriggerEnter2D on Enemy with tag=Interactable ShouldRunAI=True
[DEBUG-RANGE] OnTriggerEnter2D on Enemy with tag=Ground ShouldRunAI=True
[DEBUG-RANGE] OnTriggerEnter2D on Enemy with tag=Ground ShouldRunAI=True
[DEBUG-RANGE] OnTriggerEnter2D on Enemy with tag=Ground ShouldRunAI=True
[DEBUG-RANGE] OnTriggerEnter2D on Enemy with tag=Ground ShouldRunAI=True
[DEBUG-RANGE] OnTriggerEnter2D on Enemy with tag=Ground ShouldRunAI=True
[DEBUG-RANGE] OnTriggerEnter2D on Enemy with tag=Ground ShouldRunAI=True
[DEBUG-RANGE] OnTriggerEnter2D on Enemy with tag=Ground ShouldRunAI=True
[DEBUG-RANGE] OnTriggerEnter2D on Enemy with tag=Ground ShouldRunAI=True
[DEBUG-RANGE] OnTriggerEnter2D on Enemy with tag=Ground ShouldRunAI=True
[DEBUG-RANGE] OnTriggerEnter2D on Enemy with tag=Ground ShouldRunAI=True
[DEBUG-RANGE] OnTriggerEnter2D on Enemy with tag=Ground ShouldRunAI=True
[DEBUG-RANGE] OnTriggerEnter2D on Enemy with tag=Ground ShouldRunAI=True
[DEBUG-RANGE] OnTriggerEnter2D on Enemy with tag=Ground ShouldRunAI=True
[DEBUG-RANGE] OnTriggerEnter2D on Enemy with tag=Ground ShouldRunAI=True
[DEBUG-RANGE] OnTriggerEnter2D on Enemy with tag=Ground ShouldRunAI=True
[DEBUG-RANGE] OnTriggerEnter2D on Enemy with tag=Ground ShouldRunAI=True
[DEBUG-RANGE] OnTriggerEnter2D on Enemy with tag=Ground ShouldRunAI=True
[DEBUG-RANGE] OnTriggerEnter2D on Enemy with tag=Ground ShouldRunAI=True
[DEBUG-RANGE] OnTriggerEnter2D on Enemy with tag=Ground ShouldRunAI=True
[DEBUG-RANGE] OnTriggerEnter2D on Enemy with tag=Ground ShouldRunAI=True
[DEBUG-RANGE] OnTriggerEnter2D on Enemy with tag=Ground ShouldRunAI=True
[DEBUG-RANGE] OnTriggerEnter2D on Enemy with tag=Ground ShouldRunAI=True
[DEBUG-RANGE] OnTriggerEnter2D on Enemy with tag=Ground ShouldRunAI=True
[DEBUG-RANGE] OnTriggerEnter2D on Enemy with tag=Ground ShouldRunAI=True
[DEBUG-RANGE] OnTriggerEnter2D on Enemy with tag=Ground ShouldRunAI=True
[DEBUG-RANGE] OnTriggerEnter2D on Enemy with tag=Ground ShouldRunAI=True
[DEBUG-RANGE] OnTriggerEnter2D on Enemy with tag=Ground ShouldRunAI=True
[DEBUG-RANGE] OnTriggerEnter2D on Enemy with tag=Ground ShouldRunAI=True
[DEBUG-RANGE] OnTriggerEnter2D on Enemy with tag=Ground ShouldRunAI=True
[DEBUG-RANGE] OnTriggerEnter2D on Enemy with tag=Ground ShouldRunAI=True
[DEBUG-RANGE] OnTriggerEnter2D on Enemy with tag=Ground ShouldRunAI=True
[DEBUG-RANGE] OnTriggerEnter2D on Enemy with tag=Ground ShouldRunAI=True
[DEBUG-RANGE] OnTriggerEnter2D on Enemy with tag=Ground ShouldRunAI=True
[DEBUG-RANGE] OnTriggerEnter2D on Enemy with tag=Ground ShouldRunAI=True
[DEBUG-RANGE] OnTriggerEnter2D on Enemy with tag=Ground ShouldRunAI=True
[DEBUG-RANGE] OnTriggerEnter2D on Enemy with tag=Ground ShouldRunAI=True
[DEBUG-RANGE] OnTriggerEnter2D on Enemy with tag=Ground ShouldRunAI=True
[DEBUG-RANGE] OnTriggerEnter2D on Enemy with tag=Ground ShouldRunAI=True
[DEBUG-RANGE] OnTriggerEnter2D on Enemy with tag=Ground ShouldRunAI=True
[DEBUG-RANGE] OnTriggerEnter2D on Enemy with tag=Ground ShouldRunAI=True
[DEBUG-RANGE] OnTriggerEnter2D on Enemy with tag=Ground ShouldRunAI=True
[DEBUG-RANGE] OnTriggerEnter2D on Enemy with tag=Ground ShouldRunAI=True
[DEBUG-RANGE] OnTriggerEnter2D on Enemy with tag=Ground ShouldRunAI=True
[DEBUG-RANGE] OnTriggerEnter2D on Enemy with tag=Ground ShouldRunAI=True
[DEBUG-RANGE] OnTriggerEnter2D on Enemy with tag=Ground ShouldRunAI=True
[DEBUG-RANGE] OnTriggerEnter2D on Enemy with tag=Ground ShouldRunAI=True
[DEBUG-RANGE] OnTriggerEnter2D on Enemy with tag=Ground ShouldRunAI=True
[DEBUG-RANGE] OnTriggerEnter2D on Enemy with tag=Ground ShouldRunAI=True
[DEBUG-RANGE] OnTriggerEnter2D on Enemy with tag=Ground ShouldRunAI=True
[DEBUG-RANGE] OnTriggerEnter2D on Enemy with tag=Ground ShouldRunAI=True
[DEBUG-RANGE] OnTriggerEnter2D on Enemy with tag=Ground ShouldRunAI=True
[DEBUG-RANGE] OnTriggerEnter2D on Enemy with tag=Ground ShouldRunAI=True
[DEBUG-RANGE] OnTriggerEnter2D on Enemy with tag=Ground ShouldRunAI=True
[DEBUG-RANGE] OnTriggerEnter2D on Enemy with tag=Interactable ShouldRunAI=True
[DEBUG-RANGE] OnTriggerEnter2D on Enemy with tag=Ground ShouldRunAI=True
[DEBUG-RANGE] OnTriggerEnter2D on Enemy with tag=Ground ShouldRunAI=True
[DEBUG-RANGE] OnTriggerEnter2D on Enemy with tag=Ground ShouldRunAI=True
[DEBUG-RANGE] OnTriggerEnter2D on Enemy with tag=Ground ShouldRunAI=True
[DEBUG-ENEMY] Enemy IsAlive=True ShouldRunAI=True state=IdleState MyTarget= MyAttackTime=129,99 IsAttacking=False AttackRange=0 dist=-1,00
[DEBUG-ENEMY] Enemy IsAlive=True ShouldRunAI=True state=IdleState MyTarget= MyAttackTime=129,99 IsAttacking=False AttackRange=0 dist=-1,00
[DEBUG-ENEMY] Enemy IsAlive=True ShouldRunAI=True state=FollowState MyTarget=Player [connId=1866355813] (Player) MyAttackTime=129,99 IsAttacking=False AttackRange=5 dist=10,73
[DEBUG-ENEMY] Enemy IsAlive=True ShouldRunAI=True state=FollowState MyTarget=Player [connId=1866355813] (Player) MyAttackTime=129,99 IsAttacking=False AttackRange=5 dist=10,80
[DEBUG-ENEMY] Enemy IsAlive=True ShouldRunAI=True state=FollowState MyTarget=Player [connId=1866355813] (Player) MyAttackTime=129,99 IsAttacking=False AttackRange=0 dist=19,55
[DEBUG-ENEMY] Enemy IsAlive=True ShouldRunAI=True state=FollowState MyTarget=Player [connId=1866355813] (Player) MyAttackTime=129,99 IsAttacking=False AttackRange=5 dist=10,80
[DEBUG-ENEMY] Enemy IsAlive=True ShouldRunAI=True state=IdleState MyTarget= MyAttackTime=129,99 IsAttacking=False AttackRange=0 dist=-1,00
[DEBUG-ENEMY] Enemy IsAlive=True ShouldRunAI=True state=EvadeState MyTarget=Player [connId=1866355813] (Player) MyAttackTime=129,99 IsAttacking=False AttackRange=0 dist=17,52
[DEBUG-ENEMY] Enemy IsAlive=True ShouldRunAI=True state=IdleState MyTarget= MyAttackTime=129,99 IsAttacking=False AttackRange=0 dist=-1,00
[DEBUG-ENEMY] Enemy IsAlive=True ShouldRunAI=True state=FollowState MyTarget=Player [connId=1866355813] (Player) MyAttackTime=129,99 IsAttacking=False AttackRange=5 dist=10,73
[DEBUG-RANGE] OnTriggerEnter2D on Enemy with tag=Ground ShouldRunAI=True
[DEBUG-RANGE] OnTriggerEnter2D on Enemy with tag=Ground ShouldRunAI=True
[DEBUG-RANGE] OnTriggerEnter2D on Enemy with tag=Ground ShouldRunAI=True
[DEBUG-RANGE] OnTriggerEnter2D on Enemy with tag=Ground ShouldRunAI=True
[DEBUG-RANGE] OnTriggerEnter2D on Enemy with tag=Ground ShouldRunAI=True
[DEBUG-RANGE] OnTriggerEnter2D on Enemy with tag=Ground ShouldRunAI=True
[DEBUG-RANGE] OnTriggerEnter2D on Enemy with tag=Ground ShouldRunAI=True
[DEBUG-RANGE] OnTriggerEnter2D on Enemy with tag=Ground ShouldRunAI=True
[DEBUG-RANGE] OnTriggerEnter2D on Enemy with tag=Enemy ShouldRunAI=True
[DEBUG-RANGE] OnTriggerEnter2D on Enemy with tag=Enemy ShouldRunAI=True
[DEBUG-RANGE] OnTriggerEnter2D on Enemy with tag=Ground ShouldRunAI=True
[DEBUG-RANGE] OnTriggerEnter2D on Enemy with tag=Ground ShouldRunAI=True
[DEBUG-RANGE] OnTriggerEnter2D on Enemy with tag=Ground ShouldRunAI=True
[DEBUG-RANGE] OnTriggerEnter2D on Enemy with tag=Ground ShouldRunAI=True
[DEBUG-RANGE] OnTriggerEnter2D on Enemy with tag=Ground ShouldRunAI=True
[DEBUG-RANGE] OnTriggerEnter2D on Enemy with tag=Ground ShouldRunAI=True
[DEBUG-RANGE] OnTriggerEnter2D on Enemy with tag=Ground ShouldRunAI=True
[DEBUG-RANGE] OnTriggerEnter2D on Enemy with tag=Ground ShouldRunAI=True
[DEBUG-RANGE] OnTriggerEnter2D on Enemy with tag=Ground ShouldRunAI=True
[DEBUG-RANGE] OnTriggerEnter2D on Enemy with tag=Ground ShouldRunAI=True
[DEBUG-RANGE] OnTriggerEnter2D on Enemy with tag=Ground ShouldRunAI=True
[DEBUG-RANGE] OnTriggerEnter2D on Enemy with tag=Ground ShouldRunAI=True
[DEBUG-RANGE] OnTriggerEnter2D on Enemy with tag=Ground ShouldRunAI=True
[DEBUG-RANGE] OnTriggerEnter2D on Enemy with tag=Ground ShouldRunAI=True
[DEBUG-RANGE] OnTriggerEnter2D on Enemy with tag=Ground ShouldRunAI=True
[DEBUG-RANGE] OnTriggerEnter2D on Enemy with tag=Ground ShouldRunAI=True
[DEBUG-RANGE] OnTriggerEnter2D on Enemy with tag=Ground ShouldRunAI=True
[DEBUG-RANGE] OnTriggerEnter2D on Enemy with tag=Ground ShouldRunAI=True
[DEBUG-RANGE] OnTriggerEnter2D on Enemy with tag=Ground ShouldRunAI=True
[DEBUG-RANGE] OnTriggerEnter2D on Enemy with tag=Ground ShouldRunAI=True
[DEBUG-RANGE] OnTriggerEnter2D on Enemy with tag=Ground ShouldRunAI=True
[DEBUG-RANGE] OnTriggerEnter2D on Enemy with tag=Ground ShouldRunAI=True
[DEBUG-RANGE] OnTriggerEnter2D on Enemy with tag=Ground ShouldRunAI=True
[DEBUG-RANGE] OnTriggerEnter2D on Enemy with tag=Ground ShouldRunAI=True
[DEBUG-RANGE] OnTriggerEnter2D on Enemy with tag=Ground ShouldRunAI=True
[DEBUG-RANGE] OnTriggerEnter2D on Enemy with tag=Ground ShouldRunAI=True
[DEBUG-RANGE] OnTriggerEnter2D on Enemy with tag=Ground ShouldRunAI=True
[DEBUG-RANGE] OnTriggerEnter2D on Enemy with tag=Ground ShouldRunAI=True
[DEBUG-RANGE] OnTriggerEnter2D on Enemy with tag=Ground ShouldRunAI=True
[DEBUG-RANGE] OnTriggerEnter2D on Enemy with tag=Ground ShouldRunAI=True
[DEBUG-RANGE] OnTriggerEnter2D on Enemy with tag=Ground ShouldRunAI=True
[DEBUG-RANGE] OnTriggerEnter2D on Enemy with tag=Interactable ShouldRunAI=True
[DEBUG-RANGE] OnTriggerEnter2D on Enemy with tag=Ground ShouldRunAI=True
[DEBUG-RANGE] OnTriggerEnter2D on Enemy with tag=Ground ShouldRunAI=True
[DEBUG-RANGE] OnTriggerEnter2D on Enemy with tag=Ground ShouldRunAI=True
[DEBUG-RANGE] OnTriggerEnter2D on Enemy with tag=Ground ShouldRunAI=True
[DEBUG-RANGE] OnTriggerEnter2D on Enemy with tag=Ground ShouldRunAI=True
[DEBUG-RANGE] OnTriggerEnter2D on Enemy with tag=Ground ShouldRunAI=True
[DEBUG-RANGE] OnTriggerEnter2D on Enemy with tag=Ground ShouldRunAI=True
[DEBUG-RANGE] OnTriggerEnter2D on Enemy with tag=Ground ShouldRunAI=True
[DEBUG-RANGE] OnTriggerEnter2D on Enemy with tag=Ground ShouldRunAI=True
[DEBUG-RANGE] OnTriggerEnter2D on Enemy with tag=Ground ShouldRunAI=True
[DEBUG-RANGE] OnTriggerEnter2D on Enemy with tag=Ground ShouldRunAI=True
[DEBUG-RANGE] OnTriggerEnter2D on Enemy with tag=Ground ShouldRunAI=True
[DEBUG-RANGE] OnTriggerEnter2D on Enemy with tag=Ground ShouldRunAI=True
[DEBUG-RANGE] OnTriggerEnter2D on Enemy with tag=Ground ShouldRunAI=True
[DEBUG-RANGE] OnTriggerEnter2D on Enemy with tag=Ground ShouldRunAI=True
[DEBUG-RANGE] OnTriggerEnter2D on Enemy with tag=Ground ShouldRunAI=True
[DEBUG-RANGE] OnTriggerEnter2D on Enemy with tag=Ground ShouldRunAI=True
[DEBUG-RANGE] OnTriggerEnter2D on Enemy with tag=Ground ShouldRunAI=True
[DEBUG-RANGE] OnTriggerEnter2D on Enemy with tag=Ground ShouldRunAI=True
[DEBUG-RANGE] OnTriggerEnter2D on Enemy with tag=Ground ShouldRunAI=True
[DEBUG-RANGE] OnTriggerEnter2D on Enemy with tag=Ground ShouldRunAI=True
[DEBUG-RANGE] OnTriggerEnter2D on Enemy with tag=Ground ShouldRunAI=True
[DEBUG-RANGE] OnTriggerEnter2D on Enemy with tag=Ground ShouldRunAI=True
[DEBUG-RANGE] OnTriggerEnter2D on Enemy with tag=Ground ShouldRunAI=True
[DEBUG-RANGE] OnTriggerEnter2D on Enemy with tag=Ground ShouldRunAI=True
[DEBUG-RANGE] OnTriggerEnter2D on Enemy with tag=Ground ShouldRunAI=True
[DEBUG-RANGE] OnTriggerEnter2D on Enemy with tag=Ground ShouldRunAI=True
[DEBUG-RANGE] OnTriggerEnter2D on Enemy with tag=Ground ShouldRunAI=True
[DEBUG-RANGE] OnTriggerEnter2D on Enemy with tag=Ground ShouldRunAI=True
[DEBUG-RANGE] OnTriggerEnter2D on Enemy with tag=Ground ShouldRunAI=True
[DEBUG-RANGE] OnTriggerEnter2D on Enemy with tag=Ground ShouldRunAI=True
[DEBUG-RANGE] OnTriggerEnter2D on Enemy with tag=Ground ShouldRunAI=True
[DEBUG-RANGE] OnTriggerEnter2D on Enemy with tag=Ground ShouldRunAI=True
[DEBUG-RANGE] OnTriggerEnter2D on Enemy with tag=Ground ShouldRunAI=True
[DEBUG-RANGE] OnTriggerEnter2D on Enemy with tag=Ground ShouldRunAI=True
[DEBUG-RANGE] OnTriggerEnter2D on Enemy with tag=Ground ShouldRunAI=True
[DEBUG-RANGE] OnTriggerEnter2D on Enemy with tag=Ground ShouldRunAI=True
[DEBUG-RANGE] OnTriggerEnter2D on Enemy with tag=Ground ShouldRunAI=True
[DEBUG-RANGE] OnTriggerEnter2D on Enemy with tag=Ground ShouldRunAI=True
[DEBUG-RANGE] OnTriggerEnter2D on Enemy with tag=Ground ShouldRunAI=True
[DEBUG-RANGE] OnTriggerEnter2D on Enemy with tag=Ground ShouldRunAI=True
[DEBUG-RANGE] OnTriggerEnter2D on Enemy with tag=Ground ShouldRunAI=True
[DEBUG-RANGE] OnTriggerEnter2D on Enemy with tag=Ground ShouldRunAI=True
[DEBUG-RANGE] OnTriggerEnter2D on Enemy with tag=Ground ShouldRunAI=True
[DEBUG-RANGE] OnTriggerEnter2D on Enemy with tag=Ground ShouldRunAI=True
[DEBUG-RANGE] OnTriggerEnter2D on Enemy with tag=Ground ShouldRunAI=True
[DEBUG-RANGE] OnTriggerEnter2D on Enemy with tag=Ground ShouldRunAI=True
[DEBUG-RANGE] OnTriggerEnter2D on Enemy with tag=Ground ShouldRunAI=True
[DEBUG-RANGE] OnTriggerEnter2D on Enemy with tag=Ground ShouldRunAI=True
[DEBUG-RANGE] OnTriggerEnter2D on Enemy with tag=Ground ShouldRunAI=True
[DEBUG-RANGE] OnTriggerEnter2D on Enemy with tag=Ground ShouldRunAI=True
[DEBUG-RANGE] OnTriggerEnter2D on Enemy with tag=Ground ShouldRunAI=True
[DEBUG-RANGE] OnTriggerEnter2D on Enemy with tag=Ground ShouldRunAI=True
[DEBUG-RANGE] OnTriggerEnter2D on Enemy with tag=Ground ShouldRunAI=True
[DEBUG-RANGE] OnTriggerEnter2D on Enemy with tag=Untagged ShouldRunAI=True
[DEBUG-RANGE] OnTriggerEnter2D on Enemy with tag=Untagged ShouldRunAI=True
[DEBUG-RANGE] OnTriggerEnter2D on Enemy with tag=Ground ShouldRunAI=True
[DEBUG-RANGE] OnTriggerEnter2D on Enemy with tag=Ground ShouldRunAI=True
[DEBUG-RANGE] OnTriggerEnter2D on Enemy with tag=Ground ShouldRunAI=True
[DEBUG-RANGE] OnTriggerEnter2D on Enemy with tag=Ground ShouldRunAI=True
[DEBUG-RANGE] OnTriggerEnter2D on Enemy with tag=Ground ShouldRunAI=True
[DEBUG-RANGE] OnTriggerEnter2D on Enemy with tag=Ground ShouldRunAI=True
[DEBUG-RANGE] OnTriggerEnter2D on Enemy with tag=Ground ShouldRunAI=True
[DEBUG-RANGE] OnTriggerEnter2D on Enemy with tag=Ground ShouldRunAI=True
[DEBUG-RANGE] OnTriggerEnter2D on Enemy with tag=Interactable ShouldRunAI=True
[DEBUG-RANGE] OnTriggerEnter2D on Enemy with tag=Ground ShouldRunAI=True
[DEBUG-RANGE] OnTriggerEnter2D on Enemy with tag=Ground ShouldRunAI=True
[DEBUG-RANGE] OnTriggerEnter2D on Enemy with tag=Ground ShouldRunAI=True
[DEBUG-RANGE] OnTriggerEnter2D on Enemy with tag=Ground ShouldRunAI=True
[DEBUG-RANGE] OnTriggerEnter2D on Enemy with tag=Ground ShouldRunAI=True
[DEBUG-RANGE] OnTriggerEnter2D on Enemy with tag=Ground ShouldRunAI=True
[DEBUG-RANGE] OnTriggerEnter2D on Enemy with tag=Ground ShouldRunAI=True
[DEBUG-RANGE] OnTriggerEnter2D on Enemy with tag=Ground ShouldRunAI=True
[DEBUG-RANGE] OnTriggerEnter2D on Enemy with tag=Ground ShouldRunAI=True
[DEBUG-RANGE] OnTriggerEnter2D on Enemy with tag=Ground ShouldRunAI=True
[DEBUG-RANGE] OnTriggerEnter2D on Enemy with tag=Ground ShouldRunAI=True
[DEBUG-RANGE] OnTriggerEnter2D on Enemy with tag=Ground ShouldRunAI=True
[DEBUG-RANGE] OnTriggerEnter2D on Enemy with tag=Ground ShouldRunAI=True
[DEBUG-RANGE] OnTriggerEnter2D on Enemy with tag=Ground ShouldRunAI=True
[DEBUG-RANGE] OnTriggerEnter2D on Enemy with tag=Ground ShouldRunAI=True
[DEBUG-RANGE] OnTriggerEnter2D on Enemy with tag=Ground ShouldRunAI=True
[DEBUG-RANGE] OnTriggerEnter2D on Enemy with tag=Ground ShouldRunAI=True
[DEBUG-RANGE] OnTriggerEnter2D on Enemy with tag=Ground ShouldRunAI=True
[DEBUG-RANGE] OnTriggerEnter2D on Enemy with tag=Ground ShouldRunAI=True
[DEBUG-RANGE] OnTriggerEnter2D on Enemy with tag=Ground ShouldRunAI=True
[DEBUG-RANGE] OnTriggerEnter2D on Enemy with tag=Ground ShouldRunAI=True
[DEBUG-RANGE] OnTriggerEnter2D on Enemy with tag=Ground ShouldRunAI=True
[DEBUG-RANGE] OnTriggerEnter2D on Enemy with tag=Ground ShouldRunAI=True
[DEBUG-RANGE] OnTriggerEnter2D on Enemy with tag=Ground ShouldRunAI=True
[DEBUG-RANGE] OnTriggerEnter2D on Enemy with tag=Ground ShouldRunAI=True
[DEBUG-RANGE] OnTriggerEnter2D on Enemy with tag=Ground ShouldRunAI=True
[DEBUG-RANGE] OnTriggerEnter2D on Enemy with tag=Ground ShouldRunAI=True
[DEBUG-RANGE] OnTriggerEnter2D on Enemy with tag=Ground ShouldRunAI=True
[DEBUG-RANGE] OnTriggerEnter2D on Enemy with tag=Ground ShouldRunAI=True
[DEBUG-RANGE] OnTriggerEnter2D on Enemy with tag=Ground ShouldRunAI=True
[DEBUG-RANGE] OnTriggerEnter2D on Enemy with tag=Ground ShouldRunAI=True
[DEBUG-RANGE] OnTriggerEnter2D on Enemy with tag=Ground ShouldRunAI=True
[DEBUG-RANGE] OnTriggerEnter2D on Enemy with tag=Ground ShouldRunAI=True
[DEBUG-RANGE] OnTriggerEnter2D on Enemy with tag=Ground ShouldRunAI=True
[DEBUG-RANGE] OnTriggerEnter2D on Enemy with tag=Ground ShouldRunAI=True
[DEBUG-RANGE] OnTriggerEnter2D on Enemy with tag=Ground ShouldRunAI=True
[DEBUG-RANGE] OnTriggerEnter2D on Enemy with tag=Ground ShouldRunAI=True
[DEBUG-RANGE] OnTriggerEnter2D on Enemy with tag=Ground ShouldRunAI=True
[DEBUG-RANGE] OnTriggerEnter2D on Enemy with tag=Ground ShouldRunAI=True
[DEBUG-RANGE] OnTriggerEnter2D on Enemy with tag=Ground ShouldRunAI=True
[DEBUG-RANGE] OnTriggerEnter2D on Enemy with tag=Ground ShouldRunAI=True
[DEBUG-RANGE] OnTriggerEnter2D on Enemy with tag=Ground ShouldRunAI=True
[DEBUG-RANGE] OnTriggerEnter2D on Enemy with tag=Ground ShouldRunAI=True
[DEBUG-RANGE] OnTriggerEnter2D on Enemy with tag=Ground ShouldRunAI=True
[DEBUG-RANGE] OnTriggerEnter2D on Enemy with tag=Ground ShouldRunAI=True
[DEBUG-RANGE] OnTriggerEnter2D on Enemy with tag=Ground ShouldRunAI=True
[DEBUG-RANGE] OnTriggerEnter2D on Enemy with tag=Ground ShouldRunAI=True
[DEBUG-RANGE] OnTriggerEnter2D on Enemy with tag=Ground ShouldRunAI=True
[DEBUG-RANGE] OnTriggerEnter2D on Enemy with tag=Ground ShouldRunAI=True
[DEBUG-RANGE] OnTriggerEnter2D on Enemy with tag=Ground ShouldRunAI=True
[DEBUG-RANGE] OnTriggerEnter2D on Enemy with tag=Ground ShouldRunAI=True
[DEBUG-RANGE] OnTriggerEnter2D on Enemy with tag=Ground ShouldRunAI=True
[DEBUG-RANGE] OnTriggerEnter2D on Enemy with tag=Ground ShouldRunAI=True
[DEBUG-RANGE] OnTriggerEnter2D on Enemy with tag=Ground ShouldRunAI=True
[DEBUG-RANGE] OnTriggerEnter2D on Enemy with tag=Ground ShouldRunAI=True
[DEBUG-RANGE] OnTriggerEnter2D on Enemy with tag=Ground ShouldRunAI=True
[DEBUG-RANGE] OnTriggerEnter2D on Enemy with tag=Ground ShouldRunAI=True
[DEBUG-RANGE] OnTriggerEnter2D on Enemy with tag=Ground ShouldRunAI=True
[DEBUG-RANGE] OnTriggerEnter2D on Enemy with tag=Ground ShouldRunAI=True
[DEBUG-RANGE] OnTriggerEnter2D on Enemy with tag=Ground ShouldRunAI=True
[DEBUG-RANGE] OnTriggerEnter2D on Enemy with tag=Ground ShouldRunAI=True
[DEBUG-RANGE] OnTriggerEnter2D on Enemy with tag=Ground ShouldRunAI=True
[DEBUG-RANGE] OnTriggerEnter2D on Enemy with tag=Ground ShouldRunAI=True
[DEBUG-RANGE] OnTriggerEnter2D on Enemy with tag=Ground ShouldRunAI=True
[DEBUG-RANGE] OnTriggerEnter2D on Enemy with tag=Ground ShouldRunAI=True
[DEBUG-RANGE] OnTriggerEnter2D on Enemy with tag=Ground ShouldRunAI=True
[DEBUG-RANGE] OnTriggerEnter2D on Enemy with tag=Ground ShouldRunAI=True
[DEBUG-RANGE] OnTriggerEnter2D on Enemy with tag=Ground ShouldRunAI=True
[DEBUG-RANGE] OnTriggerEnter2D on Enemy with tag=Ground ShouldRunAI=True
[DEBUG-RANGE] OnTriggerEnter2D on Enemy with tag=Ground ShouldRunAI=True
[DEBUG-RANGE] OnTriggerEnter2D on Enemy with tag=Ground ShouldRunAI=True
[DEBUG-RANGE] OnTriggerEnter2D on Enemy with tag=Ground ShouldRunAI=True
[DEBUG-RANGE] OnTriggerEnter2D on Enemy with tag=Ground ShouldRunAI=True
[DEBUG-RANGE] OnTriggerEnter2D on Enemy with tag=Interactable ShouldRunAI=True
[DEBUG-RANGE] OnTriggerEnter2D on Enemy with tag=Ground ShouldRunAI=True
[DEBUG-RANGE] OnTriggerEnter2D on Enemy with tag=Ground ShouldRunAI=True
[DEBUG-RANGE] OnTriggerEnter2D on Enemy with tag=Ground ShouldRunAI=True
[DEBUG-RANGE] OnTriggerEnter2D on Enemy with tag=Ground ShouldRunAI=True
[DEBUG-RANGE] OnTriggerEnter2D on Enemy with tag=Ground ShouldRunAI=True
[DEBUG-RANGE] OnTriggerEnter2D on Enemy with tag=Ground ShouldRunAI=True
[DEBUG-RANGE] OnTriggerEnter2D on Enemy with tag=Ground ShouldRunAI=True
[DEBUG-RANGE] OnTriggerEnter2D on Enemy with tag=Ground ShouldRunAI=True
[DEBUG-RANGE] OnTriggerEnter2D on Enemy with tag=Ground ShouldRunAI=True
[DEBUG-RANGE] OnTriggerEnter2D on Enemy with tag=Ground ShouldRunAI=True
[DEBUG-RANGE] OnTriggerEnter2D on Enemy with tag=Ground ShouldRunAI=True
[DEBUG-RANGE] OnTriggerEnter2D on Enemy with tag=Ground ShouldRunAI=True
[DEBUG-RANGE] OnTriggerEnter2D on Enemy with tag=Ground ShouldRunAI=True
[DEBUG-RANGE] OnTriggerEnter2D on Enemy with tag=Ground ShouldRunAI=True
[DEBUG-RANGE] OnTriggerEnter2D on Enemy with tag=Ground ShouldRunAI=True
[DEBUG-RANGE] OnTriggerEnter2D on Enemy with tag=Ground ShouldRunAI=True
[DEBUG-RANGE] OnTriggerEnter2D on Enemy with tag=Ground ShouldRunAI=True
[DEBUG-RANGE] OnTriggerEnter2D on Enemy with tag=Ground ShouldRunAI=True
[DEBUG-RANGE] OnTriggerEnter2D on Enemy with tag=Ground ShouldRunAI=True
[DEBUG-ENEMY] Enemy IsAlive=True ShouldRunAI=True state=IdleState MyTarget= MyAttackTime=131,99 IsAttacking=False AttackRange=0 dist=-1,00
[DEBUG-ENEMY] Enemy IsAlive=True ShouldRunAI=True state=IdleState MyTarget= MyAttackTime=131,99 IsAttacking=False AttackRange=0 dist=-1,00
[DEBUG-ENEMY] Enemy IsAlive=True ShouldRunAI=True state=FollowState MyTarget=Player [connId=1866355813] (Player) MyAttackTime=131,99 IsAttacking=False AttackRange=5 dist=10,73
[DEBUG-ENEMY] Enemy IsAlive=True ShouldRunAI=True state=FollowState MyTarget=Player [connId=1866355813] (Player) MyAttackTime=131,99 IsAttacking=False AttackRange=5 dist=10,80
[DEBUG-ENEMY] Enemy IsAlive=True ShouldRunAI=True state=FollowState MyTarget=Player [connId=1866355813] (Player) MyAttackTime=131,99 IsAttacking=False AttackRange=0 dist=19,55
[DEBUG-ENEMY] Enemy IsAlive=True ShouldRunAI=True state=FollowState MyTarget=Player [connId=1866355813] (Player) MyAttackTime=131,99 IsAttacking=False AttackRange=5 dist=10,80
[DEBUG-ENEMY] Enemy IsAlive=True ShouldRunAI=True state=IdleState MyTarget= MyAttackTime=131,99 IsAttacking=False AttackRange=0 dist=-1,00
[DEBUG-ENEMY] Enemy IsAlive=True ShouldRunAI=True state=EvadeState MyTarget=Player [connId=1866355813] (Player) MyAttackTime=131,99 IsAttacking=False AttackRange=0 dist=21,27
[DEBUG-ENEMY] Enemy IsAlive=True ShouldRunAI=True state=IdleState MyTarget= MyAttackTime=131,99 IsAttacking=False AttackRange=0 dist=-1,00
[DEBUG-ENEMY] Enemy IsAlive=True ShouldRunAI=True state=FollowState MyTarget=Player [connId=1866355813] (Player) MyAttackTime=131,99 IsAttacking=False AttackRange=5 dist=10,73
[DEBUG-RANGE] OnTriggerEnter2D on Enemy with tag=Ground ShouldRunAI=True
[DEBUG-RANGE] OnTriggerEnter2D on Enemy with tag=Ground ShouldRunAI=True
[DEBUG-RANGE] OnTriggerEnter2D on Enemy with tag=Ground ShouldRunAI=True
[DEBUG-RANGE] OnTriggerEnter2D on Enemy with tag=Ground ShouldRunAI=True
[DEBUG-RANGE] OnTriggerEnter2D on Enemy with tag=Ground ShouldRunAI=True
[DEBUG-RANGE] OnTriggerEnter2D on Enemy with tag=Ground ShouldRunAI=True
[DEBUG-RANGE] OnTriggerEnter2D on Enemy with tag=Ground ShouldRunAI=True
[DEBUG-RANGE] OnTriggerEnter2D on Enemy with tag=Ground ShouldRunAI=True
[DEBUG-RANGE] OnTriggerEnter2D on Enemy with tag=Ground ShouldRunAI=True
[DEBUG-RANGE] OnTriggerEnter2D on Enemy with tag=Ground ShouldRunAI=True
[DEBUG-RANGE] OnTriggerEnter2D on Enemy with tag=Ground ShouldRunAI=True
[DEBUG-RANGE] OnTriggerEnter2D on Enemy with tag=Ground ShouldRunAI=True
[DEBUG-RANGE] OnTriggerEnter2D on Enemy with tag=Ground ShouldRunAI=True
[DEBUG-RANGE] OnTriggerEnter2D on Enemy with tag=Ground ShouldRunAI=True
[DEBUG-RANGE] OnTriggerEnter2D on Enemy with tag=Ground ShouldRunAI=True
[DEBUG-RANGE] OnTriggerEnter2D on Enemy with tag=Ground ShouldRunAI=True
[DEBUG-RANGE] OnTriggerEnter2D on Enemy with tag=Ground ShouldRunAI=True
[DEBUG-RANGE] OnTriggerEnter2D on Enemy with tag=Ground ShouldRunAI=True
[DEBUG-RANGE] OnTriggerEnter2D on Enemy with tag=Ground ShouldRunAI=True
[DEBUG-RANGE] OnTriggerEnter2D on Enemy with tag=Ground ShouldRunAI=True
[DEBUG-RANGE] OnTriggerEnter2D on Enemy with tag=Ground ShouldRunAI=True
[DEBUG-RANGE] OnTriggerEnter2D on Enemy with tag=Ground ShouldRunAI=True
[DEBUG-RANGE] OnTriggerEnter2D on Enemy with tag=Ground ShouldRunAI=True
[DEBUG-RANGE] OnTriggerEnter2D on Enemy with tag=Ground ShouldRunAI=True
[DEBUG-RANGE] OnTriggerEnter2D on Enemy with tag=Ground ShouldRunAI=True
[DEBUG-RANGE] OnTriggerEnter2D on Enemy with tag=Ground ShouldRunAI=True
[DEBUG-RANGE] OnTriggerEnter2D on Enemy with tag=Ground ShouldRunAI=True
[DEBUG-RANGE] OnTriggerEnter2D on Enemy with tag=Ground ShouldRunAI=True
[DEBUG-RANGE] OnTriggerEnter2D on Enemy with tag=Ground ShouldRunAI=True
[DEBUG-RANGE] OnTriggerEnter2D on Enemy with tag=Ground ShouldRunAI=True
[DEBUG-RANGE] OnTriggerEnter2D on Enemy with tag=Ground ShouldRunAI=True
[DEBUG-RANGE] OnTriggerEnter2D on Enemy with tag=Ground ShouldRunAI=True
[DEBUG-RANGE] OnTriggerEnter2D on Enemy with tag=Ground ShouldRunAI=True
[DEBUG-RANGE] OnTriggerEnter2D on Enemy with tag=Ground ShouldRunAI=True
[DEBUG-RANGE] OnTriggerEnter2D on Enemy with tag=Ground ShouldRunAI=True
[DEBUG-RANGE] OnTriggerEnter2D on Enemy with tag=Ground ShouldRunAI=True
[DEBUG-RANGE] OnTriggerEnter2D on Enemy with tag=Ground ShouldRunAI=True
[DEBUG-RANGE] OnTriggerEnter2D on Enemy with tag=Ground ShouldRunAI=True
[DEBUG-RANGE] OnTriggerEnter2D on Enemy with tag=Ground ShouldRunAI=True
[DEBUG-RANGE] OnTriggerEnter2D on Enemy with tag=Ground ShouldRunAI=True
[DEBUG-RANGE] OnTriggerEnter2D on Enemy with tag=Ground ShouldRunAI=True
[DEBUG-RANGE] OnTriggerEnter2D on Enemy with tag=Ground ShouldRunAI=True
[DEBUG-RANGE] OnTriggerEnter2D on Enemy with tag=Ground ShouldRunAI=True
[DEBUG-RANGE] OnTriggerEnter2D on Enemy with tag=Ground ShouldRunAI=True
[DEBUG-RANGE] OnTriggerEnter2D on Enemy with tag=Ground ShouldRunAI=True
[DEBUG-RANGE] OnTriggerEnter2D on Enemy with tag=Ground ShouldRunAI=True
[DEBUG-RANGE] OnTriggerEnter2D on Enemy with tag=Ground ShouldRunAI=True
[DEBUG-RANGE] OnTriggerEnter2D on Enemy with tag=Ground ShouldRunAI=True
[DEBUG-RANGE] OnTriggerEnter2D on Enemy with tag=Ground ShouldRunAI=True
[DEBUG-RANGE] OnTriggerEnter2D on Enemy with tag=Ground ShouldRunAI=True
[DEBUG-RANGE] OnTriggerEnter2D on Enemy with tag=Ground ShouldRunAI=True
[DEBUG-RANGE] OnTriggerEnter2D on Enemy with tag=Ground ShouldRunAI=True
[DEBUG-RANGE] OnTriggerEnter2D on Enemy with tag=Ground ShouldRunAI=True
[DEBUG-RANGE] OnTriggerEnter2D on Enemy with tag=Ground ShouldRunAI=True
[DEBUG-RANGE] OnTriggerEnter2D on Enemy with tag=Ground ShouldRunAI=True
[DEBUG-RANGE] OnTriggerEnter2D on Enemy with tag=Ground ShouldRunAI=True
[DEBUG-RANGE] OnTriggerEnter2D on Enemy with tag=Ground ShouldRunAI=True
[DEBUG-RANGE] OnTriggerEnter2D on Enemy with tag=Ground ShouldRunAI=True
[DEBUG-RANGE] OnTriggerEnter2D on Enemy with tag=Ground ShouldRunAI=True
[DEBUG-RANGE] OnTriggerEnter2D on Enemy with tag=Ground ShouldRunAI=True
[DEBUG-RANGE] OnTriggerEnter2D on Enemy with tag=Ground ShouldRunAI=True
[DEBUG-RANGE] OnTriggerEnter2D on Enemy with tag=Ground ShouldRunAI=True
[DEBUG-RANGE] OnTriggerEnter2D on Enemy with tag=Ground ShouldRunAI=True
[DEBUG-RANGE] OnTriggerEnter2D on Enemy with tag=Ground ShouldRunAI=True
[DEBUG-RANGE] OnTriggerEnter2D on Enemy with tag=Ground ShouldRunAI=True
[DEBUG-RANGE] OnTriggerEnter2D on Enemy with tag=Ground ShouldRunAI=True
[DEBUG-RANGE] OnTriggerEnter2D on Enemy with tag=Ground ShouldRunAI=True
[DEBUG-RANGE] OnTriggerEnter2D on Enemy with tag=Ground ShouldRunAI=True
[DEBUG-RANGE] OnTriggerEnter2D on Enemy with tag=Ground ShouldRunAI=True
[DEBUG-RANGE] OnTriggerEnter2D on Enemy with tag=Ground ShouldRunAI=True
[DEBUG-RANGE] OnTriggerEnter2D on Enemy with tag=Ground ShouldRunAI=True
[DEBUG-RANGE] OnTriggerEnter2D on Enemy with tag=Ground ShouldRunAI=True
[DEBUG-RANGE] OnTriggerEnter2D on Enemy with tag=Ground ShouldRunAI=True
[DEBUG-RANGE] OnTriggerEnter2D on Enemy with tag=Ground ShouldRunAI=True
[DEBUG-RANGE] OnTriggerEnter2D on Enemy with tag=Ground ShouldRunAI=True
[DEBUG-RANGE] OnTriggerEnter2D on Enemy with tag=Ground ShouldRunAI=True
[DEBUG-RANGE] OnTriggerEnter2D on Enemy with tag=Ground ShouldRunAI=True
[DEBUG-RANGE] OnTriggerEnter2D on Enemy with tag=Ground ShouldRunAI=True
[DEBUG-RANGE] OnTriggerEnter2D on Enemy with tag=Ground ShouldRunAI=True
[DEBUG-RANGE] OnTriggerEnter2D on Enemy with tag=Ground ShouldRunAI=True
[DEBUG-RANGE] OnTriggerEnter2D on Enemy with tag=Ground ShouldRunAI=True
[DEBUG-RANGE] OnTriggerEnter2D on Enemy with tag=Ground ShouldRunAI=True
[DEBUG-RANGE] OnTriggerEnter2D on Enemy with tag=Ground ShouldRunAI=True
[DEBUG-RANGE] OnTriggerEnter2D on Enemy with tag=Ground ShouldRunAI=True
[DEBUG-RANGE] OnTriggerEnter2D on Enemy with tag=Ground ShouldRunAI=True
[DEBUG-RANGE] OnTriggerEnter2D on Enemy with tag=Ground ShouldRunAI=True
[DEBUG-RANGE] OnTriggerEnter2D on Enemy with tag=Ground ShouldRunAI=True
[DEBUG-RANGE] OnTriggerEnter2D on Enemy with tag=Ground ShouldRunAI=True
[DEBUG-RANGE] OnTriggerEnter2D on Enemy with tag=Ground ShouldRunAI=True
[DEBUG-RANGE] OnTriggerEnter2D on Enemy with tag=Ground ShouldRunAI=True
[DEBUG-RANGE] OnTriggerEnter2D on Enemy with tag=Ground ShouldRunAI=True
[DEBUG-RANGE] OnTriggerEnter2D on Enemy with tag=Ground ShouldRunAI=True
[DEBUG-RANGE] OnTriggerEnter2D on Enemy with tag=Ground ShouldRunAI=True
[DEBUG-RANGE] OnTriggerEnter2D on Enemy with tag=Ground ShouldRunAI=True
[DEBUG-RANGE] OnTriggerEnter2D on Enemy with tag=Ground ShouldRunAI=True
[DEBUG-RANGE] OnTriggerEnter2D on Enemy with tag=Ground ShouldRunAI=True
[DEBUG-RANGE] OnTriggerEnter2D on Enemy with tag=Ground ShouldRunAI=True
[DEBUG-RANGE] OnTriggerEnter2D on Enemy with tag=Ground ShouldRunAI=True
[DEBUG-RANGE] OnTriggerEnter2D on Enemy with tag=Ground ShouldRunAI=True
[DEBUG-RANGE] OnTriggerEnter2D on Enemy with tag=Ground ShouldRunAI=True
[DEBUG-RANGE] OnTriggerEnter2D on Enemy with tag=Ground ShouldRunAI=True
[DEBUG-RANGE] OnTriggerEnter2D on Enemy with tag=Ground ShouldRunAI=True
[DEBUG-RANGE] OnTriggerEnter2D on Enemy with tag=Ground ShouldRunAI=True
[DEBUG-RANGE] OnTriggerEnter2D on Enemy with tag=Ground ShouldRunAI=True
[DEBUG-RANGE] OnTriggerEnter2D on Enemy with tag=Ground ShouldRunAI=True
[DEBUG-RANGE] OnTriggerEnter2D on Enemy with tag=Ground ShouldRunAI=True
[DEBUG-RANGE] OnTriggerEnter2D on Enemy with tag=Ground ShouldRunAI=True
[DEBUG-RANGE] OnTriggerEnter2D on Enemy with tag=Ground ShouldRunAI=True
[DEBUG-RANGE] OnTriggerEnter2D on Enemy with tag=Ground ShouldRunAI=True
[DEBUG-RANGE] OnTriggerEnter2D on Enemy with tag=Ground ShouldRunAI=True
[DEBUG-RANGE] OnTriggerEnter2D on Enemy with tag=Ground ShouldRunAI=True
[DEBUG-RANGE] OnTriggerEnter2D on Enemy with tag=Ground ShouldRunAI=True
[DEBUG-RANGE] OnTriggerEnter2D on Enemy with tag=Ground ShouldRunAI=True
[DEBUG-RANGE] OnTriggerEnter2D on Enemy with tag=Ground ShouldRunAI=True
[DEBUG-RANGE] OnTriggerEnter2D on Enemy with tag=Ground ShouldRunAI=True
[DEBUG-RANGE] OnTriggerEnter2D on Enemy with tag=Ground ShouldRunAI=True
[DEBUG-RANGE] OnTriggerEnter2D on Enemy with tag=Ground ShouldRunAI=True
[DEBUG-RANGE] OnTriggerEnter2D on Enemy with tag=Ground ShouldRunAI=True
[DEBUG-RANGE] OnTriggerEnter2D on Enemy with tag=Ground ShouldRunAI=True
[DEBUG-RANGE] OnTriggerEnter2D on Enemy with tag=Ground ShouldRunAI=True
[DEBUG-RANGE] OnTriggerEnter2D on Enemy with tag=Ground ShouldRunAI=True
[DEBUG-RANGE] OnTriggerEnter2D on Enemy with tag=Ground ShouldRunAI=True
[DEBUG-RANGE] OnTriggerEnter2D on Enemy with tag=Ground ShouldRunAI=True
[DEBUG-RANGE] OnTriggerEnter2D on Enemy with tag=Ground ShouldRunAI=True
[DEBUG-RANGE] OnTriggerEnter2D on Enemy with tag=Ground ShouldRunAI=True
[DEBUG-RANGE] OnTriggerEnter2D on Enemy with tag=Ground ShouldRunAI=True
[DEBUG-RANGE] OnTriggerEnter2D on Enemy with tag=Ground ShouldRunAI=True
[DEBUG-RANGE] OnTriggerEnter2D on Enemy with tag=Ground ShouldRunAI=True
[DEBUG-RANGE] OnTriggerEnter2D on Enemy with tag=Ground ShouldRunAI=True
[DEBUG-RANGE] OnTriggerEnter2D on Enemy with tag=Ground ShouldRunAI=True
[DEBUG-RANGE] OnTriggerEnter2D on Enemy with tag=Ground ShouldRunAI=True
[DEBUG-RANGE] OnTriggerEnter2D on Enemy with tag=Ground ShouldRunAI=True
[DEBUG-RANGE] OnTriggerEnter2D on Enemy with tag=Ground ShouldRunAI=True
[DEBUG-RANGE] OnTriggerEnter2D on Enemy with tag=Ground ShouldRunAI=True
[DEBUG-RANGE] OnTriggerEnter2D on Enemy with tag=Ground ShouldRunAI=True
[DEBUG-RANGE] OnTriggerEnter2D on Enemy with tag=Ground ShouldRunAI=True
[DEBUG-RANGE] OnTriggerEnter2D on Enemy with tag=Ground ShouldRunAI=True
[DEBUG-RANGE] OnTriggerEnter2D on Enemy with tag=Ground ShouldRunAI=True
[DEBUG-RANGE] OnTriggerEnter2D on Enemy with tag=Ground ShouldRunAI=True
[DEBUG-RANGE] OnTriggerEnter2D on Enemy with tag=Ground ShouldRunAI=True
[DEBUG-RANGE] OnTriggerEnter2D on Enemy with tag=Ground ShouldRunAI=True
[DEBUG-RANGE] OnTriggerEnter2D on Enemy with tag=Ground ShouldRunAI=True
[DEBUG-RANGE] OnTriggerEnter2D on Enemy with tag=Ground ShouldRunAI=True
[DEBUG-RANGE] OnTriggerEnter2D on Enemy with tag=Ground ShouldRunAI=True
[DEBUG-RANGE] OnTriggerEnter2D on Enemy with tag=Ground ShouldRunAI=True
[DEBUG-RANGE] OnTriggerEnter2D on Enemy with tag=Ground ShouldRunAI=True
[DEBUG-RANGE] OnTriggerEnter2D on Enemy with tag=Ground ShouldRunAI=True
[DEBUG-RANGE] OnTriggerEnter2D on Enemy with tag=Ground ShouldRunAI=True
[DEBUG-RANGE] OnTriggerEnter2D on Enemy with tag=Ground ShouldRunAI=True
[DEBUG-RANGE] OnTriggerEnter2D on Enemy with tag=Ground ShouldRunAI=True
[DEBUG-RANGE] OnTriggerEnter2D on Enemy with tag=Ground ShouldRunAI=True
[DEBUG-RANGE] OnTriggerEnter2D on Enemy with tag=Ground ShouldRunAI=True
[DEBUG-RANGE] OnTriggerEnter2D on Enemy with tag=Ground ShouldRunAI=True
[DEBUG-RANGE] OnTriggerEnter2D on Enemy with tag=Ground ShouldRunAI=True
[DEBUG-RANGE] OnTriggerEnter2D on Enemy with tag=Ground ShouldRunAI=True
[DEBUG-RANGE] OnTriggerEnter2D on Enemy with tag=Ground ShouldRunAI=True
[DEBUG-RANGE] OnTriggerEnter2D on Enemy with tag=Ground ShouldRunAI=True
[DEBUG-RANGE] OnTriggerEnter2D on Enemy with tag=Ground ShouldRunAI=True
[DEBUG-RANGE] OnTriggerEnter2D on Enemy with tag=Ground ShouldRunAI=True
[DEBUG-RANGE] OnTriggerEnter2D on Enemy with tag=Ground ShouldRunAI=True
[DEBUG-RANGE] OnTriggerEnter2D on Enemy with tag=Ground ShouldRunAI=True
[DEBUG-RANGE] OnTriggerEnter2D on Enemy with tag=Ground ShouldRunAI=True
[DEBUG-RANGE] OnTriggerEnter2D on Enemy with tag=Ground ShouldRunAI=True
[DEBUG-RANGE] OnTriggerEnter2D on Enemy with tag=Ground ShouldRunAI=True
[DEBUG-RANGE] OnTriggerEnter2D on Enemy with tag=Ground ShouldRunAI=True
[DEBUG-RANGE] OnTriggerEnter2D on Enemy with tag=Ground ShouldRunAI=True
[DEBUG-RANGE] OnTriggerEnter2D on Enemy with tag=Ground ShouldRunAI=True
[DEBUG-RANGE] OnTriggerEnter2D on Enemy with tag=Ground ShouldRunAI=True
[DEBUG-RANGE] OnTriggerEnter2D on Enemy with tag=Ground ShouldRunAI=True
[DEBUG-RANGE] OnTriggerEnter2D on Enemy with tag=Ground ShouldRunAI=True
[DEBUG-RANGE] OnTriggerEnter2D on Enemy with tag=Ground ShouldRunAI=True
[DEBUG-RANGE] OnTriggerEnter2D on Enemy with tag=Ground ShouldRunAI=True
[DEBUG-RANGE] OnTriggerEnter2D on Enemy with tag=Ground ShouldRunAI=True
[DEBUG-RANGE] OnTriggerEnter2D on Enemy with tag=Ground ShouldRunAI=True
[DEBUG-RANGE] OnTriggerEnter2D on Enemy with tag=Ground ShouldRunAI=True
[DEBUG-ENEMY] Enemy IsAlive=True ShouldRunAI=True state=IdleState MyTarget= MyAttackTime=133,99 IsAttacking=False AttackRange=0 dist=-1,00
[DEBUG-ENEMY] Enemy IsAlive=True ShouldRunAI=True state=IdleState MyTarget= MyAttackTime=133,99 IsAttacking=False AttackRange=0 dist=-1,00
[DEBUG-ENEMY] Enemy IsAlive=True ShouldRunAI=True state=FollowState MyTarget=Player [connId=1866355813] (Player) MyAttackTime=133,99 IsAttacking=False AttackRange=5 dist=10,73
[DEBUG-ENEMY] Enemy IsAlive=True ShouldRunAI=True state=FollowState MyTarget=Player [connId=1866355813] (Player) MyAttackTime=133,99 IsAttacking=False AttackRange=5 dist=10,80
[DEBUG-ENEMY] Enemy IsAlive=True ShouldRunAI=True state=FollowState MyTarget=Player [connId=1866355813] (Player) MyAttackTime=133,99 IsAttacking=False AttackRange=0 dist=19,55
[DEBUG-ENEMY] Enemy IsAlive=True ShouldRunAI=True state=FollowState MyTarget=Player [connId=1866355813] (Player) MyAttackTime=133,99 IsAttacking=False AttackRange=5 dist=10,80
[DEBUG-ENEMY] Enemy IsAlive=True ShouldRunAI=True state=IdleState MyTarget= MyAttackTime=133,99 IsAttacking=False AttackRange=0 dist=-1,00
[DEBUG-ENEMY] Enemy IsAlive=True ShouldRunAI=True state=IdleState MyTarget= MyAttackTime=133,99 IsAttacking=False AttackRange=0 dist=-1,00
[DEBUG-ENEMY] Enemy IsAlive=True ShouldRunAI=True state=IdleState MyTarget= MyAttackTime=133,99 IsAttacking=False AttackRange=0 dist=-1,00
[DEBUG-ENEMY] Enemy IsAlive=True ShouldRunAI=True state=FollowState MyTarget=Player [connId=1866355813] (Player) MyAttackTime=133,99 IsAttacking=False AttackRange=5 dist=10,73
[DEBUG-RANGE] OnTriggerEnter2D on Enemy with tag=Ground ShouldRunAI=True
[DEBUG-RANGE] OnTriggerEnter2D on Enemy with tag=Ground ShouldRunAI=True
[DEBUG-RANGE] OnTriggerEnter2D on Enemy with tag=Ground ShouldRunAI=True
[DEBUG-RANGE] OnTriggerEnter2D on Enemy with tag=Ground ShouldRunAI=True
[DEBUG-RANGE] OnTriggerEnter2D on Enemy with tag=Ground ShouldRunAI=True
[DEBUG-RANGE] OnTriggerEnter2D on Enemy with tag=Ground ShouldRunAI=True
[DEBUG-RANGE] OnTriggerEnter2D on Enemy with tag=Ground ShouldRunAI=True
[DEBUG-RANGE] OnTriggerEnter2D on Enemy with tag=Ground ShouldRunAI=True
[DEBUG-RANGE] OnTriggerEnter2D on Enemy with tag=Ground ShouldRunAI=True
[DEBUG-RANGE] OnTriggerEnter2D on Enemy with tag=Ground ShouldRunAI=True
[DEBUG-RANGE] OnTriggerEnter2D on Enemy with tag=Ground ShouldRunAI=True
[DEBUG-RANGE] OnTriggerEnter2D on Enemy with tag=Ground ShouldRunAI=True
[DEBUG-RANGE] OnTriggerEnter2D on Enemy with tag=Ground ShouldRunAI=True
[DEBUG-RANGE] OnTriggerEnter2D on Enemy with tag=Ground ShouldRunAI=True
[DEBUG-RANGE] OnTriggerEnter2D on Enemy with tag=Ground ShouldRunAI=True
[DEBUG-RANGE] OnTriggerEnter2D on Enemy with tag=Ground ShouldRunAI=True
[DEBUG-RANGE] OnTriggerEnter2D on Enemy with tag=Ground ShouldRunAI=True
[DEBUG-RANGE] OnTriggerEnter2D on Enemy with tag=Ground ShouldRunAI=True
[DEBUG-RANGE] OnTriggerEnter2D on Enemy with tag=Ground ShouldRunAI=True
[DEBUG-RANGE] OnTriggerEnter2D on Enemy with tag=Ground ShouldRunAI=True
[DEBUG-RANGE] OnTriggerEnter2D on Enemy with tag=Ground ShouldRunAI=True
[DEBUG-RANGE] OnTriggerEnter2D on Enemy with tag=Ground ShouldRunAI=True
[DEBUG-RANGE] OnTriggerEnter2D on Enemy with tag=Ground ShouldRunAI=True
[DEBUG-RANGE] OnTriggerEnter2D on Enemy with tag=Ground ShouldRunAI=True
[DEBUG-RANGE] OnTriggerEnter2D on Enemy with tag=Ground ShouldRunAI=True
[DEBUG-RANGE] OnTriggerEnter2D on Enemy with tag=Ground ShouldRunAI=True
[DEBUG-RANGE] OnTriggerEnter2D on Enemy with tag=Ground ShouldRunAI=True
[DEBUG-RANGE] OnTriggerEnter2D on Enemy with tag=Ground ShouldRunAI=True
[DEBUG-RANGE] OnTriggerEnter2D on Enemy with tag=Ground ShouldRunAI=True
[DEBUG-RANGE] OnTriggerEnter2D on Enemy with tag=Ground ShouldRunAI=True
[DEBUG-RANGE] OnTriggerEnter2D on Enemy with tag=Ground ShouldRunAI=True
[DEBUG-RANGE] OnTriggerEnter2D on Enemy with tag=Ground ShouldRunAI=True
[DEBUG-RANGE] OnTriggerEnter2D on Enemy with tag=Ground ShouldRunAI=True
[DEBUG-RANGE] OnTriggerEnter2D on Enemy with tag=Ground ShouldRunAI=True
[DEBUG-RANGE] OnTriggerEnter2D on Enemy with tag=Ground ShouldRunAI=True
[DEBUG-RANGE] OnTriggerEnter2D on Enemy with tag=Ground ShouldRunAI=True
[DEBUG-RANGE] OnTriggerEnter2D on Enemy with tag=Ground ShouldRunAI=True
[DEBUG-RANGE] OnTriggerEnter2D on Enemy with tag=Ground ShouldRunAI=True
[DEBUG-RANGE] OnTriggerEnter2D on Enemy with tag=Ground ShouldRunAI=True
[DEBUG-RANGE] OnTriggerEnter2D on Enemy with tag=Ground ShouldRunAI=True
[DEBUG-RANGE] OnTriggerEnter2D on Enemy with tag=Ground ShouldRunAI=True
[DEBUG-RANGE] OnTriggerEnter2D on Enemy with tag=Ground ShouldRunAI=True
[DEBUG-RANGE] OnTriggerEnter2D on Enemy with tag=Ground ShouldRunAI=True
[DEBUG-RANGE] OnTriggerEnter2D on Enemy with tag=Ground ShouldRunAI=True
[DEBUG-RANGE] OnTriggerEnter2D on Enemy with tag=Ground ShouldRunAI=True
[DEBUG-RANGE] OnTriggerEnter2D on Enemy with tag=Ground ShouldRunAI=True
[DEBUG-RANGE] OnTriggerEnter2D on Enemy with tag=Ground ShouldRunAI=True
[DEBUG-RANGE] OnTriggerEnter2D on Enemy with tag=Ground ShouldRunAI=True
[DEBUG-RANGE] OnTriggerEnter2D on Enemy with tag=Ground ShouldRunAI=True
[DEBUG-RANGE] OnTriggerEnter2D on Enemy with tag=Ground ShouldRunAI=True
[DEBUG-RANGE] OnTriggerEnter2D on Enemy with tag=Ground ShouldRunAI=True
[DEBUG-RANGE] OnTriggerEnter2D on Enemy with tag=Ground ShouldRunAI=True
[DEBUG-RANGE] OnTriggerEnter2D on Enemy with tag=Ground ShouldRunAI=True
[DEBUG-RANGE] OnTriggerEnter2D on Enemy with tag=Ground ShouldRunAI=True
[DEBUG-RANGE] OnTriggerEnter2D on Enemy with tag=Ground ShouldRunAI=True
[DEBUG-RANGE] OnTriggerEnter2D on Enemy with tag=Ground ShouldRunAI=True
[DEBUG-RANGE] OnTriggerEnter2D on Enemy with tag=Ground ShouldRunAI=True
[DEBUG-RANGE] OnTriggerEnter2D on Enemy with tag=Ground ShouldRunAI=True
[DEBUG-RANGE] OnTriggerEnter2D on Enemy with tag=Ground ShouldRunAI=True
[DEBUG-RANGE] OnTriggerEnter2D on Enemy with tag=Ground ShouldRunAI=True
[DEBUG-RANGE] OnTriggerEnter2D on Enemy with tag=Ground ShouldRunAI=True
[DEBUG-RANGE] OnTriggerEnter2D on Enemy with tag=Ground ShouldRunAI=True
[DEBUG-RANGE] OnTriggerEnter2D on Enemy with tag=Ground ShouldRunAI=True
[DEBUG-RANGE] OnTriggerEnter2D on Enemy with tag=Ground ShouldRunAI=True
[DEBUG-RANGE] OnTriggerEnter2D on Enemy with tag=Ground ShouldRunAI=True
[DEBUG-RANGE] OnTriggerEnter2D on Enemy with tag=Ground ShouldRunAI=True
[DEBUG-RANGE] OnTriggerEnter2D on Enemy with tag=Ground ShouldRunAI=True
[DEBUG-RANGE] OnTriggerEnter2D on Enemy with tag=Ground ShouldRunAI=True
[DEBUG-RANGE] OnTriggerEnter2D on Enemy with tag=Ground ShouldRunAI=True
[DEBUG-RANGE] OnTriggerEnter2D on Enemy with tag=Ground ShouldRunAI=True
[DEBUG-RANGE] OnTriggerEnter2D on Enemy with tag=Ground ShouldRunAI=True
[DEBUG-RANGE] OnTriggerEnter2D on Enemy with tag=Ground ShouldRunAI=True
[DEBUG-RANGE] OnTriggerEnter2D on Enemy with tag=Ground ShouldRunAI=True
[DEBUG-RANGE] OnTriggerEnter2D on Enemy with tag=Ground ShouldRunAI=True
[DEBUG-RANGE] OnTriggerEnter2D on Enemy with tag=Ground ShouldRunAI=True
[DEBUG-RANGE] OnTriggerEnter2D on Enemy with tag=Ground ShouldRunAI=True
[DEBUG-RANGE] OnTriggerEnter2D on Enemy with tag=Ground ShouldRunAI=True
[DEBUG-RANGE] OnTriggerEnter2D on Enemy with tag=Ground ShouldRunAI=True
[DEBUG-RANGE] OnTriggerEnter2D on Enemy with tag=Ground ShouldRunAI=True
[DEBUG-RANGE] OnTriggerEnter2D on Enemy with tag=Ground ShouldRunAI=True
[DEBUG-RANGE] OnTriggerEnter2D on Enemy with tag=Ground ShouldRunAI=True
[DEBUG-RANGE] OnTriggerEnter2D on Enemy with tag=Ground ShouldRunAI=True
[DEBUG-RANGE] OnTriggerEnter2D on Enemy with tag=Ground ShouldRunAI=True
[DEBUG-RANGE] OnTriggerEnter2D on Enemy with tag=Ground ShouldRunAI=True
[DEBUG-RANGE] OnTriggerEnter2D on Enemy with tag=Ground ShouldRunAI=True
[DEBUG-RANGE] OnTriggerEnter2D on Enemy with tag=Ground ShouldRunAI=True
[DEBUG-RANGE] OnTriggerEnter2D on Enemy with tag=Ground ShouldRunAI=True
[DEBUG-RANGE] OnTriggerEnter2D on Enemy with tag=Ground ShouldRunAI=True
[DEBUG-RANGE] OnTriggerEnter2D on Enemy with tag=Ground ShouldRunAI=True
[DEBUG-RANGE] OnTriggerEnter2D on Enemy with tag=Ground ShouldRunAI=True
[DEBUG-RANGE] OnTriggerEnter2D on Enemy with tag=Ground ShouldRunAI=True
[DEBUG-RANGE] OnTriggerEnter2D on Enemy with tag=Ground ShouldRunAI=True
[DEBUG-RANGE] OnTriggerEnter2D on Enemy with tag=Ground ShouldRunAI=True
[DEBUG-RANGE] OnTriggerEnter2D on Enemy with tag=Ground ShouldRunAI=True
[DEBUG-RANGE] OnTriggerEnter2D on Enemy with tag=Ground ShouldRunAI=True
[DEBUG-RANGE] OnTriggerEnter2D on Enemy with tag=Ground ShouldRunAI=True
[DEBUG-RANGE] OnTriggerEnter2D on Enemy with tag=Ground ShouldRunAI=True
[DEBUG-RANGE] OnTriggerEnter2D on Enemy with tag=Ground ShouldRunAI=True
[DEBUG-RANGE] OnTriggerEnter2D on Enemy with tag=Ground ShouldRunAI=True
[DEBUG-RANGE] OnTriggerEnter2D on Enemy with tag=Ground ShouldRunAI=True
[DEBUG-RANGE] OnTriggerEnter2D on Enemy with tag=Ground ShouldRunAI=True
[DEBUG-RANGE] OnTriggerEnter2D on Enemy with tag=Ground ShouldRunAI=True
[DEBUG-RANGE] OnTriggerEnter2D on Enemy with tag=Ground ShouldRunAI=True
[DEBUG-RANGE] OnTriggerEnter2D on Enemy with tag=Ground ShouldRunAI=True
[DEBUG-RANGE] OnTriggerEnter2D on Enemy with tag=Ground ShouldRunAI=True
[DEBUG-RANGE] OnTriggerEnter2D on Enemy with tag=Ground ShouldRunAI=True
[DEBUG-RANGE] OnTriggerEnter2D on Enemy with tag=Ground ShouldRunAI=True
[DEBUG-RANGE] OnTriggerEnter2D on Enemy with tag=Ground ShouldRunAI=True
[DEBUG-RANGE] OnTriggerEnter2D on Enemy with tag=Ground ShouldRunAI=True
[DEBUG-RANGE] OnTriggerEnter2D on Enemy with tag=Ground ShouldRunAI=True
[DEBUG-RANGE] OnTriggerEnter2D on Enemy with tag=Ground ShouldRunAI=True
[DEBUG-RANGE] OnTriggerEnter2D on Enemy with tag=Ground ShouldRunAI=True
[DEBUG-RANGE] OnTriggerEnter2D on Enemy with tag=Ground ShouldRunAI=True
[DEBUG-RANGE] OnTriggerEnter2D on Enemy with tag=Ground ShouldRunAI=True
[DEBUG-RANGE] OnTriggerEnter2D on Enemy with tag=Ground ShouldRunAI=True
[DEBUG-RANGE] OnTriggerEnter2D on Enemy with tag=Ground ShouldRunAI=True
[DEBUG-RANGE] OnTriggerEnter2D on Enemy with tag=Ground ShouldRunAI=True
[DEBUG-RANGE] OnTriggerEnter2D on Enemy with tag=Ground ShouldRunAI=True
[DEBUG-RANGE] OnTriggerEnter2D on Enemy with tag=Ground ShouldRunAI=True
[DEBUG-RANGE] OnTriggerEnter2D on Enemy with tag=Ground ShouldRunAI=True
[DEBUG-RANGE] OnTriggerEnter2D on Enemy with tag=Ground ShouldRunAI=True
[DEBUG-RANGE] OnTriggerEnter2D on Enemy with tag=Ground ShouldRunAI=True
[DEBUG-RANGE] OnTriggerEnter2D on Enemy with tag=Ground ShouldRunAI=True
[DEBUG-RANGE] OnTriggerEnter2D on Enemy with tag=Ground ShouldRunAI=True
[DEBUG-RANGE] OnTriggerEnter2D on Enemy with tag=Ground ShouldRunAI=True
[DEBUG-RANGE] OnTriggerEnter2D on Enemy with tag=Ground ShouldRunAI=True
[DEBUG-RANGE] OnTriggerEnter2D on Enemy with tag=Ground ShouldRunAI=True
[DEBUG-RANGE] OnTriggerEnter2D on Enemy with tag=Ground ShouldRunAI=True
[DEBUG-RANGE] OnTriggerEnter2D on Enemy with tag=Ground ShouldRunAI=True
[DEBUG-RANGE] OnTriggerEnter2D on Enemy with tag=Ground ShouldRunAI=True
[DEBUG-RANGE] OnTriggerEnter2D on Enemy with tag=Ground ShouldRunAI=True
[DEBUG-RANGE] OnTriggerEnter2D on Enemy with tag=Ground ShouldRunAI=True
[DEBUG-RANGE] OnTriggerEnter2D on Enemy with tag=Ground ShouldRunAI=True
[DEBUG-RANGE] OnTriggerEnter2D on Enemy with tag=Ground ShouldRunAI=True
[DEBUG-RANGE] OnTriggerEnter2D on Enemy with tag=Ground ShouldRunAI=True
[DEBUG-RANGE] OnTriggerEnter2D on Enemy with tag=Ground ShouldRunAI=True
[DEBUG-RANGE] OnTriggerEnter2D on Enemy with tag=Ground ShouldRunAI=True
[DEBUG-RANGE] OnTriggerEnter2D on Enemy with tag=Ground ShouldRunAI=True
[DEBUG-RANGE] OnTriggerEnter2D on Enemy with tag=Ground ShouldRunAI=True
[DEBUG-RANGE] OnTriggerEnter2D on Enemy with tag=Ground ShouldRunAI=True
[DEBUG-RANGE] OnTriggerEnter2D on Enemy with tag=Ground ShouldRunAI=True
[DEBUG-RANGE] OnTriggerEnter2D on Enemy with tag=Ground ShouldRunAI=True
[DEBUG-RANGE] OnTriggerEnter2D on Enemy with tag=Ground ShouldRunAI=True
[DEBUG-RANGE] OnTriggerEnter2D on Enemy with tag=Ground ShouldRunAI=True
[DEBUG-RANGE] OnTriggerEnter2D on Enemy with tag=Ground ShouldRunAI=True
[DEBUG-RANGE] OnTriggerEnter2D on Enemy with tag=Ground ShouldRunAI=True
[DEBUG-RANGE] OnTriggerEnter2D on Enemy with tag=Ground ShouldRunAI=True
[DEBUG-RANGE] OnTriggerEnter2D on Enemy with tag=Ground ShouldRunAI=True
[DEBUG-RANGE] OnTriggerEnter2D on Enemy with tag=Ground ShouldRunAI=True
[DEBUG-RANGE] OnTriggerEnter2D on Enemy with tag=Ground ShouldRunAI=True
[DEBUG-RANGE] OnTriggerEnter2D on Enemy with tag=Ground ShouldRunAI=True
[DEBUG-RANGE] OnTriggerEnter2D on Enemy with tag=Ground ShouldRunAI=True
[DEBUG-RANGE] OnTriggerEnter2D on Enemy with tag=Ground ShouldRunAI=True
[DEBUG-RANGE] OnTriggerEnter2D on Enemy with tag=Ground ShouldRunAI=True
[DEBUG-RANGE] OnTriggerEnter2D on Enemy with tag=Ground ShouldRunAI=True
[DEBUG-RANGE] OnTriggerEnter2D on Enemy with tag=Ground ShouldRunAI=True
[DEBUG-RANGE] OnTriggerEnter2D on Enemy with tag=Ground ShouldRunAI=True
[DEBUG-RANGE] OnTriggerEnter2D on Enemy with tag=Ground ShouldRunAI=True
[DEBUG-RANGE] OnTriggerEnter2D on Enemy with tag=Ground ShouldRunAI=True
[DEBUG-RANGE] OnTriggerEnter2D on Enemy with tag=Ground ShouldRunAI=True
[DEBUG-RANGE] OnTriggerEnter2D on Enemy with tag=Ground ShouldRunAI=True
[DEBUG-RANGE] OnTriggerEnter2D on Enemy with tag=Ground ShouldRunAI=True
[DEBUG-RANGE] OnTriggerEnter2D on Enemy with tag=Ground ShouldRunAI=True
[DEBUG-RANGE] OnTriggerEnter2D on Enemy with tag=Ground ShouldRunAI=True
[DEBUG-RANGE] OnTriggerEnter2D on Enemy with tag=Ground ShouldRunAI=True
[DEBUG-RANGE] OnTriggerEnter2D on Enemy with tag=Ground ShouldRunAI=True
[DEBUG-RANGE] OnTriggerEnter2D on Enemy with tag=Ground ShouldRunAI=True
[DEBUG-RANGE] OnTriggerEnter2D on Enemy with tag=Ground ShouldRunAI=True
[DEBUG-RANGE] OnTriggerEnter2D on Enemy with tag=Ground ShouldRunAI=True
[DEBUG-RANGE] OnTriggerEnter2D on Enemy with tag=Ground ShouldRunAI=True
[DEBUG-ENEMY] Enemy IsAlive=True ShouldRunAI=True state=IdleState MyTarget= MyAttackTime=135,99 IsAttacking=False AttackRange=0 dist=-1,00
[DEBUG-ENEMY] Enemy IsAlive=True ShouldRunAI=True state=IdleState MyTarget= MyAttackTime=135,99 IsAttacking=False AttackRange=0 dist=-1,00
[DEBUG-ENEMY] Enemy IsAlive=True ShouldRunAI=True state=FollowState MyTarget=Player [connId=1866355813] (Player) MyAttackTime=135,99 IsAttacking=False AttackRange=5 dist=10,73
[DEBUG-ENEMY] Enemy IsAlive=True ShouldRunAI=True state=FollowState MyTarget=Player [connId=1866355813] (Player) MyAttackTime=135,99 IsAttacking=False AttackRange=5 dist=10,80
[DEBUG-ENEMY] Enemy IsAlive=True ShouldRunAI=True state=FollowState MyTarget=Player [connId=1866355813] (Player) MyAttackTime=135,99 IsAttacking=False AttackRange=0 dist=19,55
[DEBUG-ENEMY] Enemy IsAlive=True ShouldRunAI=True state=FollowState MyTarget=Player [connId=1866355813] (Player) MyAttackTime=135,99 IsAttacking=False AttackRange=5 dist=10,80
[DEBUG-ENEMY] Enemy IsAlive=True ShouldRunAI=True state=IdleState MyTarget= MyAttackTime=135,99 IsAttacking=False AttackRange=0 dist=-1,00
[DEBUG-ENEMY] Enemy IsAlive=True ShouldRunAI=True state=IdleState MyTarget= MyAttackTime=135,99 IsAttacking=False AttackRange=0 dist=-1,00
[DEBUG-ENEMY] Enemy IsAlive=True ShouldRunAI=True state=IdleState MyTarget= MyAttackTime=135,99 IsAttacking=False AttackRange=0 dist=-1,00
[DEBUG-ENEMY] Enemy IsAlive=True ShouldRunAI=True state=FollowState MyTarget=Player [connId=1866355813] (Player) MyAttackTime=135,99 IsAttacking=False AttackRange=5 dist=10,73
[DEBUG-RANGE] OnTriggerEnter2D on Enemy with tag=Ground ShouldRunAI=True
[DEBUG-RANGE] OnTriggerEnter2D on Enemy with tag=Ground ShouldRunAI=True
[DEBUG-RANGE] OnTriggerEnter2D on Enemy with tag=Ground ShouldRunAI=True
[DEBUG-RANGE] OnTriggerEnter2D on Enemy with tag=Ground ShouldRunAI=True
[DEBUG-RANGE] OnTriggerEnter2D on Enemy with tag=Ground ShouldRunAI=True
[DEBUG-RANGE] OnTriggerEnter2D on Enemy with tag=Ground ShouldRunAI=True
[DEBUG-RANGE] OnTriggerEnter2D on Enemy with tag=Ground ShouldRunAI=True
[DEBUG-RANGE] OnTriggerEnter2D on Enemy with tag=Ground ShouldRunAI=True
[DEBUG-RANGE] OnTriggerEnter2D on Enemy with tag=Ground ShouldRunAI=True
[DEBUG-RANGE] OnTriggerEnter2D on Enemy with tag=Ground ShouldRunAI=True
[DEBUG-RANGE] OnTriggerEnter2D on Enemy with tag=Ground ShouldRunAI=True
[DEBUG-RANGE] OnTriggerEnter2D on Enemy with tag=Ground ShouldRunAI=True
[DEBUG-RANGE] OnTriggerEnter2D on Enemy with tag=Ground ShouldRunAI=True
[DEBUG-RANGE] OnTriggerEnter2D on Enemy with tag=Ground ShouldRunAI=True
[DEBUG-RANGE] OnTriggerEnter2D on Enemy with tag=Ground ShouldRunAI=True
[DEBUG-RANGE] OnTriggerEnter2D on Enemy with tag=Ground ShouldRunAI=True
[DEBUG-RANGE] OnTriggerEnter2D on Enemy with tag=Ground ShouldRunAI=True
[DEBUG-RANGE] OnTriggerEnter2D on Enemy with tag=Ground ShouldRunAI=True
[DEBUG-RANGE] OnTriggerEnter2D on Enemy with tag=Ground ShouldRunAI=True
[DEBUG-RANGE] OnTriggerEnter2D on Enemy with tag=Ground ShouldRunAI=True
[DEBUG-RANGE] OnTriggerEnter2D on Enemy with tag=Ground ShouldRunAI=True
[DEBUG-RANGE] OnTriggerEnter2D on Enemy with tag=Ground ShouldRunAI=True
[DEBUG-RANGE] OnTriggerEnter2D on Enemy with tag=Ground ShouldRunAI=True
[DEBUG-RANGE] OnTriggerEnter2D on Enemy with tag=Ground ShouldRunAI=True
[DEBUG-RANGE] OnTriggerEnter2D on Enemy with tag=Ground ShouldRunAI=True
[DEBUG-RANGE] OnTriggerEnter2D on Enemy with tag=Ground ShouldRunAI=True
[DEBUG-RANGE] OnTriggerEnter2D on Enemy with tag=Ground ShouldRunAI=True
[DEBUG-RANGE] OnTriggerEnter2D on Enemy with tag=Ground ShouldRunAI=True
[DEBUG-RANGE] OnTriggerEnter2D on Enemy with tag=Ground ShouldRunAI=True
[DEBUG-RANGE] OnTriggerEnter2D on Enemy with tag=Ground ShouldRunAI=True
[DEBUG-RANGE] OnTriggerEnter2D on Enemy with tag=Ground ShouldRunAI=True
[DEBUG-RANGE] OnTriggerEnter2D on Enemy with tag=Ground ShouldRunAI=True
[DEBUG-RANGE] OnTriggerEnter2D on Enemy with tag=Ground ShouldRunAI=True
[DEBUG-RANGE] OnTriggerEnter2D on Enemy with tag=Ground ShouldRunAI=True
[DEBUG-RANGE] OnTriggerEnter2D on Enemy with tag=Ground ShouldRunAI=True
[DEBUG-RANGE] OnTriggerEnter2D on Enemy with tag=Ground ShouldRunAI=True
[DEBUG-RANGE] OnTriggerEnter2D on Enemy with tag=Ground ShouldRunAI=True
[DEBUG-RANGE] OnTriggerEnter2D on Enemy with tag=Ground ShouldRunAI=True
[DEBUG-RANGE] OnTriggerEnter2D on Enemy with tag=Ground ShouldRunAI=True
[DEBUG-RANGE] OnTriggerEnter2D on Enemy with tag=Ground ShouldRunAI=True
[DEBUG-RANGE] OnTriggerEnter2D on Enemy with tag=Ground ShouldRunAI=True
[DEBUG-RANGE] OnTriggerEnter2D on Enemy with tag=Ground ShouldRunAI=True
[DEBUG-RANGE] OnTriggerEnter2D on Enemy with tag=Ground ShouldRunAI=True
[DEBUG-RANGE] OnTriggerEnter2D on Enemy with tag=Ground ShouldRunAI=True
[DEBUG-RANGE] OnTriggerEnter2D on Enemy with tag=Ground ShouldRunAI=True
[DEBUG-RANGE] OnTriggerEnter2D on Enemy with tag=Ground ShouldRunAI=True
[DEBUG-RANGE] OnTriggerEnter2D on Enemy with tag=Ground ShouldRunAI=True
[DEBUG-RANGE] OnTriggerEnter2D on Enemy with tag=Ground ShouldRunAI=True
[DEBUG-RANGE] OnTriggerEnter2D on Enemy with tag=Ground ShouldRunAI=True
[DEBUG-RANGE] OnTriggerEnter2D on Enemy with tag=Ground ShouldRunAI=True
[DEBUG-RANGE] OnTriggerEnter2D on Enemy with tag=Ground ShouldRunAI=True
[DEBUG-RANGE] OnTriggerEnter2D on Enemy with tag=Ground ShouldRunAI=True
[DEBUG-RANGE] OnTriggerEnter2D on Enemy with tag=Ground ShouldRunAI=True
[DEBUG-RANGE] OnTriggerEnter2D on Enemy with tag=Ground ShouldRunAI=True
[DEBUG-RANGE] OnTriggerEnter2D on Enemy with tag=Ground ShouldRunAI=True
[DEBUG-RANGE] OnTriggerEnter2D on Enemy with tag=Ground ShouldRunAI=True
[DEBUG-RANGE] OnTriggerEnter2D on Enemy with tag=Ground ShouldRunAI=True
[DEBUG-RANGE] OnTriggerEnter2D on Enemy with tag=Ground ShouldRunAI=True
[DEBUG-RANGE] OnTriggerEnter2D on Enemy with tag=Ground ShouldRunAI=True
[DEBUG-RANGE] OnTriggerEnter2D on Enemy with tag=Ground ShouldRunAI=True
[DEBUG-RANGE] OnTriggerEnter2D on Enemy with tag=Ground ShouldRunAI=True
[DEBUG-RANGE] OnTriggerEnter2D on Enemy with tag=Ground ShouldRunAI=True
[DEBUG-RANGE] OnTriggerEnter2D on Enemy with tag=Ground ShouldRunAI=True
[DEBUG-RANGE] OnTriggerEnter2D on Enemy with tag=Ground ShouldRunAI=True
[DEBUG-RANGE] OnTriggerEnter2D on Enemy with tag=Ground ShouldRunAI=True
[DEBUG-RANGE] OnTriggerEnter2D on Enemy with tag=Ground ShouldRunAI=True
[DEBUG-RANGE] OnTriggerEnter2D on Enemy with tag=Ground ShouldRunAI=True
[DEBUG-RANGE] OnTriggerEnter2D on Enemy with tag=Ground ShouldRunAI=True
[DEBUG-RANGE] OnTriggerEnter2D on Enemy with tag=Ground ShouldRunAI=True
[DEBUG-RANGE] OnTriggerEnter2D on Enemy with tag=Ground ShouldRunAI=True
[DEBUG-RANGE] OnTriggerEnter2D on Enemy with tag=Ground ShouldRunAI=True
[DEBUG-RANGE] OnTriggerEnter2D on Enemy with tag=Ground ShouldRunAI=True
[DEBUG-RANGE] OnTriggerEnter2D on Enemy with tag=Ground ShouldRunAI=True
[DEBUG-RANGE] OnTriggerEnter2D on Enemy with tag=Ground ShouldRunAI=True
[DEBUG-RANGE] OnTriggerEnter2D on Enemy with tag=Ground ShouldRunAI=True
[DEBUG-RANGE] OnTriggerEnter2D on Enemy with tag=Ground ShouldRunAI=True
[DEBUG-RANGE] OnTriggerEnter2D on Enemy with tag=Ground ShouldRunAI=True
[DEBUG-RANGE] OnTriggerEnter2D on Enemy with tag=Ground ShouldRunAI=True
[DEBUG-RANGE] OnTriggerEnter2D on Enemy with tag=Ground ShouldRunAI=True
[DEBUG-RANGE] OnTriggerEnter2D on Enemy with tag=Ground ShouldRunAI=True
[DEBUG-RANGE] OnTriggerEnter2D on Enemy with tag=Ground ShouldRunAI=True
[DEBUG-RANGE] OnTriggerEnter2D on Enemy with tag=Ground ShouldRunAI=True
[DEBUG-RANGE] OnTriggerEnter2D on Enemy with tag=Ground ShouldRunAI=True
[DEBUG-RANGE] OnTriggerEnter2D on Enemy with tag=Ground ShouldRunAI=True
[DEBUG-RANGE] OnTriggerEnter2D on Enemy with tag=Ground ShouldRunAI=True
[DEBUG-RANGE] OnTriggerEnter2D on Enemy with tag=Ground ShouldRunAI=True
[DEBUG-RANGE] OnTriggerEnter2D on Enemy with tag=Ground ShouldRunAI=True
[DEBUG-RANGE] OnTriggerEnter2D on Enemy with tag=Ground ShouldRunAI=True
[DEBUG-RANGE] OnTriggerEnter2D on Enemy with tag=Ground ShouldRunAI=True
[DEBUG-RANGE] OnTriggerEnter2D on Enemy with tag=Ground ShouldRunAI=True
[DEBUG-RANGE] OnTriggerEnter2D on Enemy with tag=Ground ShouldRunAI=True
[DEBUG-RANGE] OnTriggerEnter2D on Enemy with tag=Ground ShouldRunAI=True
[DEBUG-RANGE] OnTriggerEnter2D on Enemy with tag=Ground ShouldRunAI=True
[DEBUG-RANGE] OnTriggerEnter2D on Enemy with tag=Ground ShouldRunAI=True
[DEBUG-RANGE] OnTriggerEnter2D on Enemy with tag=Ground ShouldRunAI=True
[DEBUG-RANGE] OnTriggerEnter2D on Enemy with tag=Ground ShouldRunAI=True
[DEBUG-RANGE] OnTriggerEnter2D on Enemy with tag=Ground ShouldRunAI=True
[DEBUG-RANGE] OnTriggerEnter2D on Enemy with tag=Ground ShouldRunAI=True
[DEBUG-RANGE] OnTriggerEnter2D on Enemy with tag=Ground ShouldRunAI=True
[DEBUG-RANGE] OnTriggerEnter2D on Enemy with tag=Ground ShouldRunAI=True
[DEBUG-RANGE] OnTriggerEnter2D on Enemy with tag=Ground ShouldRunAI=True
[DEBUG-RANGE] OnTriggerEnter2D on Enemy with tag=Ground ShouldRunAI=True
[DEBUG-RANGE] OnTriggerEnter2D on Enemy with tag=Ground ShouldRunAI=True
[DEBUG-RANGE] OnTriggerEnter2D on Enemy with tag=Ground ShouldRunAI=True
[DEBUG-RANGE] OnTriggerEnter2D on Enemy with tag=Ground ShouldRunAI=True
[DEBUG-RANGE] OnTriggerEnter2D on Enemy with tag=Ground ShouldRunAI=True
[DEBUG-RANGE] OnTriggerEnter2D on Enemy with tag=Ground ShouldRunAI=True
[DEBUG-RANGE] OnTriggerEnter2D on Enemy with tag=Ground ShouldRunAI=True
[DEBUG-RANGE] OnTriggerEnter2D on Enemy with tag=Ground ShouldRunAI=True
[DEBUG-RANGE] OnTriggerEnter2D on Enemy with tag=Ground ShouldRunAI=True
[DEBUG-RANGE] OnTriggerEnter2D on Enemy with tag=Ground ShouldRunAI=True
[DEBUG-RANGE] OnTriggerEnter2D on Enemy with tag=Ground ShouldRunAI=True
[DEBUG-RANGE] OnTriggerEnter2D on Enemy with tag=Ground ShouldRunAI=True
[DEBUG-RANGE] OnTriggerEnter2D on Enemy with tag=Ground ShouldRunAI=True
[DEBUG-RANGE] OnTriggerEnter2D on Enemy with tag=Ground ShouldRunAI=True
[DEBUG-RANGE] OnTriggerEnter2D on Enemy with tag=Ground ShouldRunAI=True
[DEBUG-RANGE] OnTriggerEnter2D on Enemy with tag=Ground ShouldRunAI=True
[DEBUG-RANGE] OnTriggerEnter2D on Enemy with tag=Ground ShouldRunAI=True
[DEBUG-RANGE] OnTriggerEnter2D on Enemy with tag=Ground ShouldRunAI=True
[DEBUG-RANGE] OnTriggerEnter2D on Enemy with tag=Ground ShouldRunAI=True
[DEBUG-RANGE] OnTriggerEnter2D on Enemy with tag=Ground ShouldRunAI=True
[DEBUG-RANGE] OnTriggerEnter2D on Enemy with tag=Ground ShouldRunAI=True
[DEBUG-RANGE] OnTriggerEnter2D on Enemy with tag=Ground ShouldRunAI=True
[DEBUG-RANGE] OnTriggerEnter2D on Enemy with tag=Ground ShouldRunAI=True
[DEBUG-RANGE] OnTriggerEnter2D on Enemy with tag=Ground ShouldRunAI=True
[DEBUG-RANGE] OnTriggerEnter2D on Enemy with tag=Ground ShouldRunAI=True
[DEBUG-RANGE] OnTriggerEnter2D on Enemy with tag=Ground ShouldRunAI=True
[DEBUG-RANGE] OnTriggerEnter2D on Enemy with tag=Ground ShouldRunAI=True
[DEBUG-RANGE] OnTriggerEnter2D on Enemy with tag=Ground ShouldRunAI=True
[DEBUG-RANGE] OnTriggerEnter2D on Enemy with tag=Ground ShouldRunAI=True
[DEBUG-RANGE] OnTriggerEnter2D on Enemy with tag=Ground ShouldRunAI=True
[DEBUG-RANGE] OnTriggerEnter2D on Enemy with tag=Ground ShouldRunAI=True
[DEBUG-RANGE] OnTriggerEnter2D on Enemy with tag=Ground ShouldRunAI=True
[DEBUG-RANGE] OnTriggerEnter2D on Enemy with tag=Ground ShouldRunAI=True
[DEBUG-RANGE] OnTriggerEnter2D on Enemy with tag=Ground ShouldRunAI=True
[DEBUG-RANGE] OnTriggerEnter2D on Enemy with tag=Ground ShouldRunAI=True
[DEBUG-RANGE] OnTriggerEnter2D on Enemy with tag=Ground ShouldRunAI=True
[DEBUG-RANGE] OnTriggerEnter2D on Enemy with tag=Ground ShouldRunAI=True
[DEBUG-RANGE] OnTriggerEnter2D on Enemy with tag=Ground ShouldRunAI=True
[DEBUG-RANGE] OnTriggerEnter2D on Enemy with tag=Ground ShouldRunAI=True
[DEBUG-RANGE] OnTriggerEnter2D on Enemy with tag=Ground ShouldRunAI=True
[DEBUG-RANGE] OnTriggerEnter2D on Enemy with tag=Ground ShouldRunAI=True
[DEBUG-RANGE] OnTriggerEnter2D on Enemy with tag=Ground ShouldRunAI=True
[DEBUG-RANGE] OnTriggerEnter2D on Enemy with tag=Ground ShouldRunAI=True
[DEBUG-RANGE] OnTriggerEnter2D on Enemy with tag=Ground ShouldRunAI=True
[DEBUG-RANGE] OnTriggerEnter2D on Enemy with tag=Ground ShouldRunAI=True
[DEBUG-RANGE] OnTriggerEnter2D on Enemy with tag=Ground ShouldRunAI=True
[DEBUG-RANGE] OnTriggerEnter2D on Enemy with tag=Ground ShouldRunAI=True
[DEBUG-RANGE] OnTriggerEnter2D on Enemy with tag=Ground ShouldRunAI=True
[DEBUG-RANGE] OnTriggerEnter2D on Enemy with tag=Ground ShouldRunAI=True
[DEBUG-RANGE] OnTriggerEnter2D on Enemy with tag=Ground ShouldRunAI=True
[DEBUG-RANGE] OnTriggerEnter2D on Enemy with tag=Ground ShouldRunAI=True
[DEBUG-RANGE] OnTriggerEnter2D on Enemy with tag=Ground ShouldRunAI=True
[DEBUG-RANGE] OnTriggerEnter2D on Enemy with tag=Ground ShouldRunAI=True
[DEBUG-RANGE] OnTriggerEnter2D on Enemy with tag=Ground ShouldRunAI=True
[DEBUG-RANGE] OnTriggerEnter2D on Enemy with tag=Ground ShouldRunAI=True
[DEBUG-RANGE] OnTriggerEnter2D on Enemy with tag=Ground ShouldRunAI=True
[DEBUG-RANGE] OnTriggerEnter2D on Enemy with tag=Ground ShouldRunAI=True
[DEBUG-RANGE] OnTriggerEnter2D on Enemy with tag=Ground ShouldRunAI=True
[DEBUG-RANGE] OnTriggerEnter2D on Enemy with tag=Ground ShouldRunAI=True
[DEBUG-RANGE] OnTriggerEnter2D on Enemy with tag=Ground ShouldRunAI=True
[DEBUG-RANGE] OnTriggerEnter2D on Enemy with tag=Ground ShouldRunAI=True
[DEBUG-RANGE] OnTriggerEnter2D on Enemy with tag=Ground ShouldRunAI=True
[DEBUG-RANGE] OnTriggerEnter2D on Enemy with tag=Ground ShouldRunAI=True
[DEBUG-RANGE] OnTriggerEnter2D on Enemy with tag=Ground ShouldRunAI=True
[DEBUG-RANGE] OnTriggerEnter2D on Enemy with tag=Ground ShouldRunAI=True
[DEBUG-RANGE] OnTriggerEnter2D on Enemy with tag=Ground ShouldRunAI=True
[DEBUG-RANGE] OnTriggerEnter2D on Enemy with tag=Ground ShouldRunAI=True
[DEBUG-RANGE] OnTriggerEnter2D on Enemy with tag=Ground ShouldRunAI=True
[DEBUG-RANGE] OnTriggerEnter2D on Enemy with tag=Ground ShouldRunAI=True
[DEBUG-ENEMY] Enemy IsAlive=True ShouldRunAI=True state=IdleState MyTarget= MyAttackTime=137,99 IsAttacking=False AttackRange=0 dist=-1,00
[DEBUG-ENEMY] Enemy IsAlive=True ShouldRunAI=True state=IdleState MyTarget= MyAttackTime=137,99 IsAttacking=False AttackRange=0 dist=-1,00
[DEBUG-ENEMY] Enemy IsAlive=True ShouldRunAI=True state=FollowState MyTarget=Player [connId=1866355813] (Player) MyAttackTime=137,99 IsAttacking=False AttackRange=5 dist=10,73
[DEBUG-ENEMY] Enemy IsAlive=True ShouldRunAI=True state=FollowState MyTarget=Player [connId=1866355813] (Player) MyAttackTime=137,99 IsAttacking=False AttackRange=5 dist=10,80
[DEBUG-ENEMY] Enemy IsAlive=True ShouldRunAI=True state=FollowState MyTarget=Player [connId=1866355813] (Player) MyAttackTime=137,99 IsAttacking=False AttackRange=0 dist=19,55
[DEBUG-ENEMY] Enemy IsAlive=True ShouldRunAI=True state=FollowState MyTarget=Player [connId=1866355813] (Player) MyAttackTime=137,99 IsAttacking=False AttackRange=5 dist=10,80
[DEBUG-ENEMY] Enemy IsAlive=True ShouldRunAI=True state=IdleState MyTarget= MyAttackTime=137,99 IsAttacking=False AttackRange=0 dist=-1,00
[DEBUG-ENEMY] Enemy IsAlive=True ShouldRunAI=True state=IdleState MyTarget= MyAttackTime=137,99 IsAttacking=False AttackRange=0 dist=-1,00
[DEBUG-ENEMY] Enemy IsAlive=True ShouldRunAI=True state=IdleState MyTarget= MyAttackTime=137,99 IsAttacking=False AttackRange=0 dist=-1,00
[DEBUG-ENEMY] Enemy IsAlive=True ShouldRunAI=True state=FollowState MyTarget=Player [connId=1866355813] (Player) MyAttackTime=137,99 IsAttacking=False AttackRange=5 dist=10,73
[DEBUG-RANGE] OnTriggerEnter2D on Enemy with tag=Ground ShouldRunAI=True
[DEBUG-RANGE] OnTriggerEnter2D on Enemy with tag=Ground ShouldRunAI=True
[DEBUG-RANGE] OnTriggerEnter2D on Enemy with tag=Ground ShouldRunAI=True
[DEBUG-RANGE] OnTriggerEnter2D on Enemy with tag=Ground ShouldRunAI=True
[DEBUG-RANGE] OnTriggerEnter2D on Enemy with tag=Ground ShouldRunAI=True
[DEBUG-RANGE] OnTriggerEnter2D on Enemy with tag=Ground ShouldRunAI=True
[DEBUG-RANGE] OnTriggerEnter2D on Enemy with tag=Ground ShouldRunAI=True
[DEBUG-RANGE] OnTriggerEnter2D on Enemy with tag=Ground ShouldRunAI=True
[DEBUG-RANGE] OnTriggerEnter2D on Enemy with tag=Ground ShouldRunAI=True
[DEBUG-RANGE] OnTriggerEnter2D on Enemy with tag=Ground ShouldRunAI=True
[DEBUG-RANGE] OnTriggerEnter2D on Enemy with tag=Ground ShouldRunAI=True
[DEBUG-RANGE] OnTriggerEnter2D on Enemy with tag=Ground ShouldRunAI=True
[DEBUG-RANGE] OnTriggerEnter2D on Enemy with tag=Ground ShouldRunAI=True
[DEBUG-RANGE] OnTriggerEnter2D on Enemy with tag=Ground ShouldRunAI=True
[DEBUG-RANGE] OnTriggerEnter2D on Enemy with tag=Ground ShouldRunAI=True
[DEBUG-RANGE] OnTriggerEnter2D on Enemy with tag=Ground ShouldRunAI=True
[DEBUG-RANGE] OnTriggerEnter2D on Enemy with tag=Ground ShouldRunAI=True
[DEBUG-RANGE] OnTriggerEnter2D on Enemy with tag=Ground ShouldRunAI=True
[DEBUG-RANGE] OnTriggerEnter2D on Enemy with tag=Ground ShouldRunAI=True
[DEBUG-RANGE] OnTriggerEnter2D on Enemy with tag=Ground ShouldRunAI=True
[DEBUG-RANGE] OnTriggerEnter2D on Enemy with tag=Ground ShouldRunAI=True
[DEBUG-RANGE] OnTriggerEnter2D on Enemy with tag=Ground ShouldRunAI=True
[DEBUG-RANGE] OnTriggerEnter2D on Enemy with tag=Ground ShouldRunAI=True
[DEBUG-RANGE] OnTriggerEnter2D on Enemy with tag=Ground ShouldRunAI=True
[DEBUG-RANGE] OnTriggerEnter2D on Enemy with tag=Ground ShouldRunAI=True
[DEBUG-RANGE] OnTriggerEnter2D on Enemy with tag=Ground ShouldRunAI=True
[DEBUG-RANGE] OnTriggerEnter2D on Enemy with tag=Ground ShouldRunAI=True
[DEBUG-RANGE] OnTriggerEnter2D on Enemy with tag=Ground ShouldRunAI=True
[DEBUG-RANGE] OnTriggerEnter2D on Enemy with tag=Ground ShouldRunAI=True
[DEBUG-RANGE] OnTriggerEnter2D on Enemy with tag=Ground ShouldRunAI=True
[DEBUG-RANGE] OnTriggerEnter2D on Enemy with tag=Ground ShouldRunAI=True
[DEBUG-RANGE] OnTriggerEnter2D on Enemy with tag=Ground ShouldRunAI=True
[DEBUG-RANGE] OnTriggerEnter2D on Enemy with tag=Ground ShouldRunAI=True
[DEBUG-RANGE] OnTriggerEnter2D on Enemy with tag=Ground ShouldRunAI=True
[DEBUG-RANGE] OnTriggerEnter2D on Enemy with tag=Ground ShouldRunAI=True
[DEBUG-RANGE] OnTriggerEnter2D on Enemy with tag=Ground ShouldRunAI=True
[DEBUG-RANGE] OnTriggerEnter2D on Enemy with tag=Ground ShouldRunAI=True
[DEBUG-RANGE] OnTriggerEnter2D on Enemy with tag=Ground ShouldRunAI=True
[DEBUG-RANGE] OnTriggerEnter2D on Enemy with tag=Ground ShouldRunAI=True
[DEBUG-RANGE] OnTriggerEnter2D on Enemy with tag=Ground ShouldRunAI=True
[DEBUG-RANGE] OnTriggerEnter2D on Enemy with tag=Ground ShouldRunAI=True
[DEBUG-RANGE] OnTriggerEnter2D on Enemy with tag=Ground ShouldRunAI=True
[DEBUG-RANGE] OnTriggerEnter2D on Enemy with tag=Ground ShouldRunAI=True
[DEBUG-RANGE] OnTriggerEnter2D on Enemy with tag=Ground ShouldRunAI=True
[DEBUG-RANGE] OnTriggerEnter2D on Enemy with tag=Ground ShouldRunAI=True
[DEBUG-RANGE] OnTriggerEnter2D on Enemy with tag=Ground ShouldRunAI=True
[DEBUG-RANGE] OnTriggerEnter2D on Enemy with tag=Ground ShouldRunAI=True
[DEBUG-RANGE] OnTriggerEnter2D on Enemy with tag=Ground ShouldRunAI=True
[DEBUG-RANGE] OnTriggerEnter2D on Enemy with tag=Ground ShouldRunAI=True
[DEBUG-RANGE] OnTriggerEnter2D on Enemy with tag=Ground ShouldRunAI=True
[DEBUG-RANGE] OnTriggerEnter2D on Enemy with tag=Ground ShouldRunAI=True
[DEBUG-RANGE] OnTriggerEnter2D on Enemy with tag=Ground ShouldRunAI=True
[DEBUG-RANGE] OnTriggerEnter2D on Enemy with tag=Ground ShouldRunAI=True
[DEBUG-RANGE] OnTriggerEnter2D on Enemy with tag=Ground ShouldRunAI=True
[DEBUG-RANGE] OnTriggerEnter2D on Enemy with tag=Ground ShouldRunAI=True
[DEBUG-RANGE] OnTriggerEnter2D on Enemy with tag=Ground ShouldRunAI=True
[DEBUG-RANGE] OnTriggerEnter2D on Enemy with tag=Ground ShouldRunAI=True
[DEBUG-RANGE] OnTriggerEnter2D on Enemy with tag=Ground ShouldRunAI=True
[DEBUG-RANGE] OnTriggerEnter2D on Enemy with tag=Ground ShouldRunAI=True
[DEBUG-RANGE] OnTriggerEnter2D on Enemy with tag=Ground ShouldRunAI=True
[DEBUG-RANGE] OnTriggerEnter2D on Enemy with tag=Ground ShouldRunAI=True
[DEBUG-RANGE] OnTriggerEnter2D on Enemy with tag=Ground ShouldRunAI=True
[DEBUG-RANGE] OnTriggerEnter2D on Enemy with tag=Ground ShouldRunAI=True
[DEBUG-RANGE] OnTriggerEnter2D on Enemy with tag=Ground ShouldRunAI=True
[DEBUG-RANGE] OnTriggerEnter2D on Enemy with tag=Ground ShouldRunAI=True
[DEBUG-RANGE] OnTriggerEnter2D on Enemy with tag=Ground ShouldRunAI=True
[DEBUG-RANGE] OnTriggerEnter2D on Enemy with tag=Ground ShouldRunAI=True
[DEBUG-RANGE] OnTriggerEnter2D on Enemy with tag=Ground ShouldRunAI=True
[DEBUG-RANGE] OnTriggerEnter2D on Enemy with tag=Ground ShouldRunAI=True
[DEBUG-RANGE] OnTriggerEnter2D on Enemy with tag=Ground ShouldRunAI=True
[DEBUG-RANGE] OnTriggerEnter2D on Enemy with tag=Ground ShouldRunAI=True
[DEBUG-RANGE] OnTriggerEnter2D on Enemy with tag=Ground ShouldRunAI=True
[DEBUG-RANGE] OnTriggerEnter2D on Enemy with tag=Ground ShouldRunAI=True
[DEBUG-RANGE] OnTriggerEnter2D on Enemy with tag=Ground ShouldRunAI=True
[DEBUG-RANGE] OnTriggerEnter2D on Enemy with tag=Ground ShouldRunAI=True
[DEBUG-RANGE] OnTriggerEnter2D on Enemy with tag=Ground ShouldRunAI=True
[DEBUG-RANGE] OnTriggerEnter2D on Enemy with tag=Ground ShouldRunAI=True
[DEBUG-RANGE] OnTriggerEnter2D on Enemy with tag=Ground ShouldRunAI=True
[DEBUG-RANGE] OnTriggerEnter2D on Enemy with tag=Ground ShouldRunAI=True
[DEBUG-RANGE] OnTriggerEnter2D on Enemy with tag=Ground ShouldRunAI=True
[DEBUG-RANGE] OnTriggerEnter2D on Enemy with tag=Ground ShouldRunAI=True
[DEBUG-RANGE] OnTriggerEnter2D on Enemy with tag=Ground ShouldRunAI=True
[DEBUG-RANGE] OnTriggerEnter2D on Enemy with tag=Ground ShouldRunAI=True
[DEBUG-RANGE] OnTriggerEnter2D on Enemy with tag=Ground ShouldRunAI=True
[DEBUG-RANGE] OnTriggerEnter2D on Enemy with tag=Ground ShouldRunAI=True
[DEBUG-RANGE] OnTriggerEnter2D on Enemy with tag=Ground ShouldRunAI=True
[DEBUG-RANGE] OnTriggerEnter2D on Enemy with tag=Ground ShouldRunAI=True
[DEBUG-RANGE] OnTriggerEnter2D on Enemy with tag=Ground ShouldRunAI=True
[DEBUG-RANGE] OnTriggerEnter2D on Enemy with tag=Ground ShouldRunAI=True
[DEBUG-RANGE] OnTriggerEnter2D on Enemy with tag=Ground ShouldRunAI=True
[DEBUG-RANGE] OnTriggerEnter2D on Enemy with tag=Ground ShouldRunAI=True
[DEBUG-RANGE] OnTriggerEnter2D on Enemy with tag=Ground ShouldRunAI=True
[DEBUG-RANGE] OnTriggerEnter2D on Enemy with tag=Ground ShouldRunAI=True
[DEBUG-RANGE] OnTriggerEnter2D on Enemy with tag=Ground ShouldRunAI=True
[DEBUG-RANGE] OnTriggerEnter2D on Enemy with tag=Ground ShouldRunAI=True
[DEBUG-RANGE] OnTriggerEnter2D on Enemy with tag=Ground ShouldRunAI=True
[DEBUG-RANGE] OnTriggerEnter2D on Enemy with tag=Ground ShouldRunAI=True
[DEBUG-RANGE] OnTriggerEnter2D on Enemy with tag=Ground ShouldRunAI=True
[DEBUG-RANGE] OnTriggerEnter2D on Enemy with tag=Ground ShouldRunAI=True
[DEBUG-RANGE] OnTriggerEnter2D on Enemy with tag=Ground ShouldRunAI=True
[DEBUG-RANGE] OnTriggerEnter2D on Enemy with tag=Ground ShouldRunAI=True
[DEBUG-RANGE] OnTriggerEnter2D on Enemy with tag=Ground ShouldRunAI=True
[DEBUG-RANGE] OnTriggerEnter2D on Enemy with tag=Ground ShouldRunAI=True
[DEBUG-RANGE] OnTriggerEnter2D on Enemy with tag=Ground ShouldRunAI=True
[DEBUG-RANGE] OnTriggerEnter2D on Enemy with tag=Ground ShouldRunAI=True
[DEBUG-RANGE] OnTriggerEnter2D on Enemy with tag=Ground ShouldRunAI=True
[DEBUG-RANGE] OnTriggerEnter2D on Enemy with tag=Ground ShouldRunAI=True
[DEBUG-RANGE] OnTriggerEnter2D on Enemy with tag=Ground ShouldRunAI=True
[DEBUG-RANGE] OnTriggerEnter2D on Enemy with tag=Ground ShouldRunAI=True
[DEBUG-RANGE] OnTriggerEnter2D on Enemy with tag=Ground ShouldRunAI=True
[DEBUG-RANGE] OnTriggerEnter2D on Enemy with tag=Ground ShouldRunAI=True
[DEBUG-RANGE] OnTriggerEnter2D on Enemy with tag=Ground ShouldRunAI=True
[DEBUG-RANGE] OnTriggerEnter2D on Enemy with tag=Ground ShouldRunAI=True
[DEBUG-RANGE] OnTriggerEnter2D on Enemy with tag=Ground ShouldRunAI=True
[DEBUG-RANGE] OnTriggerEnter2D on Enemy with tag=Ground ShouldRunAI=True
[DEBUG-RANGE] OnTriggerEnter2D on Enemy with tag=Ground ShouldRunAI=True
[DEBUG-RANGE] OnTriggerEnter2D on Enemy with tag=Ground ShouldRunAI=True
[DEBUG-RANGE] OnTriggerEnter2D on Enemy with tag=Ground ShouldRunAI=True
[DEBUG-RANGE] OnTriggerEnter2D on Enemy with tag=Ground ShouldRunAI=True
[DEBUG-RANGE] OnTriggerEnter2D on Enemy with tag=Ground ShouldRunAI=True
[DEBUG-RANGE] OnTriggerEnter2D on Enemy with tag=Ground ShouldRunAI=True
[DEBUG-RANGE] OnTriggerEnter2D on Enemy with tag=Ground ShouldRunAI=True
[DEBUG-RANGE] OnTriggerEnter2D on Enemy with tag=Ground ShouldRunAI=True
[DEBUG-RANGE] OnTriggerEnter2D on Enemy with tag=Ground ShouldRunAI=True
[DEBUG-RANGE] OnTriggerEnter2D on Enemy with tag=Ground ShouldRunAI=True
[DEBUG-RANGE] OnTriggerEnter2D on Enemy with tag=Ground ShouldRunAI=True
[DEBUG-RANGE] OnTriggerEnter2D on Enemy with tag=Ground ShouldRunAI=True
[DEBUG-RANGE] OnTriggerEnter2D on Enemy with tag=Ground ShouldRunAI=True
[DEBUG-RANGE] OnTriggerEnter2D on Enemy with tag=Ground ShouldRunAI=True
[DEBUG-RANGE] OnTriggerEnter2D on Enemy with tag=Ground ShouldRunAI=True
[DEBUG-RANGE] OnTriggerEnter2D on Enemy with tag=Ground ShouldRunAI=True
[DEBUG-RANGE] OnTriggerEnter2D on Enemy with tag=Ground ShouldRunAI=True
[DEBUG-RANGE] OnTriggerEnter2D on Enemy with tag=Ground ShouldRunAI=True
[DEBUG-RANGE] OnTriggerEnter2D on Enemy with tag=Ground ShouldRunAI=True
[DEBUG-RANGE] OnTriggerEnter2D on Enemy with tag=Ground ShouldRunAI=True
[DEBUG-RANGE] OnTriggerEnter2D on Enemy with tag=Ground ShouldRunAI=True
[DEBUG-RANGE] OnTriggerEnter2D on Enemy with tag=Ground ShouldRunAI=True
[DEBUG-RANGE] OnTriggerEnter2D on Enemy with tag=Ground ShouldRunAI=True
[DEBUG-RANGE] OnTriggerEnter2D on Enemy with tag=Ground ShouldRunAI=True
[DEBUG-RANGE] OnTriggerEnter2D on Enemy with tag=Ground ShouldRunAI=True
[DEBUG-RANGE] OnTriggerEnter2D on Enemy with tag=Ground ShouldRunAI=True
[DEBUG-RANGE] OnTriggerEnter2D on Enemy with tag=Ground ShouldRunAI=True
[DEBUG-RANGE] OnTriggerEnter2D on Enemy with tag=Ground ShouldRunAI=True
[DEBUG-RANGE] OnTriggerEnter2D on Enemy with tag=Ground ShouldRunAI=True
[DEBUG-RANGE] OnTriggerEnter2D on Enemy with tag=Ground ShouldRunAI=True
[DEBUG-RANGE] OnTriggerEnter2D on Enemy with tag=Ground ShouldRunAI=True
[DEBUG-RANGE] OnTriggerEnter2D on Enemy with tag=Ground ShouldRunAI=True
[DEBUG-RANGE] OnTriggerEnter2D on Enemy with tag=Ground ShouldRunAI=True
[DEBUG-RANGE] OnTriggerEnter2D on Enemy with tag=Ground ShouldRunAI=True
[DEBUG-RANGE] OnTriggerEnter2D on Enemy with tag=Ground ShouldRunAI=True
[DEBUG-RANGE] OnTriggerEnter2D on Enemy with tag=Ground ShouldRunAI=True
[DEBUG-RANGE] OnTriggerEnter2D on Enemy with tag=Ground ShouldRunAI=True
[DEBUG-RANGE] OnTriggerEnter2D on Enemy with tag=Ground ShouldRunAI=True
[DEBUG-RANGE] OnTriggerEnter2D on Enemy with tag=Ground ShouldRunAI=True
[DEBUG-RANGE] OnTriggerEnter2D on Enemy with tag=Ground ShouldRunAI=True
[DEBUG-RANGE] OnTriggerEnter2D on Enemy with tag=Ground ShouldRunAI=True
[DEBUG-RANGE] OnTriggerEnter2D on Enemy with tag=Ground ShouldRunAI=True
[DEBUG-RANGE] OnTriggerEnter2D on Enemy with tag=Ground ShouldRunAI=True
[DEBUG-RANGE] OnTriggerEnter2D on Enemy with tag=Ground ShouldRunAI=True
[DEBUG-RANGE] OnTriggerEnter2D on Enemy with tag=Ground ShouldRunAI=True
[DEBUG-RANGE] OnTriggerEnter2D on Enemy with tag=Ground ShouldRunAI=True
[DEBUG-RANGE] OnTriggerEnter2D on Enemy with tag=Ground ShouldRunAI=True
[DEBUG-RANGE] OnTriggerEnter2D on Enemy with tag=Ground ShouldRunAI=True
[DEBUG-RANGE] OnTriggerEnter2D on Enemy with tag=Ground ShouldRunAI=True
[DEBUG-RANGE] OnTriggerEnter2D on Enemy with tag=Ground ShouldRunAI=True
[DEBUG-RANGE] OnTriggerEnter2D on Enemy with tag=Ground ShouldRunAI=True
[DEBUG-RANGE] OnTriggerEnter2D on Enemy with tag=Ground ShouldRunAI=True
[DEBUG-RANGE] OnTriggerEnter2D on Enemy with tag=Ground ShouldRunAI=True
[DEBUG-RANGE] OnTriggerEnter2D on Enemy with tag=Ground ShouldRunAI=True
[DEBUG-RANGE] OnTriggerEnter2D on Enemy with tag=Ground ShouldRunAI=True
[DEBUG-ENEMY] Enemy IsAlive=True ShouldRunAI=True state=IdleState MyTarget= MyAttackTime=139,99 IsAttacking=False AttackRange=0 dist=-1,00
[DEBUG-ENEMY] Enemy IsAlive=True ShouldRunAI=True state=IdleState MyTarget= MyAttackTime=139,99 IsAttacking=False AttackRange=0 dist=-1,00
[DEBUG-ENEMY] Enemy IsAlive=True ShouldRunAI=True state=FollowState MyTarget=Player [connId=1866355813] (Player) MyAttackTime=139,99 IsAttacking=False AttackRange=5 dist=10,73
[DEBUG-ENEMY] Enemy IsAlive=True ShouldRunAI=True state=FollowState MyTarget=Player [connId=1866355813] (Player) MyAttackTime=139,99 IsAttacking=False AttackRange=5 dist=10,80
[DEBUG-ENEMY] Enemy IsAlive=True ShouldRunAI=True state=FollowState MyTarget=Player [connId=1866355813] (Player) MyAttackTime=139,99 IsAttacking=False AttackRange=0 dist=19,55
[DEBUG-ENEMY] Enemy IsAlive=True ShouldRunAI=True state=FollowState MyTarget=Player [connId=1866355813] (Player) MyAttackTime=139,99 IsAttacking=False AttackRange=5 dist=10,80
[DEBUG-ENEMY] Enemy IsAlive=True ShouldRunAI=True state=IdleState MyTarget= MyAttackTime=139,99 IsAttacking=False AttackRange=0 dist=-1,00
[DEBUG-ENEMY] Enemy IsAlive=True ShouldRunAI=True state=IdleState MyTarget= MyAttackTime=139,99 IsAttacking=False AttackRange=0 dist=-1,00
[DEBUG-ENEMY] Enemy IsAlive=True ShouldRunAI=True state=IdleState MyTarget= MyAttackTime=139,99 IsAttacking=False AttackRange=0 dist=-1,00
[DEBUG-ENEMY] Enemy IsAlive=True ShouldRunAI=True state=FollowState MyTarget=Player [connId=1866355813] (Player) MyAttackTime=139,99 IsAttacking=False AttackRange=5 dist=10,73
[DEBUG-RANGE] OnTriggerEnter2D on Enemy with tag=Ground ShouldRunAI=True
[DEBUG-RANGE] OnTriggerEnter2D on Enemy with tag=Ground ShouldRunAI=True
[DEBUG-RANGE] OnTriggerEnter2D on Enemy with tag=Ground ShouldRunAI=True
[DEBUG-RANGE] OnTriggerEnter2D on Enemy with tag=Ground ShouldRunAI=True
[DEBUG-RANGE] OnTriggerEnter2D on Enemy with tag=Ground ShouldRunAI=True
[DEBUG-RANGE] OnTriggerEnter2D on Enemy with tag=Ground ShouldRunAI=True
[DEBUG-RANGE] OnTriggerEnter2D on Enemy with tag=Ground ShouldRunAI=True
[DEBUG-RANGE] OnTriggerEnter2D on Enemy with tag=Ground ShouldRunAI=True
[DEBUG-RANGE] OnTriggerEnter2D on Enemy with tag=Ground ShouldRunAI=True
[DEBUG-RANGE] OnTriggerEnter2D on Enemy with tag=Ground ShouldRunAI=True
[DEBUG-RANGE] OnTriggerEnter2D on Enemy with tag=Ground ShouldRunAI=True
[DEBUG-RANGE] OnTriggerEnter2D on Enemy with tag=Ground ShouldRunAI=True
[DEBUG-RANGE] OnTriggerEnter2D on Enemy with tag=Ground ShouldRunAI=True
[DEBUG-RANGE] OnTriggerEnter2D on Enemy with tag=Ground ShouldRunAI=True
[DEBUG-RANGE] OnTriggerEnter2D on Enemy with tag=Ground ShouldRunAI=True
[DEBUG-RANGE] OnTriggerEnter2D on Enemy with tag=Ground ShouldRunAI=True
[DEBUG-RANGE] OnTriggerEnter2D on Enemy with tag=Ground ShouldRunAI=True
[DEBUG-RANGE] OnTriggerEnter2D on Enemy with tag=Ground ShouldRunAI=True
[DEBUG-RANGE] OnTriggerEnter2D on Enemy with tag=Ground ShouldRunAI=True
[DEBUG-RANGE] OnTriggerEnter2D on Enemy with tag=Ground ShouldRunAI=True
[DEBUG-RANGE] OnTriggerEnter2D on Enemy with tag=Ground ShouldRunAI=True
[DEBUG-RANGE] OnTriggerEnter2D on Enemy with tag=Ground ShouldRunAI=True
[DEBUG-RANGE] OnTriggerEnter2D on Enemy with tag=Ground ShouldRunAI=True
[DEBUG-RANGE] OnTriggerEnter2D on Enemy with tag=Ground ShouldRunAI=True
[DEBUG-RANGE] OnTriggerEnter2D on Enemy with tag=Ground ShouldRunAI=True
[DEBUG-RANGE] OnTriggerEnter2D on Enemy with tag=Ground ShouldRunAI=True
[DEBUG-RANGE] OnTriggerEnter2D on Enemy with tag=Ground ShouldRunAI=True
[DEBUG-RANGE] OnTriggerEnter2D on Enemy with tag=Ground ShouldRunAI=True
[DEBUG-RANGE] OnTriggerEnter2D on Enemy with tag=Ground ShouldRunAI=True
[DEBUG-RANGE] OnTriggerEnter2D on Enemy with tag=Ground ShouldRunAI=True
[DEBUG-RANGE] OnTriggerEnter2D on Enemy with tag=Ground ShouldRunAI=True
[DEBUG-RANGE] OnTriggerEnter2D on Enemy with tag=Ground ShouldRunAI=True
[DEBUG-RANGE] OnTriggerEnter2D on Enemy with tag=Ground ShouldRunAI=True
[DEBUG-RANGE] OnTriggerEnter2D on Enemy with tag=Ground ShouldRunAI=True
[DEBUG-RANGE] OnTriggerEnter2D on Enemy with tag=Ground ShouldRunAI=True
[DEBUG-RANGE] OnTriggerEnter2D on Enemy with tag=Ground ShouldRunAI=True
[DEBUG-RANGE] OnTriggerEnter2D on Enemy with tag=Ground ShouldRunAI=True
[DEBUG-RANGE] OnTriggerEnter2D on Enemy with tag=Ground ShouldRunAI=True
[DEBUG-RANGE] OnTriggerEnter2D on Enemy with tag=Ground ShouldRunAI=True
[DEBUG-RANGE] OnTriggerEnter2D on Enemy with tag=Ground ShouldRunAI=True
[DEBUG-RANGE] OnTriggerEnter2D on Enemy with tag=Ground ShouldRunAI=True
[DEBUG-RANGE] OnTriggerEnter2D on Enemy with tag=Ground ShouldRunAI=True
[DEBUG-RANGE] OnTriggerEnter2D on Enemy with tag=Ground ShouldRunAI=True
[DEBUG-RANGE] OnTriggerEnter2D on Enemy with tag=Ground ShouldRunAI=True
[DEBUG-RANGE] OnTriggerEnter2D on Enemy with tag=Ground ShouldRunAI=True
[DEBUG-RANGE] OnTriggerEnter2D on Enemy with tag=Ground ShouldRunAI=True
[DEBUG-RANGE] OnTriggerEnter2D on Enemy with tag=Ground ShouldRunAI=True
[DEBUG-RANGE] OnTriggerEnter2D on Enemy with tag=Ground ShouldRunAI=True
[DEBUG-RANGE] OnTriggerEnter2D on Enemy with tag=Ground ShouldRunAI=True
[DEBUG-RANGE] OnTriggerEnter2D on Enemy with tag=Ground ShouldRunAI=True
[DEBUG-RANGE] OnTriggerEnter2D on Enemy with tag=Ground ShouldRunAI=True
[DEBUG-RANGE] OnTriggerEnter2D on Enemy with tag=Ground ShouldRunAI=True
[DEBUG-RANGE] OnTriggerEnter2D on Enemy with tag=Ground ShouldRunAI=True
[DEBUG-RANGE] OnTriggerEnter2D on Enemy with tag=Ground ShouldRunAI=True
[DEBUG-RANGE] OnTriggerEnter2D on Enemy with tag=Ground ShouldRunAI=True
[DEBUG-RANGE] OnTriggerEnter2D on Enemy with tag=Ground ShouldRunAI=True
[DEBUG-RANGE] OnTriggerEnter2D on Enemy with tag=Ground ShouldRunAI=True
[DEBUG-RANGE] OnTriggerEnter2D on Enemy with tag=Ground ShouldRunAI=True
[DEBUG-RANGE] OnTriggerEnter2D on Enemy with tag=Ground ShouldRunAI=True
[DEBUG-RANGE] OnTriggerEnter2D on Enemy with tag=Ground ShouldRunAI=True
[DEBUG-RANGE] OnTriggerEnter2D on Enemy with tag=Ground ShouldRunAI=True
[DEBUG-RANGE] OnTriggerEnter2D on Enemy with tag=Ground ShouldRunAI=True
[DEBUG-RANGE] OnTriggerEnter2D on Enemy with tag=Ground ShouldRunAI=True
[DEBUG-RANGE] OnTriggerEnter2D on Enemy with tag=Ground ShouldRunAI=True
[DEBUG-RANGE] OnTriggerEnter2D on Enemy with tag=Ground ShouldRunAI=True
[DEBUG-RANGE] OnTriggerEnter2D on Enemy with tag=Ground ShouldRunAI=True
[DEBUG-RANGE] OnTriggerEnter2D on Enemy with tag=Ground ShouldRunAI=True
[DEBUG-RANGE] OnTriggerEnter2D on Enemy with tag=Ground ShouldRunAI=True
[DEBUG-RANGE] OnTriggerEnter2D on Enemy with tag=Ground ShouldRunAI=True
[DEBUG-RANGE] OnTriggerEnter2D on Enemy with tag=Ground ShouldRunAI=True
[DEBUG-RANGE] OnTriggerEnter2D on Enemy with tag=Ground ShouldRunAI=True
[DEBUG-RANGE] OnTriggerEnter2D on Enemy with tag=Ground ShouldRunAI=True
[DEBUG-RANGE] OnTriggerEnter2D on Enemy with tag=Ground ShouldRunAI=True
[DEBUG-RANGE] OnTriggerEnter2D on Enemy with tag=Ground ShouldRunAI=True
[DEBUG-RANGE] OnTriggerEnter2D on Enemy with tag=Ground ShouldRunAI=True
[DEBUG-RANGE] OnTriggerEnter2D on Enemy with tag=Ground ShouldRunAI=True
[DEBUG-RANGE] OnTriggerEnter2D on Enemy with tag=Ground ShouldRunAI=True
[DEBUG-RANGE] OnTriggerEnter2D on Enemy with tag=Ground ShouldRunAI=True
[DEBUG-RANGE] OnTriggerEnter2D on Enemy with tag=Ground ShouldRunAI=True
[DEBUG-RANGE] OnTriggerEnter2D on Enemy with tag=Ground ShouldRunAI=True
[DEBUG-RANGE] OnTriggerEnter2D on Enemy with tag=Ground ShouldRunAI=True
[DEBUG-RANGE] OnTriggerEnter2D on Enemy with tag=Ground ShouldRunAI=True
[DEBUG-RANGE] OnTriggerEnter2D on Enemy with tag=Ground ShouldRunAI=True
[DEBUG-RANGE] OnTriggerEnter2D on Enemy with tag=Ground ShouldRunAI=True
[DEBUG-RANGE] OnTriggerEnter2D on Enemy with tag=Ground ShouldRunAI=True
[DEBUG-RANGE] OnTriggerEnter2D on Enemy with tag=Ground ShouldRunAI=True
[DEBUG-RANGE] OnTriggerEnter2D on Enemy with tag=Ground ShouldRunAI=True
[DEBUG-RANGE] OnTriggerEnter2D on Enemy with tag=Ground ShouldRunAI=True
[DEBUG-RANGE] OnTriggerEnter2D on Enemy with tag=Ground ShouldRunAI=True
[DEBUG-RANGE] OnTriggerEnter2D on Enemy with tag=Ground ShouldRunAI=True
[DEBUG-RANGE] OnTriggerEnter2D on Enemy with tag=Ground ShouldRunAI=True
[DEBUG-RANGE] OnTriggerEnter2D on Enemy with tag=Ground ShouldRunAI=True
[DEBUG-RANGE] OnTriggerEnter2D on Enemy with tag=Ground ShouldRunAI=True
[DEBUG-RANGE] OnTriggerEnter2D on Enemy with tag=Ground ShouldRunAI=True
[DEBUG-RANGE] OnTriggerEnter2D on Enemy with tag=Ground ShouldRunAI=True
[DEBUG-RANGE] OnTriggerEnter2D on Enemy with tag=Ground ShouldRunAI=True
[DEBUG-RANGE] OnTriggerEnter2D on Enemy with tag=Ground ShouldRunAI=True
[DEBUG-RANGE] OnTriggerEnter2D on Enemy with tag=Ground ShouldRunAI=True
[DEBUG-RANGE] OnTriggerEnter2D on Enemy with tag=Ground ShouldRunAI=True
[DEBUG-RANGE] OnTriggerEnter2D on Enemy with tag=Ground ShouldRunAI=True
[DEBUG-RANGE] OnTriggerEnter2D on Enemy with tag=Ground ShouldRunAI=True
[DEBUG-RANGE] OnTriggerEnter2D on Enemy with tag=Ground ShouldRunAI=True
[DEBUG-RANGE] OnTriggerEnter2D on Enemy with tag=Ground ShouldRunAI=True
[DEBUG-RANGE] OnTriggerEnter2D on Enemy with tag=Ground ShouldRunAI=True
[DEBUG-RANGE] OnTriggerEnter2D on Enemy with tag=Ground ShouldRunAI=True
[DEBUG-RANGE] OnTriggerEnter2D on Enemy with tag=Ground ShouldRunAI=True
[DEBUG-RANGE] OnTriggerEnter2D on Enemy with tag=Ground ShouldRunAI=True
[DEBUG-RANGE] OnTriggerEnter2D on Enemy with tag=Ground ShouldRunAI=True
[DEBUG-RANGE] OnTriggerEnter2D on Enemy with tag=Ground ShouldRunAI=True
[DEBUG-RANGE] OnTriggerEnter2D on Enemy with tag=Ground ShouldRunAI=True
[DEBUG-RANGE] OnTriggerEnter2D on Enemy with tag=Ground ShouldRunAI=True
[DEBUG-RANGE] OnTriggerEnter2D on Enemy with tag=Ground ShouldRunAI=True
[DEBUG-RANGE] OnTriggerEnter2D on Enemy with tag=Ground ShouldRunAI=True
[DEBUG-RANGE] OnTriggerEnter2D on Enemy with tag=Ground ShouldRunAI=True
[DEBUG-RANGE] OnTriggerEnter2D on Enemy with tag=Ground ShouldRunAI=True
[DEBUG-RANGE] OnTriggerEnter2D on Enemy with tag=Ground ShouldRunAI=True
[DEBUG-RANGE] OnTriggerEnter2D on Enemy with tag=Ground ShouldRunAI=True
[DEBUG-RANGE] OnTriggerEnter2D on Enemy with tag=Ground ShouldRunAI=True
[DEBUG-RANGE] OnTriggerEnter2D on Enemy with tag=Ground ShouldRunAI=True
[DEBUG-RANGE] OnTriggerEnter2D on Enemy with tag=Ground ShouldRunAI=True
[DEBUG-RANGE] OnTriggerEnter2D on Enemy with tag=Ground ShouldRunAI=True
[DEBUG-RANGE] OnTriggerEnter2D on Enemy with tag=Ground ShouldRunAI=True
[DEBUG-RANGE] OnTriggerEnter2D on Enemy with tag=Ground ShouldRunAI=True
[DEBUG-RANGE] OnTriggerEnter2D on Enemy with tag=Ground ShouldRunAI=True
[DEBUG-RANGE] OnTriggerEnter2D on Enemy with tag=Ground ShouldRunAI=True
[DEBUG-RANGE] OnTriggerEnter2D on Enemy with tag=Ground ShouldRunAI=True
[DEBUG-RANGE] OnTriggerEnter2D on Enemy with tag=Ground ShouldRunAI=True
[DEBUG-RANGE] OnTriggerEnter2D on Enemy with tag=Ground ShouldRunAI=True
[DEBUG-RANGE] OnTriggerEnter2D on Enemy with tag=Ground ShouldRunAI=True
[DEBUG-RANGE] OnTriggerEnter2D on Enemy with tag=Ground ShouldRunAI=True
[DEBUG-RANGE] OnTriggerEnter2D on Enemy with tag=Ground ShouldRunAI=True
[DEBUG-RANGE] OnTriggerEnter2D on Enemy with tag=Ground ShouldRunAI=True
[DEBUG-RANGE] OnTriggerEnter2D on Enemy with tag=Ground ShouldRunAI=True
[DEBUG-RANGE] OnTriggerEnter2D on Enemy with tag=Ground ShouldRunAI=True
[DEBUG-RANGE] OnTriggerEnter2D on Enemy with tag=Ground ShouldRunAI=True
[DEBUG-RANGE] OnTriggerEnter2D on Enemy with tag=Ground ShouldRunAI=True
[DEBUG-RANGE] OnTriggerEnter2D on Enemy with tag=Ground ShouldRunAI=True
[DEBUG-RANGE] OnTriggerEnter2D on Enemy with tag=Ground ShouldRunAI=True
[DEBUG-RANGE] OnTriggerEnter2D on Enemy with tag=Ground ShouldRunAI=True
[DEBUG-RANGE] OnTriggerEnter2D on Enemy with tag=Ground ShouldRunAI=True
[DEBUG-RANGE] OnTriggerEnter2D on Enemy with tag=Ground ShouldRunAI=True
[DEBUG-RANGE] OnTriggerEnter2D on Enemy with tag=Ground ShouldRunAI=True
[DEBUG-RANGE] OnTriggerEnter2D on Enemy with tag=Ground ShouldRunAI=True
[DEBUG-RANGE] OnTriggerEnter2D on Enemy with tag=Ground ShouldRunAI=True
[DEBUG-RANGE] OnTriggerEnter2D on Enemy with tag=Ground ShouldRunAI=True
[DEBUG-RANGE] OnTriggerEnter2D on Enemy with tag=Ground ShouldRunAI=True
[DEBUG-RANGE] OnTriggerEnter2D on Enemy with tag=Ground ShouldRunAI=True
[DEBUG-RANGE] OnTriggerEnter2D on Enemy with tag=Ground ShouldRunAI=True
[DEBUG-RANGE] OnTriggerEnter2D on Enemy with tag=Ground ShouldRunAI=True
[DEBUG-RANGE] OnTriggerEnter2D on Enemy with tag=Ground ShouldRunAI=True
[DEBUG-RANGE] OnTriggerEnter2D on Enemy with tag=Ground ShouldRunAI=True
[DEBUG-RANGE] OnTriggerEnter2D on Enemy with tag=Ground ShouldRunAI=True
[DEBUG-RANGE] OnTriggerEnter2D on Enemy with tag=Ground ShouldRunAI=True
[DEBUG-RANGE] OnTriggerEnter2D on Enemy with tag=Ground ShouldRunAI=True
[DEBUG-RANGE] OnTriggerEnter2D on Enemy with tag=Ground ShouldRunAI=True
[DEBUG-RANGE] OnTriggerEnter2D on Enemy with tag=Ground ShouldRunAI=True
[DEBUG-RANGE] OnTriggerEnter2D on Enemy with tag=Ground ShouldRunAI=True
[DEBUG-RANGE] OnTriggerEnter2D on Enemy with tag=Ground ShouldRunAI=True
[DEBUG-RANGE] OnTriggerEnter2D on Enemy with tag=Ground ShouldRunAI=True
[DEBUG-RANGE] OnTriggerEnter2D on Enemy with tag=Ground ShouldRunAI=True
[DEBUG-RANGE] OnTriggerEnter2D on Enemy with tag=Ground ShouldRunAI=True
[DEBUG-RANGE] OnTriggerEnter2D on Enemy with tag=Ground ShouldRunAI=True
[DEBUG-RANGE] OnTriggerEnter2D on Enemy with tag=Ground ShouldRunAI=True
[DEBUG-RANGE] OnTriggerEnter2D on Enemy with tag=Ground ShouldRunAI=True
[DEBUG-RANGE] OnTriggerEnter2D on Enemy with tag=Ground ShouldRunAI=True
[DEBUG-RANGE] OnTriggerEnter2D on Enemy with tag=Ground ShouldRunAI=True
[DEBUG-RANGE] OnTriggerEnter2D on Enemy with tag=Ground ShouldRunAI=True
[DEBUG-RANGE] OnTriggerEnter2D on Enemy with tag=Ground ShouldRunAI=True
[DEBUG-RANGE] OnTriggerEnter2D on Enemy with tag=Ground ShouldRunAI=True
[DEBUG-RANGE] OnTriggerEnter2D on Enemy with tag=Ground ShouldRunAI=True
[DEBUG-ENEMY] Enemy IsAlive=True ShouldRunAI=True state=IdleState MyTarget= MyAttackTime=141,99 IsAttacking=False AttackRange=0 dist=-1,00
[DEBUG-ENEMY] Enemy IsAlive=True ShouldRunAI=True state=IdleState MyTarget= MyAttackTime=141,99 IsAttacking=False AttackRange=0 dist=-1,00
[DEBUG-ENEMY] Enemy IsAlive=True ShouldRunAI=True state=FollowState MyTarget=Player [connId=1866355813] (Player) MyAttackTime=141,99 IsAttacking=False AttackRange=5 dist=10,73
[DEBUG-ENEMY] Enemy IsAlive=True ShouldRunAI=True state=FollowState MyTarget=Player [connId=1866355813] (Player) MyAttackTime=141,99 IsAttacking=False AttackRange=5 dist=10,80
[DEBUG-ENEMY] Enemy IsAlive=True ShouldRunAI=True state=FollowState MyTarget=Player [connId=1866355813] (Player) MyAttackTime=141,99 IsAttacking=False AttackRange=0 dist=19,55
[DEBUG-ENEMY] Enemy IsAlive=True ShouldRunAI=True state=FollowState MyTarget=Player [connId=1866355813] (Player) MyAttackTime=141,99 IsAttacking=False AttackRange=5 dist=10,80
[DEBUG-ENEMY] Enemy IsAlive=True ShouldRunAI=True state=IdleState MyTarget= MyAttackTime=141,99 IsAttacking=False AttackRange=0 dist=-1,00
[DEBUG-ENEMY] Enemy IsAlive=True ShouldRunAI=True state=IdleState MyTarget= MyAttackTime=141,99 IsAttacking=False AttackRange=0 dist=-1,00
[DEBUG-ENEMY] Enemy IsAlive=True ShouldRunAI=True state=IdleState MyTarget= MyAttackTime=141,99 IsAttacking=False AttackRange=0 dist=-1,00
[DEBUG-ENEMY] Enemy IsAlive=True ShouldRunAI=True state=FollowState MyTarget=Player [connId=1866355813] (Player) MyAttackTime=141,99 IsAttacking=False AttackRange=5 dist=10,73
[DEBUG-RANGE] OnTriggerEnter2D on Enemy with tag=Ground ShouldRunAI=True
[DEBUG-RANGE] OnTriggerEnter2D on Enemy with tag=Ground ShouldRunAI=True
[DEBUG-RANGE] OnTriggerEnter2D on Enemy with tag=Ground ShouldRunAI=True
[DEBUG-RANGE] OnTriggerEnter2D on Enemy with tag=Ground ShouldRunAI=True
[DEBUG-RANGE] OnTriggerEnter2D on Enemy with tag=Ground ShouldRunAI=True
[DEBUG-RANGE] OnTriggerEnter2D on Enemy with tag=Ground ShouldRunAI=True
[DEBUG-RANGE] OnTriggerEnter2D on Enemy with tag=Ground ShouldRunAI=True
[DEBUG-RANGE] OnTriggerEnter2D on Enemy with tag=Ground ShouldRunAI=True
[DEBUG-RANGE] OnTriggerEnter2D on Enemy with tag=Ground ShouldRunAI=True
[DEBUG-RANGE] OnTriggerEnter2D on Enemy with tag=Ground ShouldRunAI=True
[DEBUG-RANGE] OnTriggerEnter2D on Enemy with tag=Ground ShouldRunAI=True
[DEBUG-RANGE] OnTriggerEnter2D on Enemy with tag=Ground ShouldRunAI=True
[DEBUG-RANGE] OnTriggerEnter2D on Enemy with tag=Ground ShouldRunAI=True
[DEBUG-RANGE] OnTriggerEnter2D on Enemy with tag=Ground ShouldRunAI=True
[DEBUG-RANGE] OnTriggerEnter2D on Enemy with tag=Ground ShouldRunAI=True
[DEBUG-RANGE] OnTriggerEnter2D on Enemy with tag=Ground ShouldRunAI=True
[DEBUG-RANGE] OnTriggerEnter2D on Enemy with tag=Ground ShouldRunAI=True
[DEBUG-RANGE] OnTriggerEnter2D on Enemy with tag=Ground ShouldRunAI=True
[DEBUG-RANGE] OnTriggerEnter2D on Enemy with tag=Ground ShouldRunAI=True
[DEBUG-RANGE] OnTriggerEnter2D on Enemy with tag=Ground ShouldRunAI=True
[DEBUG-RANGE] OnTriggerEnter2D on Enemy with tag=Ground ShouldRunAI=True
[DEBUG-RANGE] OnTriggerEnter2D on Enemy with tag=Ground ShouldRunAI=True
[DEBUG-RANGE] OnTriggerEnter2D on Enemy with tag=Ground ShouldRunAI=True
[DEBUG-RANGE] OnTriggerEnter2D on Enemy with tag=Ground ShouldRunAI=True
[DEBUG-RANGE] OnTriggerEnter2D on Enemy with tag=Ground ShouldRunAI=True
[DEBUG-RANGE] OnTriggerEnter2D on Enemy with tag=Ground ShouldRunAI=True
[DEBUG-RANGE] OnTriggerEnter2D on Enemy with tag=Ground ShouldRunAI=True
[DEBUG-RANGE] OnTriggerEnter2D on Enemy with tag=Ground ShouldRunAI=True
[DEBUG-RANGE] OnTriggerEnter2D on Enemy with tag=Ground ShouldRunAI=True
[DEBUG-RANGE] OnTriggerEnter2D on Enemy with tag=Ground ShouldRunAI=True
[DEBUG-RANGE] OnTriggerEnter2D on Enemy with tag=Ground ShouldRunAI=True
[DEBUG-RANGE] OnTriggerEnter2D on Enemy with tag=Ground ShouldRunAI=True
[DEBUG-RANGE] OnTriggerEnter2D on Enemy with tag=Ground ShouldRunAI=True
[DEBUG-RANGE] OnTriggerEnter2D on Enemy with tag=Ground ShouldRunAI=True
[DEBUG-RANGE] OnTriggerEnter2D on Enemy with tag=Ground ShouldRunAI=True
[DEBUG-RANGE] OnTriggerEnter2D on Enemy with tag=Ground ShouldRunAI=True
[DEBUG-RANGE] OnTriggerEnter2D on Enemy with tag=Ground ShouldRunAI=True
[DEBUG-RANGE] OnTriggerEnter2D on Enemy with tag=Ground ShouldRunAI=True
[DEBUG-RANGE] OnTriggerEnter2D on Enemy with tag=Ground ShouldRunAI=True
[DEBUG-RANGE] OnTriggerEnter2D on Enemy with tag=Ground ShouldRunAI=True
[DEBUG-RANGE] OnTriggerEnter2D on Enemy with tag=Ground ShouldRunAI=True
[DEBUG-RANGE] OnTriggerEnter2D on Enemy with tag=Ground ShouldRunAI=True
[DEBUG-RANGE] OnTriggerEnter2D on Enemy with tag=Ground ShouldRunAI=True
[DEBUG-RANGE] OnTriggerEnter2D on Enemy with tag=Ground ShouldRunAI=True
[DEBUG-RANGE] OnTriggerEnter2D on Enemy with tag=Ground ShouldRunAI=True
[DEBUG-RANGE] OnTriggerEnter2D on Enemy with tag=Ground ShouldRunAI=True
[DEBUG-RANGE] OnTriggerEnter2D on Enemy with tag=Ground ShouldRunAI=True
[DEBUG-RANGE] OnTriggerEnter2D on Enemy with tag=Ground ShouldRunAI=True
[DEBUG-RANGE] OnTriggerEnter2D on Enemy with tag=Ground ShouldRunAI=True
[DEBUG-RANGE] OnTriggerEnter2D on Enemy with tag=Ground ShouldRunAI=True
[DEBUG-RANGE] OnTriggerEnter2D on Enemy with tag=Ground ShouldRunAI=True
[DEBUG-RANGE] OnTriggerEnter2D on Enemy with tag=Ground ShouldRunAI=True
[DEBUG-RANGE] OnTriggerEnter2D on Enemy with tag=Ground ShouldRunAI=True
[DEBUG-RANGE] OnTriggerEnter2D on Enemy with tag=Ground ShouldRunAI=True
[DEBUG-RANGE] OnTriggerEnter2D on Enemy with tag=Ground ShouldRunAI=True
[DEBUG-RANGE] OnTriggerEnter2D on Enemy with tag=Ground ShouldRunAI=True
[DEBUG-RANGE] OnTriggerEnter2D on Enemy with tag=Ground ShouldRunAI=True
[DEBUG-RANGE] OnTriggerEnter2D on Enemy with tag=Ground ShouldRunAI=True
[DEBUG-RANGE] OnTriggerEnter2D on Enemy with tag=Ground ShouldRunAI=True
[DEBUG-RANGE] OnTriggerEnter2D on Enemy with tag=Ground ShouldRunAI=True
[DEBUG-RANGE] OnTriggerEnter2D on Enemy with tag=Ground ShouldRunAI=True
[DEBUG-RANGE] OnTriggerEnter2D on Enemy with tag=Ground ShouldRunAI=True
[DEBUG-RANGE] OnTriggerEnter2D on Enemy with tag=Ground ShouldRunAI=True
[DEBUG-RANGE] OnTriggerEnter2D on Enemy with tag=Ground ShouldRunAI=True
[DEBUG-RANGE] OnTriggerEnter2D on Enemy with tag=Ground ShouldRunAI=True
[DEBUG-RANGE] OnTriggerEnter2D on Enemy with tag=Ground ShouldRunAI=True
[DEBUG-RANGE] OnTriggerEnter2D on Enemy with tag=Ground ShouldRunAI=True
[DEBUG-RANGE] OnTriggerEnter2D on Enemy with tag=Ground ShouldRunAI=True
[DEBUG-RANGE] OnTriggerEnter2D on Enemy with tag=Ground ShouldRunAI=True
[DEBUG-RANGE] OnTriggerEnter2D on Enemy with tag=Ground ShouldRunAI=True
[DEBUG-RANGE] OnTriggerEnter2D on Enemy with tag=Ground ShouldRunAI=True
[DEBUG-RANGE] OnTriggerEnter2D on Enemy with tag=Ground ShouldRunAI=True
[DEBUG-RANGE] OnTriggerEnter2D on Enemy with tag=Ground ShouldRunAI=True
[DEBUG-RANGE] OnTriggerEnter2D on Enemy with tag=Ground ShouldRunAI=True
[DEBUG-RANGE] OnTriggerEnter2D on Enemy with tag=Ground ShouldRunAI=True
[DEBUG-RANGE] OnTriggerEnter2D on Enemy with tag=Ground ShouldRunAI=True
[DEBUG-RANGE] OnTriggerEnter2D on Enemy with tag=Ground ShouldRunAI=True
[DEBUG-RANGE] OnTriggerEnter2D on Enemy with tag=Ground ShouldRunAI=True
[DEBUG-RANGE] OnTriggerEnter2D on Enemy with tag=Ground ShouldRunAI=True
[DEBUG-RANGE] OnTriggerEnter2D on Enemy with tag=Ground ShouldRunAI=True
