Using pre-set license
Built from '2021.3/respin/2021.3.45f2-0da89fac8e' branch; Version is '2021.3.45f2 (88f88f591b2e) revision 8976527'; Using compiler version '192829333'; Build Type 'Release'
OS: 'Windows 11  (10.0.26300) 64bit Professional' Language: 'fr' Physical Memory: 32635 MB
BatchMode: 1, IsHumanControllingUs: 0, StartBugReporterOnCrash: 0, Is64bit: 1, IsPro: 1

COMMAND LINE ARGUMENTS:
C:\Program Files\Unity\Hub\Editor\2021.3.45f2\Editor\Unity.exe
-adb2
-batchMode
-noUpm
-name
AssetImportWorker2
-projectPath
C:/Servers/Sources/Universe2D
-logFile
Logs/AssetImportWorker2.log
-srvPort
56430
Successfully changed project path to: C:/Servers/Sources/Universe2D
C:/Servers/Sources/Universe2D
[UnityMemory] Configuration Parameters - Can be set up in boot.config
    "memorysetup-bucket-allocator-granularity=16"
    "memorysetup-bucket-allocator-bucket-count=8"
    "memorysetup-bucket-allocator-block-size=33554432"
    "memorysetup-bucket-allocator-block-count=8"
    "memorysetup-main-allocator-block-size=16777216"
    "memorysetup-thread-allocator-block-size=16777216"
    "memorysetup-gfx-main-allocator-block-size=16777216"
    "memorysetup-gfx-thread-allocator-block-size=16777216"
    "memorysetup-cache-allocator-block-size=4194304"
    "memorysetup-typetree-allocator-block-size=2097152"
    "memorysetup-profiler-bucket-allocator-granularity=16"
    "memorysetup-profiler-bucket-allocator-bucket-count=8"
    "memorysetup-profiler-bucket-allocator-block-size=33554432"
    "memorysetup-profiler-bucket-allocator-block-count=8"
    "memorysetup-profiler-allocator-block-size=16777216"
    "memorysetup-profiler-editor-allocator-block-size=1048576"
    "memorysetup-temp-allocator-size-main=16777216"
    "memorysetup-job-temp-allocator-block-size=2097152"
    "memorysetup-job-temp-allocator-block-size-background=1048576"
    "memorysetup-job-temp-allocator-reduction-small-platforms=262144"
    "memorysetup-temp-allocator-size-background-worker=32768"
    "memorysetup-temp-allocator-size-job-worker=262144"
    "memorysetup-temp-allocator-size-preload-manager=33554432"
    "memorysetup-temp-allocator-size-nav-mesh-worker=65536"
    "memorysetup-temp-allocator-size-audio-worker=65536"
    "memorysetup-temp-allocator-size-cloud-worker=32768"
    "memorysetup-temp-allocator-size-gi-baking-worker=262144"
    "memorysetup-temp-allocator-size-gfx=262144"
Player connection [9832] Host "[IP] 192.168.42.100 [Port] 0 [Flags] 2 [Guid] 1676618731 [EditorId] 1676618731 [Version] 1048832 [Id] WindowsEditor(7,DESKTOP-R30U5VV) [Debug] 1 [PackageName] WindowsEditor [ProjectName] Editor" joined multi-casting on [225.0.0.222:54997]...

Player connection [9832] Host "[IP] 192.168.42.100 [Port] 0 [Flags] 2 [Guid] 1676618731 [EditorId] 1676618731 [Version] 1048832 [Id] WindowsEditor(7,DESKTOP-R30U5VV) [Debug] 1 [PackageName] WindowsEditor [ProjectName] Editor" joined alternative multi-casting on [225.0.0.222:34997]...

[Physics::Module] Initialized MultithreadedJobDispatcher with {0} workers.
Refreshing native plugins compatible for Editor in 57.10 ms, found 2 plugins.
Preloading 0 native plugins for Editor in 0.00 ms.
Initialize engine version: 2021.3.45f2 (88f88f591b2e)
[Subsystems] Discovering subsystems at path C:/Program Files/Unity/Hub/Editor/2021.3.45f2/Editor/Data/Resources/UnitySubsystems
[Subsystems] Discovering subsystems at path C:/Servers/Sources/Universe2D/Assets
GfxDevice: creating device client; threaded=0; jobified=0
Direct3D:
    Version:  Direct3D 11.0 [level 11.1]
    Renderer: AMD Radeon RX 7600 (ID=0x7480)
    Vendor:   ATI
    VRAM:     8150 MB
    Driver:   32.0.31041.1004
Initialize mono
Mono path[0] = 'C:/Program Files/Unity/Hub/Editor/2021.3.45f2/Editor/Data/Managed'
Mono path[1] = 'C:/Program Files/Unity/Hub/Editor/2021.3.45f2/Editor/Data/MonoBleedingEdge/lib/mono/unityjit-win32'
Mono config path = 'C:/Program Files/Unity/Hub/Editor/2021.3.45f2/Editor/Data/MonoBleedingEdge/etc'
Using monoOptions --debugger-agent=transport=dt_socket,embedding=1,server=y,suspend=n,address=127.0.0.1:56392
Begin MonoManager ReloadAssembly
Registering precompiled unity dll's ...
Register platform support module: C:/Program Files/Unity/Hub/Editor/2021.3.45f2/Editor/Data/PlaybackEngines/WebGLSupport/UnityEditor.WebGL.Extensions.dll
Register platform support module: C:/Program Files/Unity/Hub/Editor/2021.3.45f2/Editor/Data/PlaybackEngines/AndroidPlayer/UnityEditor.Android.Extensions.dll
Register platform support module: C:/Program Files/Unity/Hub/Editor/2021.3.45f2/Editor/Data/PlaybackEngines/WindowsStandaloneSupport/UnityEditor.WindowsStandalone.Extensions.dll
Register platform support module: C:/Program Files/Unity/Hub/Editor/2021.3.45f2/Editor/Data/PlaybackEngines/MetroSupport/UnityEditor.UWP.Extensions.dll
Registered in 0.006160 seconds.
Native extension for UWP target not found
Native extension for WindowsStandalone target not found
Native extension for Android target not found
Android Extension - Scanning For ADB Devices 346 ms
Native extension for WebGL target not found
Refreshing native plugins compatible for Editor in 33.83 ms, found 2 plugins.
Preloading 0 native plugins for Editor in 0.00 ms.
Mono: successfully reloaded assembly
- Completed reload, in  0.923 seconds
Domain Reload Profiling:
	ReloadAssembly (924ms)
		BeginReloadAssembly (102ms)
			ExecutionOrderSort (0ms)
			DisableScriptedObjects (0ms)
			BackupInstance (0ms)
			ReleaseScriptingObjects (0ms)
			CreateAndSetChildDomain (1ms)
		EndReloadAssembly (728ms)
			LoadAssemblies (100ms)
			RebuildTransferFunctionScriptingTraits (0ms)
			SetupTypeCache (87ms)
			ReleaseScriptCaches (0ms)
			RebuildScriptCaches (23ms)
			SetupLoadedEditorAssemblies (582ms)
				LogAssemblyErrors (0ms)
				InitializePlatformSupportModulesInManaged (425ms)
				SetLoadedEditorAssemblies (0ms)
				RefreshPlugins (34ms)
				BeforeProcessingInitializeOnLoad (1ms)
				ProcessInitializeOnLoadAttributes (81ms)
				ProcessInitializeOnLoadMethodAttributes (41ms)
				AfterProcessingInitializeOnLoad (0ms)
				EditorAssembliesLoaded (0ms)
			ExecutionOrderSort2 (0ms)
			AwakeInstancesAfterBackupRestoration (0ms)
Platform modules already initialized, skipping
Registering precompiled user dll's ...
Registered in 0.007416 seconds.
Begin MonoManager ReloadAssembly
Symbol file LoadedFromMemory is not a mono symbol file
Native extension for UWP target not found
Native extension for WindowsStandalone target not found
Native extension for Android target not found
Native extension for WebGL target not found
Refreshing native plugins compatible for Editor in 0.89 ms, found 2 plugins.
Preloading 0 native plugins for Editor in 0.00 ms.
Package Manager log level set to [2]
[Package Manager] Server::EnsureServerProcessIsRunning -- launch failed, reason: Unity was launched with the -noUpm command-line argument
[Package Manager] Cannot connect to Unity Package Manager local server
Mirror | mirror-networking.com | discord.gg/N9QVxbM
Mono: successfully reloaded assembly
- Completed reload, in  1.494 seconds
Domain Reload Profiling:
	ReloadAssembly (1495ms)
		BeginReloadAssembly (154ms)
			ExecutionOrderSort (0ms)
			DisableScriptedObjects (6ms)
			BackupInstance (0ms)
			ReleaseScriptingObjects (0ms)
			CreateAndSetChildDomain (27ms)
		EndReloadAssembly (1219ms)
			LoadAssemblies (127ms)
			RebuildTransferFunctionScriptingTraits (0ms)
			SetupTypeCache (259ms)
			ReleaseScriptCaches (1ms)
			RebuildScriptCaches (50ms)
			SetupLoadedEditorAssemblies (776ms)
				LogAssemblyErrors (0ms)
				InitializePlatformSupportModulesInManaged (14ms)
				SetLoadedEditorAssemblies (0ms)
				RefreshPlugins (1ms)
				BeforeProcessingInitializeOnLoad (47ms)
				ProcessInitializeOnLoadAttributes (600ms)
				ProcessInitializeOnLoadMethodAttributes (108ms)
				AfterProcessingInitializeOnLoad (6ms)
				EditorAssembliesLoaded (0ms)
			ExecutionOrderSort2 (0ms)
			AwakeInstancesAfterBackupRestoration (5ms)
Platform modules already initialized, skipping
========================================================================
Worker process is ready to serve import requests
Launched and connected shader compiler UnityShaderCompiler.exe after 0.05 seconds
Refreshing native plugins compatible for Editor in 1.09 ms, found 2 plugins.
Preloading 0 native plugins for Editor in 0.00 ms.
Unloading 3124 Unused Serialized files (Serialized files now loaded: 0)
Unloading 60 unused Assets / (48.0 KB). Loaded Objects now: 3569.
Memory consumption went from 117.0 MB to 116.9 MB.
Total: 11.192200 ms (FindLiveObjects: 0.455300 ms CreateObjectMapping: 0.211000 ms MarkObjects: 10.328900 ms  DeleteObjects: 0.195500 ms)

AssetImportParameters requested are different than current active one (requested -> active):
  custom:video-decoder-ogg-theora: a1e56fd34408186e4bbccfd4996cb3dc -> 
  custom:container-muxer-webm: aa71ff27fc2769a1b78a27578f13a17b -> 
  custom:container-demuxer-webm: 4f35f7cbe854078d1ac9338744f61a02 -> 
  custom:video-encoder-webm-vp8: eb34c28f22e8b96e1ab97ce403110664 -> 
  custom:CustomObjectIndexerAttribute: bc11b3a6c3213fcdd17b65e7da85e133 -> 
  custom:audio-encoder-webm-vorbis: bf7c407c2cedff20999df2af8eb42d56 -> 
  custom:framework-win-MediaFoundation: 216162199b28c13a410421893ffa2e32 -> 
  custom:SearchIndexIgnoredProperties: e643bd26f0fe6173181afceb89e7c659 -> 
  custom:container-demuxer-ogg: 62fdf1f143b41e24485cea50d1cbac27 -> 
  custom:video-decoder-webm-vp8: 9c59270c3fd7afecdb556c50c9e8de78 -> 
  custom:audio-decoder-ogg-vorbis: bf7c407c2cedff20999df2af8eb42d56 -> 
========================================================================
Received Import Request.
  Time since last request: 110458.063634 seconds.
  path: Assets/Mirror/Editor/SyncVarAttributeDrawer.cs
  artifactKey: Guid(27821afc81c4d064d8348fbeb00c0ce8) Importer(2089858483,0ecaa5967403d082aa24f35e1b516d23)
Number of updated assets reloaded before import = 0
Start importing Assets/Mirror/Editor/SyncVarAttributeDrawer.cs using Guid(27821afc81c4d064d8348fbeb00c0ce8) Importer(2089858483,0ecaa5967403d082aa24f35e1b516d23)  -> (artifact id: 'eefb06986657f30ad8b1fb8b2a976996') in 0.128485 seconds 
Number of asset objects unloaded after import = 0
========================================================================
Received Import Request.
  Time since last request: 0.000028 seconds.
  path: Assets/Mirror/Core/NetworkDiagnostics.cs
  artifactKey: Guid(c3754b39e5f8740fd93f3337b2c4274e) Importer(2089858483,0ecaa5967403d082aa24f35e1b516d23)
Number of updated assets reloaded before import = 0
Start importing Assets/Mirror/Core/NetworkDiagnostics.cs using Guid(c3754b39e5f8740fd93f3337b2c4274e) Importer(2089858483,0ecaa5967403d082aa24f35e1b516d23)  -> (artifact id: '96915101d9980eedf0cfba4de90f4362') in 0.014887 seconds 
Number of asset objects unloaded after import = 1
========================================================================
Received Import Request.
  Time since last request: 0.000035 seconds.
  path: Assets/Scripts/EnemyStates/PathState.cs
  artifactKey: Guid(12c2a93094ac8a442aba97f984dac5b2) Importer(2089858483,0ecaa5967403d082aa24f35e1b516d23)
Number of updated assets reloaded before import = 0
Start importing Assets/Scripts/EnemyStates/PathState.cs using Guid(12c2a93094ac8a442aba97f984dac5b2) Importer(2089858483,0ecaa5967403d082aa24f35e1b516d23)  -> (artifact id: 'b41282bb47bf7600b632e64ad3bf2311') in 0.012617 seconds 
Number of asset objects unloaded after import = 0
========================================================================
Received Import Request.
  Time since last request: 0.000025 seconds.
  path: Assets/Scripts/CharacterRelated/Character.cs
  artifactKey: Guid(f797cfec333c2e84484c77b9c24a4c9a) Importer(2089858483,0ecaa5967403d082aa24f35e1b516d23)
Number of updated assets reloaded before import = 0
Start importing Assets/Scripts/CharacterRelated/Character.cs using Guid(f797cfec333c2e84484c77b9c24a4c9a) Importer(2089858483,0ecaa5967403d082aa24f35e1b516d23)  -> (artifact id: '2e78d757fe6ba31a1ce2d0ce7a386638') in 0.012546 seconds 
Number of asset objects unloaded after import = 0
========================================================================
Received Import Request.
  Time since last request: 0.000039 seconds.
  path: Assets/Prefabs/Enviroment/grass_tile_2.prefab
  artifactKey: Guid(5697331dfd5dd2746a0092d11c790e0c) Importer(2089858483,0ecaa5967403d082aa24f35e1b516d23)
Number of updated assets reloaded before import = 0
Start importing Assets/Prefabs/Enviroment/grass_tile_2.prefab using Guid(5697331dfd5dd2746a0092d11c790e0c) Importer(2089858483,0ecaa5967403d082aa24f35e1b516d23)  -> (artifact id: '621da81c29df3d6c653bca7da99d8472') in 0.043033 seconds 
Number of asset objects unloaded after import = 7
========================================================================
Received Import Request.
  Time since last request: 0.000031 seconds.
  path: Assets/Prefabs/Items/Helmet01.asset
  artifactKey: Guid(b0ca625587a39494d929fae7d65c83d1) Importer(2089858483,0ecaa5967403d082aa24f35e1b516d23)
Number of updated assets reloaded before import = 0
Start importing Assets/Prefabs/Items/Helmet01.asset using Guid(b0ca625587a39494d929fae7d65c83d1) Importer(2089858483,0ecaa5967403d082aa24f35e1b516d23)  -> (artifact id: '8b52859bc0086879e50e52edff344b0a') in 0.031702 seconds 
Number of asset objects unloaded after import = 15
========================================================================
Received Import Request.
  Time since last request: 0.000041 seconds.
  path: Assets/Scripts/Interfaces/IInteractable.cs
  artifactKey: Guid(be86c050ec526284da4d47844027e273) Importer(2089858483,0ecaa5967403d082aa24f35e1b516d23)
Number of updated assets reloaded before import = 0
Start importing Assets/Scripts/Interfaces/IInteractable.cs using Guid(be86c050ec526284da4d47844027e273) Importer(2089858483,0ecaa5967403d082aa24f35e1b516d23)  -> (artifact id: '6368d8e5b267c0be53e90dbbf78caf67') in 0.010567 seconds 
Number of asset objects unloaded after import = 0
========================================================================
Received Import Request.
  Time since last request: 0.000029 seconds.
  path: Assets/Mirror/Editor/LagCompensatorInspector.cs
  artifactKey: Guid(703e39b5385ae2e479987ff4ec0707a1) Importer(2089858483,0ecaa5967403d082aa24f35e1b516d23)
Number of updated assets reloaded before import = 0
Start importing Assets/Mirror/Editor/LagCompensatorInspector.cs using Guid(703e39b5385ae2e479987ff4ec0707a1) Importer(2089858483,0ecaa5967403d082aa24f35e1b516d23)  -> (artifact id: 'cd609ddf5ece1df5121770f89cfbf47b') in 0.018819 seconds 
Number of asset objects unloaded after import = 0
========================================================================
Received Import Request.
  Time since last request: 0.000027 seconds.
  path: Assets/Prefabs/Items/Apple.asset
  artifactKey: Guid(3a79db20aacb1274cb04140afc3ab7a1) Importer(2089858483,0ecaa5967403d082aa24f35e1b516d23)
Number of updated assets reloaded before import = 0
Start importing Assets/Prefabs/Items/Apple.asset using Guid(3a79db20aacb1274cb04140afc3ab7a1) Importer(2089858483,0ecaa5967403d082aa24f35e1b516d23)  -> (artifact id: '5622302b676d328d0bc643a5c8cf9c55') in 0.013479 seconds 
Number of asset objects unloaded after import = 2
========================================================================
Received Import Request.
  Time since last request: 0.000026 seconds.
  path: Assets/Scripts/CharacterRelated/Enemy.cs
  artifactKey: Guid(f807a95e9ac3ffa48a7583df364b00b7) Importer(2089858483,0ecaa5967403d082aa24f35e1b516d23)
Number of updated assets reloaded before import = 0
Start importing Assets/Scripts/CharacterRelated/Enemy.cs using Guid(f807a95e9ac3ffa48a7583df364b00b7) Importer(2089858483,0ecaa5967403d082aa24f35e1b516d23)  -> (artifact id: '5ee539fb0878616d179819b43bac3f87') in 0.011294 seconds 
Number of asset objects unloaded after import = 0
========================================================================
Received Import Request.
  Time since last request: 0.000032 seconds.
  path: Assets/Mirror/Editor/SyncObjectCollectionsDrawer.cs
  artifactKey: Guid(6f90afab12e04f0e945d83e9d38308a3) Importer(2089858483,0ecaa5967403d082aa24f35e1b516d23)
Number of updated assets reloaded before import = 0
Start importing Assets/Mirror/Editor/SyncObjectCollectionsDrawer.cs using Guid(6f90afab12e04f0e945d83e9d38308a3) Importer(2089858483,0ecaa5967403d082aa24f35e1b516d23)  -> (artifact id: '002e00c30ed505352cebaf671c01ec64') in 0.019706 seconds 
Number of asset objects unloaded after import = 0
========================================================================
Received Import Request.
  Time since last request: 0.000023 seconds.
  path: Assets/Prefabs/Enviroment/Water.prefab
  artifactKey: Guid(ee8fa7da0e9bd744a87399a8e00070ed) Importer(2089858483,0ecaa5967403d082aa24f35e1b516d23)
Number of updated assets reloaded before import = 0
Start importing Assets/Prefabs/Enviroment/Water.prefab using Guid(ee8fa7da0e9bd744a87399a8e00070ed) Importer(2089858483,0ecaa5967403d082aa24f35e1b516d23)  -> (artifact id: '52f4e39626563df288b712fe34b26b6a') in 0.024284 seconds 
Number of asset objects unloaded after import = 6
========================================================================
Received Import Request.
  Time since last request: 0.000026 seconds.
  path: Assets/Scripts/Items/ArmorDatabase.cs
  artifactKey: Guid(2c4f94321b244d51b96ae90e9adccb8c) Importer(2089858483,0ecaa5967403d082aa24f35e1b516d23)
Number of updated assets reloaded before import = 0
Start importing Assets/Scripts/Items/ArmorDatabase.cs using Guid(2c4f94321b244d51b96ae90e9adccb8c) Importer(2089858483,0ecaa5967403d082aa24f35e1b516d23)  -> (artifact id: '986e7145d56a47be5e00f2dc032642b2') in 0.010554 seconds 
Number of asset objects unloaded after import = 0
========================================================================
Received Import Request.
  Time since last request: 0.000020 seconds.
  path: Assets/Prefabs/Characters/Player.prefab
  artifactKey: Guid(206ba08d4fe851042abcfec0a35020d5) Importer(2089858483,0ecaa5967403d082aa24f35e1b516d23)
Number of updated assets reloaded before import = 0
Start importing Assets/Prefabs/Characters/Player.prefab using Guid(206ba08d4fe851042abcfec0a35020d5) Importer(2089858483,0ecaa5967403d082aa24f35e1b516d23)  -> (artifact id: '470155bdc6c6e3271aac6fcd4b51db75') in 0.069218 seconds 
Number of asset objects unloaded after import = 141
========================================================================
Received Import Request.
  Time since last request: 0.000032 seconds.
  path: Assets/Mirror/Transports/Mirror.Transports.asmdef
  artifactKey: Guid(627104647b9c04b4ebb8978a92ecac63) Importer(2089858483,0ecaa5967403d082aa24f35e1b516d23)
Number of updated assets reloaded before import = 0
Start importing Assets/Mirror/Transports/Mirror.Transports.asmdef using Guid(627104647b9c04b4ebb8978a92ecac63) Importer(2089858483,0ecaa5967403d082aa24f35e1b516d23)  -> (artifact id: '70aceffd6ee046f1c64568a3b51047cc') in 0.017961 seconds 
Number of asset objects unloaded after import = 1
========================================================================
Received Import Request.
  Time since last request: 0.000024 seconds.
  path: Assets/Prefabs/Spells/LightningPrefab.prefab
  artifactKey: Guid(cf86cb71955ffee4ab16c6c5c06a31eb) Importer(2089858483,0ecaa5967403d082aa24f35e1b516d23)
Number of updated assets reloaded before import = 0
Start importing Assets/Prefabs/Spells/LightningPrefab.prefab using Guid(cf86cb71955ffee4ab16c6c5c06a31eb) Importer(2089858483,0ecaa5967403d082aa24f35e1b516d23)  -> (artifact id: 'e401fd8ad32688792301a0fe29205ba5') in 0.018799 seconds 
Number of asset objects unloaded after import = 19
========================================================================
Received Import Request.
  Time since last request: 0.000034 seconds.
  path: Assets/Prefabs/Enviroment/tree_1.prefab
  artifactKey: Guid(43f7ea44079ed01449376f15391d83fb) Importer(2089858483,0ecaa5967403d082aa24f35e1b516d23)
Number of updated assets reloaded before import = 0
Start importing Assets/Prefabs/Enviroment/tree_1.prefab using Guid(43f7ea44079ed01449376f15391d83fb) Importer(2089858483,0ecaa5967403d082aa24f35e1b516d23)  -> (artifact id: '4953dd464e73b4cc9ca2ce269566d21e') in 0.019466 seconds 
Number of asset objects unloaded after import = 29
========================================================================
Received Import Request.
  Time since last request: 0.000023 seconds.
  path: Assets/Scripts/Items/HealthPotion.cs
  artifactKey: Guid(398ebe9cb0e39e04382ab89cd6a1f36d) Importer(2089858483,0ecaa5967403d082aa24f35e1b516d23)
Number of updated assets reloaded before import = 0
Start importing Assets/Scripts/Items/HealthPotion.cs using Guid(398ebe9cb0e39e04382ab89cd6a1f36d) Importer(2089858483,0ecaa5967403d082aa24f35e1b516d23)  -> (artifact id: 'd237c58a35ce308b0195c9774a58c78e') in 0.009907 seconds 
Number of asset objects unloaded after import = 0
========================================================================
Received Import Request.
  Time since last request: 0.000028 seconds.
  path: Assets/Mirror/Core/RemoteCalls.cs
  artifactKey: Guid(d2cdbcbd1e377d6408a91acbec31ba16) Importer(2089858483,0ecaa5967403d082aa24f35e1b516d23)
Number of updated assets reloaded before import = 0
Start importing Assets/Mirror/Core/RemoteCalls.cs using Guid(d2cdbcbd1e377d6408a91acbec31ba16) Importer(2089858483,0ecaa5967403d082aa24f35e1b516d23)  -> (artifact id: '49757580366bc57ce38b9a769568985e') in 0.013189 seconds 
Number of asset objects unloaded after import = 1
========================================================================
Received Import Request.
  Time since last request: 0.000046 seconds.
  path: Assets/Mirror/Editor/Welcome.cs
  artifactKey: Guid(180619c3887314f56bf396769c0a23ee) Importer(2089858483,0ecaa5967403d082aa24f35e1b516d23)
Number of updated assets reloaded before import = 0
Start importing Assets/Mirror/Editor/Welcome.cs using Guid(180619c3887314f56bf396769c0a23ee) Importer(2089858483,0ecaa5967403d082aa24f35e1b516d23)  -> (artifact id: 'bd967045c6d8b7813a98838cda43203b') in 0.012922 seconds 
Number of asset objects unloaded after import = 0
========================================================================
Received Import Request.
  Time since last request: 0.000024 seconds.
  path: Assets/Scripts/CharacterRelated/Block.cs
  artifactKey: Guid(121a1dcd0d025ce47a6eb1f821187c7a) Importer(2089858483,0ecaa5967403d082aa24f35e1b516d23)
Number of updated assets reloaded before import = 0
Start importing Assets/Scripts/CharacterRelated/Block.cs using Guid(121a1dcd0d025ce47a6eb1f821187c7a) Importer(2089858483,0ecaa5967403d082aa24f35e1b516d23)  -> (artifact id: 'b06d7ca447f420a7fe4c5a3a32c8de52') in 0.011678 seconds 
Number of asset objects unloaded after import = 0
========================================================================
Received Import Request.
  Time since last request: 1.094688 seconds.
  path: Assets/Scripts/Loot/GatherLootTable.cs
  artifactKey: Guid(9845bc9304747c04ea55c5d1d99844ea) Importer(2089858483,0ecaa5967403d082aa24f35e1b516d23)
Number of updated assets reloaded before import = 0
Start importing Assets/Scripts/Loot/GatherLootTable.cs using Guid(9845bc9304747c04ea55c5d1d99844ea) Importer(2089858483,0ecaa5967403d082aa24f35e1b516d23)  -> (artifact id: 'c889b49941f9b658f3f767325bf37163') in 0.013643 seconds 
Number of asset objects unloaded after import = 0
========================================================================
Received Import Request.
  Time since last request: 0.000020 seconds.
  path: Assets/Sprites/Player/attack_left.png
  artifactKey: Guid(6749909599ab8a84fa0647ff12e48d77) Importer(2089858483,0ecaa5967403d082aa24f35e1b516d23)
Number of updated assets reloaded before import = 0
Start importing Assets/Sprites/Player/attack_left.png using Guid(6749909599ab8a84fa0647ff12e48d77) Importer(2089858483,0ecaa5967403d082aa24f35e1b516d23)  -> (artifact id: '7289fdadf92eb2d5872bf3792184a735') in 0.072508 seconds 
Number of asset objects unloaded after import = 12
========================================================================
Received Import Request.
  Time since last request: 0.000032 seconds.
  path: Assets/Sprites/Minimap/enemy.png
  artifactKey: Guid(6e979e3a0b6e44342972fa753f565907) Importer(2089858483,0ecaa5967403d082aa24f35e1b516d23)
Number of updated assets reloaded before import = 0
Start importing Assets/Sprites/Minimap/enemy.png using Guid(6e979e3a0b6e44342972fa753f565907) Importer(2089858483,0ecaa5967403d082aa24f35e1b516d23)  -> (artifact id: 'd489454fad67f99be6aee11f76691a5c') in 0.018730 seconds 
Number of asset objects unloaded after import = 3
========================================================================
Received Import Request.
  Time since last request: 0.000033 seconds.
  path: Assets/Scripts/Spells/BlizzardSpell.cs
  artifactKey: Guid(e4b040bbe91510d47ad1f170dcaf7bf4) Importer(2089858483,0ecaa5967403d082aa24f35e1b516d23)
Number of updated assets reloaded before import = 0
Start importing Assets/Scripts/Spells/BlizzardSpell.cs using Guid(e4b040bbe91510d47ad1f170dcaf7bf4) Importer(2089858483,0ecaa5967403d082aa24f35e1b516d23)  -> (artifact id: '19c4d4e2cdc1aa28dfec7c3d0c4dc908') in 0.013478 seconds 
Number of asset objects unloaded after import = 0
========================================================================
Received Import Request.
  Time since last request: 0.000020 seconds.
  path: Assets/Scripts/Spells/RainOfFireSpell.cs
  artifactKey: Guid(6544e18a769c6e845bfcc3caa8a68724) Importer(2089858483,0ecaa5967403d082aa24f35e1b516d23)
Number of updated assets reloaded before import = 0
Start importing Assets/Scripts/Spells/RainOfFireSpell.cs using Guid(6544e18a769c6e845bfcc3caa8a68724) Importer(2089858483,0ecaa5967403d082aa24f35e1b516d23)  -> (artifact id: 'e379d28f69ca9cf74f544b8020691199') in 0.011401 seconds 
Number of asset objects unloaded after import = 0
========================================================================
Received Import Request.
  Time since last request: 0.000022 seconds.
  path: Assets/Scripts/Quest/QuestGiver.cs
  artifactKey: Guid(86887920c4ac3d2478cc4c21208f99c7) Importer(2089858483,0ecaa5967403d082aa24f35e1b516d23)
Number of updated assets reloaded before import = 0
Start importing Assets/Scripts/Quest/QuestGiver.cs using Guid(86887920c4ac3d2478cc4c21208f99c7) Importer(2089858483,0ecaa5967403d082aa24f35e1b516d23)  -> (artifact id: 'cac5cfad3f895b2d314f9605aa6bf608') in 0.018842 seconds 
Number of asset objects unloaded after import = 0
========================================================================
Received Import Request.
  Time since last request: 0.000029 seconds.
  path: Assets/Sprites/Effects/Ding7.png
  artifactKey: Guid(540d58aaa1a9ac448b26860d03c6e4e2) Importer(2089858483,0ecaa5967403d082aa24f35e1b516d23)
Number of updated assets reloaded before import = 0
Start importing Assets/Sprites/Effects/Ding7.png using Guid(540d58aaa1a9ac448b26860d03c6e4e2) Importer(2089858483,0ecaa5967403d082aa24f35e1b516d23)  -> (artifact id: 'fece2f29e39d2fbe12473b447f6201d1') in 0.020802 seconds 
Number of asset objects unloaded after import = 3
========================================================================
Received Import Request.
  Time since last request: 0.000022 seconds.
  path: Assets/Sprites/Quest log/arrow_up.png
  artifactKey: Guid(79f2effd9b4fb764cab4fe8fafe77e58) Importer(2089858483,0ecaa5967403d082aa24f35e1b516d23)
Number of updated assets reloaded before import = 0
Start importing Assets/Sprites/Quest log/arrow_up.png using Guid(79f2effd9b4fb764cab4fe8fafe77e58) Importer(2089858483,0ecaa5967403d082aa24f35e1b516d23)  -> (artifact id: 'e827ccff5dee321debdbbd368fc2dc01') in 0.018955 seconds 
Number of asset objects unloaded after import = 3
========================================================================
Received Import Request.
  Time since last request: 0.000022 seconds.
  path: Assets/Sprites/Minimap/tree_1.png
  artifactKey: Guid(cd0057c524c1cf145b345c256ffcb88d) Importer(2089858483,0ecaa5967403d082aa24f35e1b516d23)
Number of updated assets reloaded before import = 0
Start importing Assets/Sprites/Minimap/tree_1.png using Guid(cd0057c524c1cf145b345c256ffcb88d) Importer(2089858483,0ecaa5967403d082aa24f35e1b516d23)  -> (artifact id: '2033719d70e95d37842261479b4a7548') in 0.019535 seconds 
Number of asset objects unloaded after import = 3
========================================================================
Received Import Request.
  Time since last request: 0.000018 seconds.
  path: Assets/Sprites/Character panel/chest_slot.png
  artifactKey: Guid(8ec5e7188c94675458511958b18f2136) Importer(2089858483,0ecaa5967403d082aa24f35e1b516d23)
Number of updated assets reloaded before import = 0
Start importing Assets/Sprites/Character panel/chest_slot.png using Guid(8ec5e7188c94675458511958b18f2136) Importer(2089858483,0ecaa5967403d082aa24f35e1b516d23)  -> (artifact id: '265cbc5d7db34e704d76f590f8c1cab2') in 0.019565 seconds 
Number of asset objects unloaded after import = 3
========================================================================
Received Import Request.
  Time since last request: 0.000023 seconds.
  path: Assets/Scripts/Profession/Recipe.cs
  artifactKey: Guid(b7224e898ed295b4b96eccc05dc4e73d) Importer(2089858483,0ecaa5967403d082aa24f35e1b516d23)
Number of updated assets reloaded before import = 0
Start importing Assets/Scripts/Profession/Recipe.cs using Guid(b7224e898ed295b4b96eccc05dc4e73d) Importer(2089858483,0ecaa5967403d082aa24f35e1b516d23)  -> (artifact id: '8ad72b7d9f067acd67dcf16ff1a44679') in 0.008956 seconds 
Number of asset objects unloaded after import = 0
========================================================================
Received Import Request.
  Time since last request: 0.000021 seconds.
  path: Assets/Sprites/Effects/Ding1.png
  artifactKey: Guid(1d04b2f886e855b48bdc4164bac4bbd6) Importer(2089858483,0ecaa5967403d082aa24f35e1b516d23)
Number of updated assets reloaded before import = 0
Start importing Assets/Sprites/Effects/Ding1.png using Guid(1d04b2f886e855b48bdc4164bac4bbd6) Importer(2089858483,0ecaa5967403d082aa24f35e1b516d23)  -> (artifact id: 'f870de8d9b4d1825f1d9f7675310fee6') in 0.024124 seconds 
Number of asset objects unloaded after import = 3
========================================================================
Received Import Request.
  Time since last request: 0.000021 seconds.
  path: Assets/Sprites/Character panel/equipment_2.png
  artifactKey: Guid(99a16b0f9a0a2cd4e847f08715aa7535) Importer(2089858483,0ecaa5967403d082aa24f35e1b516d23)
Number of updated assets reloaded before import = 0
Start importing Assets/Sprites/Character panel/equipment_2.png using Guid(99a16b0f9a0a2cd4e847f08715aa7535) Importer(2089858483,0ecaa5967403d082aa24f35e1b516d23)  -> (artifact id: 'a8fd4353db8aad059d16732951d86290') in 0.022455 seconds 
Number of asset objects unloaded after import = 3
========================================================================
Received Import Request.
  Time since last request: 0.000020 seconds.
  path: Assets/Scripts/Spells/AOESpell.cs
  artifactKey: Guid(f22f8ad648164134f8949165680d6db8) Importer(2089858483,0ecaa5967403d082aa24f35e1b516d23)
Number of updated assets reloaded before import = 0
Start importing Assets/Scripts/Spells/AOESpell.cs using Guid(f22f8ad648164134f8949165680d6db8) Importer(2089858483,0ecaa5967403d082aa24f35e1b516d23)  -> (artifact id: '0ccc5dd52aea0ad95190ea996febf938') in 0.023916 seconds 
Number of asset objects unloaded after import = 0
========================================================================
Received Import Request.
  Time since last request: 0.000030 seconds.
  path: Assets/Sprites/Chest/chest_closed.png
  artifactKey: Guid(2763e063cf78ea0469ee8d496e907833) Importer(2089858483,0ecaa5967403d082aa24f35e1b516d23)
Number of updated assets reloaded before import = 0
Start importing Assets/Sprites/Chest/chest_closed.png using Guid(2763e063cf78ea0469ee8d496e907833) Importer(2089858483,0ecaa5967403d082aa24f35e1b516d23)  -> (artifact id: '7fe8a1f524c508ed8ea7a55b2d331c28') in 0.030620 seconds 
Number of asset objects unloaded after import = 3
========================================================================
Received Import Request.
  Time since last request: 0.000039 seconds.
  path: Assets/Scripts/Spells/ChainLightning.cs
  artifactKey: Guid(84297932067c8ef4b83d4bf76c3ed812) Importer(2089858483,0ecaa5967403d082aa24f35e1b516d23)
Number of updated assets reloaded before import = 0
Start importing Assets/Scripts/Spells/ChainLightning.cs using Guid(84297932067c8ef4b83d4bf76c3ed812) Importer(2089858483,0ecaa5967403d082aa24f35e1b516d23)  -> (artifact id: '0c6447c5fd49614434751f7251e36ac2') in 0.015999 seconds 
Number of asset objects unloaded after import = 0
========================================================================
Received Import Request.
  Time since last request: 0.000030 seconds.
  path: Assets/Scripts/Saving/SaveData.cs
  artifactKey: Guid(af2295b28ceaa624c9d591bdbd4de03d) Importer(2089858483,0ecaa5967403d082aa24f35e1b516d23)
Number of updated assets reloaded before import = 0
Start importing Assets/Scripts/Saving/SaveData.cs using Guid(af2295b28ceaa624c9d591bdbd4de03d) Importer(2089858483,0ecaa5967403d082aa24f35e1b516d23)  -> (artifact id: '0c8f54f1fbd424e180b0aece88ca5ec9') in 0.015800 seconds 
Number of asset objects unloaded after import = 0
========================================================================
Received Import Request.
  Time since last request: 0.000040 seconds.
  path: Assets/Scripts/Managers/MessageFeedManager.cs
  artifactKey: Guid(e6ef0cef91e38f54c977b9dedbff5d41) Importer(2089858483,0ecaa5967403d082aa24f35e1b516d23)
Number of updated assets reloaded before import = 0
Start importing Assets/Scripts/Managers/MessageFeedManager.cs using Guid(e6ef0cef91e38f54c977b9dedbff5d41) Importer(2089858483,0ecaa5967403d082aa24f35e1b516d23)  -> (artifact id: '799887cb8cb24d275d9fcffd584cd697') in 0.010150 seconds 
Number of asset objects unloaded after import = 0
========================================================================
Received Import Request.
  Time since last request: 0.000034 seconds.
  path: Assets/Sprites/Quest log/button_1.png
  artifactKey: Guid(a2f30f8ede5ccb64884817ae46f1ec60) Importer(2089858483,0ecaa5967403d082aa24f35e1b516d23)
Number of updated assets reloaded before import = 0
Start importing Assets/Sprites/Quest log/button_1.png using Guid(a2f30f8ede5ccb64884817ae46f1ec60) Importer(2089858483,0ecaa5967403d082aa24f35e1b516d23)  -> (artifact id: '236c513dad0835572f49b36216df0145') in 0.023100 seconds 
Number of asset objects unloaded after import = 3
========================================================================
Received Import Request.
  Time since last request: 0.000040 seconds.
  path: Assets/Sprites/Minimap/grass.png
  artifactKey: Guid(1b31bd686e523894d95bfc7bde406abd) Importer(2089858483,0ecaa5967403d082aa24f35e1b516d23)
Number of updated assets reloaded before import = 0
Start importing Assets/Sprites/Minimap/grass.png using Guid(1b31bd686e523894d95bfc7bde406abd) Importer(2089858483,0ecaa5967403d082aa24f35e1b516d23)  -> (artifact id: 'e085cbe808556ad9f66b5e9440702306') in 0.020911 seconds 
Number of asset objects unloaded after import = 3
========================================================================
Received Import Request.
  Time since last request: 0.000022 seconds.
  path: Assets/Sprites/Player/attack_front.png
  artifactKey: Guid(8092c09ae33110c44aea6a815af7b054) Importer(2089858483,0ecaa5967403d082aa24f35e1b516d23)
Number of updated assets reloaded before import = 0
Start importing Assets/Sprites/Player/attack_front.png using Guid(8092c09ae33110c44aea6a815af7b054) Importer(2089858483,0ecaa5967403d082aa24f35e1b516d23)  -> (artifact id: 'b4ab9b0d6cb328886df1b3e650539ebc') in 0.046029 seconds 
Number of asset objects unloaded after import = 10
========================================================================
Received Import Request.
  Time since last request: 0.000027 seconds.
  path: Assets/Sprites/Character panel/gloves_slot.png
  artifactKey: Guid(913412a5e8180d647b72348a21a0e7a0) Importer(2089858483,0ecaa5967403d082aa24f35e1b516d23)
Number of updated assets reloaded before import = 0
Start importing Assets/Sprites/Character panel/gloves_slot.png using Guid(913412a5e8180d647b72348a21a0e7a0) Importer(2089858483,0ecaa5967403d082aa24f35e1b516d23)  -> (artifact id: '3cd701e99e85b2ffc89ac290cc4ad41e') in 0.023305 seconds 
Number of asset objects unloaded after import = 3
========================================================================
Received Import Request.
  Time since last request: 0.000023 seconds.
  path: Assets/Sprites/Minimap/water.png
  artifactKey: Guid(aba77a24059182942b58682b699cd660) Importer(2089858483,0ecaa5967403d082aa24f35e1b516d23)
Number of updated assets reloaded before import = 0
Start importing Assets/Sprites/Minimap/water.png using Guid(aba77a24059182942b58682b699cd660) Importer(2089858483,0ecaa5967403d082aa24f35e1b516d23)  -> (artifact id: '0d1cf5f75a3ba66b80c150004f8d67b2') in 0.019332 seconds 
Number of asset objects unloaded after import = 3
========================================================================
Received Import Request.
  Time since last request: 0.000024 seconds.
  path: Assets/Sprites/Effects/Ding3.png
  artifactKey: Guid(1d2bf29c07ad69f42b47474d2c338d75) Importer(2089858483,0ecaa5967403d082aa24f35e1b516d23)
Number of updated assets reloaded before import = 0
Start importing Assets/Sprites/Effects/Ding3.png using Guid(1d2bf29c07ad69f42b47474d2c338d75) Importer(2089858483,0ecaa5967403d082aa24f35e1b516d23)  -> (artifact id: '32447098cd175b6db6b4b2d72fa6c295') in 0.023442 seconds 
Number of asset objects unloaded after import = 3
========================================================================
Received Import Request.
  Time since last request: 0.000026 seconds.
  path: Assets/Sprites/Character panel/pants.png
  artifactKey: Guid(f89751523916adf45935143261d4e7c6) Importer(2089858483,0ecaa5967403d082aa24f35e1b516d23)
Number of updated assets reloaded before import = 0
Start importing Assets/Sprites/Character panel/pants.png using Guid(f89751523916adf45935143261d4e7c6) Importer(2089858483,0ecaa5967403d082aa24f35e1b516d23)  -> (artifact id: '068e074f8c5237e6a1e6b33c7c71170c') in 0.019740 seconds 
Number of asset objects unloaded after import = 3
========================================================================
Received Import Request.
  Time since last request: 0.000031 seconds.
  path: Assets/Sprites/Portrait frame/bar_3.png
  artifactKey: Guid(bbe9cf12dacd684439e8e987c5c7e7e7) Importer(2089858483,0ecaa5967403d082aa24f35e1b516d23)
Number of updated assets reloaded before import = 0
Start importing Assets/Sprites/Portrait frame/bar_3.png using Guid(bbe9cf12dacd684439e8e987c5c7e7e7) Importer(2089858483,0ecaa5967403d082aa24f35e1b516d23)  -> (artifact id: '49a0deb96a902ca6dd2d4bdd1311a65c') in 0.019749 seconds 
Number of asset objects unloaded after import = 3
========================================================================
Received Import Request.
  Time since last request: 0.000022 seconds.
  path: Assets/Scripts/Spells/Spell.cs
  artifactKey: Guid(41b737b0d4438e94881629c143513fca) Importer(2089858483,0ecaa5967403d082aa24f35e1b516d23)
Number of updated assets reloaded before import = 0
Start importing Assets/Scripts/Spells/Spell.cs using Guid(41b737b0d4438e94881629c143513fca) Importer(2089858483,0ecaa5967403d082aa24f35e1b516d23)  -> (artifact id: 'e95d86c6ec504484b9b16e9af1955f12') in 0.011746 seconds 
Number of asset objects unloaded after import = 0
========================================================================
Received Import Request.
  Time since last request: 0.000023 seconds.
  path: Assets/Sprites/Character panel/staff_slot.png
  artifactKey: Guid(7d10a180dd58de745bbe6ed259d67b20) Importer(2089858483,0ecaa5967403d082aa24f35e1b516d23)
Number of updated assets reloaded before import = 0
Start importing Assets/Sprites/Character panel/staff_slot.png using Guid(7d10a180dd58de745bbe6ed259d67b20) Importer(2089858483,0ecaa5967403d082aa24f35e1b516d23)  -> (artifact id: 'b8479b4b5c92fb334bd1c13fee062d15') in 0.025743 seconds 
Number of asset objects unloaded after import = 3
========================================================================
Received Import Request.
  Time since last request: 0.000023 seconds.
  path: Assets/Sprites/Portrait frame/Skeleton_face.png
  artifactKey: Guid(018b6b592454fb846b82d6972144a29d) Importer(2089858483,0ecaa5967403d082aa24f35e1b516d23)
Number of updated assets reloaded before import = 0
Start importing Assets/Sprites/Portrait frame/Skeleton_face.png using Guid(018b6b592454fb846b82d6972144a29d) Importer(2089858483,0ecaa5967403d082aa24f35e1b516d23)  -> (artifact id: '01f19810eb1f35322dfccf1882be1755') in 0.024386 seconds 
Number of asset objects unloaded after import = 3
========================================================================
Received Import Request.
  Time since last request: 0.000021 seconds.
  path: Assets/Sprites/Effects/Ding4.png
  artifactKey: Guid(fc71ea283d2dd8b4685fc848c8ce8847) Importer(2089858483,0ecaa5967403d082aa24f35e1b516d23)
Number of updated assets reloaded before import = 0
Start importing Assets/Sprites/Effects/Ding4.png using Guid(fc71ea283d2dd8b4685fc848c8ce8847) Importer(2089858483,0ecaa5967403d082aa24f35e1b516d23)  -> (artifact id: 'ee3352dd21c78ef43ee3c4b426798efc') in 0.027204 seconds 
Number of asset objects unloaded after import = 3
========================================================================
Received Import Request.
  Time since last request: 0.000026 seconds.
  path: Assets/Sprites/Effects/Ding6.png
  artifactKey: Guid(123b1ce79a41b0c42a82edd18c2ea77a) Importer(2089858483,0ecaa5967403d082aa24f35e1b516d23)
Number of updated assets reloaded before import = 0
Start importing Assets/Sprites/Effects/Ding6.png using Guid(123b1ce79a41b0c42a82edd18c2ea77a) Importer(2089858483,0ecaa5967403d082aa24f35e1b516d23)  -> (artifact id: '39b718b9f9ca92a19b656b60abf23a44') in 0.023296 seconds 
Number of asset objects unloaded after import = 3
========================================================================
Received Import Request.
  Time since last request: 0.000028 seconds.
  path: Assets/Scripts/Managers/KeybindManager.cs
  artifactKey: Guid(01caa79cf8ab4434b8891ddeb87f54ce) Importer(2089858483,0ecaa5967403d082aa24f35e1b516d23)
Number of updated assets reloaded before import = 0
Start importing Assets/Scripts/Managers/KeybindManager.cs using Guid(01caa79cf8ab4434b8891ddeb87f54ce) Importer(2089858483,0ecaa5967403d082aa24f35e1b516d23)  -> (artifact id: 'a6484d33e324988ac24f62afb38518c9') in 0.012808 seconds 
Number of asset objects unloaded after import = 0
========================================================================
Received Import Request.
  Time since last request: 0.000027 seconds.
  path: Assets/Scripts/Managers/GameManager.cs
  artifactKey: Guid(6e98b7f6194e4864ab0a87229f2f56e5) Importer(2089858483,0ecaa5967403d082aa24f35e1b516d23)
Number of updated assets reloaded before import = 0
Start importing Assets/Scripts/Managers/GameManager.cs using Guid(6e98b7f6194e4864ab0a87229f2f56e5) Importer(2089858483,0ecaa5967403d082aa24f35e1b516d23)  -> (artifact id: 'cff760642ca78763b071355913f98ec1') in 0.010740 seconds 
Number of asset objects unloaded after import = 0
========================================================================
Received Import Request.
  Time since last request: 0.000026 seconds.
  path: Assets/Sprites/Portrait frame/portrait_frame.png
  artifactKey: Guid(cf0f7a3dd145fd74b93d8c99c45be670) Importer(2089858483,0ecaa5967403d082aa24f35e1b516d23)
Number of updated assets reloaded before import = 0
Start importing Assets/Sprites/Portrait frame/portrait_frame.png using Guid(cf0f7a3dd145fd74b93d8c99c45be670) Importer(2089858483,0ecaa5967403d082aa24f35e1b516d23)  -> (artifact id: '94e9f354cf6b995e0d1a54cbdaa6d919') in 0.024476 seconds 
Number of asset objects unloaded after import = 3
========================================================================
Received Import Request.
  Time since last request: 0.000107 seconds.
  path: Assets/Sprites/Player/idle_back.png
  artifactKey: Guid(cf103f1468b6dd64cbbccaf6edb53b7a) Importer(2089858483,0ecaa5967403d082aa24f35e1b516d23)
Number of updated assets reloaded before import = 0
Start importing Assets/Sprites/Player/idle_back.png using Guid(cf103f1468b6dd64cbbccaf6edb53b7a) Importer(2089858483,0ecaa5967403d082aa24f35e1b516d23)  -> (artifact id: '904c932860e8aa2149603e3826024fab') in 0.063039 seconds 
Number of asset objects unloaded after import = 14
========================================================================
Received Import Request.
  Time since last request: 0.000024 seconds.
  path: Assets/Sprites/Character panel/helmet.png
  artifactKey: Guid(f12e6259250219943b11ebe8bb7555c5) Importer(2089858483,0ecaa5967403d082aa24f35e1b516d23)
Number of updated assets reloaded before import = 0
Start importing Assets/Sprites/Character panel/helmet.png using Guid(f12e6259250219943b11ebe8bb7555c5) Importer(2089858483,0ecaa5967403d082aa24f35e1b516d23)  -> (artifact id: '507c45a3572c2c20321746bbc638e8f3') in 0.022929 seconds 
Number of asset objects unloaded after import = 3
========================================================================
Received Import Request.
  Time since last request: 0.892467 seconds.
  path: Assets/Sprites/Quest log/frame_3.png
  artifactKey: Guid(24410f0d778fba94790677d38a7a210b) Importer(2089858483,0ecaa5967403d082aa24f35e1b516d23)
Number of updated assets reloaded before import = 0
Start importing Assets/Sprites/Quest log/frame_3.png using Guid(24410f0d778fba94790677d38a7a210b) Importer(2089858483,0ecaa5967403d082aa24f35e1b516d23)  -> (artifact id: '5d1a3f63a7c9e46c00cd552ebf5e91f0') in 0.023043 seconds 
Number of asset objects unloaded after import = 3
========================================================================
Received Import Request.
  Time since last request: 0.000027 seconds.
  path: Assets/Mirror/Core/SnapshotInterpolation/SnapshotInterpolationSettings.cs
  artifactKey: Guid(f955b76b7956417088c03992b3622dc9) Importer(2089858483,0ecaa5967403d082aa24f35e1b516d23)
Number of updated assets reloaded before import = 0
Start importing Assets/Mirror/Core/SnapshotInterpolation/SnapshotInterpolationSettings.cs using Guid(f955b76b7956417088c03992b3622dc9) Importer(2089858483,0ecaa5967403d082aa24f35e1b516d23)  -> (artifact id: '2574d18ff9dcbf5b3b9df00c85d11f9f') in 0.010469 seconds 
Number of asset objects unloaded after import = 0
========================================================================
Received Import Request.
  Time since last request: 0.000023 seconds.
  path: Assets/Mirror/Core/Tools/Pool.cs
  artifactKey: Guid(845bb05fa349344c3811022f4f15dfbc) Importer(2089858483,0ecaa5967403d082aa24f35e1b516d23)
Number of updated assets reloaded before import = 0
Start importing Assets/Mirror/Core/Tools/Pool.cs using Guid(845bb05fa349344c3811022f4f15dfbc) Importer(2089858483,0ecaa5967403d082aa24f35e1b516d23)  -> (artifact id: 'f6adff1372850989b01bd3c7722b34f8') in 0.012299 seconds 
Number of asset objects unloaded after import = 1
========================================================================
Received Import Request.
  Time since last request: 0.000025 seconds.
  path: Assets/Mirror/Examples/BenchmarkIdle/Player.prefab
  artifactKey: Guid(c07d22724e9914db19b931058fd2111e) Importer(2089858483,0ecaa5967403d082aa24f35e1b516d23)
Number of updated assets reloaded before import = 0
Start importing Assets/Mirror/Examples/BenchmarkIdle/Player.prefab using Guid(c07d22724e9914db19b931058fd2111e) Importer(2089858483,0ecaa5967403d082aa24f35e1b516d23)  -> (artifact id: '7e1b29773885c47b8b5e464196aa6ae9') in 0.028182 seconds 
Number of asset objects unloaded after import = 9
========================================================================
Received Import Request.
  Time since last request: 0.000024 seconds.
  path: Assets/Mirror/Components/Discovery/NetworkDiscoveryHUD.cs
  artifactKey: Guid(88c37d3deca7a834d80cfd8d3cfcc510) Importer(2089858483,0ecaa5967403d082aa24f35e1b516d23)
Number of updated assets reloaded before import = 0
Start importing Assets/Mirror/Components/Discovery/NetworkDiscoveryHUD.cs using Guid(88c37d3deca7a834d80cfd8d3cfcc510) Importer(2089858483,0ecaa5967403d082aa24f35e1b516d23)  -> (artifact id: '0a7dfdc5e5e6c8dd9e24318bed5b7d6e') in 0.020617 seconds 
Number of asset objects unloaded after import = 1
========================================================================
Received Import Request.
  Time since last request: 0.000024 seconds.
  path: Assets/Mirror/Editor/Weaver/Helpers.cs
  artifactKey: Guid(6c4ed76daf48547c5abb7c58f8d20886) Importer(2089858483,0ecaa5967403d082aa24f35e1b516d23)
Number of updated assets reloaded before import = 0
Start importing Assets/Mirror/Editor/Weaver/Helpers.cs using Guid(6c4ed76daf48547c5abb7c58f8d20886) Importer(2089858483,0ecaa5967403d082aa24f35e1b516d23)  -> (artifact id: '9bf7c6895a84798c300198151c4c5380') in 0.010947 seconds 
Number of asset objects unloaded after import = 0
========================================================================
Received Import Request.
  Time since last request: 0.000026 seconds.
  path: Assets/Mirror/Core/Tools/Utils.cs
  artifactKey: Guid(b530ce39098b54374a29ad308c8e4554) Importer(2089858483,0ecaa5967403d082aa24f35e1b516d23)
Number of updated assets reloaded before import = 0
Start importing Assets/Mirror/Core/Tools/Utils.cs using Guid(b530ce39098b54374a29ad308c8e4554) Importer(2089858483,0ecaa5967403d082aa24f35e1b516d23)  -> (artifact id: '0b7cbdb2211eda3ecc5d374b60861344') in 0.012806 seconds 
Number of asset objects unloaded after import = 1
========================================================================
Received Import Request.
  Time since last request: 0.000022 seconds.
  path: Assets/Mirror/Components/Profiling/LineGraph.mat
  artifactKey: Guid(5f77111e39fad6240bbf2a93d735b648) Importer(2089858483,0ecaa5967403d082aa24f35e1b516d23)
Number of updated assets reloaded before import = 0
Start importing Assets/Mirror/Components/Profiling/LineGraph.mat using Guid(5f77111e39fad6240bbf2a93d735b648) Importer(2089858483,0ecaa5967403d082aa24f35e1b516d23)  -> (artifact id: 'd3119ffa0725ce53ed399410e9bc60cd') in 0.058889 seconds 
Number of asset objects unloaded after import = 1
========================================================================
Received Import Request.
  Time since last request: 0.000038 seconds.
  path: Assets/Sprites/Quest log/text_frame_1.png
  artifactKey: Guid(393677532816753428e6f60831a3570d) Importer(2089858483,0ecaa5967403d082aa24f35e1b516d23)
Number of updated assets reloaded before import = 0
Start importing Assets/Sprites/Quest log/text_frame_1.png using Guid(393677532816753428e6f60831a3570d) Importer(2089858483,0ecaa5967403d082aa24f35e1b516d23)  -> (artifact id: '5f8cf4183547598be3a6ef79b1c598ff') in 0.026171 seconds 
Number of asset objects unloaded after import = 3
========================================================================
Received Import Request.
  Time since last request: 0.000036 seconds.
  path: Assets/Sprites/Talent tree_XP Bar/lightning_2.png
  artifactKey: Guid(2e9c4f1db894c0c48b9d71722cca28b7) Importer(2089858483,0ecaa5967403d082aa24f35e1b516d23)
Number of updated assets reloaded before import = 0
Start importing Assets/Sprites/Talent tree_XP Bar/lightning_2.png using Guid(2e9c4f1db894c0c48b9d71722cca28b7) Importer(2089858483,0ecaa5967403d082aa24f35e1b516d23)  -> (artifact id: '60ef2b36572c7fbb8bbaca0f2a7a8367') in 0.022663 seconds 
Number of asset objects unloaded after import = 3
========================================================================
Received Import Request.
  Time since last request: 0.000026 seconds.
  path: Assets/Mirror/Examples/CharacterSelection/MirrorCharacterSelectionPreScene.unity
  artifactKey: Guid(7d4f83306961f4c03ab43038a1801ab2) Importer(2089858483,0ecaa5967403d082aa24f35e1b516d23)
Number of updated assets reloaded before import = 0
Start importing Assets/Mirror/Examples/CharacterSelection/MirrorCharacterSelectionPreScene.unity using Guid(7d4f83306961f4c03ab43038a1801ab2) Importer(2089858483,0ecaa5967403d082aa24f35e1b516d23)  -> (artifact id: '791d5991bf03fd898d884b0b9e13faff') in 0.012036 seconds 
Number of asset objects unloaded after import = 1
========================================================================
Received Import Request.
  Time since last request: 0.000037 seconds.
  path: Assets/Mirror/Examples/BenchmarkPrediction/BallMaterial.mat
  artifactKey: Guid(09fe33013804145e8a4ba1d18f834dcf) Importer(2089858483,0ecaa5967403d082aa24f35e1b516d23)
Number of updated assets reloaded before import = 0
Start importing Assets/Mirror/Examples/BenchmarkPrediction/BallMaterial.mat using Guid(09fe33013804145e8a4ba1d18f834dcf) Importer(2089858483,0ecaa5967403d082aa24f35e1b516d23)  -> (artifact id: 'f161d8f1c2605eb66081dc983a96c568') in 0.064347 seconds 
Number of asset objects unloaded after import = 1
========================================================================
Received Import Request.
  Time since last request: 0.000024 seconds.
  path: Assets/Sprites/Talent tree_XP Bar/shield_1.png
  artifactKey: Guid(c930ac0180d54474ca037ee81ea5f949) Importer(2089858483,0ecaa5967403d082aa24f35e1b516d23)
Number of updated assets reloaded before import = 0
Start importing Assets/Sprites/Talent tree_XP Bar/shield_1.png using Guid(c930ac0180d54474ca037ee81ea5f949) Importer(2089858483,0ecaa5967403d082aa24f35e1b516d23)  -> (artifact id: '61c0873a467d38e4590a2d7ae47964c4') in 0.024793 seconds 
Number of asset objects unloaded after import = 3
========================================================================
Received Import Request.
  Time since last request: 0.000023 seconds.
  path: Assets/Mirror/Examples/BenchmarkPrediction/MirrorPredictionBenchmark.unity
  artifactKey: Guid(26e96d86a94c2451d85dcabf4aff3551) Importer(2089858483,0ecaa5967403d082aa24f35e1b516d23)
Number of updated assets reloaded before import = 0
Start importing Assets/Mirror/Examples/BenchmarkPrediction/MirrorPredictionBenchmark.unity using Guid(26e96d86a94c2451d85dcabf4aff3551) Importer(2089858483,0ecaa5967403d082aa24f35e1b516d23)  -> (artifact id: 'ad08e7368dd3e0bd2b41e528b6bed86c') in 0.012724 seconds 
Number of asset objects unloaded after import = 1
========================================================================
Received Import Request.
  Time since last request: 0.000023 seconds.
  path: Assets/TextMesh Pro/Shaders/TMP_SDF-Mobile Masking.shader
  artifactKey: Guid(bc1ede39bf3643ee8e493720e4259791) Importer(2089858483,0ecaa5967403d082aa24f35e1b516d23)
Number of updated assets reloaded before import = 0
Start importing Assets/TextMesh Pro/Shaders/TMP_SDF-Mobile Masking.shader using Guid(bc1ede39bf3643ee8e493720e4259791) Importer(2089858483,0ecaa5967403d082aa24f35e1b516d23)  -> (artifact id: '02a1732c7f7e655c3510df4d11851ac5') in 0.030917 seconds 
Number of asset objects unloaded after import = 1
========================================================================
Received Import Request.
  Time since last request: 0.000024 seconds.
  path: Assets/TextMesh Pro/Shaders/TMP_Bitmap.shader
  artifactKey: Guid(128e987d567d4e2c824d754223b3f3b0) Importer(2089858483,0ecaa5967403d082aa24f35e1b516d23)
Number of updated assets reloaded before import = 0
Start importing Assets/TextMesh Pro/Shaders/TMP_Bitmap.shader using Guid(128e987d567d4e2c824d754223b3f3b0) Importer(2089858483,0ecaa5967403d082aa24f35e1b516d23)  -> (artifact id: '242b41ac53f3790eacd972d54529b5ce') in 0.014154 seconds 
Number of asset objects unloaded after import = 1
========================================================================
Received Import Request.
  Time since last request: 0.000020 seconds.
  path: Assets/TextMesh Pro/Shaders/TMP_SDF Overlay.shader
  artifactKey: Guid(dd89cf5b9246416f84610a006f916af7) Importer(2089858483,0ecaa5967403d082aa24f35e1b516d23)
Number of updated assets reloaded before import = 0
Start importing Assets/TextMesh Pro/Shaders/TMP_SDF Overlay.shader using Guid(dd89cf5b9246416f84610a006f916af7) Importer(2089858483,0ecaa5967403d082aa24f35e1b516d23)  -> (artifact id: '4ba1e42cecd2ba0f9e1304d997f84d20') in 0.017987 seconds 
Number of asset objects unloaded after import = 1
========================================================================
Received Import Request.
  Time since last request: 0.000025 seconds.
  path: Assets/TextMesh Pro/Resources/TMP Settings.asset
  artifactKey: Guid(3f5b5dff67a942289a9defa416b206f3) Importer(2089858483,0ecaa5967403d082aa24f35e1b516d23)
Number of updated assets reloaded before import = 0
Start importing Assets/TextMesh Pro/Resources/TMP Settings.asset using Guid(3f5b5dff67a942289a9defa416b206f3) Importer(2089858483,0ecaa5967403d082aa24f35e1b516d23)  -> (artifact id: '669f142242f850e86acbde823c99e39a') in 0.058163 seconds 
Number of asset objects unloaded after import = 15
========================================================================
Received Import Request.
  Time since last request: 0.000042 seconds.
  path: Assets/Mirror/Examples/BenchmarkStinkySteak/_Readme.txt
  artifactKey: Guid(7c012b909308747838d0ae38e292f53a) Importer(2089858483,0ecaa5967403d082aa24f35e1b516d23)
Number of updated assets reloaded before import = 0
Start importing Assets/Mirror/Examples/BenchmarkStinkySteak/_Readme.txt using Guid(7c012b909308747838d0ae38e292f53a) Importer(2089858483,0ecaa5967403d082aa24f35e1b516d23)  -> (artifact id: '4f4c57e2297f95f787f3941942bbef46') in 0.015355 seconds 
Number of asset objects unloaded after import = 1
========================================================================
Received Import Request.
  Time since last request: 0.000021 seconds.
  path: Assets/Mirror/Components/NetworkTransform/NetworkTransformReliable.cs
  artifactKey: Guid(8ff3ba0becae47b8b9381191598957c8) Importer(2089858483,0ecaa5967403d082aa24f35e1b516d23)
Number of updated assets reloaded before import = 0
Start importing Assets/Mirror/Components/NetworkTransform/NetworkTransformReliable.cs using Guid(8ff3ba0becae47b8b9381191598957c8) Importer(2089858483,0ecaa5967403d082aa24f35e1b516d23)  -> (artifact id: '7cf2ce01e604f4a72af5129c1e76d3cf') in 0.012211 seconds 
Number of asset objects unloaded after import = 1
========================================================================
Received Import Request.
  Time since last request: 0.000024 seconds.
  path: Assets/Mirror/Core/LagCompensation/LagCompensationSettings.cs
  artifactKey: Guid(fa80bec245f94bf8a28ec78777992a1c) Importer(2089858483,0ecaa5967403d082aa24f35e1b516d23)
Number of updated assets reloaded before import = 0
Start importing Assets/Mirror/Core/LagCompensation/LagCompensationSettings.cs using Guid(fa80bec245f94bf8a28ec78777992a1c) Importer(2089858483,0ecaa5967403d082aa24f35e1b516d23)  -> (artifact id: '49639f3474482d92dea879a36ea7c671') in 0.012644 seconds 
Number of asset objects unloaded after import = 1
========================================================================
Received Import Request.
  Time since last request: 0.000045 seconds.
  path: Assets/Sprites/Talent tree_XP Bar/XP_Bar_1.png
  artifactKey: Guid(9dc1a526e1569924396054c5e91f3274) Importer(2089858483,0ecaa5967403d082aa24f35e1b516d23)
Number of updated assets reloaded before import = 0
Start importing Assets/Sprites/Talent tree_XP Bar/XP_Bar_1.png using Guid(9dc1a526e1569924396054c5e91f3274) Importer(2089858483,0ecaa5967403d082aa24f35e1b516d23)  -> (artifact id: '82aa4ba3c62a357f96802aed6d9562ab') in 0.021761 seconds 
Number of asset objects unloaded after import = 3
========================================================================
Received Import Request.
  Time since last request: 0.000027 seconds.
  path: Assets/Mirror/Editor/Icon/MirrorIcon.png
  artifactKey: Guid(7453abfe9e8b2c04a8a47eb536fe21eb) Importer(2089858483,0ecaa5967403d082aa24f35e1b516d23)
Number of updated assets reloaded before import = 0
Start importing Assets/Mirror/Editor/Icon/MirrorIcon.png using Guid(7453abfe9e8b2c04a8a47eb536fe21eb) Importer(2089858483,0ecaa5967403d082aa24f35e1b516d23)  -> (artifact id: 'be1f85adadd30441af7a4d8b24b0f0ad') in 0.020083 seconds 
Number of asset objects unloaded after import = 1
========================================================================
Received Import Request.
  Time since last request: 0.000022 seconds.
  path: Assets/Mirror/Examples/StackedPrediction/MirrorStackedPrediction.unity
  artifactKey: Guid(d4dfee5fdad6e4e5992b5bb20418ecaa) Importer(2089858483,0ecaa5967403d082aa24f35e1b516d23)
Number of updated assets reloaded before import = 0
Start importing Assets/Mirror/Examples/StackedPrediction/MirrorStackedPrediction.unity using Guid(d4dfee5fdad6e4e5992b5bb20418ecaa) Importer(2089858483,0ecaa5967403d082aa24f35e1b516d23)  -> (artifact id: 'df9f679a7e9f5153d844a3729a7389c8') in 0.012685 seconds 
Number of asset objects unloaded after import = 1
========================================================================
Received Import Request.
  Time since last request: 0.000027 seconds.
  path: Assets/Mirror/Editor/Weaver/Logger.cs
  artifactKey: Guid(2a21c60c40a4c4d679c2b71a7c40882e) Importer(2089858483,0ecaa5967403d082aa24f35e1b516d23)
Number of updated assets reloaded before import = 0
Start importing Assets/Mirror/Editor/Weaver/Logger.cs using Guid(2a21c60c40a4c4d679c2b71a7c40882e) Importer(2089858483,0ecaa5967403d082aa24f35e1b516d23)  -> (artifact id: 'a69cfe10e3d8372e334aa3387d6b3403') in 0.011567 seconds 
Number of asset objects unloaded after import = 0
========================================================================
Received Import Request.
  Time since last request: 0.000025 seconds.
  path: Assets/Mirror/Examples/StackedPrediction/CubeMaterial.mat
  artifactKey: Guid(38254cb9b1a9c497385399ae2a4a6509) Importer(2089858483,0ecaa5967403d082aa24f35e1b516d23)
Number of updated assets reloaded before import = 0
Start importing Assets/Mirror/Examples/StackedPrediction/CubeMaterial.mat using Guid(38254cb9b1a9c497385399ae2a4a6509) Importer(2089858483,0ecaa5967403d082aa24f35e1b516d23)  -> (artifact id: '63e0b501bb3b63f2e208d7eaa96a405a') in 0.064770 seconds 
Number of asset objects unloaded after import = 1
========================================================================
Received Import Request.
  Time since last request: 0.000027 seconds.
  path: Assets/Mirror/Examples/AdditiveScenes/README.md
  artifactKey: Guid(0a023e0d7315ac74094703ab69348733) Importer(2089858483,0ecaa5967403d082aa24f35e1b516d23)
Number of updated assets reloaded before import = 0
Start importing Assets/Mirror/Examples/AdditiveScenes/README.md using Guid(0a023e0d7315ac74094703ab69348733) Importer(2089858483,0ecaa5967403d082aa24f35e1b516d23)  -> (artifact id: 'ebac11d6ee89403d2a468b120c414b43') in 0.023457 seconds 
Number of asset objects unloaded after import = 1
========================================================================
Received Import Request.
  Time since last request: 0.000033 seconds.
  path: Assets/Mirror/Examples/BilliardsPredicted/_Readme.txt
  artifactKey: Guid(e88568e61917a49d5957d51c4f8fb239) Importer(2089858483,0ecaa5967403d082aa24f35e1b516d23)
Number of updated assets reloaded before import = 0
Start importing Assets/Mirror/Examples/BilliardsPredicted/_Readme.txt using Guid(e88568e61917a49d5957d51c4f8fb239) Importer(2089858483,0ecaa5967403d082aa24f35e1b516d23)  -> (artifact id: '6172271f94988c0aa536d492ce3326a2') in 0.016122 seconds 
Number of asset objects unloaded after import = 1
========================================================================
Received Import Request.
  Time since last request: 0.000045 seconds.
  path: Assets/Mirror/Examples/CCU/MirrorCCU.unity
  artifactKey: Guid(a692de27a26e74566b797df05d9b3385) Importer(2089858483,0ecaa5967403d082aa24f35e1b516d23)
Number of updated assets reloaded before import = 0
Start importing Assets/Mirror/Examples/CCU/MirrorCCU.unity using Guid(a692de27a26e74566b797df05d9b3385) Importer(2089858483,0ecaa5967403d082aa24f35e1b516d23)  -> (artifact id: '278d800c884a485e08206c0ba99db03b') in 0.010824 seconds 
Number of asset objects unloaded after import = 1
========================================================================
Received Import Request.
  Time since last request: 0.000035 seconds.
  path: Assets/TextMesh Pro/Sprites/EmojiOne.json
  artifactKey: Guid(8f05276190cf498a8153f6cbe761d4e6) Importer(2089858483,0ecaa5967403d082aa24f35e1b516d23)
Number of updated assets reloaded before import = 0
Start importing Assets/TextMesh Pro/Sprites/EmojiOne.json using Guid(8f05276190cf498a8153f6cbe761d4e6) Importer(2089858483,0ecaa5967403d082aa24f35e1b516d23)  -> (artifact id: 'e9bd7393cda45aa4bd9b49f65d40f674') in 0.015234 seconds 
Number of asset objects unloaded after import = 1
========================================================================
Received Import Request.
  Time since last request: 0.000058 seconds.
  path: Assets/Mirror/Examples/Snapshot Interpolation/Snapshot3D.cs
  artifactKey: Guid(a2c9bdffb0b934b52b2c337a5c8a5698) Importer(2089858483,0ecaa5967403d082aa24f35e1b516d23)
Number of updated assets reloaded before import = 0
Start importing Assets/Mirror/Examples/Snapshot Interpolation/Snapshot3D.cs using Guid(a2c9bdffb0b934b52b2c337a5c8a5698) Importer(2089858483,0ecaa5967403d082aa24f35e1b516d23)  -> (artifact id: 'dceb615080aed6343b0737dc93c7e614') in 0.010159 seconds 
Number of asset objects unloaded after import = 0
========================================================================
Received Import Request.
  Time since last request: 0.000045 seconds.
  path: Assets/Mirror/Components/Profiling/NetworkGraphStacked.shader
  artifactKey: Guid(b5b24284f35f4992bcd4cc43919267d7) Importer(2089858483,0ecaa5967403d082aa24f35e1b516d23)
Number of updated assets reloaded before import = 0
Start importing Assets/Mirror/Components/Profiling/NetworkGraphStacked.shader using Guid(b5b24284f35f4992bcd4cc43919267d7) Importer(2089858483,0ecaa5967403d082aa24f35e1b516d23)  -> (artifact id: 'cd52a3afd93aaa4de3739c364a958bb5') in 0.014938 seconds 
Number of asset objects unloaded after import = 1
========================================================================
Received Import Request.
  Time since last request: 0.000027 seconds.
  path: Assets/Mirror/Examples/BenchmarkIdle/Player.cs
  artifactKey: Guid(c4bfbc9d9d08147c3966a2661650986a) Importer(2089858483,0ecaa5967403d082aa24f35e1b516d23)
Number of updated assets reloaded before import = 0
Start importing Assets/Mirror/Examples/BenchmarkIdle/Player.cs using Guid(c4bfbc9d9d08147c3966a2661650986a) Importer(2089858483,0ecaa5967403d082aa24f35e1b516d23)  -> (artifact id: '2e5b622b8d2559333108fda0d657885a') in 0.012437 seconds 
Number of asset objects unloaded after import = 0
========================================================================
Received Import Request.
  Time since last request: 0.000029 seconds.
  path: Assets/Mirror/Components/PredictedRigidbody/PredictedRigidbodyRemoteGhost.cs
  artifactKey: Guid(62e7e9424c7e48d69b6a3517796142a1) Importer(2089858483,0ecaa5967403d082aa24f35e1b516d23)
Number of updated assets reloaded before import = 0
Start importing Assets/Mirror/Components/PredictedRigidbody/PredictedRigidbodyRemoteGhost.cs using Guid(62e7e9424c7e48d69b6a3517796142a1) Importer(2089858483,0ecaa5967403d082aa24f35e1b516d23)  -> (artifact id: 'c2a5588c61303118db05c3584a2b7c03') in 0.015890 seconds 
Number of asset objects unloaded after import = 1
========================================================================
Received Import Request.
  Time since last request: 0.000028 seconds.
  path: Assets/Mirror/Components/LagCompensation/HistoryCollider.cs
  artifactKey: Guid(f5f2158d9776d4b569858f793be4da60) Importer(2089858483,0ecaa5967403d082aa24f35e1b516d23)
Number of updated assets reloaded before import = 0
Start importing Assets/Mirror/Components/LagCompensation/HistoryCollider.cs using Guid(f5f2158d9776d4b569858f793be4da60) Importer(2089858483,0ecaa5967403d082aa24f35e1b516d23)  -> (artifact id: 'fb73a2bc2e10bc9e55992ad2507e2361') in 0.015930 seconds 
Number of asset objects unloaded after import = 1
========================================================================
Received Import Request.
  Time since last request: 0.000027 seconds.
  path: Assets/Sprites/Talent tree_XP Bar/fire_1.png
  artifactKey: Guid(46d0e292bd9622f4394524b6822206fb) Importer(2089858483,0ecaa5967403d082aa24f35e1b516d23)
Number of updated assets reloaded before import = 0
Start importing Assets/Sprites/Talent tree_XP Bar/fire_1.png using Guid(46d0e292bd9622f4394524b6822206fb) Importer(2089858483,0ecaa5967403d082aa24f35e1b516d23)  -> (artifact id: '2adc922ee33caaf539430b5b9c3ab37e') in 0.025110 seconds 
Number of asset objects unloaded after import = 3
========================================================================
Received Import Request.
  Time since last request: 0.000028 seconds.
  path: Assets/Mirror/Components/PredictedRigidbody/PredictedRigidbodyPhysicsGhost.cs
  artifactKey: Guid(25593abc9bf0d44878a4ad6018204061) Importer(2089858483,0ecaa5967403d082aa24f35e1b516d23)
Number of updated assets reloaded before import = 0
Start importing Assets/Mirror/Components/PredictedRigidbody/PredictedRigidbodyPhysicsGhost.cs using Guid(25593abc9bf0d44878a4ad6018204061) Importer(2089858483,0ecaa5967403d082aa24f35e1b516d23)  -> (artifact id: '98dc64327396e0c5161afe826446ba35') in 0.013986 seconds 
Number of asset objects unloaded after import = 1
========================================================================
Received Import Request.
  Time since last request: 0.000023 seconds.
  path: Assets/Mirror/Editor/Weaver/WeaverTypes.cs
  artifactKey: Guid(2585961bf7fe4c10a9143f4087efdf6f) Importer(2089858483,0ecaa5967403d082aa24f35e1b516d23)
Number of updated assets reloaded before import = 0
Start importing Assets/Mirror/Editor/Weaver/WeaverTypes.cs using Guid(2585961bf7fe4c10a9143f4087efdf6f) Importer(2089858483,0ecaa5967403d082aa24f35e1b516d23)  -> (artifact id: '949d516c0af43badc95f2ab176df9c62') in 0.013997 seconds 
Number of asset objects unloaded after import = 0
========================================================================
Received Import Request.
  Time since last request: 0.000044 seconds.
  path: Assets/Mirror/Examples/StackedPrediction/GroundMaterial.mat
  artifactKey: Guid(63d74576506d24042aaa1b6beaf830a0) Importer(2089858483,0ecaa5967403d082aa24f35e1b516d23)
Number of updated assets reloaded before import = 0
Start importing Assets/Mirror/Examples/StackedPrediction/GroundMaterial.mat using Guid(63d74576506d24042aaa1b6beaf830a0) Importer(2089858483,0ecaa5967403d082aa24f35e1b516d23)  -> (artifact id: '1e067db3232c73f58c57288d908e39d9') in 0.020314 seconds 
Number of asset objects unloaded after import = 1
========================================================================
Received Import Request.
  Time since last request: 0.000022 seconds.
  path: Assets/Mirror/Examples/CharacterSelection/_ReadMe.txt
  artifactKey: Guid(c6aefc445c18946b2ae670e81fa2d9ed) Importer(2089858483,0ecaa5967403d082aa24f35e1b516d23)
Number of updated assets reloaded before import = 0
Start importing Assets/Mirror/Examples/CharacterSelection/_ReadMe.txt using Guid(c6aefc445c18946b2ae670e81fa2d9ed) Importer(2089858483,0ecaa5967403d082aa24f35e1b516d23)  -> (artifact id: 'e86053352d144b69483a93b86f8d1679') in 0.017840 seconds 
Number of asset objects unloaded after import = 1
========================================================================
Received Import Request.
  Time since last request: 0.000031 seconds.
  path: Assets/Mirror/Examples/BenchmarkIdle/Player.mat
  artifactKey: Guid(d420d3b9c6ea54d8392b48f1cfa2e91c) Importer(2089858483,0ecaa5967403d082aa24f35e1b516d23)
Number of updated assets reloaded before import = 0
Start importing Assets/Mirror/Examples/BenchmarkIdle/Player.mat using Guid(d420d3b9c6ea54d8392b48f1cfa2e91c) Importer(2089858483,0ecaa5967403d082aa24f35e1b516d23)  -> (artifact id: '536314bce785840dc84aca2dd3faa3d3') in 0.021927 seconds 
Number of asset objects unloaded after import = 1
========================================================================
Received Import Request.
  Time since last request: 0.000067 seconds.
  path: Assets/TextMesh Pro/Shaders/TMP_SDF-Mobile SSD.shader
  artifactKey: Guid(c8d12adcee749c344b8117cf7c7eb912) Importer(2089858483,0ecaa5967403d082aa24f35e1b516d23)
Number of updated assets reloaded before import = 0
Start importing Assets/TextMesh Pro/Shaders/TMP_SDF-Mobile SSD.shader using Guid(c8d12adcee749c344b8117cf7c7eb912) Importer(2089858483,0ecaa5967403d082aa24f35e1b516d23)  -> (artifact id: 'bc26fd3bf69fd35a4fa4ea807a1b9a96') in 0.017092 seconds 
Number of asset objects unloaded after import = 1
========================================================================
Received Import Request.
  Time since last request: 0.000037 seconds.
  path: Assets/Sprites/Talent tree_XP Bar/lightning_1.png
  artifactKey: Guid(b29227c0c51379344a59fb6acb057c32) Importer(2089858483,0ecaa5967403d082aa24f35e1b516d23)
Number of updated assets reloaded before import = 0
Start importing Assets/Sprites/Talent tree_XP Bar/lightning_1.png using Guid(b29227c0c51379344a59fb6acb057c32) Importer(2089858483,0ecaa5967403d082aa24f35e1b516d23)  -> (artifact id: '4cd0d75f8e55591a785f8a9fa9f8c235') in 0.032945 seconds 
Number of asset objects unloaded after import = 3
========================================================================
Received Import Request.
  Time since last request: 0.000023 seconds.
  path: Assets/Mirror/Components/Profiling/NetworkGraphLines.shader
  artifactKey: Guid(e9fd6820072746bbaa3a83a449c31709) Importer(2089858483,0ecaa5967403d082aa24f35e1b516d23)
Number of updated assets reloaded before import = 0
Start importing Assets/Mirror/Components/Profiling/NetworkGraphLines.shader using Guid(e9fd6820072746bbaa3a83a449c31709) Importer(2089858483,0ecaa5967403d082aa24f35e1b516d23)  -> (artifact id: 'd29baaa410813bb00033d6ac8dd95381') in 0.015876 seconds 
Number of asset objects unloaded after import = 1
========================================================================
Received Import Request.
  Time since last request: 0.000035 seconds.
  path: Assets/Mirror/Editor/Weaver/SyncVarAccessLists.cs
  artifactKey: Guid(6905230c3c4c4e158760065a93380e83) Importer(2089858483,0ecaa5967403d082aa24f35e1b516d23)
Number of updated assets reloaded before import = 0
Start importing Assets/Mirror/Editor/Weaver/SyncVarAccessLists.cs using Guid(6905230c3c4c4e158760065a93380e83) Importer(2089858483,0ecaa5967403d082aa24f35e1b516d23)  -> (artifact id: '4eecec3782be4b79957875b0bd83db6c') in 0.013178 seconds 
Number of asset objects unloaded after import = 0
========================================================================
Received Import Request.
  Time since last request: 0.000025 seconds.
  path: Assets/Mirror/Components/NetworkRigidbody/NetworkRigidbodyUnreliable.cs
  artifactKey: Guid(3b20dc110904e47f8a154cdcf6433eae) Importer(2089858483,0ecaa5967403d082aa24f35e1b516d23)
Number of updated assets reloaded before import = 0
Start importing Assets/Mirror/Components/NetworkRigidbody/NetworkRigidbodyUnreliable.cs using Guid(3b20dc110904e47f8a154cdcf6433eae) Importer(2089858483,0ecaa5967403d082aa24f35e1b516d23)  -> (artifact id: 'b9a97020977f39160297166556391136') in 0.013353 seconds 
Number of asset objects unloaded after import = 1
========================================================================
Received Import Request.
  Time since last request: 0.000033 seconds.
  path: Assets/Mirror/Editor/Weaver/Extensions.cs
  artifactKey: Guid(562a5cf0254cc45738e9aa549a7100b2) Importer(2089858483,0ecaa5967403d082aa24f35e1b516d23)
Number of updated assets reloaded before import = 0
Start importing Assets/Mirror/Editor/Weaver/Extensions.cs using Guid(562a5cf0254cc45738e9aa549a7100b2) Importer(2089858483,0ecaa5967403d082aa24f35e1b516d23)  -> (artifact id: 'd115e3c93f0e88bd44600cbe6575cad8') in 0.010493 seconds 
Number of asset objects unloaded after import = 0
========================================================================
Received Import Request.
  Time since last request: 0.000021 seconds.
  path: Assets/Mirror/Components/PredictedRigidbody/LocalGhostMaterial.mat
  artifactKey: Guid(411a48b4a197d4924bec3e3809bc9320) Importer(2089858483,0ecaa5967403d082aa24f35e1b516d23)
Number of updated assets reloaded before import = 0
Start importing Assets/Mirror/Components/PredictedRigidbody/LocalGhostMaterial.mat using Guid(411a48b4a197d4924bec3e3809bc9320) Importer(2089858483,0ecaa5967403d082aa24f35e1b516d23)  -> (artifact id: '8a4ace9b2c16089901f305a37e5f5adc') in 0.045745 seconds 
Number of asset objects unloaded after import = 1
========================================================================
Received Import Request.
  Time since last request: 0.000029 seconds.
  path: Assets/Mirror/Components/NetworkRigidbody/NetworkRigidbodyUnreliable2D.cs
  artifactKey: Guid(1c7e12ad9b9ae443c9fdf37e9f5ecd36) Importer(2089858483,0ecaa5967403d082aa24f35e1b516d23)
Number of updated assets reloaded before import = 0
Start importing Assets/Mirror/Components/NetworkRigidbody/NetworkRigidbodyUnreliable2D.cs using Guid(1c7e12ad9b9ae443c9fdf37e9f5ecd36) Importer(2089858483,0ecaa5967403d082aa24f35e1b516d23)  -> (artifact id: '20d29c827073a5d6aa597d080e5e535c') in 0.014181 seconds 
Number of asset objects unloaded after import = 1
========================================================================
Received Import Request.
  Time since last request: 0.000020 seconds.
  path: Assets/TextMesh Pro/Fonts/LiberationSans - OFL.txt
  artifactKey: Guid(6e59c59b81ab47f9b6ec5781fa725d2c) Importer(2089858483,0ecaa5967403d082aa24f35e1b516d23)
Number of updated assets reloaded before import = 0
Start importing Assets/TextMesh Pro/Fonts/LiberationSans - OFL.txt using Guid(6e59c59b81ab47f9b6ec5781fa725d2c) Importer(2089858483,0ecaa5967403d082aa24f35e1b516d23)  -> (artifact id: 'b3ea365e311108c4e4362634a8edd3dc') in 0.019758 seconds 
Number of asset objects unloaded after import = 1
========================================================================
Received Import Request.
  Time since last request: 0.000042 seconds.
  path: Assets/TextMesh Pro/Shaders/TMP_SDF-Surface-Mobile.shader
  artifactKey: Guid(85187c2149c549c5b33f0cdb02836b17) Importer(2089858483,0ecaa5967403d082aa24f35e1b516d23)
Number of updated assets reloaded before import = 0
Start importing Assets/TextMesh Pro/Shaders/TMP_SDF-Surface-Mobile.shader using Guid(85187c2149c549c5b33f0cdb02836b17) Importer(2089858483,0ecaa5967403d082aa24f35e1b516d23)  -> (artifact id: '762f7afc79b17f061833ef6e4c0ad07a') in 0.015613 seconds 
Number of asset objects unloaded after import = 1
========================================================================
Received Import Request.
  Time since last request: 0.000028 seconds.
  path: Assets/Mirror/Core/LagCompensation/LagCompensation.cs
  artifactKey: Guid(ad53cc7d12144d0ba3a8b0a4515e5d17) Importer(2089858483,0ecaa5967403d082aa24f35e1b516d23)
Number of updated assets reloaded before import = 0
Start importing Assets/Mirror/Core/LagCompensation/LagCompensation.cs using Guid(ad53cc7d12144d0ba3a8b0a4515e5d17) Importer(2089858483,0ecaa5967403d082aa24f35e1b516d23)  -> (artifact id: '39a014470a3b497950713c4b0e7c22f6') in 0.012777 seconds 
Number of asset objects unloaded after import = 1
========================================================================
Received Import Request.
  Time since last request: 0.440478 seconds.
  path: Assets/Mirror/Examples/StackedPrediction/PredictedCube.prefab
  artifactKey: Guid(8e024f835ef4842998861f956ca7cb5c) Importer(2089858483,0ecaa5967403d082aa24f35e1b516d23)
Number of updated assets reloaded before import = 0
Start importing Assets/Mirror/Examples/StackedPrediction/PredictedCube.prefab using Guid(8e024f835ef4842998861f956ca7cb5c) Importer(2089858483,0ecaa5967403d082aa24f35e1b516d23)  -> (artifact id: '78938eb29016d2d64c622f8d33df3c02') in 0.028215 seconds 
Number of asset objects unloaded after import = 13
========================================================================
Received Import Request.
  Time since last request: 0.000027 seconds.
  path: Assets/Sprites/Gear/shoulders/shoulders_attack_back.png
  artifactKey: Guid(3412296db8a97604ca6ff20305e603d6) Importer(2089858483,0ecaa5967403d082aa24f35e1b516d23)
Number of updated assets reloaded before import = 0
Start importing Assets/Sprites/Gear/shoulders/shoulders_attack_back.png using Guid(3412296db8a97604ca6ff20305e603d6) Importer(2089858483,0ecaa5967403d082aa24f35e1b516d23)  -> (artifact id: 'a16ea789c1f442859bbb7f586c7c94c5') in 0.037114 seconds 
Number of asset objects unloaded after import = 10
========================================================================
Received Import Request.
  Time since last request: 0.000024 seconds.
  path: Assets/Sprites/skeleton_1/death_down/death_down_1_0002.png
  artifactKey: Guid(6bc6d1b96c493a749842e8af2c3295fd) Importer(2089858483,0ecaa5967403d082aa24f35e1b516d23)
Number of updated assets reloaded before import = 0
Start importing Assets/Sprites/skeleton_1/death_down/death_down_1_0002.png using Guid(6bc6d1b96c493a749842e8af2c3295fd) Importer(2089858483,0ecaa5967403d082aa24f35e1b516d23)  -> (artifact id: 'e57831be3d0c72ae9212edda4105960c') in 0.020787 seconds 
Number of asset objects unloaded after import = 3
========================================================================
Received Import Request.
  Time since last request: 0.000023 seconds.
  path: Assets/Sprites/Gear/shoulders/shoulders_attack_left.png
  artifactKey: Guid(e67c38a11903e6247b66c163152a6c2f) Importer(2089858483,0ecaa5967403d082aa24f35e1b516d23)
Number of updated assets reloaded before import = 0
Start importing Assets/Sprites/Gear/shoulders/shoulders_attack_left.png using Guid(e67c38a11903e6247b66c163152a6c2f) Importer(2089858483,0ecaa5967403d082aa24f35e1b516d23)  -> (artifact id: '6e1cccb007cdf0b0cb9d3a1b99e9e017') in 0.046685 seconds 
Number of asset objects unloaded after import = 12
========================================================================
Received Import Request.
  Time since last request: 0.000024 seconds.
  path: Assets/Sprites/Enviroment/WaterTiles/24.png
  artifactKey: Guid(3b015352f05d9004f8fb43429b4c84c2) Importer(2089858483,0ecaa5967403d082aa24f35e1b516d23)
Number of updated assets reloaded before import = 0
Start importing Assets/Sprites/Enviroment/WaterTiles/24.png using Guid(3b015352f05d9004f8fb43429b4c84c2) Importer(2089858483,0ecaa5967403d082aa24f35e1b516d23)  -> (artifact id: '2360941c6626852ceab77dafd2f8547d') in 0.020022 seconds 
Number of asset objects unloaded after import = 3
========================================================================
Received Import Request.
  Time since last request: 0.000022 seconds.
  path: Assets/Sprites/Gear/robe/robe_walk_back.png
  artifactKey: Guid(bbc535b09e835844fb769341c67b2fee) Importer(2089858483,0ecaa5967403d082aa24f35e1b516d23)
Number of updated assets reloaded before import = 0
Start importing Assets/Sprites/Gear/robe/robe_walk_back.png using Guid(bbc535b09e835844fb769341c67b2fee) Importer(2089858483,0ecaa5967403d082aa24f35e1b516d23)  -> (artifact id: '0d1ee5f052b2987d358b26d21398a344') in 0.062543 seconds 
Number of asset objects unloaded after import = 18
========================================================================
Received Import Request.
  Time since last request: 0.000022 seconds.
  path: Assets/Sprites/Enviroment/Trees/tree_2.png
  artifactKey: Guid(7a4cc0b86cf2deb4d843b7e7839be782) Importer(2089858483,0ecaa5967403d082aa24f35e1b516d23)
Number of updated assets reloaded before import = 0
Start importing Assets/Sprites/Enviroment/Trees/tree_2.png using Guid(7a4cc0b86cf2deb4d843b7e7839be782) Importer(2089858483,0ecaa5967403d082aa24f35e1b516d23)  -> (artifact id: 'bed2413d939303e1cedbf1b112193395') in 0.017490 seconds 
Number of asset objects unloaded after import = 3
========================================================================
Received Import Request.
  Time since last request: 0.000036 seconds.
  path: Assets/Sprites/skeleton_1/death_right/death_right_1_0006.png
  artifactKey: Guid(fd4307f66f637d14eb98003ac51f20f2) Importer(2089858483,0ecaa5967403d082aa24f35e1b516d23)
Number of updated assets reloaded before import = 0
Start importing Assets/Sprites/skeleton_1/death_right/death_right_1_0006.png using Guid(fd4307f66f637d14eb98003ac51f20f2) Importer(2089858483,0ecaa5967403d082aa24f35e1b516d23)  -> (artifact id: '5eb0b249293f29ec06e1655cd6efae1b') in 0.031223 seconds 
Number of asset objects unloaded after import = 3
========================================================================
Received Import Request.
  Time since last request: 0.000023 seconds.
  path: Assets/Sprites/skeleton_1/death_left/death_left_1_0007.png
  artifactKey: Guid(f92c504c7d4f5c148b30af7f935f2732) Importer(2089858483,0ecaa5967403d082aa24f35e1b516d23)
Number of updated assets reloaded before import = 0
Start importing Assets/Sprites/skeleton_1/death_left/death_left_1_0007.png using Guid(f92c504c7d4f5c148b30af7f935f2732) Importer(2089858483,0ecaa5967403d082aa24f35e1b516d23)  -> (artifact id: '9ac211d5e28a43ab32dcf17ac20a47c1') in 0.018175 seconds 
Number of asset objects unloaded after import = 3
========================================================================
Received Import Request.
  Time since last request: 0.000020 seconds.
  path: Assets/Sprites/Gear/robe/robe_idle_back.png
  artifactKey: Guid(762968bae54f0ad4ca28a8eba21e037b) Importer(2089858483,0ecaa5967403d082aa24f35e1b516d23)
Number of updated assets reloaded before import = 0
Start importing Assets/Sprites/Gear/robe/robe_idle_back.png using Guid(762968bae54f0ad4ca28a8eba21e037b) Importer(2089858483,0ecaa5967403d082aa24f35e1b516d23)  -> (artifact id: '3d71622e21e118c43181a1e58e692545') in 0.046161 seconds 
Number of asset objects unloaded after import = 14
========================================================================
Received Import Request.
  Time since last request: 0.000027 seconds.
  path: Assets/Mirror/Plugins/Mono.Cecil/Mono.CecilX.Rocks.dll
  artifactKey: Guid(7526641fb3ae25144aa0a96aad853745) Importer(2089858483,0ecaa5967403d082aa24f35e1b516d23)
Number of updated assets reloaded before import = 0
Start importing Assets/Mirror/Plugins/Mono.Cecil/Mono.CecilX.Rocks.dll using Guid(7526641fb3ae25144aa0a96aad853745) Importer(2089858483,0ecaa5967403d082aa24f35e1b516d23)  -> (artifact id: '547027acfd6df317ea6264fe1b54fa92') in 0.027303 seconds 
Number of asset objects unloaded after import = 1
========================================================================
Received Import Request.
  Time since last request: 0.000029 seconds.
  path: Assets/Mirror/Plugins/Mono.Cecil/Mono.CecilX.dll
  artifactKey: Guid(307911e5ad044dd42b1649eb8637aaf3) Importer(2089858483,0ecaa5967403d082aa24f35e1b516d23)
Number of updated assets reloaded before import = 0
Start importing Assets/Mirror/Plugins/Mono.Cecil/Mono.CecilX.dll using Guid(307911e5ad044dd42b1649eb8637aaf3) Importer(2089858483,0ecaa5967403d082aa24f35e1b516d23)  -> (artifact id: '3a0ec70c8d0a02197061b3f1d2003244') in 0.016278 seconds 
Number of asset objects unloaded after import = 1
========================================================================
Received Import Request.
  Time since last request: 0.000028 seconds.
  path: Assets/Sprites/Gear/robe/robe_idle_right.png
  artifactKey: Guid(163149844fb893c47b47203804c011a5) Importer(2089858483,0ecaa5967403d082aa24f35e1b516d23)
Number of updated assets reloaded before import = 0
Start importing Assets/Sprites/Gear/robe/robe_idle_right.png using Guid(163149844fb893c47b47203804c011a5) Importer(2089858483,0ecaa5967403d082aa24f35e1b516d23)  -> (artifact id: '4cd135c355400a16b0fe9005da85d861') in 0.063668 seconds 
Number of asset objects unloaded after import = 14
========================================================================
Received Import Request.
  Time since last request: 0.000036 seconds.
  path: Assets/Sprites/skeleton_1/attack_up/attack_up_1_0007.png
  artifactKey: Guid(f41cd937d038c7f498f32d33ebd3addf) Importer(2089858483,0ecaa5967403d082aa24f35e1b516d23)
Number of updated assets reloaded before import = 0
Start importing Assets/Sprites/skeleton_1/attack_up/attack_up_1_0007.png using Guid(f41cd937d038c7f498f32d33ebd3addf) Importer(2089858483,0ecaa5967403d082aa24f35e1b516d23)  -> (artifact id: 'c67a0637ef488c20af2bc897afe9f3bb') in 0.031263 seconds 
Number of asset objects unloaded after import = 3
========================================================================
Received Import Request.
  Time since last request: 0.000043 seconds.
  path: Assets/Sprites/skeleton_1/death_right/death_right_1_0002.png
  artifactKey: Guid(9b490e4076f7c3648b449eb3f76b323d) Importer(2089858483,0ecaa5967403d082aa24f35e1b516d23)
Number of updated assets reloaded before import = 0
Start importing Assets/Sprites/skeleton_1/death_right/death_right_1_0002.png using Guid(9b490e4076f7c3648b449eb3f76b323d) Importer(2089858483,0ecaa5967403d082aa24f35e1b516d23)  -> (artifact id: '9cf03c67646aff47544fbc53f85c3664') in 0.025480 seconds 
Number of asset objects unloaded after import = 3
========================================================================
Received Import Request.
  Time since last request: 0.000041 seconds.
  path: Assets/Mirror/Hosting/Edgegap/CHANGELOG.md
  artifactKey: Guid(e3f5a876d3822ce4e884e3c8d026fbcc) Importer(2089858483,0ecaa5967403d082aa24f35e1b516d23)
Number of updated assets reloaded before import = 0
Start importing Assets/Mirror/Hosting/Edgegap/CHANGELOG.md using Guid(e3f5a876d3822ce4e884e3c8d026fbcc) Importer(2089858483,0ecaa5967403d082aa24f35e1b516d23)  -> (artifact id: '744d71a080f9d01f00f6eb7b2ed9a48e') in 0.028655 seconds 
Number of asset objects unloaded after import = 1
========================================================================
Received Import Request.
  Time since last request: 0.000023 seconds.
  path: Assets/Sprites/Enviroment/WaterTiles/15.png
  artifactKey: Guid(58da6e0ba4990184faf967e09e36fbc9) Importer(2089858483,0ecaa5967403d082aa24f35e1b516d23)
Number of updated assets reloaded before import = 0
Start importing Assets/Sprites/Enviroment/WaterTiles/15.png using Guid(58da6e0ba4990184faf967e09e36fbc9) Importer(2089858483,0ecaa5967403d082aa24f35e1b516d23)  -> (artifact id: '38aa5010ec8173e9fc7d8f9d4e821c1d') in 0.030421 seconds 
Number of asset objects unloaded after import = 3
========================================================================
Received Import Request.
  Time since last request: 0.000025 seconds.
  path: Assets/Sprites/Gear/hat/hat_attack_left.png
  artifactKey: Guid(106fa174e6ad0be4cbb21206e89fe1b9) Importer(2089858483,0ecaa5967403d082aa24f35e1b516d23)
Number of updated assets reloaded before import = 0
Start importing Assets/Sprites/Gear/hat/hat_attack_left.png using Guid(106fa174e6ad0be4cbb21206e89fe1b9) Importer(2089858483,0ecaa5967403d082aa24f35e1b516d23)  -> (artifact id: '42dd26d9120aa75b22c1d606ded9fc24') in 0.066250 seconds 
Number of asset objects unloaded after import = 12
========================================================================
Received Import Request.
  Time since last request: 0.000056 seconds.
  path: Assets/Sprites/Gear/boots/boots_attack_front.png
  artifactKey: Guid(96020b0ce3ed82e4b842dd95ce695323) Importer(2089858483,0ecaa5967403d082aa24f35e1b516d23)
Number of updated assets reloaded before import = 0
Start importing Assets/Sprites/Gear/boots/boots_attack_front.png using Guid(96020b0ce3ed82e4b842dd95ce695323) Importer(2089858483,0ecaa5967403d082aa24f35e1b516d23)  -> (artifact id: 'b592c84ae4f4162754b7bbfb937b3ca4') in 0.050939 seconds 
Number of asset objects unloaded after import = 10
========================================================================
Received Import Request.
  Time since last request: 0.000033 seconds.
  path: Assets/Sprites/Gear/shoulders/shoulders_attack_front.png
  artifactKey: Guid(4501ce16ad6f4b3498f01fd346d69386) Importer(2089858483,0ecaa5967403d082aa24f35e1b516d23)
Number of updated assets reloaded before import = 0
Start importing Assets/Sprites/Gear/shoulders/shoulders_attack_front.png using Guid(4501ce16ad6f4b3498f01fd346d69386) Importer(2089858483,0ecaa5967403d082aa24f35e1b516d23)  -> (artifact id: '983595d41b50b4582e8f818cc45006dc') in 0.050069 seconds 
Number of asset objects unloaded after import = 10
========================================================================
Received Import Request.
  Time since last request: 0.000040 seconds.
  path: Assets/Sprites/Enviroment/WaterTiles/28.png
  artifactKey: Guid(26e92f179fcb6d54d93126770bb1255b) Importer(2089858483,0ecaa5967403d082aa24f35e1b516d23)
Number of updated assets reloaded before import = 0
Start importing Assets/Sprites/Enviroment/WaterTiles/28.png using Guid(26e92f179fcb6d54d93126770bb1255b) Importer(2089858483,0ecaa5967403d082aa24f35e1b516d23)  -> (artifact id: 'bf04b54668232951a744fd16d251aa7e') in 0.027365 seconds 
Number of asset objects unloaded after import = 3
========================================================================
Received Import Request.
  Time since last request: 0.000056 seconds.
  path: Assets/Sprites/skeleton_1/death_down/death_down_1_0006.png
  artifactKey: Guid(591ece97a28c328429809c347c1e1f96) Importer(2089858483,0ecaa5967403d082aa24f35e1b516d23)
Number of updated assets reloaded before import = 0
Start importing Assets/Sprites/skeleton_1/death_down/death_down_1_0006.png using Guid(591ece97a28c328429809c347c1e1f96) Importer(2089858483,0ecaa5967403d082aa24f35e1b516d23)  -> (artifact id: '4efdd0adf16701f2e95661c533b515a6') in 0.026297 seconds 
Number of asset objects unloaded after import = 3
========================================================================
Received Import Request.
  Time since last request: 0.000029 seconds.
  path: Assets/Sprites/Enviroment/WaterTiles/21.png
  artifactKey: Guid(3643b87920a511140acc8f0a39af4476) Importer(2089858483,0ecaa5967403d082aa24f35e1b516d23)
Number of updated assets reloaded before import = 0
Start importing Assets/Sprites/Enviroment/WaterTiles/21.png using Guid(3643b87920a511140acc8f0a39af4476) Importer(2089858483,0ecaa5967403d082aa24f35e1b516d23)  -> (artifact id: 'cc7c6e80ce84ccd9ee6b7d37078a19a4') in 0.023016 seconds 
Number of asset objects unloaded after import = 3
========================================================================
Received Import Request.
  Time since last request: 0.000035 seconds.
  path: Assets/Sprites/Gear/boots/boots_attack_right.png
  artifactKey: Guid(38c738634e8f1c144a29d20f20c5e8c6) Importer(2089858483,0ecaa5967403d082aa24f35e1b516d23)
Number of updated assets reloaded before import = 0
Start importing Assets/Sprites/Gear/boots/boots_attack_right.png using Guid(38c738634e8f1c144a29d20f20c5e8c6) Importer(2089858483,0ecaa5967403d082aa24f35e1b516d23)  -> (artifact id: 'b1e3e64cace76ecb246aa03e46110a70') in 0.051500 seconds 
Number of asset objects unloaded after import = 12
========================================================================
Received Import Request.
  Time since last request: 0.000028 seconds.
  path: Assets/Sprites/Enviroment/WaterTiles/18.png
  artifactKey: Guid(236a6a6d4c968fd43b0e3663f5c73171) Importer(2089858483,0ecaa5967403d082aa24f35e1b516d23)
Number of updated assets reloaded before import = 0
Start importing Assets/Sprites/Enviroment/WaterTiles/18.png using Guid(236a6a6d4c968fd43b0e3663f5c73171) Importer(2089858483,0ecaa5967403d082aa24f35e1b516d23)  -> (artifact id: '07e302ce9950ba11119c85129623095e') in 0.030755 seconds 
Number of asset objects unloaded after import = 3
========================================================================
Received Import Request.
  Time since last request: 0.000025 seconds.
  path: Assets/Sprites/Gear/weapon/weapon_attack_left.png
  artifactKey: Guid(22ba2c68f1c2f644895b7a54a65789a0) Importer(2089858483,0ecaa5967403d082aa24f35e1b516d23)
Number of updated assets reloaded before import = 0
Start importing Assets/Sprites/Gear/weapon/weapon_attack_left.png using Guid(22ba2c68f1c2f644895b7a54a65789a0) Importer(2089858483,0ecaa5967403d082aa24f35e1b516d23)  -> (artifact id: '4d1bcfc0cc09e329d4d628b2267e4345') in 0.058562 seconds 
Number of asset objects unloaded after import = 12
========================================================================
Received Import Request.
  Time since last request: 0.000043 seconds.
  path: Assets/Sprites/Gear/hat/hat_attack_back.png
  artifactKey: Guid(f0130e7267a04cb47878dbf3848fbf0d) Importer(2089858483,0ecaa5967403d082aa24f35e1b516d23)
Number of updated assets reloaded before import = 0
Start importing Assets/Sprites/Gear/hat/hat_attack_back.png using Guid(f0130e7267a04cb47878dbf3848fbf0d) Importer(2089858483,0ecaa5967403d082aa24f35e1b516d23)  -> (artifact id: 'b1b51fe68a63e5088f5aad2e5541764c') in 0.064271 seconds 
Number of asset objects unloaded after import = 10
========================================================================
Received Import Request.
  Time since last request: 0.000036 seconds.
  path: Assets/Sprites/Gear/shoulders/shoulders_idle_left.png
  artifactKey: Guid(5631ee8f463f04d438a20f29f5ece58e) Importer(2089858483,0ecaa5967403d082aa24f35e1b516d23)
Number of updated assets reloaded before import = 0
Start importing Assets/Sprites/Gear/shoulders/shoulders_idle_left.png using Guid(5631ee8f463f04d438a20f29f5ece58e) Importer(2089858483,0ecaa5967403d082aa24f35e1b516d23)  -> (artifact id: 'c10dc9bae166f1d16bb46d515bfeacb3') in 0.080453 seconds 
Number of asset objects unloaded after import = 14
========================================================================
Received Import Request.
  Time since last request: 0.000023 seconds.
  path: Assets/Mirror/Hosting/Edgegap/README.md
  artifactKey: Guid(a22cebde73b10534b99d20367fda7b1f) Importer(2089858483,0ecaa5967403d082aa24f35e1b516d23)
Number of updated assets reloaded before import = 0
Start importing Assets/Mirror/Hosting/Edgegap/README.md using Guid(a22cebde73b10534b99d20367fda7b1f) Importer(2089858483,0ecaa5967403d082aa24f35e1b516d23)  -> (artifact id: '3bd46b57917a26aa2c187a6b6afeb947') in 0.025805 seconds 
Number of asset objects unloaded after import = 1
========================================================================
Received Import Request.
  Time since last request: 0.000027 seconds.
  path: Assets/Sprites/Enviroment/WaterTiles/40.png
  artifactKey: Guid(7d6be431f31866341a762dfe00f916c8) Importer(2089858483,0ecaa5967403d082aa24f35e1b516d23)
Number of updated assets reloaded before import = 0
Start importing Assets/Sprites/Enviroment/WaterTiles/40.png using Guid(7d6be431f31866341a762dfe00f916c8) Importer(2089858483,0ecaa5967403d082aa24f35e1b516d23)  -> (artifact id: '99f1c6b4639c920a03088b49c42275e4') in 0.029655 seconds 
Number of asset objects unloaded after import = 3
========================================================================
Received Import Request.
  Time since last request: 0.000030 seconds.
  path: Assets/Sprites/skeleton_1/death_down/death_down_1_0010.png
  artifactKey: Guid(67354bd8b2f4e434495fc2e4912264b5) Importer(2089858483,0ecaa5967403d082aa24f35e1b516d23)
Number of updated assets reloaded before import = 0
Start importing Assets/Sprites/skeleton_1/death_down/death_down_1_0010.png using Guid(67354bd8b2f4e434495fc2e4912264b5) Importer(2089858483,0ecaa5967403d082aa24f35e1b516d23)  -> (artifact id: '6d6dd99597ce1edb2e6c346b5f7cb232') in 0.029458 seconds 
Number of asset objects unloaded after import = 3
========================================================================
Received Import Request.
  Time since last request: 0.000027 seconds.
  path: Assets/Sprites/Gear/weapon/weapon_walk_back.png
  artifactKey: Guid(76449211b56c4064cbcb9ae7e0720cf1) Importer(2089858483,0ecaa5967403d082aa24f35e1b516d23)
Number of updated assets reloaded before import = 0
Start importing Assets/Sprites/Gear/weapon/weapon_walk_back.png using Guid(76449211b56c4064cbcb9ae7e0720cf1) Importer(2089858483,0ecaa5967403d082aa24f35e1b516d23)  -> (artifact id: '0f03ed5bfc9c4d2638d96ca3e2b27202') in 0.070249 seconds 
Number of asset objects unloaded after import = 18
========================================================================
Received Import Request.
  Time since last request: 0.000030 seconds.
  path: Assets/Sprites/Gear/robe/robe_walk_right.png
  artifactKey: Guid(df46f68df825b0f4ab581601441dec05) Importer(2089858483,0ecaa5967403d082aa24f35e1b516d23)
Number of updated assets reloaded before import = 0
Start importing Assets/Sprites/Gear/robe/robe_walk_right.png using Guid(df46f68df825b0f4ab581601441dec05) Importer(2089858483,0ecaa5967403d082aa24f35e1b516d23)  -> (artifact id: 'a9f89efe723fd013c678019b18718231') in 0.077189 seconds 
Number of asset objects unloaded after import = 18
========================================================================
Received Import Request.
  Time since last request: 0.000039 seconds.
  path: Assets/Sprites/Gear/boots/boots_walk_back.png
  artifactKey: Guid(649f518dc3a3e4b4dafe3fa4542deca3) Importer(2089858483,0ecaa5967403d082aa24f35e1b516d23)
Number of updated assets reloaded before import = 0
Start importing Assets/Sprites/Gear/boots/boots_walk_back.png using Guid(649f518dc3a3e4b4dafe3fa4542deca3) Importer(2089858483,0ecaa5967403d082aa24f35e1b516d23)  -> (artifact id: '475705df6c6f5d16862857b8b005d466') in 0.077425 seconds 
Number of asset objects unloaded after import = 18
========================================================================
Received Import Request.
  Time since last request: 0.000027 seconds.
  path: Assets/Sprites/skeleton_2/walk_up/walk_up_2_0009.png
  artifactKey: Guid(498d4025150e61442aae2659cf5dcdca) Importer(2089858483,0ecaa5967403d082aa24f35e1b516d23)
Number of updated assets reloaded before import = 0
Start importing Assets/Sprites/skeleton_2/walk_up/walk_up_2_0009.png using Guid(498d4025150e61442aae2659cf5dcdca) Importer(2089858483,0ecaa5967403d082aa24f35e1b516d23)  -> (artifact id: '099a7b0d9381a562670026887e554189') in 0.023684 seconds 
Number of asset objects unloaded after import = 3
========================================================================
Received Import Request.
  Time since last request: 0.000022 seconds.
  path: Assets/Sprites/skeleton_1/walk_down/walk_down_1_0005.png
  artifactKey: Guid(4c05ec3e6cf5b32499ec572bed4ed38f) Importer(2089858483,0ecaa5967403d082aa24f35e1b516d23)
Number of updated assets reloaded before import = 0
Start importing Assets/Sprites/skeleton_1/walk_down/walk_down_1_0005.png using Guid(4c05ec3e6cf5b32499ec572bed4ed38f) Importer(2089858483,0ecaa5967403d082aa24f35e1b516d23)  -> (artifact id: 'b3a36b5e0eb201343121002a088f836b') in 0.023137 seconds 
Number of asset objects unloaded after import = 3
========================================================================
Received Import Request.
  Time since last request: 0.000023 seconds.
  path: Assets/Sprites/skeleton_2/death_left/death_left_2_0005.png
  artifactKey: Guid(15c4865164721b541b0fffb9ac69ddbb) Importer(2089858483,0ecaa5967403d082aa24f35e1b516d23)
Number of updated assets reloaded before import = 0
Start importing Assets/Sprites/skeleton_2/death_left/death_left_2_0005.png using Guid(15c4865164721b541b0fffb9ac69ddbb) Importer(2089858483,0ecaa5967403d082aa24f35e1b516d23)  -> (artifact id: 'f9e73e01bce3383fd8449abad362cdb1') in 0.024348 seconds 
Number of asset objects unloaded after import = 3
========================================================================
Received Import Request.
  Time since last request: 0.000021 seconds.
  path: Assets/Sprites/skeleton_2/attack_left/attack_left_2_0003.png
  artifactKey: Guid(c10b2ef9f31e73d4c87edc509c57bf4b) Importer(2089858483,0ecaa5967403d082aa24f35e1b516d23)
Number of updated assets reloaded before import = 0
Start importing Assets/Sprites/skeleton_2/attack_left/attack_left_2_0003.png using Guid(c10b2ef9f31e73d4c87edc509c57bf4b) Importer(2089858483,0ecaa5967403d082aa24f35e1b516d23)  -> (artifact id: '7e358ed3aaee066ead953577d483bd65') in 0.023824 seconds 
Number of asset objects unloaded after import = 3
========================================================================
Received Import Request.
  Time since last request: 0.000024 seconds.
  path: Assets/Sprites/UI/Inventory/apple.png
  artifactKey: Guid(0041a1d876d1f7940bd954b78e82a8cc) Importer(2089858483,0ecaa5967403d082aa24f35e1b516d23)
Number of updated assets reloaded before import = 0
Start importing Assets/Sprites/UI/Inventory/apple.png using Guid(0041a1d876d1f7940bd954b78e82a8cc) Importer(2089858483,0ecaa5967403d082aa24f35e1b516d23)  -> (artifact id: '1547190b8d4f8641c3d987bb86d5c087') in 0.021967 seconds 
Number of asset objects unloaded after import = 3
========================================================================
Received Import Request.
  Time since last request: 0.000031 seconds.
  path: Assets/Sprites/skeleton_2/walk_up/walk_up_2_0002.png
  artifactKey: Guid(12cfb428bad6bf24f9c03414cf359914) Importer(2089858483,0ecaa5967403d082aa24f35e1b516d23)
Number of updated assets reloaded before import = 0
Start importing Assets/Sprites/skeleton_2/walk_up/walk_up_2_0002.png using Guid(12cfb428bad6bf24f9c03414cf359914) Importer(2089858483,0ecaa5967403d082aa24f35e1b516d23)  -> (artifact id: '574a479d345d058882450cbd519a884f') in 0.023129 seconds 
Number of asset objects unloaded after import = 3
========================================================================
Received Import Request.
  Time since last request: 0.000023 seconds.
  path: Assets/Sprites/skeleton_2/death_up/death_up_2_0009.png
  artifactKey: Guid(61d06d5bd90608a4a87c0f6b906588ca) Importer(2089858483,0ecaa5967403d082aa24f35e1b516d23)
Number of updated assets reloaded before import = 0
Start importing Assets/Sprites/skeleton_2/death_up/death_up_2_0009.png using Guid(61d06d5bd90608a4a87c0f6b906588ca) Importer(2089858483,0ecaa5967403d082aa24f35e1b516d23)  -> (artifact id: 'e12e16d0c12b5dbf01f06d3dd6fde6b8') in 0.031014 seconds 
Number of asset objects unloaded after import = 3
========================================================================
Received Import Request.
  Time since last request: 0.000035 seconds.
  path: Assets/Sprites/skeleton_2/attack_down/attack_down_2_0002.png
  artifactKey: Guid(5c2036fd79951fb4187feaf3b3ed2d2d) Importer(2089858483,0ecaa5967403d082aa24f35e1b516d23)
Number of updated assets reloaded before import = 0
Start importing Assets/Sprites/skeleton_2/attack_down/attack_down_2_0002.png using Guid(5c2036fd79951fb4187feaf3b3ed2d2d) Importer(2089858483,0ecaa5967403d082aa24f35e1b516d23)  -> (artifact id: '6f5479d6b97aa85c39e07299f92ad56f') in 0.023387 seconds 
Number of asset objects unloaded after import = 3
========================================================================
Received Import Request.
  Time since last request: 0.000023 seconds.
  path: Assets/Sprites/skeleton_1/walk_left/walk_left_1_0003.png
  artifactKey: Guid(09277ba0be4e42045ae65d2160d9f12f) Importer(2089858483,0ecaa5967403d082aa24f35e1b516d23)
Number of updated assets reloaded before import = 0
Start importing Assets/Sprites/skeleton_1/walk_left/walk_left_1_0003.png using Guid(09277ba0be4e42045ae65d2160d9f12f) Importer(2089858483,0ecaa5967403d082aa24f35e1b516d23)  -> (artifact id: '465464c81ae4dd670c84136231a71e9f') in 0.021794 seconds 
Number of asset objects unloaded after import = 3
========================================================================
Received Import Request.
  Time since last request: 0.000023 seconds.
  path: Assets/Sprites/skeleton_2/death_left/death_left_2_0002.png
  artifactKey: Guid(ed788a1ce54558d46b20e34b3cfedf2f) Importer(2089858483,0ecaa5967403d082aa24f35e1b516d23)
Number of updated assets reloaded before import = 0
Start importing Assets/Sprites/skeleton_2/death_left/death_left_2_0002.png using Guid(ed788a1ce54558d46b20e34b3cfedf2f) Importer(2089858483,0ecaa5967403d082aa24f35e1b516d23)  -> (artifact id: '0dac2025db918aa0d5785842f24380d3') in 0.022763 seconds 
Number of asset objects unloaded after import = 3
========================================================================
Received Import Request.
  Time since last request: 0.000016 seconds.
  path: Assets/Sprites/skeleton_2/attack_down/attack_down_2_0001.png
  artifactKey: Guid(e235f01e30b16ba4fab8a07053942c88) Importer(2089858483,0ecaa5967403d082aa24f35e1b516d23)
Number of updated assets reloaded before import = 0
Start importing Assets/Sprites/skeleton_2/attack_down/attack_down_2_0001.png using Guid(e235f01e30b16ba4fab8a07053942c88) Importer(2089858483,0ecaa5967403d082aa24f35e1b516d23)  -> (artifact id: '97d1faa2f01c87559d43f1a1b9579c56') in 0.024100 seconds 
Number of asset objects unloaded after import = 3
========================================================================
Received Import Request.
  Time since last request: 0.000027 seconds.
  path: Assets/Sprites/skeleton_2/idle_left/idle_left_2_0001.png
  artifactKey: Guid(35d7e695a66301740af204bfc29f0800) Importer(2089858483,0ecaa5967403d082aa24f35e1b516d23)
Number of updated assets reloaded before import = 0
Start importing Assets/Sprites/skeleton_2/idle_left/idle_left_2_0001.png using Guid(35d7e695a66301740af204bfc29f0800) Importer(2089858483,0ecaa5967403d082aa24f35e1b516d23)  -> (artifact id: 'ec64aad1ba96a618630d3cd22d15a8a9') in 0.025620 seconds 
Number of asset objects unloaded after import = 3
========================================================================
Received Import Request.
  Time since last request: 0.000024 seconds.
  path: Assets/Sprites/skeleton_2/walk_up/walk_up_2_0008.png
  artifactKey: Guid(62ffc04df0b807e4c99c144951e4c4a8) Importer(2089858483,0ecaa5967403d082aa24f35e1b516d23)
Number of updated assets reloaded before import = 0
Start importing Assets/Sprites/skeleton_2/walk_up/walk_up_2_0008.png using Guid(62ffc04df0b807e4c99c144951e4c4a8) Importer(2089858483,0ecaa5967403d082aa24f35e1b516d23)  -> (artifact id: '0810a66b87206aa6a8fc13a0646c3a9c') in 0.022357 seconds 
Number of asset objects unloaded after import = 3
========================================================================
Received Import Request.
  Time since last request: 0.000022 seconds.
  path: Assets/Sprites/skeleton_1/idle_down/idle_down_1_0001.png
  artifactKey: Guid(feb2026ea8118fe408a2482307f7906a) Importer(2089858483,0ecaa5967403d082aa24f35e1b516d23)
Number of updated assets reloaded before import = 0
Start importing Assets/Sprites/skeleton_1/idle_down/idle_down_1_0001.png using Guid(feb2026ea8118fe408a2482307f7906a) Importer(2089858483,0ecaa5967403d082aa24f35e1b516d23)  -> (artifact id: '9761eff868420a734521f790656096f4') in 0.022040 seconds 
Number of asset objects unloaded after import = 3
========================================================================
Received Import Request.
  Time since last request: 0.000029 seconds.
  path: Assets/Sprites/skeleton_2/walk_right/walk_right_2_0006.png
  artifactKey: Guid(6cfd8efdc9c2e764ca9b9183b9c875bf) Importer(2089858483,0ecaa5967403d082aa24f35e1b516d23)
Number of updated assets reloaded before import = 0
Start importing Assets/Sprites/skeleton_2/walk_right/walk_right_2_0006.png using Guid(6cfd8efdc9c2e764ca9b9183b9c875bf) Importer(2089858483,0ecaa5967403d082aa24f35e1b516d23)  -> (artifact id: '17e6941574bb352659bb1879a73369b5') in 0.029422 seconds 
Number of asset objects unloaded after import = 3
========================================================================
Received Import Request.
  Time since last request: 0.000022 seconds.
  path: Assets/Sprites/skeleton_2/attack_up/attack_up_2_0005.png
  artifactKey: Guid(1c1b6513e6331c14f92345dadc99c216) Importer(2089858483,0ecaa5967403d082aa24f35e1b516d23)
Number of updated assets reloaded before import = 0
Start importing Assets/Sprites/skeleton_2/attack_up/attack_up_2_0005.png using Guid(1c1b6513e6331c14f92345dadc99c216) Importer(2089858483,0ecaa5967403d082aa24f35e1b516d23)  -> (artifact id: 'f595ee539abb6b9ab14875d89e7e6235') in 0.022678 seconds 
Number of asset objects unloaded after import = 3
========================================================================
Received Import Request.
  Time since last request: 0.000024 seconds.
  path: Assets/Sprites/skeleton_1/idle_up/idle_up_1_0004.png
  artifactKey: Guid(98bb3da8e6266d64daea891bb70b19ce) Importer(2089858483,0ecaa5967403d082aa24f35e1b516d23)
Number of updated assets reloaded before import = 0
Start importing Assets/Sprites/skeleton_1/idle_up/idle_up_1_0004.png using Guid(98bb3da8e6266d64daea891bb70b19ce) Importer(2089858483,0ecaa5967403d082aa24f35e1b516d23)  -> (artifact id: '79dfc7a44e889091ceb1f589e089e62e') in 0.022275 seconds 
Number of asset objects unloaded after import = 3
========================================================================
Received Import Request.
  Time since last request: 0.000039 seconds.
  path: Assets/Sprites/skeleton_2/attack_left/attack_left_2_0006.png
  artifactKey: Guid(37263ad34a2e4cb4aab3926950054938) Importer(2089858483,0ecaa5967403d082aa24f35e1b516d23)
Number of updated assets reloaded before import = 0
Start importing Assets/Sprites/skeleton_2/attack_left/attack_left_2_0006.png using Guid(37263ad34a2e4cb4aab3926950054938) Importer(2089858483,0ecaa5967403d082aa24f35e1b516d23)  -> (artifact id: '7b6d75c619908767c472396458432677') in 0.026245 seconds 
Number of asset objects unloaded after import = 3
========================================================================
Received Import Request.
  Time since last request: 0.000026 seconds.
  path: Assets/Sprites/skeleton_1/death_up/death_up_1_0002.png
  artifactKey: Guid(29086e0c563f78540a89fbdf5aba7550) Importer(2089858483,0ecaa5967403d082aa24f35e1b516d23)
Number of updated assets reloaded before import = 0
Start importing Assets/Sprites/skeleton_1/death_up/death_up_1_0002.png using Guid(29086e0c563f78540a89fbdf5aba7550) Importer(2089858483,0ecaa5967403d082aa24f35e1b516d23)  -> (artifact id: '02446e5f0604ce7c86dd72fd9104611b') in 0.025598 seconds 
Number of asset objects unloaded after import = 3
========================================================================
Received Import Request.
  Time since last request: 0.000024 seconds.
  path: Assets/Sprites/skeleton_2/death_left/death_left_2_0006.png
  artifactKey: Guid(f6df98ea20fab444fa043284f1d860e7) Importer(2089858483,0ecaa5967403d082aa24f35e1b516d23)
Number of updated assets reloaded before import = 0
Start importing Assets/Sprites/skeleton_2/death_left/death_left_2_0006.png using Guid(f6df98ea20fab444fa043284f1d860e7) Importer(2089858483,0ecaa5967403d082aa24f35e1b516d23)  -> (artifact id: '5b05aef514b3c3d63eb73a2921690969') in 0.025247 seconds 
Number of asset objects unloaded after import = 3
========================================================================
Received Import Request.
  Time since last request: 0.000024 seconds.
  path: Assets/Sprites/skeleton_1/walk_left/walk_left_1_0008.png
  artifactKey: Guid(29762ed44a52c0449b9676e50a14bc4c) Importer(2089858483,0ecaa5967403d082aa24f35e1b516d23)
Number of updated assets reloaded before import = 0
Start importing Assets/Sprites/skeleton_1/walk_left/walk_left_1_0008.png using Guid(29762ed44a52c0449b9676e50a14bc4c) Importer(2089858483,0ecaa5967403d082aa24f35e1b516d23)  -> (artifact id: '9ebfb831e6262c4f25e13c2ed97a1a34') in 0.023466 seconds 
Number of asset objects unloaded after import = 3
========================================================================
Received Import Request.
  Time since last request: 0.000021 seconds.
  path: Assets/Sprites/skeleton_1/death_up/death_up_1_0006.png
  artifactKey: Guid(42a198c38846cf7469d9ec6cd8855fc3) Importer(2089858483,0ecaa5967403d082aa24f35e1b516d23)
Number of updated assets reloaded before import = 0
Start importing Assets/Sprites/skeleton_1/death_up/death_up_1_0006.png using Guid(42a198c38846cf7469d9ec6cd8855fc3) Importer(2089858483,0ecaa5967403d082aa24f35e1b516d23)  -> (artifact id: 'ac7dd1a11e25b6c1b3b99ecf5b89a78f') in 0.022873 seconds 
Number of asset objects unloaded after import = 3
========================================================================
Received Import Request.
  Time since last request: 0.000020 seconds.
  path: Assets/Sprites/skeleton_1/idle_right/idle_right_1_0005.png
  artifactKey: Guid(97f986e836674b242a473632a5f41d7a) Importer(2089858483,0ecaa5967403d082aa24f35e1b516d23)
Number of updated assets reloaded before import = 0
Start importing Assets/Sprites/skeleton_1/idle_right/idle_right_1_0005.png using Guid(97f986e836674b242a473632a5f41d7a) Importer(2089858483,0ecaa5967403d082aa24f35e1b516d23)  -> (artifact id: '76aa8eeb2c022929fcb9cc59af0a74dd') in 0.032315 seconds 
Number of asset objects unloaded after import = 3
========================================================================
Received Import Request.
  Time since last request: 0.000021 seconds.
  path: Assets/Sprites/skeleton_1/walk_down/walk_down_1_0006.png
  artifactKey: Guid(f61a4a9ccab798347a9598f6c918774b) Importer(2089858483,0ecaa5967403d082aa24f35e1b516d23)
Number of updated assets reloaded before import = 0
Start importing Assets/Sprites/skeleton_1/walk_down/walk_down_1_0006.png using Guid(f61a4a9ccab798347a9598f6c918774b) Importer(2089858483,0ecaa5967403d082aa24f35e1b516d23)  -> (artifact id: '0861fd0a007f2cd15bffaa4eac8c7f53') in 0.026858 seconds 
Number of asset objects unloaded after import = 3
========================================================================
Received Import Request.
  Time since last request: 0.000021 seconds.
  path: Assets/Sprites/skeleton_2/death_left/death_left_2_0003.png
  artifactKey: Guid(f526af98ece9910479ab459306265534) Importer(2089858483,0ecaa5967403d082aa24f35e1b516d23)
Number of updated assets reloaded before import = 0
Start importing Assets/Sprites/skeleton_2/death_left/death_left_2_0003.png using Guid(f526af98ece9910479ab459306265534) Importer(2089858483,0ecaa5967403d082aa24f35e1b516d23)  -> (artifact id: 'ed962fc399aa6c9491474999b4fc5430') in 0.023740 seconds 
Number of asset objects unloaded after import = 3
========================================================================
Received Import Request.
  Time since last request: 0.000028 seconds.
  path: Assets/Sprites/skeleton_2/idle_up/idle_up_2_0005.png
  artifactKey: Guid(39abe36bed2d7f44a99310e9c29fa8b0) Importer(2089858483,0ecaa5967403d082aa24f35e1b516d23)
Number of updated assets reloaded before import = 0
Start importing Assets/Sprites/skeleton_2/idle_up/idle_up_2_0005.png using Guid(39abe36bed2d7f44a99310e9c29fa8b0) Importer(2089858483,0ecaa5967403d082aa24f35e1b516d23)  -> (artifact id: '918697e9997299fb479d9b09d21bafc3') in 0.023626 seconds 
Number of asset objects unloaded after import = 3
========================================================================
Received Import Request.
  Time since last request: 0.000036 seconds.
  path: Assets/Sprites/skeleton_2/death_down/death_down_2_0003.png
  artifactKey: Guid(e1cca6064d68990478db2b96e71790de) Importer(2089858483,0ecaa5967403d082aa24f35e1b516d23)
Number of updated assets reloaded before import = 0
Start importing Assets/Sprites/skeleton_2/death_down/death_down_2_0003.png using Guid(e1cca6064d68990478db2b96e71790de) Importer(2089858483,0ecaa5967403d082aa24f35e1b516d23)  -> (artifact id: '28012e0b01f13afd6bdcb57a35c2a710') in 0.024754 seconds 
Number of asset objects unloaded after import = 3
========================================================================
Received Import Request.
  Time since last request: 0.000024 seconds.
  path: Assets/Sprites/skeleton_2/idle_right/idle_right_2_0007.png
  artifactKey: Guid(5777d6039f76ab0448de61c6eb02f44d) Importer(2089858483,0ecaa5967403d082aa24f35e1b516d23)
Number of updated assets reloaded before import = 0
Start importing Assets/Sprites/skeleton_2/idle_right/idle_right_2_0007.png using Guid(5777d6039f76ab0448de61c6eb02f44d) Importer(2089858483,0ecaa5967403d082aa24f35e1b516d23)  -> (artifact id: '315ae4a0dd5313579a17be9e84dde33b') in 0.026038 seconds 
Number of asset objects unloaded after import = 3
========================================================================
Received Import Request.
  Time since last request: 0.000033 seconds.
  path: Assets/Sprites/skeleton_1/walk_right/walk_right_1_0010.png
  artifactKey: Guid(fcbefcbee1594374697a06efeb4e7c14) Importer(2089858483,0ecaa5967403d082aa24f35e1b516d23)
Number of updated assets reloaded before import = 0
Start importing Assets/Sprites/skeleton_1/walk_right/walk_right_1_0010.png using Guid(fcbefcbee1594374697a06efeb4e7c14) Importer(2089858483,0ecaa5967403d082aa24f35e1b516d23)  -> (artifact id: '0532ad7aae699fc80f5c56f7d1f7ba84') in 0.026437 seconds 
Number of asset objects unloaded after import = 3
========================================================================
Received Import Request.
  Time since last request: 0.000043 seconds.
  path: Assets/Sprites/skeleton_2/death_down/death_down_2_0004.png
  artifactKey: Guid(c52cc30593ed61d4282e5b60707e5d46) Importer(2089858483,0ecaa5967403d082aa24f35e1b516d23)
Number of updated assets reloaded before import = 0
Start importing Assets/Sprites/skeleton_2/death_down/death_down_2_0004.png using Guid(c52cc30593ed61d4282e5b60707e5d46) Importer(2089858483,0ecaa5967403d082aa24f35e1b516d23)  -> (artifact id: 'd4ca38e25a9a8481e0cd3f3a2037638d') in 0.026202 seconds 
Number of asset objects unloaded after import = 3
========================================================================
Received Import Request.
  Time since last request: 0.000019 seconds.
  path: Assets/Sprites/skeleton_1/walk_up/walk_up_1_0011.png
  artifactKey: Guid(7cf45d1252cb8b64da5df777557ce674) Importer(2089858483,0ecaa5967403d082aa24f35e1b516d23)
Number of updated assets reloaded before import = 0
Start importing Assets/Sprites/skeleton_1/walk_up/walk_up_1_0011.png using Guid(7cf45d1252cb8b64da5df777557ce674) Importer(2089858483,0ecaa5967403d082aa24f35e1b516d23)  -> (artifact id: '21e5941b40b339c4e02a0ff553f3f2b1') in 0.033772 seconds 
Number of asset objects unloaded after import = 3
========================================================================
Received Import Request.
  Time since last request: 0.000022 seconds.
  path: Assets/Sprites/skeleton_2/walk_down/walk_down_2_0006.png
  artifactKey: Guid(f224e191b66e73c49ba71773f225fd63) Importer(2089858483,0ecaa5967403d082aa24f35e1b516d23)
Number of updated assets reloaded before import = 0
Start importing Assets/Sprites/skeleton_2/walk_down/walk_down_2_0006.png using Guid(f224e191b66e73c49ba71773f225fd63) Importer(2089858483,0ecaa5967403d082aa24f35e1b516d23)  -> (artifact id: '04fbc62bfdf6f7fda3eb2800e6076cbf') in 0.023730 seconds 
Number of asset objects unloaded after import = 3
========================================================================
Received Import Request.
  Time since last request: 0.000054 seconds.
  path: Assets/Sprites/skeleton_1/idle_left/idle_left_1_0008.png
  artifactKey: Guid(e721115e20192b14e99b8a00cdf51369) Importer(2089858483,0ecaa5967403d082aa24f35e1b516d23)
Number of updated assets reloaded before import = 0
Start importing Assets/Sprites/skeleton_1/idle_left/idle_left_1_0008.png using Guid(e721115e20192b14e99b8a00cdf51369) Importer(2089858483,0ecaa5967403d082aa24f35e1b516d23)  -> (artifact id: 'cc85bb7c8d2941775d5ce4eb4353e1a7') in 0.024632 seconds 
Number of asset objects unloaded after import = 3
========================================================================
Received Import Request.
  Time since last request: 0.000024 seconds.
  path: Assets/Sprites/skeleton_2/walk_down/walk_down_2_0001.png
  artifactKey: Guid(09df0f13dc732904199db7fda00ab115) Importer(2089858483,0ecaa5967403d082aa24f35e1b516d23)
Number of updated assets reloaded before import = 0
Start importing Assets/Sprites/skeleton_2/walk_down/walk_down_2_0001.png using Guid(09df0f13dc732904199db7fda00ab115) Importer(2089858483,0ecaa5967403d082aa24f35e1b516d23)  -> (artifact id: 'acf8cecf83fac30485b0ef07b2f002ad') in 0.021681 seconds 
Number of asset objects unloaded after import = 3
========================================================================
Received Import Request.
  Time since last request: 0.000024 seconds.
  path: Assets/Sprites/skeleton_1/walk_right/walk_right_1_0009.png
  artifactKey: Guid(b8edbb54792a2d3439f7b0ca81250b4f) Importer(2089858483,0ecaa5967403d082aa24f35e1b516d23)
Number of updated assets reloaded before import = 0
Start importing Assets/Sprites/skeleton_1/walk_right/walk_right_1_0009.png using Guid(b8edbb54792a2d3439f7b0ca81250b4f) Importer(2089858483,0ecaa5967403d082aa24f35e1b516d23)  -> (artifact id: '342c33d04d4ea7e2a3ec2b915142dc4b') in 0.021623 seconds 
Number of asset objects unloaded after import = 3
========================================================================
Received Import Request.
  Time since last request: 0.000043 seconds.
  path: Assets/Sprites/skeleton_1/walk_left/walk_left_1_0010.png
  artifactKey: Guid(ec6b85c88cc38e24491266d1410088ed) Importer(2089858483,0ecaa5967403d082aa24f35e1b516d23)
Number of updated assets reloaded before import = 0
Start importing Assets/Sprites/skeleton_1/walk_left/walk_left_1_0010.png using Guid(ec6b85c88cc38e24491266d1410088ed) Importer(2089858483,0ecaa5967403d082aa24f35e1b516d23)  -> (artifact id: 'e0e6153e1f95c74ce2e69b6411f8e9b3') in 0.021327 seconds 
Number of asset objects unloaded after import = 3
========================================================================
Received Import Request.
  Time since last request: 0.000032 seconds.
  path: Assets/Sprites/skeleton_2/idle_left/idle_left_2_0005.png
  artifactKey: Guid(1c5e9b74e09c85b48a792544ea5243a3) Importer(2089858483,0ecaa5967403d082aa24f35e1b516d23)
Number of updated assets reloaded before import = 0
Start importing Assets/Sprites/skeleton_2/idle_left/idle_left_2_0005.png using Guid(1c5e9b74e09c85b48a792544ea5243a3) Importer(2089858483,0ecaa5967403d082aa24f35e1b516d23)  -> (artifact id: '044e66ca9e31b3f56e7a7425377e8407') in 0.023451 seconds 
Number of asset objects unloaded after import = 3
========================================================================
Received Import Request.
  Time since last request: 0.000034 seconds.
  path: Assets/Sprites/skeleton_2/attack_right/attack_right_2_0005.png
  artifactKey: Guid(0e89225181e4fbf4887f870775410b41) Importer(2089858483,0ecaa5967403d082aa24f35e1b516d23)
Number of updated assets reloaded before import = 0
Start importing Assets/Sprites/skeleton_2/attack_right/attack_right_2_0005.png using Guid(0e89225181e4fbf4887f870775410b41) Importer(2089858483,0ecaa5967403d082aa24f35e1b516d23)  -> (artifact id: '53ebbad8378393d72aef1888a13e8829') in 0.023874 seconds 
Number of asset objects unloaded after import = 3
========================================================================
Received Import Request.
  Time since last request: 0.000035 seconds.
  path: Assets/Sprites/skeleton_2/walk_up/walk_up_2_0003.png
  artifactKey: Guid(beef24aa144230f4cb4082c4c0dd6197) Importer(2089858483,0ecaa5967403d082aa24f35e1b516d23)
Number of updated assets reloaded before import = 0
Start importing Assets/Sprites/skeleton_2/walk_up/walk_up_2_0003.png using Guid(beef24aa144230f4cb4082c4c0dd6197) Importer(2089858483,0ecaa5967403d082aa24f35e1b516d23)  -> (artifact id: '2f9c8f868e684682c029b3144d58cbaa') in 0.031080 seconds 
Number of asset objects unloaded after import = 3
========================================================================
Received Import Request.
  Time since last request: 0.000027 seconds.
  path: Assets/Sprites/skeleton_2/walk_down/walk_down_2_0005.png
  artifactKey: Guid(177b5917d3231be49bde1c3b3b7c83ec) Importer(2089858483,0ecaa5967403d082aa24f35e1b516d23)
Number of updated assets reloaded before import = 0
Start importing Assets/Sprites/skeleton_2/walk_down/walk_down_2_0005.png using Guid(177b5917d3231be49bde1c3b3b7c83ec) Importer(2089858483,0ecaa5967403d082aa24f35e1b516d23)  -> (artifact id: '8d8c118fc9c82f3f1cc29199555fdfea') in 0.024458 seconds 
Number of asset objects unloaded after import = 3
========================================================================
Received Import Request.
  Time since last request: 0.000017 seconds.
  path: Assets/Sprites/skeleton_2/walk_down/walk_down_2_0011.png
  artifactKey: Guid(7168f73945e066547a05f3344fc4a9cb) Importer(2089858483,0ecaa5967403d082aa24f35e1b516d23)
Number of updated assets reloaded before import = 0
Start importing Assets/Sprites/skeleton_2/walk_down/walk_down_2_0011.png using Guid(7168f73945e066547a05f3344fc4a9cb) Importer(2089858483,0ecaa5967403d082aa24f35e1b516d23)  -> (artifact id: '6259a82401fc7e07858b88736693db5b') in 0.043161 seconds 
Number of asset objects unloaded after import = 3
========================================================================
Received Import Request.
  Time since last request: 0.000025 seconds.
  path: Assets/Sprites/skeleton_2/death_right/death_right_2_0005.png
  artifactKey: Guid(3f361ebf4db6fa346b7d34801ebd10cd) Importer(2089858483,0ecaa5967403d082aa24f35e1b516d23)
Number of updated assets reloaded before import = 0
Start importing Assets/Sprites/skeleton_2/death_right/death_right_2_0005.png using Guid(3f361ebf4db6fa346b7d34801ebd10cd) Importer(2089858483,0ecaa5967403d082aa24f35e1b516d23)  -> (artifact id: '91f59635c9f5485ced5399dfe6ced840') in 0.022302 seconds 
Number of asset objects unloaded after import = 3
========================================================================
Received Import Request.
  Time since last request: 0.000032 seconds.
  path: Assets/Sprites/skeleton_2/idle_down/idle_down_2_0007.png
  artifactKey: Guid(8ec0f7011f1d7bc4dba76d929fba034e) Importer(2089858483,0ecaa5967403d082aa24f35e1b516d23)
Number of updated assets reloaded before import = 0
Start importing Assets/Sprites/skeleton_2/idle_down/idle_down_2_0007.png using Guid(8ec0f7011f1d7bc4dba76d929fba034e) Importer(2089858483,0ecaa5967403d082aa24f35e1b516d23)  -> (artifact id: '4c65b1f7ab754545103b2879308e3eba') in 0.024789 seconds 
Number of asset objects unloaded after import = 3
========================================================================
Received Import Request.
  Time since last request: 0.000055 seconds.
  path: Assets/Sprites/skeleton_2/attack_down/attack_down_2_0006.png
  artifactKey: Guid(1fbf6703a4736c249bd21f164f83300b) Importer(2089858483,0ecaa5967403d082aa24f35e1b516d23)
Number of updated assets reloaded before import = 0
Start importing Assets/Sprites/skeleton_2/attack_down/attack_down_2_0006.png using Guid(1fbf6703a4736c249bd21f164f83300b) Importer(2089858483,0ecaa5967403d082aa24f35e1b516d23)  -> (artifact id: 'c07a27b0c2ff636f2620fe8d66acde03') in 0.024905 seconds 
Number of asset objects unloaded after import = 3
========================================================================
Received Import Request.
  Time since last request: 0.000040 seconds.
  path: Assets/Sprites/skeleton_2/idle_up/idle_up_2_0003.png
  artifactKey: Guid(bf11ccc456b9a1d4aa83244e48fbafa6) Importer(2089858483,0ecaa5967403d082aa24f35e1b516d23)
Number of updated assets reloaded before import = 0
Start importing Assets/Sprites/skeleton_2/idle_up/idle_up_2_0003.png using Guid(bf11ccc456b9a1d4aa83244e48fbafa6) Importer(2089858483,0ecaa5967403d082aa24f35e1b516d23)  -> (artifact id: '9bcd87cf75038c40b51aecafe7e45527') in 0.024024 seconds 
Number of asset objects unloaded after import = 3
========================================================================
Received Import Request.
  Time since last request: 0.000021 seconds.
  path: Assets/Sprites/skeleton_1/idle_right/idle_right_1_0004.png
  artifactKey: Guid(727da9b9967d7914c802198faa65aab3) Importer(2089858483,0ecaa5967403d082aa24f35e1b516d23)
Number of updated assets reloaded before import = 0
Start importing Assets/Sprites/skeleton_1/idle_right/idle_right_1_0004.png using Guid(727da9b9967d7914c802198faa65aab3) Importer(2089858483,0ecaa5967403d082aa24f35e1b516d23)  -> (artifact id: '23ed0020ab02fdc39fca4177b7c2018a') in 0.022825 seconds 
Number of asset objects unloaded after import = 3
========================================================================
Received Import Request.
  Time since last request: 0.000022 seconds.
  path: Assets/Mirror/Components/InterestManagement/SpatialHashing/SpatialHashingInterestManagement.cs
  artifactKey: Guid(39adc6e09d5544ed955a50ce8600355a) Importer(2089858483,0ecaa5967403d082aa24f35e1b516d23)
Number of updated assets reloaded before import = 0
Start importing Assets/Mirror/Components/InterestManagement/SpatialHashing/SpatialHashingInterestManagement.cs using Guid(39adc6e09d5544ed955a50ce8600355a) Importer(2089858483,0ecaa5967403d082aa24f35e1b516d23)  -> (artifact id: '59dbf2285c04dd86f0f1b31b28cff8b0') in 0.012628 seconds 
Number of asset objects unloaded after import = 1
========================================================================
Received Import Request.
  Time since last request: 0.000028 seconds.
  path: Assets/TextMesh Pro/Examples & Extras/Scripts/ShaderPropAnimator.cs
  artifactKey: Guid(2787a46a4dc848c1b4b7b9307b614bfd) Importer(2089858483,0ecaa5967403d082aa24f35e1b516d23)
Number of updated assets reloaded before import = 0
Start importing Assets/TextMesh Pro/Examples & Extras/Scripts/ShaderPropAnimator.cs using Guid(2787a46a4dc848c1b4b7b9307b614bfd) Importer(2089858483,0ecaa5967403d082aa24f35e1b516d23)  -> (artifact id: '9e371b152a5acf0ee48835891efe31b7') in 0.012463 seconds 
Number of asset objects unloaded after import = 0
========================================================================
Received Import Request.
  Time since last request: 0.000025 seconds.
  path: Assets/TextMesh Pro/Examples & Extras/Scenes/Benchmark (Floating Text).unity
  artifactKey: Guid(16177da2e3254cee91944756d5f8ddd3) Importer(2089858483,0ecaa5967403d082aa24f35e1b516d23)
Number of updated assets reloaded before import = 0
Start importing Assets/TextMesh Pro/Examples & Extras/Scenes/Benchmark (Floating Text).unity using Guid(16177da2e3254cee91944756d5f8ddd3) Importer(2089858483,0ecaa5967403d082aa24f35e1b516d23)  -> (artifact id: 'e5186415657599566b30b79c7f652943') in 0.018221 seconds 
Number of asset objects unloaded after import = 1
========================================================================
Received Import Request.
  Time since last request: 0.000041 seconds.
  path: Assets/Mirror/Core/Tools/CustomStructs/Half.cs
  artifactKey: Guid(70b5947c49174f3c90121edd21ea6b15) Importer(2089858483,0ecaa5967403d082aa24f35e1b516d23)
Number of updated assets reloaded before import = 0
Start importing Assets/Mirror/Core/Tools/CustomStructs/Half.cs using Guid(70b5947c49174f3c90121edd21ea6b15) Importer(2089858483,0ecaa5967403d082aa24f35e1b516d23)  -> (artifact id: 'f8b9475e96e61c887ca9a9be6be68017') in 0.013116 seconds 
Number of asset objects unloaded after import = 1
========================================================================
Received Import Request.
  Time since last request: 0.000024 seconds.
  path: Assets/Mirror/Components/Profiling/Prefabs/NetworkGraph.prefab
  artifactKey: Guid(a4ee3092d7c7f4a38a70b11014175ebd) Importer(2089858483,0ecaa5967403d082aa24f35e1b516d23)
Number of updated assets reloaded before import = 0
Start importing Assets/Mirror/Components/Profiling/Prefabs/NetworkGraph.prefab using Guid(a4ee3092d7c7f4a38a70b11014175ebd) Importer(2089858483,0ecaa5967403d082aa24f35e1b516d23)  -> (artifact id: '8312fc3c5aef5feb4f53aba813cc4e58') in 0.038382 seconds 
Number of asset objects unloaded after import = 156
========================================================================
Received Import Request.
  Time since last request: 0.000031 seconds.
  path: Assets/Mirror/Components/Profiling/Prefabs/PingGraph.prefab
  artifactKey: Guid(ed3b4e27086dcc64b8c6605011a321e2) Importer(2089858483,0ecaa5967403d082aa24f35e1b516d23)
Number of updated assets reloaded before import = 0
Start importing Assets/Mirror/Components/Profiling/Prefabs/PingGraph.prefab using Guid(ed3b4e27086dcc64b8c6605011a321e2) Importer(2089858483,0ecaa5967403d082aa24f35e1b516d23)  -> (artifact id: '2dcf4e3dd58d1e8b92011ea31f93b348') in 0.020740 seconds 
Number of asset objects unloaded after import = 97
========================================================================
Received Import Request.
  Time since last request: 0.000026 seconds.
  path: Assets/TextMesh Pro/Examples & Extras/Textures/Floor Cement.jpg
  artifactKey: Guid(283f897e4925411ebbaa758b4cb13fc2) Importer(2089858483,0ecaa5967403d082aa24f35e1b516d23)
Number of updated assets reloaded before import = 0
Start importing Assets/TextMesh Pro/Examples & Extras/Textures/Floor Cement.jpg using Guid(283f897e4925411ebbaa758b4cb13fc2) Importer(2089858483,0ecaa5967403d082aa24f35e1b516d23)  -> (artifact id: 'd0289c2a11239d371ff954567c9ed08e') in 0.025634 seconds 
Number of asset objects unloaded after import = 1
========================================================================
Received Import Request.
  Time since last request: 0.000029 seconds.
  path: Assets/TextMesh Pro/Examples & Extras/Textures/Gradient Vertical (Color).jpg
  artifactKey: Guid(03d0538de6e24c0f819bfc9ce084dfa9) Importer(2089858483,0ecaa5967403d082aa24f35e1b516d23)
Number of updated assets reloaded before import = 0
Start importing Assets/TextMesh Pro/Examples & Extras/Textures/Gradient Vertical (Color).jpg using Guid(03d0538de6e24c0f819bfc9ce084dfa9) Importer(2089858483,0ecaa5967403d082aa24f35e1b516d23)  -> (artifact id: '3cec4499f26c0bcf4dc301cdc17715a6') in 0.020847 seconds 
Number of asset objects unloaded after import = 1
========================================================================
Received Import Request.
  Time since last request: 0.000034 seconds.
  path: Assets/TextMesh Pro/Examples & Extras/Textures/Sunny Days - Seamless.jpg
  artifactKey: Guid(17c350171f7a3ca479f830547c66d187) Importer(2089858483,0ecaa5967403d082aa24f35e1b516d23)
Number of updated assets reloaded before import = 0
Start importing Assets/TextMesh Pro/Examples & Extras/Textures/Sunny Days - Seamless.jpg using Guid(17c350171f7a3ca479f830547c66d187) Importer(2089858483,0ecaa5967403d082aa24f35e1b516d23)  -> (artifact id: '50550fe39b7a6983a98cac5d0e20bf92') in 0.023211 seconds 
Number of asset objects unloaded after import = 1
========================================================================
Received Import Request.
  Time since last request: 0.000023 seconds.
  path: Assets/TextMesh Pro/Examples & Extras/Scenes/04 - Word Wrapping.unity
  artifactKey: Guid(8f7137eacd7042d5b17ef0efe5e744f5) Importer(2089858483,0ecaa5967403d082aa24f35e1b516d23)
Number of updated assets reloaded before import = 0
Start importing Assets/TextMesh Pro/Examples & Extras/Scenes/04 - Word Wrapping.unity using Guid(8f7137eacd7042d5b17ef0efe5e744f5) Importer(2089858483,0ecaa5967403d082aa24f35e1b516d23)  -> (artifact id: '13e1b9cf462e761b5b88258e24e8cba0') in 0.014339 seconds 
Number of asset objects unloaded after import = 1
========================================================================
Received Import Request.
  Time since last request: 0.000019 seconds.
  path: Assets/Sprites/UI/Quest log/text_frame_2.png
  artifactKey: Guid(db9a25f55c94af240a39b0e7170c80ac) Importer(2089858483,0ecaa5967403d082aa24f35e1b516d23)
Number of updated assets reloaded before import = 0
Start importing Assets/Sprites/UI/Quest log/text_frame_2.png using Guid(db9a25f55c94af240a39b0e7170c80ac) Importer(2089858483,0ecaa5967403d082aa24f35e1b516d23)  -> (artifact id: '855c59b78aa3ab3c03303d7d8c88c479') in 0.030875 seconds 
Number of asset objects unloaded after import = 3
========================================================================
Received Import Request.
  Time since last request: 0.000024 seconds.
  path: Assets/TextMesh Pro/Examples & Extras/Scripts/Benchmark04.cs
  artifactKey: Guid(dc20866c0d5e413ab7559440e15333ae) Importer(2089858483,0ecaa5967403d082aa24f35e1b516d23)
Number of updated assets reloaded before import = 0
Start importing Assets/TextMesh Pro/Examples & Extras/Scripts/Benchmark04.cs using Guid(dc20866c0d5e413ab7559440e15333ae) Importer(2089858483,0ecaa5967403d082aa24f35e1b516d23)  -> (artifact id: 'e0d0ec639c3d22ab2b18f488dbe51853') in 0.012252 seconds 
Number of asset objects unloaded after import = 0
========================================================================
Received Import Request.
  Time since last request: 0.000022 seconds.
  path: Assets/Mirror/Components/InterestManagement/Distance/DistanceInterestManagement.cs
  artifactKey: Guid(8f60becab051427fbdd3c8ac9ab4712b) Importer(2089858483,0ecaa5967403d082aa24f35e1b516d23)
Number of updated assets reloaded before import = 0
Start importing Assets/Mirror/Components/InterestManagement/Distance/DistanceInterestManagement.cs using Guid(8f60becab051427fbdd3c8ac9ab4712b) Importer(2089858483,0ecaa5967403d082aa24f35e1b516d23)  -> (artifact id: 'a8bf4cecc7239a432b312df0966ad7f0') in 0.012922 seconds 
Number of asset objects unloaded after import = 1
========================================================================
Received Import Request.
  Time since last request: 0.000031 seconds.
  path: Assets/Mirror/Components/InterestManagement/SceneDistance/SceneDistanceInterestManagement.cs
  artifactKey: Guid(6471bc9a8f893944783fd54e9bfb6ed2) Importer(2089858483,0ecaa5967403d082aa24f35e1b516d23)
Number of updated assets reloaded before import = 0
Start importing Assets/Mirror/Components/InterestManagement/SceneDistance/SceneDistanceInterestManagement.cs using Guid(6471bc9a8f893944783fd54e9bfb6ed2) Importer(2089858483,0ecaa5967403d082aa24f35e1b516d23)  -> (artifact id: '477868b4c14cd1385f070296a51e2f6c') in 0.012759 seconds 
Number of asset objects unloaded after import = 1
========================================================================
Received Import Request.
  Time since last request: 0.000027 seconds.
  path: Assets/Mirror/Components/InterestManagement/SpatialHashing/SpatialHashing3DInterestManagement.cs
  artifactKey: Guid(120b4d6121d94e0280cd2ec536b0ea8f) Importer(2089858483,0ecaa5967403d082aa24f35e1b516d23)
Number of updated assets reloaded before import = 0
Start importing Assets/Mirror/Components/InterestManagement/SpatialHashing/SpatialHashing3DInterestManagement.cs using Guid(120b4d6121d94e0280cd2ec536b0ea8f) Importer(2089858483,0ecaa5967403d082aa24f35e1b516d23)  -> (artifact id: '01b213b4c577fac223f2c2d86fa198b0') in 0.013852 seconds 
Number of asset objects unloaded after import = 1
========================================================================
Received Import Request.
  Time since last request: 0.000058 seconds.
  path: Assets/TextMesh Pro/Examples & Extras/Scripts/SimpleScript.cs
  artifactKey: Guid(9eff140b25d64601aabc6ba32245d099) Importer(2089858483,0ecaa5967403d082aa24f35e1b516d23)
Number of updated assets reloaded before import = 0
Start importing Assets/TextMesh Pro/Examples & Extras/Scripts/SimpleScript.cs using Guid(9eff140b25d64601aabc6ba32245d099) Importer(2089858483,0ecaa5967403d082aa24f35e1b516d23)  -> (artifact id: 'f415e6fe7c0d2e3af0a757887dd10da1') in 0.012568 seconds 
Number of asset objects unloaded after import = 0
========================================================================
Received Import Request.
  Time since last request: 0.000031 seconds.
  path: Assets/Sprites/UI/Quest log/button_1.png
  artifactKey: Guid(65813e973910ca5478add7b88ff8899a) Importer(2089858483,0ecaa5967403d082aa24f35e1b516d23)
Number of updated assets reloaded before import = 0
Start importing Assets/Sprites/UI/Quest log/button_1.png using Guid(65813e973910ca5478add7b88ff8899a) Importer(2089858483,0ecaa5967403d082aa24f35e1b516d23)  -> (artifact id: '76a67177542700b853b12e32f4d1c06c') in 0.022638 seconds 
Number of asset objects unloaded after import = 3
========================================================================
Received Import Request.
  Time since last request: 0.000022 seconds.
  path: Assets/TextMesh Pro/Examples & Extras/Scenes/18 - ScrollRect & Masking & Layout.unity
  artifactKey: Guid(03f9d74cec8e4b94a29d2dfd177c821b) Importer(2089858483,0ecaa5967403d082aa24f35e1b516d23)
Number of updated assets reloaded before import = 0
Start importing Assets/TextMesh Pro/Examples & Extras/Scenes/18 - ScrollRect & Masking & Layout.unity using Guid(03f9d74cec8e4b94a29d2dfd177c821b) Importer(2089858483,0ecaa5967403d082aa24f35e1b516d23)  -> (artifact id: '53ebb605ad322558cb208633623a8816') in 0.011894 seconds 
Number of asset objects unloaded after import = 1
========================================================================
Received Import Request.
  Time since last request: 0.000033 seconds.
  path: Assets/TextMesh Pro/Examples & Extras/Scenes/25 - Sunny Days Example.unity
  artifactKey: Guid(f9b4c22e15cff344ba9fc6542a58dd07) Importer(2089858483,0ecaa5967403d082aa24f35e1b516d23)
Number of updated assets reloaded before import = 0
Start importing Assets/TextMesh Pro/Examples & Extras/Scenes/25 - Sunny Days Example.unity using Guid(f9b4c22e15cff344ba9fc6542a58dd07) Importer(2089858483,0ecaa5967403d082aa24f35e1b516d23)  -> (artifact id: '68483cbf99b9d1ee665cbe4c95e03f99') in 0.010216 seconds 
Number of asset objects unloaded after import = 1
========================================================================
Received Import Request.
  Time since last request: 0.000023 seconds.
  path: Assets/TextMesh Pro/Resources/Style Sheets/Default Style Sheet.asset
  artifactKey: Guid(f952c082cb03451daed3ee968ac6c63e) Importer(2089858483,0ecaa5967403d082aa24f35e1b516d23)
Number of updated assets reloaded before import = 0
Start importing Assets/TextMesh Pro/Resources/Style Sheets/Default Style Sheet.asset using Guid(f952c082cb03451daed3ee968ac6c63e) Importer(2089858483,0ecaa5967403d082aa24f35e1b516d23)  -> (artifact id: '595688549bf17157dc4799a86aafab75') in 0.012871 seconds 
Number of asset objects unloaded after import = 1
========================================================================
Received Import Request.
  Time since last request: 0.000030 seconds.
  path: Assets/TextMesh Pro/Resources/Fonts & Materials/LiberationSans SDF.asset
  artifactKey: Guid(8f586378b4e144a9851e7b34d9b748ee) Importer(2089858483,0ecaa5967403d082aa24f35e1b516d23)
Number of updated assets reloaded before import = 0
Start importing Assets/TextMesh Pro/Resources/Fonts & Materials/LiberationSans SDF.asset using Guid(8f586378b4e144a9851e7b34d9b748ee) Importer(2089858483,0ecaa5967403d082aa24f35e1b516d23)  -> (artifact id: 'ab6cc29f8e08af059b52ce362e0e6f8e') in 0.055311 seconds 
Number of asset objects unloaded after import = 8
========================================================================
Received Import Request.
  Time since last request: 0.000039 seconds.
  path: Assets/Sprites/UI/Menus/DialogueBackground.png
  artifactKey: Guid(2ce0af6bcd8e01844ba38149a4bafa58) Importer(2089858483,0ecaa5967403d082aa24f35e1b516d23)
Number of updated assets reloaded before import = 0
Start importing Assets/Sprites/UI/Menus/DialogueBackground.png using Guid(2ce0af6bcd8e01844ba38149a4bafa58) Importer(2089858483,0ecaa5967403d082aa24f35e1b516d23)  -> (artifact id: 'bccc755bf33e628b182ec5dc6c9ec79d') in 0.027293 seconds 
Number of asset objects unloaded after import = 3
========================================================================
Received Import Request.
  Time since last request: 0.000021 seconds.
  path: Assets/TextMesh Pro/Examples & Extras/Scripts/VertexColorCycler.cs
  artifactKey: Guid(91b8ba3d52e041fab2d0e0f169855539) Importer(2089858483,0ecaa5967403d082aa24f35e1b516d23)
Number of updated assets reloaded before import = 0
Start importing Assets/TextMesh Pro/Examples & Extras/Scripts/VertexColorCycler.cs using Guid(91b8ba3d52e041fab2d0e0f169855539) Importer(2089858483,0ecaa5967403d082aa24f35e1b516d23)  -> (artifact id: '16bdda9e98eff4f83a6b518dc759623b') in 0.011437 seconds 
Number of asset objects unloaded after import = 0
========================================================================
Received Import Request.
  Time since last request: 0.000029 seconds.
  path: Assets/TextMesh Pro/Examples & Extras/Fonts/Anton OFL.txt
  artifactKey: Guid(73a79399807f4e8388c2cbb5494681ca) Importer(2089858483,0ecaa5967403d082aa24f35e1b516d23)
Number of updated assets reloaded before import = 0
Start importing Assets/TextMesh Pro/Examples & Extras/Fonts/Anton OFL.txt using Guid(73a79399807f4e8388c2cbb5494681ca) Importer(2089858483,0ecaa5967403d082aa24f35e1b516d23)  -> (artifact id: 'eb40e4b7b9373567f1e8af75f9056e52') in 0.019098 seconds 
Number of asset objects unloaded after import = 1
========================================================================
Received Import Request.
  Time since last request: 0.000022 seconds.
  path: Assets/TextMesh Pro/Examples & Extras/Prefabs/TextMeshPro - Prefab 1.prefab
  artifactKey: Guid(a6e39ced0ea046bcb636c3f0b2e2a745) Importer(2089858483,0ecaa5967403d082aa24f35e1b516d23)
Number of updated assets reloaded before import = 0
Start importing Assets/TextMesh Pro/Examples & Extras/Prefabs/TextMeshPro - Prefab 1.prefab using Guid(a6e39ced0ea046bcb636c3f0b2e2a745) Importer(2089858483,0ecaa5967403d082aa24f35e1b516d23)  -> (artifact id: '19808f7c89fd7ceefcece276dd9539dd') in 0.087314 seconds 
Number of asset objects unloaded after import = 16
========================================================================
Received Import Request.
  Time since last request: 0.000027 seconds.
  path: Assets/TextMesh Pro/Examples & Extras/Scenes/22 - Basic Scripting Example.unity
  artifactKey: Guid(6250f98e58fe4abbaada5d84b7ca846d) Importer(2089858483,0ecaa5967403d082aa24f35e1b516d23)
Number of updated assets reloaded before import = 0
Start importing Assets/TextMesh Pro/Examples & Extras/Scenes/22 - Basic Scripting Example.unity using Guid(6250f98e58fe4abbaada5d84b7ca846d) Importer(2089858483,0ecaa5967403d082aa24f35e1b516d23)  -> (artifact id: '2a2b0491a93be8768e73cf38d2c90b81') in 0.013462 seconds 
Number of asset objects unloaded after import = 1
========================================================================
Received Import Request.
  Time since last request: 0.000042 seconds.
  path: Assets/TextMesh Pro/Examples & Extras/Scripts/Benchmark02.cs
  artifactKey: Guid(e8538afcddc14efbb5d9e94b7ae50197) Importer(2089858483,0ecaa5967403d082aa24f35e1b516d23)
Number of updated assets reloaded before import = 0
Start importing Assets/TextMesh Pro/Examples & Extras/Scripts/Benchmark02.cs using Guid(e8538afcddc14efbb5d9e94b7ae50197) Importer(2089858483,0ecaa5967403d082aa24f35e1b516d23)  -> (artifact id: 'b472cbf059f02eaae76b922d5c1aa4b8') in 0.011343 seconds 
Number of asset objects unloaded after import = 0
========================================================================
Received Import Request.
  Time since last request: 0.000020 seconds.
  path: Assets/Sprites/UI/Menus/delete_button.png
  artifactKey: Guid(dbf7de0aaed373b4e8547771c549d842) Importer(2089858483,0ecaa5967403d082aa24f35e1b516d23)
Number of updated assets reloaded before import = 0
Start importing Assets/Sprites/UI/Menus/delete_button.png using Guid(dbf7de0aaed373b4e8547771c549d842) Importer(2089858483,0ecaa5967403d082aa24f35e1b516d23)  -> (artifact id: 'c0cc8df29a36e41b957524ad40f1ac5c') in 0.024907 seconds 
Number of asset objects unloaded after import = 3
========================================================================
Received Import Request.
  Time since last request: 0.000025 seconds.
  path: Assets/Sprites/UI/Inventory/healthPotion.png
  artifactKey: Guid(f6d5027d62bfd89488b699436c7cdd0f) Importer(2089858483,0ecaa5967403d082aa24f35e1b516d23)
Number of updated assets reloaded before import = 0
Start importing Assets/Sprites/UI/Inventory/healthPotion.png using Guid(f6d5027d62bfd89488b699436c7cdd0f) Importer(2089858483,0ecaa5967403d082aa24f35e1b516d23)  -> (artifact id: '655a42fe47914bce05a1aa1262b08c81') in 0.023700 seconds 
Number of asset objects unloaded after import = 3
========================================================================
Received Import Request.
  Time since last request: 0.000026 seconds.
  path: Assets/Sprites/skeleton_1/walk_up/walk_up_1_0009.png
  artifactKey: Guid(3fae48bf166c7dd4493b979972e71fa2) Importer(2089858483,0ecaa5967403d082aa24f35e1b516d23)
Number of updated assets reloaded before import = 0
Start importing Assets/Sprites/skeleton_1/walk_up/walk_up_1_0009.png using Guid(3fae48bf166c7dd4493b979972e71fa2) Importer(2089858483,0ecaa5967403d082aa24f35e1b516d23)  -> (artifact id: 'dedb1967e40d358ed5a7b15c0f913551') in 0.023308 seconds 
Number of asset objects unloaded after import = 3
========================================================================
Received Import Request.
  Time since last request: 0.000038 seconds.
  path: Assets/Sprites/Enviroment/WaterTiles/33.png
  artifactKey: Guid(6e0d71ccbec24374884ef07118436b34) Importer(2089858483,0ecaa5967403d082aa24f35e1b516d23)
Number of updated assets reloaded before import = 0
Start importing Assets/Sprites/Enviroment/WaterTiles/33.png using Guid(6e0d71ccbec24374884ef07118436b34) Importer(2089858483,0ecaa5967403d082aa24f35e1b516d23)  -> (artifact id: 'df00108be83954a1bec4ea60fb4404f8') in 0.023529 seconds 
Number of asset objects unloaded after import = 3
========================================================================
Received Import Request.
  Time since last request: 0.000022 seconds.
  path: Assets/Sprites/skeleton_1/death_down/death_down_1_0007.png
  artifactKey: Guid(be464ddd155df544d8c98df9ca9314ab) Importer(2089858483,0ecaa5967403d082aa24f35e1b516d23)
Number of updated assets reloaded before import = 0
Start importing Assets/Sprites/skeleton_1/death_down/death_down_1_0007.png using Guid(be464ddd155df544d8c98df9ca9314ab) Importer(2089858483,0ecaa5967403d082aa24f35e1b516d23)  -> (artifact id: 'b194618f0754ff7c9b87a239ba4aec7d') in 0.029302 seconds 
Number of asset objects unloaded after import = 3
========================================================================
Received Import Request.
  Time since last request: 0.000018 seconds.
  path: Assets/TextMesh Pro/Examples & Extras/Textures/Wipe Pattern - Radial Double.psd
  artifactKey: Guid(7631f4eff8f74ed38eb3eb9db17134e1) Importer(2089858483,0ecaa5967403d082aa24f35e1b516d23)
Number of updated assets reloaded before import = 0
Start importing Assets/TextMesh Pro/Examples & Extras/Textures/Wipe Pattern - Radial Double.psd using Guid(7631f4eff8f74ed38eb3eb9db17134e1) Importer(2089858483,0ecaa5967403d082aa24f35e1b516d23)  -> (artifact id: 'f4dc0a8e035f31f3aa22d7c7632aa70a') in 0.023621 seconds 
Number of asset objects unloaded after import = 1
========================================================================
Received Import Request.
  Time since last request: 0.000031 seconds.
  path: Assets/Sprites/UI/Quest log/button_2.png
  artifactKey: Guid(efc86d4f56946204ba512c7acdcacaf5) Importer(2089858483,0ecaa5967403d082aa24f35e1b516d23)
Number of updated assets reloaded before import = 0
Start importing Assets/Sprites/UI/Quest log/button_2.png using Guid(efc86d4f56946204ba512c7acdcacaf5) Importer(2089858483,0ecaa5967403d082aa24f35e1b516d23)  -> (artifact id: '4ce25345021b4256c28305bafac3237f') in 0.021840 seconds 
Number of asset objects unloaded after import = 3
========================================================================
Received Import Request.
  Time since last request: 0.000042 seconds.
  path: Assets/Sprites/skeleton_1/attack_down/attack_down_1_0006.png
  artifactKey: Guid(a6b4468675faf174fa9cabf0e09d94e8) Importer(2089858483,0ecaa5967403d082aa24f35e1b516d23)
Number of updated assets reloaded before import = 0
Start importing Assets/Sprites/skeleton_1/attack_down/attack_down_1_0006.png using Guid(a6b4468675faf174fa9cabf0e09d94e8) Importer(2089858483,0ecaa5967403d082aa24f35e1b516d23)  -> (artifact id: 'c75f6a3e66f2d6dbec8ea4f389294df8') in 0.022824 seconds 
Number of asset objects unloaded after import = 3
========================================================================
Received Import Request.
  Time since last request: 0.000024 seconds.
  path: Assets/Sprites/skeleton_2/idle_right/idle_right_2_0009.png
  artifactKey: Guid(06c4ec0ff28cab9498ca1e019110ae57) Importer(2089858483,0ecaa5967403d082aa24f35e1b516d23)
Number of updated assets reloaded before import = 0
Start importing Assets/Sprites/skeleton_2/idle_right/idle_right_2_0009.png using Guid(06c4ec0ff28cab9498ca1e019110ae57) Importer(2089858483,0ecaa5967403d082aa24f35e1b516d23)  -> (artifact id: 'bad7b048ef94a6aabf6865510c68edd8') in 0.021535 seconds 
Number of asset objects unloaded after import = 3
========================================================================
Received Import Request.
  Time since last request: 0.000021 seconds.
  path: Assets/Sprites/skeleton_2/death_up/death_up_2_0007.png
  artifactKey: Guid(19d8cebd2d5f9fc44876cc3440c30e9d) Importer(2089858483,0ecaa5967403d082aa24f35e1b516d23)
Number of updated assets reloaded before import = 0
Start importing Assets/Sprites/skeleton_2/death_up/death_up_2_0007.png using Guid(19d8cebd2d5f9fc44876cc3440c30e9d) Importer(2089858483,0ecaa5967403d082aa24f35e1b516d23)  -> (artifact id: 'ed5fe2cbc1f9fa22b59aa54a0a848c94') in 0.023167 seconds 
Number of asset objects unloaded after import = 3
========================================================================
Received Import Request.
  Time since last request: 0.000027 seconds.
  path: Assets/Sprites/skeleton_1/walk_left/walk_left_1_0004.png
  artifactKey: Guid(9c2099c6d34a8b34abf39192a9340ea4) Importer(2089858483,0ecaa5967403d082aa24f35e1b516d23)
Number of updated assets reloaded before import = 0
Start importing Assets/Sprites/skeleton_1/walk_left/walk_left_1_0004.png using Guid(9c2099c6d34a8b34abf39192a9340ea4) Importer(2089858483,0ecaa5967403d082aa24f35e1b516d23)  -> (artifact id: 'e5158006e30be1818a3193fe83f667ab') in 0.022757 seconds 
Number of asset objects unloaded after import = 3
========================================================================
Received Import Request.
  Time since last request: 0.000028 seconds.
  path: Assets/Sprites/UI/Other/frame.png
  artifactKey: Guid(fc53b40d465f5724994660745e379ee7) Importer(2089858483,0ecaa5967403d082aa24f35e1b516d23)
Number of updated assets reloaded before import = 0
Start importing Assets/Sprites/UI/Other/frame.png using Guid(fc53b40d465f5724994660745e379ee7) Importer(2089858483,0ecaa5967403d082aa24f35e1b516d23)  -> (artifact id: '3e9fef96b05213a6d72a147a2e2081af') in 0.028643 seconds 
Number of asset objects unloaded after import = 3
========================================================================
Received Import Request.
  Time since last request: 0.000034 seconds.
  path: Assets/Sprites/skeleton_2/idle_down/idle_down_2_0002.png
  artifactKey: Guid(62e9c253f45095f469f724b05e63aec8) Importer(2089858483,0ecaa5967403d082aa24f35e1b516d23)
Number of updated assets reloaded before import = 0
Start importing Assets/Sprites/skeleton_2/idle_down/idle_down_2_0002.png using Guid(62e9c253f45095f469f724b05e63aec8) Importer(2089858483,0ecaa5967403d082aa24f35e1b516d23)  -> (artifact id: 'e5f2fa31e8f4521fd5b47fb5be2d4046') in 0.022906 seconds 
Number of asset objects unloaded after import = 3
========================================================================
Received Import Request.
  Time since last request: 0.000021 seconds.
  path: Assets/Mirror/Presets/Network Transform (Reliable)/ClientAuth-Casual.preset
  artifactKey: Guid(bdd9c4732b76c4a6e955711cbf5123de) Importer(2089858483,0ecaa5967403d082aa24f35e1b516d23)
Number of updated assets reloaded before import = 0
Start importing Assets/Mirror/Presets/Network Transform (Reliable)/ClientAuth-Casual.preset using Guid(bdd9c4732b76c4a6e955711cbf5123de) Importer(2089858483,0ecaa5967403d082aa24f35e1b516d23)  -> (artifact id: '65325f97ff6dc67a55eb6ad61e1e0a70') in 0.020709 seconds 
Number of asset objects unloaded after import = 1
========================================================================
Received Import Request.
  Time since last request: 0.000025 seconds.
  path: Assets/Sprites/skeleton_2/death_down/death_down_2_0007.png
  artifactKey: Guid(c5cf15831e0636b45b3dccd9b05b33db) Importer(2089858483,0ecaa5967403d082aa24f35e1b516d23)
Number of updated assets reloaded before import = 0
Start importing Assets/Sprites/skeleton_2/death_down/death_down_2_0007.png using Guid(c5cf15831e0636b45b3dccd9b05b33db) Importer(2089858483,0ecaa5967403d082aa24f35e1b516d23)  -> (artifact id: '8143c9c8bf42cd5c9ee2352ce783a003') in 0.025261 seconds 
Number of asset objects unloaded after import = 3
========================================================================
Received Import Request.
  Time since last request: 0.000023 seconds.
  path: Assets/Sprites/Gear/hat/hat_idle_front.png
  artifactKey: Guid(9c58e4050d643f24facc449bf93609e2) Importer(2089858483,0ecaa5967403d082aa24f35e1b516d23)
Number of updated assets reloaded before import = 0
Start importing Assets/Sprites/Gear/hat/hat_idle_front.png using Guid(9c58e4050d643f24facc449bf93609e2) Importer(2089858483,0ecaa5967403d082aa24f35e1b516d23)  -> (artifact id: '604b0aa664a3619d5c8fde4c25b4ce5c') in 0.053945 seconds 
Number of asset objects unloaded after import = 14
========================================================================
Received Import Request.
  Time since last request: 0.000020 seconds.
  path: Assets/Mirror/Examples/AdditiveScenes/Materials/Capsule.mat
  artifactKey: Guid(3ec90781e3720544da7fc86055e6cbe6) Importer(2089858483,0ecaa5967403d082aa24f35e1b516d23)
Number of updated assets reloaded before import = 0
Start importing Assets/Mirror/Examples/AdditiveScenes/Materials/Capsule.mat using Guid(3ec90781e3720544da7fc86055e6cbe6) Importer(2089858483,0ecaa5967403d082aa24f35e1b516d23)  -> (artifact id: '5fce4802bafefa7c07a487ac3125a0af') in 0.019127 seconds 
Number of asset objects unloaded after import = 1
========================================================================
Received Import Request.
  Time since last request: 0.000021 seconds.
  path: Assets/Mirror/Examples/AdditiveScenes/Scripts/ZoneHandler.cs
  artifactKey: Guid(884ed76587eb5854abe6b428b791fdcd) Importer(2089858483,0ecaa5967403d082aa24f35e1b516d23)
Number of updated assets reloaded before import = 0
Start importing Assets/Mirror/Examples/AdditiveScenes/Scripts/ZoneHandler.cs using Guid(884ed76587eb5854abe6b428b791fdcd) Importer(2089858483,0ecaa5967403d082aa24f35e1b516d23)  -> (artifact id: 'b32689958a4d09402826dffa9cb5760e') in 0.011260 seconds 
Number of asset objects unloaded after import = 0
========================================================================
Received Import Request.
  Time since last request: 0.000027 seconds.
  path: Assets/Mirror/Examples/HexSpatialHash/Mateirals/RandomColor.mat
  artifactKey: Guid(67d89500b29d14f4f909a99b79a5f2a0) Importer(2089858483,0ecaa5967403d082aa24f35e1b516d23)
Number of updated assets reloaded before import = 0
Start importing Assets/Mirror/Examples/HexSpatialHash/Mateirals/RandomColor.mat using Guid(67d89500b29d14f4f909a99b79a5f2a0) Importer(2089858483,0ecaa5967403d082aa24f35e1b516d23)  -> (artifact id: '683d99ba983ec0312b787ecdb522e248') in 0.021239 seconds 
Number of asset objects unloaded after import = 1
========================================================================
Received Import Request.
  Time since last request: 0.000027 seconds.
  path: Assets/Mirror/Examples/BenchmarkStinkySteak/Scripts/SineMoveRandomBehaviour.cs
  artifactKey: Guid(1a33ff1aaf3c582459143cebb4ab7cf9) Importer(2089858483,0ecaa5967403d082aa24f35e1b516d23)
Number of updated assets reloaded before import = 0
Start importing Assets/Mirror/Examples/BenchmarkStinkySteak/Scripts/SineMoveRandomBehaviour.cs using Guid(1a33ff1aaf3c582459143cebb4ab7cf9) Importer(2089858483,0ecaa5967403d082aa24f35e1b516d23)  -> (artifact id: '689b730a2804a51006f9ac0bc37cdca8') in 0.011566 seconds 
Number of asset objects unloaded after import = 0
========================================================================
Received Import Request.
  Time since last request: 0.000025 seconds.
  path: Assets/Mirror/Examples/HexSpatialHash/Scripts/Hex2DPlayerCamera.cs
  artifactKey: Guid(8bd7ffa7c966c0c47be237edb68c98c8) Importer(2089858483,0ecaa5967403d082aa24f35e1b516d23)
Number of updated assets reloaded before import = 0
Start importing Assets/Mirror/Examples/HexSpatialHash/Scripts/Hex2DPlayerCamera.cs using Guid(8bd7ffa7c966c0c47be237edb68c98c8) Importer(2089858483,0ecaa5967403d082aa24f35e1b516d23)  -> (artifact id: '656a034002fc79eeea0d4c7f09892dfa') in 0.012591 seconds 
Number of asset objects unloaded after import = 0
========================================================================
Received Import Request.
  Time since last request: 0.000032 seconds.
  path: Assets/Mirror/Examples/Billiards/Table/Lamp.mat
  artifactKey: Guid(a5c5ac95f6b544173994adfaae202203) Importer(2089858483,0ecaa5967403d082aa24f35e1b516d23)
Number of updated assets reloaded before import = 0
Start importing Assets/Mirror/Examples/Billiards/Table/Lamp.mat using Guid(a5c5ac95f6b544173994adfaae202203) Importer(2089858483,0ecaa5967403d082aa24f35e1b516d23)  -> (artifact id: '9ac398146dbcbc13e92a97867f7fbcbb') in 0.020904 seconds 
Number of asset objects unloaded after import = 1
========================================================================
Received Import Request.
  Time since last request: 0.000034 seconds.
  path: Assets/Mirror/Examples/CharacterSelection/Scripts/CharacterSelection.cs
  artifactKey: Guid(e04a8cb02afdc4e778925020d233d718) Importer(2089858483,0ecaa5967403d082aa24f35e1b516d23)
Number of updated assets reloaded before import = 0
Start importing Assets/Mirror/Examples/CharacterSelection/Scripts/CharacterSelection.cs using Guid(e04a8cb02afdc4e778925020d233d718) Importer(2089858483,0ecaa5967403d082aa24f35e1b516d23)  -> (artifact id: 'cc2306ac253f643e940a634f8edab896') in 0.011222 seconds 
Number of asset objects unloaded after import = 0
========================================================================
Received Import Request.
  Time since last request: 0.000029 seconds.
  path: Assets/Mirror/Examples/Billiards/Ball/Red.mat
  artifactKey: Guid(4260669eb9d994f8c96cd5be23e52164) Importer(2089858483,0ecaa5967403d082aa24f35e1b516d23)
Number of updated assets reloaded before import = 0
Start importing Assets/Mirror/Examples/Billiards/Ball/Red.mat using Guid(4260669eb9d994f8c96cd5be23e52164) Importer(2089858483,0ecaa5967403d082aa24f35e1b516d23)  -> (artifact id: '68ab5b6e421ccfcbe48d081801ff4cec') in 0.026004 seconds 
Number of asset objects unloaded after import = 1
========================================================================
Received Import Request.
  Time since last request: 0.000029 seconds.
  path: Assets/Mirror/Examples/CharacterSelection/Scripts/SceneReferencer.cs
  artifactKey: Guid(f45e025c29e20480cb3d9ab86918814a) Importer(2089858483,0ecaa5967403d082aa24f35e1b516d23)
Number of updated assets reloaded before import = 0
Start importing Assets/Mirror/Examples/CharacterSelection/Scripts/SceneReferencer.cs using Guid(f45e025c29e20480cb3d9ab86918814a) Importer(2089858483,0ecaa5967403d082aa24f35e1b516d23)  -> (artifact id: '3f02d6d0ac0dc169d91b336879c38da7') in 0.011975 seconds 
Number of asset objects unloaded after import = 0
========================================================================
Received Import Request.
  Time since last request: 0.000028 seconds.
  path: Assets/Mirror/Examples/AdditiveScenes/Scenes/MirrorAdditiveScenesSubScene.unity
  artifactKey: Guid(7f4fd683fc6d866418c95f99977533a6) Importer(2089858483,0ecaa5967403d082aa24f35e1b516d23)
Number of updated assets reloaded before import = 0
Start importing Assets/Mirror/Examples/AdditiveScenes/Scenes/MirrorAdditiveScenesSubScene.unity using Guid(7f4fd683fc6d866418c95f99977533a6) Importer(2089858483,0ecaa5967403d082aa24f35e1b516d23)  -> (artifact id: '34b37e3c8a1f56f9ba2182777d89ff7b') in 0.012255 seconds 
Number of asset objects unloaded after import = 1
========================================================================
Received Import Request.
  Time since last request: 0.000036 seconds.
  path: Assets/Mirror/Examples/Billiards/Ball/White.prefab
  artifactKey: Guid(0100f0c90700741b496ccbc2fe54c196) Importer(2089858483,0ecaa5967403d082aa24f35e1b516d23)
Number of updated assets reloaded before import = 0
Start importing Assets/Mirror/Examples/Billiards/Ball/White.prefab using Guid(0100f0c90700741b496ccbc2fe54c196) Importer(2089858483,0ecaa5967403d082aa24f35e1b516d23)  -> (artifact id: '38bcb27d5f8ed390962b6693851a26c6') in 0.028761 seconds 
Number of asset objects unloaded after import = 15
========================================================================
Received Import Request.
  Time since last request: 0.000023 seconds.
  path: Assets/Mirror/Examples/BilliardsPredicted/Ball/RedPredicted.prefab
  artifactKey: Guid(ecbb35e2a01c0427ebb0b4b6ed146c70) Importer(2089858483,0ecaa5967403d082aa24f35e1b516d23)
Number of updated assets reloaded before import = 0
Start importing Assets/Mirror/Examples/BilliardsPredicted/Ball/RedPredicted.prefab using Guid(ecbb35e2a01c0427ebb0b4b6ed146c70) Importer(2089858483,0ecaa5967403d082aa24f35e1b516d23)  -> (artifact id: 'd43b1839efa510046c6cecf783d9e522') in 0.027148 seconds 
Number of asset objects unloaded after import = 14
========================================================================
Received Import Request.
  Time since last request: 0.000025 seconds.
  path: Assets/Mirror/Examples/AdditiveScenes/Scripts/ShootingTankBehaviour.cs
  artifactKey: Guid(7a25c54cd35eb284eb6b8ed19cf60443) Importer(2089858483,0ecaa5967403d082aa24f35e1b516d23)
Number of updated assets reloaded before import = 0
Start importing Assets/Mirror/Examples/AdditiveScenes/Scripts/ShootingTankBehaviour.cs using Guid(7a25c54cd35eb284eb6b8ed19cf60443) Importer(2089858483,0ecaa5967403d082aa24f35e1b516d23)  -> (artifact id: '1eecadf14d758e836383260fe8b209cf') in 0.012996 seconds 
Number of asset objects unloaded after import = 0
========================================================================
Received Import Request.
  Time since last request: 0.000024 seconds.
  path: Assets/Mirror/Examples/AssignAuthority/Scripts/UI.cs
  artifactKey: Guid(d5d8b0678c380124f903f79446ad4b5f) Importer(2089858483,0ecaa5967403d082aa24f35e1b516d23)
Number of updated assets reloaded before import = 0
Start importing Assets/Mirror/Examples/AssignAuthority/Scripts/UI.cs using Guid(d5d8b0678c380124f903f79446ad4b5f) Importer(2089858483,0ecaa5967403d082aa24f35e1b516d23)  -> (artifact id: '7b4806a9ae468e5a08fca588de3c7fa5') in 0.012055 seconds 
Number of asset objects unloaded after import = 0
========================================================================
Received Import Request.
  Time since last request: 0.000023 seconds.
  path: Assets/Mirror/Editor/Weaver/Processors/SyncObjectInitializer.cs
  artifactKey: Guid(d02219b00b3674e59a2151f41e791688) Importer(2089858483,0ecaa5967403d082aa24f35e1b516d23)
Number of updated assets reloaded before import = 0
Start importing Assets/Mirror/Editor/Weaver/Processors/SyncObjectInitializer.cs using Guid(d02219b00b3674e59a2151f41e791688) Importer(2089858483,0ecaa5967403d082aa24f35e1b516d23)  -> (artifact id: '0685a45926be62e6c7a32d92c5197377') in 0.012015 seconds 
Number of asset objects unloaded after import = 0
========================================================================
Received Import Request.
  Time since last request: 0.000023 seconds.
  path: Assets/Mirror/Examples/AdditiveLevels/Prefabs/Cube.prefab
  artifactKey: Guid(7c6a0a278eba11e44b9a86cd4da603df) Importer(2089858483,0ecaa5967403d082aa24f35e1b516d23)
Number of updated assets reloaded before import = 0
Start importing Assets/Mirror/Examples/AdditiveLevels/Prefabs/Cube.prefab using Guid(7c6a0a278eba11e44b9a86cd4da603df) Importer(2089858483,0ecaa5967403d082aa24f35e1b516d23)  -> (artifact id: 'd8672eafb1f5e49cd43682ba14174dfe') in 0.022638 seconds 
Number of asset objects unloaded after import = 9
========================================================================
Received Import Request.
  Time since last request: 0.000032 seconds.
  path: Assets/Mirror/Examples/AdditiveScenes/Prefabs/Capsule.prefab
  artifactKey: Guid(e1971f4a8c7661546bc509b44bd91b80) Importer(2089858483,0ecaa5967403d082aa24f35e1b516d23)
Number of updated assets reloaded before import = 0
Start importing Assets/Mirror/Examples/AdditiveScenes/Prefabs/Capsule.prefab using Guid(e1971f4a8c7661546bc509b44bd91b80) Importer(2089858483,0ecaa5967403d082aa24f35e1b516d23)  -> (artifact id: 'e8be818d2b6b124f577ba240cd1c7968') in 0.016437 seconds 
Number of asset objects unloaded after import = 10
========================================================================
Received Import Request.
  Time since last request: 0.000028 seconds.
  path: Assets/Mirror/Examples/CharacterSelection/Materials/MaterialBlack.mat
  artifactKey: Guid(0f0dbf645ce2a45b390c0514e3758988) Importer(2089858483,0ecaa5967403d082aa24f35e1b516d23)
Number of updated assets reloaded before import = 0
Start importing Assets/Mirror/Examples/CharacterSelection/Materials/MaterialBlack.mat using Guid(0f0dbf645ce2a45b390c0514e3758988) Importer(2089858483,0ecaa5967403d082aa24f35e1b516d23)  -> (artifact id: 'c1ae72cd70a2e369587e31a3d75c9cf5') in 0.022653 seconds 
Number of asset objects unloaded after import = 1
========================================================================
Received Import Request.
  Time since last request: 0.000035 seconds.
  path: Assets/Mirror/Examples/Discovery/Prefabs/Player.prefab
  artifactKey: Guid(ecd52c53a6ef7496693343d3e32dace1) Importer(2089858483,0ecaa5967403d082aa24f35e1b516d23)
Number of updated assets reloaded before import = 0
Start importing Assets/Mirror/Examples/Discovery/Prefabs/Player.prefab using Guid(ecd52c53a6ef7496693343d3e32dace1) Importer(2089858483,0ecaa5967403d082aa24f35e1b516d23)  -> (artifact id: '81d30ef7daa27d7787f6fd285797a3ed') in 0.019901 seconds 
Number of asset objects unloaded after import = 8
========================================================================
Received Import Request.
  Time since last request: 0.000021 seconds.
  path: Assets/Mirror/Examples/Chat/Scripts/Player.cs
  artifactKey: Guid(3addc5ad220944ed6888319897606739) Importer(2089858483,0ecaa5967403d082aa24f35e1b516d23)
Number of updated assets reloaded before import = 0
Start importing Assets/Mirror/Examples/Chat/Scripts/Player.cs using Guid(3addc5ad220944ed6888319897606739) Importer(2089858483,0ecaa5967403d082aa24f35e1b516d23)  -> (artifact id: 'a22c1c1f9b89c79c267e43a8c1ea93c9') in 0.009776 seconds 
Number of asset objects unloaded after import = 0
========================================================================
Received Import Request.
  Time since last request: 0.000025 seconds.
  path: Assets/Mirror/Examples/AssignAuthority/Prefabs/Player.prefab
  artifactKey: Guid(521c9000fa8b00840a64b13771a94190) Importer(2089858483,0ecaa5967403d082aa24f35e1b516d23)
Number of updated assets reloaded before import = 0
Start importing Assets/Mirror/Examples/AssignAuthority/Prefabs/Player.prefab using Guid(521c9000fa8b00840a64b13771a94190) Importer(2089858483,0ecaa5967403d082aa24f35e1b516d23)  -> (artifact id: '83b7842f89102adfb9cbf261f3102a7b') in 0.019623 seconds 
Number of asset objects unloaded after import = 6
========================================================================
Received Import Request.
  Time since last request: 0.000030 seconds.
  path: Assets/Mirror/Examples/Billiards/Ball/RedBall.cs
  artifactKey: Guid(4662d0882e1d446089fb4f73bfcaa224) Importer(2089858483,0ecaa5967403d082aa24f35e1b516d23)
Number of updated assets reloaded before import = 0
Start importing Assets/Mirror/Examples/Billiards/Ball/RedBall.cs using Guid(4662d0882e1d446089fb4f73bfcaa224) Importer(2089858483,0ecaa5967403d082aa24f35e1b516d23)  -> (artifact id: 'fe59a88cbb7c66d590a144b40022bb22') in 0.011007 seconds 
Number of asset objects unloaded after import = 0
========================================================================
Received Import Request.
  Time since last request: 0.000024 seconds.
  path: Assets/Mirror/Examples/AssignAuthority/Scripts/OwnerBehaviour.cs
  artifactKey: Guid(5aa27fb87ab9fd044bdc23ee3c20ccf1) Importer(2089858483,0ecaa5967403d082aa24f35e1b516d23)
Number of updated assets reloaded before import = 0
Start importing Assets/Mirror/Examples/AssignAuthority/Scripts/OwnerBehaviour.cs using Guid(5aa27fb87ab9fd044bdc23ee3c20ccf1) Importer(2089858483,0ecaa5967403d082aa24f35e1b516d23)  -> (artifact id: 'c6e6bd35a3057016282c4501bf1ecb08') in 0.019480 seconds 
Number of asset objects unloaded after import = 0
========================================================================
Received Import Request.
  Time since last request: 0.000019 seconds.
  path: Assets/Mirror/Examples/AdditiveScenes/Scenes/MirrorAdditiveScenesMain.unity
  artifactKey: Guid(7a0eee2f518e9dc4fb628d96dc452faf) Importer(2089858483,0ecaa5967403d082aa24f35e1b516d23)
Number of updated assets reloaded before import = 0
Start importing Assets/Mirror/Examples/AdditiveScenes/Scenes/MirrorAdditiveScenesMain.unity using Guid(7a0eee2f518e9dc4fb628d96dc452faf) Importer(2089858483,0ecaa5967403d082aa24f35e1b516d23)  -> (artifact id: 'cfe1be7de02b71aefbe2f36efa255481') in 0.011870 seconds 
Number of asset objects unloaded after import = 1
========================================================================
Received Import Request.
  Time since last request: 0.000028 seconds.
  path: Assets/Mirror/Examples/Billiards/Table/License.txt
  artifactKey: Guid(82438f205fdb428db4672ec64657fb8a) Importer(2089858483,0ecaa5967403d082aa24f35e1b516d23)
Number of updated assets reloaded before import = 0
Start importing Assets/Mirror/Examples/Billiards/Table/License.txt using Guid(82438f205fdb428db4672ec64657fb8a) Importer(2089858483,0ecaa5967403d082aa24f35e1b516d23)  -> (artifact id: '9dff7c5a1282f83db1dd69a32a45aebc') in 0.013635 seconds 
Number of asset objects unloaded after import = 1
========================================================================
Received Import Request.
  Time since last request: 0.000024 seconds.
  path: Assets/Mirror/Examples/AdditiveLevels/Textures/Back_Tex.jpeg
  artifactKey: Guid(1566af6e663684dbd85aa5fb32fd9148) Importer(2089858483,0ecaa5967403d082aa24f35e1b516d23)
Number of updated assets reloaded before import = 0
Start importing Assets/Mirror/Examples/AdditiveLevels/Textures/Back_Tex.jpeg using Guid(1566af6e663684dbd85aa5fb32fd9148) Importer(2089858483,0ecaa5967403d082aa24f35e1b516d23)  -> (artifact id: '03aff959a5d5b90469cd021bb3ca01c5') in 0.024172 seconds 
Number of asset objects unloaded after import = 1
========================================================================
Received Import Request.
  Time since last request: 0.000036 seconds.
  path: Assets/Mirror/Examples/HexSpatialHash/Prefabs/SpawnPrefab.prefab
  artifactKey: Guid(f389723f4f9365143bac0d85db592dbd) Importer(2089858483,0ecaa5967403d082aa24f35e1b516d23)
Number of updated assets reloaded before import = 0
Start importing Assets/Mirror/Examples/HexSpatialHash/Prefabs/SpawnPrefab.prefab using Guid(f389723f4f9365143bac0d85db592dbd) Importer(2089858483,0ecaa5967403d082aa24f35e1b516d23)  -> (artifact id: '15f86fda82a82ec293662e6d1875b2ca') in 0.022371 seconds 
Number of asset objects unloaded after import = 8
========================================================================
Received Import Request.
  Time since last request: 0.000025 seconds.
  path: Assets/Mirror/Examples/HexSpatialHash/Scripts/Hex3DNetworkManager.cs
  artifactKey: Guid(3291bd2e9ac86c046bb768d598cd0a3f) Importer(2089858483,0ecaa5967403d082aa24f35e1b516d23)
Number of updated assets reloaded before import = 0
Start importing Assets/Mirror/Examples/HexSpatialHash/Scripts/Hex3DNetworkManager.cs using Guid(3291bd2e9ac86c046bb768d598cd0a3f) Importer(2089858483,0ecaa5967403d082aa24f35e1b516d23)  -> (artifact id: '1f3c3e96114a162e954926132fc37fc3') in 0.012889 seconds 
Number of asset objects unloaded after import = 0
========================================================================
Received Import Request.
  Time since last request: 0.000029 seconds.
  path: Assets/Mirror/Examples/BenchmarkStinkySteak/Prefabs/SphereMoveAllAxis.prefab
  artifactKey: Guid(a7278693f35741148b381178a112e24d) Importer(2089858483,0ecaa5967403d082aa24f35e1b516d23)
Number of updated assets reloaded before import = 0
Start importing Assets/Mirror/Examples/BenchmarkStinkySteak/Prefabs/SphereMoveAllAxis.prefab using Guid(a7278693f35741148b381178a112e24d) Importer(2089858483,0ecaa5967403d082aa24f35e1b516d23)  -> (artifact id: '4d7ca4408407188793f1aed49f60869b') in 0.021926 seconds 
Number of asset objects unloaded after import = 12
========================================================================
Received Import Request.
  Time since last request: 0.000029 seconds.
  path: Assets/Mirror/Examples/AssignAuthority/Prefabs/Object.prefab
  artifactKey: Guid(8a83f30f4f67fa642b0fd0a0bcbb2b6b) Importer(2089858483,0ecaa5967403d082aa24f35e1b516d23)
Number of updated assets reloaded before import = 0
Start importing Assets/Mirror/Examples/AssignAuthority/Prefabs/Object.prefab using Guid(8a83f30f4f67fa642b0fd0a0bcbb2b6b) Importer(2089858483,0ecaa5967403d082aa24f35e1b516d23)  -> (artifact id: '7375add7f79cf4f8153fc34a3f262838') in 0.022239 seconds 
Number of asset objects unloaded after import = 17
========================================================================
Received Import Request.
  Time since last request: 0.000039 seconds.
  path: Assets/Mirror/Examples/BilliardsPredicted/Player/PlayerPredicted.prefab
  artifactKey: Guid(ffab5af8b8b354f8ca8eb7aeaf89dfac) Importer(2089858483,0ecaa5967403d082aa24f35e1b516d23)
Number of updated assets reloaded before import = 0
Start importing Assets/Mirror/Examples/BilliardsPredicted/Player/PlayerPredicted.prefab using Guid(ffab5af8b8b354f8ca8eb7aeaf89dfac) Importer(2089858483,0ecaa5967403d082aa24f35e1b516d23)  -> (artifact id: 'c63b5f79682bed930d64c04749194c76') in 0.019025 seconds 
Number of asset objects unloaded after import = 6
========================================================================
Received Import Request.
  Time since last request: 0.000021 seconds.
  path: Assets/Mirror/Examples/Benchmark/Prefabs/Player.prefab
  artifactKey: Guid(e1299008405d14b17b1ca459a6cd44a2) Importer(2089858483,0ecaa5967403d082aa24f35e1b516d23)
Number of updated assets reloaded before import = 0
Start importing Assets/Mirror/Examples/Benchmark/Prefabs/Player.prefab using Guid(e1299008405d14b17b1ca459a6cd44a2) Importer(2089858483,0ecaa5967403d082aa24f35e1b516d23)  -> (artifact id: '255fd3af0e44879300b9f0bff3ead80e') in 0.023718 seconds 
Number of asset objects unloaded after import = 9
========================================================================
Received Import Request.
  Time since last request: 0.000020 seconds.
  path: Assets/Mirror/Examples/HexSpatialHash/Scripts/Hex3DPlayer.cs
  artifactKey: Guid(df2e991210804be44b9ab6b7d6de4d52) Importer(2089858483,0ecaa5967403d082aa24f35e1b516d23)
Number of updated assets reloaded before import = 0
Start importing Assets/Mirror/Examples/HexSpatialHash/Scripts/Hex3DPlayer.cs using Guid(df2e991210804be44b9ab6b7d6de4d52) Importer(2089858483,0ecaa5967403d082aa24f35e1b516d23)  -> (artifact id: '105c148e281f920f8f01c70903184c08') in 0.010804 seconds 
Number of asset objects unloaded after import = 0
========================================================================
Received Import Request.
  Time since last request: 0.000024 seconds.
  path: Assets/Mirror/Examples/HexSpatialHash/Prefabs/Hex2DPlayer.prefab
  artifactKey: Guid(f3f3b7b9663c37141921929c9cfb2d5e) Importer(2089858483,0ecaa5967403d082aa24f35e1b516d23)
Number of updated assets reloaded before import = 0
Start importing Assets/Mirror/Examples/HexSpatialHash/Prefabs/Hex2DPlayer.prefab using Guid(f3f3b7b9663c37141921929c9cfb2d5e) Importer(2089858483,0ecaa5967403d082aa24f35e1b516d23)  -> (artifact id: '5616ae2c712e721cb8a69e12d7709860') in 0.038303 seconds 
Number of asset objects unloaded after import = 10
========================================================================
Received Import Request.
  Time since last request: 0.000021 seconds.
  path: Assets/Mirror/Examples/AdditiveLevels/Materials/Ground.mat
  artifactKey: Guid(20d755ab53045e545ab0b6e59c710ed9) Importer(2089858483,0ecaa5967403d082aa24f35e1b516d23)
Number of updated assets reloaded before import = 0
Start importing Assets/Mirror/Examples/AdditiveLevels/Materials/Ground.mat using Guid(20d755ab53045e545ab0b6e59c710ed9) Importer(2089858483,0ecaa5967403d082aa24f35e1b516d23)  -> (artifact id: '42193bbc6e9792616064a5ee48005346') in 0.018364 seconds 
Number of asset objects unloaded after import = 1
========================================================================
Received Import Request.
  Time since last request: 0.000025 seconds.
  path: Assets/Mirror/Examples/CharacterSelection/Textures/IconResetColour.png
  artifactKey: Guid(69c30291565a1407abc7ca25da395ea9) Importer(2089858483,0ecaa5967403d082aa24f35e1b516d23)
Number of updated assets reloaded before import = 0
Start importing Assets/Mirror/Examples/CharacterSelection/Textures/IconResetColour.png using Guid(69c30291565a1407abc7ca25da395ea9) Importer(2089858483,0ecaa5967403d082aa24f35e1b516d23)  -> (artifact id: 'f3daed921c0bec0811f2a6e36d6b2ec2') in 0.024449 seconds 
Number of asset objects unloaded after import = 3
========================================================================
Received Import Request.
  Time since last request: 0.000027 seconds.
  path: Assets/Mirror/Examples/CouchCoop/Materials/MaterialColliders.mat
  artifactKey: Guid(ff8e460bc150b4fd2a6a41c94d7ef532) Importer(2089858483,0ecaa5967403d082aa24f35e1b516d23)
Number of updated assets reloaded before import = 0
Start importing Assets/Mirror/Examples/CouchCoop/Materials/MaterialColliders.mat using Guid(ff8e460bc150b4fd2a6a41c94d7ef532) Importer(2089858483,0ecaa5967403d082aa24f35e1b516d23)  -> (artifact id: '76b72005e83eeb9e6bf479d67b3954d5') in 0.019499 seconds 
Number of asset objects unloaded after import = 1
========================================================================
Received Import Request.
  Time since last request: 0.000028 seconds.
  path: Assets/Mirror/Examples/AdditiveLevels/Textures/Right_Tex.jpeg
  artifactKey: Guid(4c8911efa34c845f28fbac86385a1b41) Importer(2089858483,0ecaa5967403d082aa24f35e1b516d23)
Number of updated assets reloaded before import = 0
Start importing Assets/Mirror/Examples/AdditiveLevels/Textures/Right_Tex.jpeg using Guid(4c8911efa34c845f28fbac86385a1b41) Importer(2089858483,0ecaa5967403d082aa24f35e1b516d23)  -> (artifact id: 'a5befdfbdc90fc08b8993b0000457b70') in 0.020747 seconds 
Number of asset objects unloaded after import = 1
========================================================================
Received Import Request.
  Time since last request: 0.000030 seconds.
  path: Assets/Mirror/Examples/AdditiveLevels/Prefabs/PlayerHybrid.prefab
  artifactKey: Guid(025ffe4aa9a11b0428dcfbaee70ca63c) Importer(2089858483,0ecaa5967403d082aa24f35e1b516d23)
Number of updated assets reloaded before import = 0
Start importing Assets/Mirror/Examples/AdditiveLevels/Prefabs/PlayerHybrid.prefab using Guid(025ffe4aa9a11b0428dcfbaee70ca63c) Importer(2089858483,0ecaa5967403d082aa24f35e1b516d23)  -> (artifact id: '28f13c88aea447f3bded059b3c96d3cf') in 0.046588 seconds 
Number of asset objects unloaded after import = 164
========================================================================
Received Import Request.
  Time since last request: 0.000033 seconds.
  path: Assets/Mirror/Examples/CharacterSelection/Materials/MaterialFloor.mat
  artifactKey: Guid(5d4646112e9b746a9b531366427f3218) Importer(2089858483,0ecaa5967403d082aa24f35e1b516d23)
Number of updated assets reloaded before import = 0
Start importing Assets/Mirror/Examples/CharacterSelection/Materials/MaterialFloor.mat using Guid(5d4646112e9b746a9b531366427f3218) Importer(2089858483,0ecaa5967403d082aa24f35e1b516d23)  -> (artifact id: '803066225155b4945053935f8670fdc5') in 0.028030 seconds 
Number of asset objects unloaded after import = 2
========================================================================
Received Import Request.
  Time since last request: 0.000044 seconds.
  path: Assets/Mirror/Examples/BilliardsPredicted/Ball/White.mat
  artifactKey: Guid(cc250a30997cc42318e82a6ec42171db) Importer(2089858483,0ecaa5967403d082aa24f35e1b516d23)
Number of updated assets reloaded before import = 0
Start importing Assets/Mirror/Examples/BilliardsPredicted/Ball/White.mat using Guid(cc250a30997cc42318e82a6ec42171db) Importer(2089858483,0ecaa5967403d082aa24f35e1b516d23)  -> (artifact id: '107735fa56a9f7dab62feb99df5c36fa') in 0.016258 seconds 
Number of asset objects unloaded after import = 1
========================================================================
Received Import Request.
  Time since last request: 0.000037 seconds.
  path: Assets/Mirror/Examples/BenchmarkStinkySteak/Scripts/WanderMoveBehaviour.cs
  artifactKey: Guid(c98d55e9b7394a94d97efd119d590ecf) Importer(2089858483,0ecaa5967403d082aa24f35e1b516d23)
Number of updated assets reloaded before import = 0
Start importing Assets/Mirror/Examples/BenchmarkStinkySteak/Scripts/WanderMoveBehaviour.cs using Guid(c98d55e9b7394a94d97efd119d590ecf) Importer(2089858483,0ecaa5967403d082aa24f35e1b516d23)  -> (artifact id: '0dcbbfec6e068083c53316e3a5cfc68a') in 0.014440 seconds 
Number of asset objects unloaded after import = 0
========================================================================
Received Import Request.
  Time since last request: 0.000032 seconds.
  path: Assets/TextMesh Pro/Examples & Extras/Scripts/TextConsoleSimulator.cs
  artifactKey: Guid(43bcd35a1c0c40ccb6d472893fe2093f) Importer(2089858483,0ecaa5967403d082aa24f35e1b516d23)
Number of updated assets reloaded before import = 0
Start importing Assets/TextMesh Pro/Examples & Extras/Scripts/TextConsoleSimulator.cs using Guid(43bcd35a1c0c40ccb6d472893fe2093f) Importer(2089858483,0ecaa5967403d082aa24f35e1b516d23)  -> (artifact id: '3158cfbbdb3afde37c16a3aa4b580bdf') in 0.012048 seconds 
Number of asset objects unloaded after import = 0
========================================================================
Received Import Request.
  Time since last request: 0.000028 seconds.
  path: Assets/Mirror/Examples/TopDownShooter/Materials/MaterialWalls.mat
  artifactKey: Guid(06efd9578579c449ebfffcf962b1ee65) Importer(2089858483,0ecaa5967403d082aa24f35e1b516d23)
Number of updated assets reloaded before import = 0
Start importing Assets/Mirror/Examples/TopDownShooter/Materials/MaterialWalls.mat using Guid(06efd9578579c449ebfffcf962b1ee65) Importer(2089858483,0ecaa5967403d082aa24f35e1b516d23)  -> (artifact id: '49058c72f7b3694b86579de00c49039e') in 0.019479 seconds 
Number of asset objects unloaded after import = 2
========================================================================
Received Import Request.
  Time since last request: 0.000022 seconds.
  path: Assets/Sprites/skeleton_2/idle_left/idle_left_2_0010.png
  artifactKey: Guid(b9539b1412fc41a4a843f7908e5eade3) Importer(2089858483,0ecaa5967403d082aa24f35e1b516d23)
Number of updated assets reloaded before import = 0
Start importing Assets/Sprites/skeleton_2/idle_left/idle_left_2_0010.png using Guid(b9539b1412fc41a4a843f7908e5eade3) Importer(2089858483,0ecaa5967403d082aa24f35e1b516d23)  -> (artifact id: 'c89b2620e56b5dd595cd9b0af79d25fa') in 0.033425 seconds 
Number of asset objects unloaded after import = 3
========================================================================
Received Import Request.
  Time since last request: 0.000019 seconds.
  path: Assets/Mirror/Examples/Room/Prefabs/RoomPlayer.prefab
  artifactKey: Guid(deae2134a1d77704b9c595efe69767dd) Importer(2089858483,0ecaa5967403d082aa24f35e1b516d23)
Number of updated assets reloaded before import = 0
Start importing Assets/Mirror/Examples/Room/Prefabs/RoomPlayer.prefab using Guid(deae2134a1d77704b9c595efe69767dd) Importer(2089858483,0ecaa5967403d082aa24f35e1b516d23)  -> (artifact id: '30abf0829d86460b25b1d50780af34e6') in 0.021027 seconds 
Number of asset objects unloaded after import = 6
========================================================================
Received Import Request.
  Time since last request: 0.000021 seconds.
  path: Assets/Mirror/Examples/PlayerTest/PlayerTestScene/TerrainLayer2019.terrainlayer
  artifactKey: Guid(626c6e9ff4b955443ae42a354ab1f38a) Importer(2089858483,0ecaa5967403d082aa24f35e1b516d23)
Number of updated assets reloaded before import = 0
Start importing Assets/Mirror/Examples/PlayerTest/PlayerTestScene/TerrainLayer2019.terrainlayer using Guid(626c6e9ff4b955443ae42a354ab1f38a) Importer(2089858483,0ecaa5967403d082aa24f35e1b516d23)  -> (artifact id: 'd5330b9c5cd798ac778c7aa5cb086146') in 0.027354 seconds 
Number of asset objects unloaded after import = 1
========================================================================
Received Import Request.
  Time since last request: 0.000027 seconds.
  path: Assets/Mirror/Examples/PlayerTest/Tank/TankHybrid.prefab
  artifactKey: Guid(fc412adcffebbeb4190ef3d4ea64c047) Importer(2089858483,0ecaa5967403d082aa24f35e1b516d23)
Number of updated assets reloaded before import = 0
Start importing Assets/Mirror/Examples/PlayerTest/Tank/TankHybrid.prefab using Guid(fc412adcffebbeb4190ef3d4ea64c047) Importer(2089858483,0ecaa5967403d082aa24f35e1b516d23) SendMessage cannot be called during Awake, CheckConsistency, or OnValidate (3D Model: OnMeshFilterChanged)
UnityEngine.StackTraceUtility:ExtractStackTrace ()
UnityEditor.AssetDatabase:LoadAssetAtPath<UnityEngine.GameObject> (string)
Mirror.Examples.Common.Controllers.Tank.TankTurretBase:Reset () (at Assets/Mirror/Examples/_Common/Controllers/TankController/TankTurretBase.cs:254)
Mirror.Examples.Common.Controllers.Tank.TankTurretHybrid:Reset () (at Assets/Mirror/Examples/_Common/Controllers/TankController/TankTurretHybrid.cs:16)
Mirror.Examples.Common.Controllers.Tank.TankTurretBase:OnValidate () (at Assets/Mirror/Examples/_Common/Controllers/TankController/TankTurretBase.cs:190)
UnityEditor.AssetDatabase:LoadAssetAtPath<UnityEngine.GameObject> (string)
UnityEditor.Search.AssetIndexer:IndexDocument (string,bool)
UnityEditor.Search.SearchIndexEntryImporter:OnImportAsset (UnityEditor.AssetImporters.AssetImportContext)
UnityEditor.AssetImporters.ScriptedImporter:GenerateAssetData (UnityEditor.AssetImporters.AssetImportContext)

[Assets/Mirror/Examples/_Common/Controllers/TankController/TankTurretBase.cs line 254]

 -> (artifact id: 'caf6a2f562ab4f9873b229f56c22c765') in 0.073353 seconds 
Number of asset objects unloaded after import = 278
========================================================================
Received Import Request.
  Time since last request: 0.000029 seconds.
  path: Assets/Mirror/Examples/Pong/Scenes/MirrorPong.unity
  artifactKey: Guid(89a84548859e3b643b4fb27984dc2b0d) Importer(2089858483,0ecaa5967403d082aa24f35e1b516d23)
Number of updated assets reloaded before import = 0
Start importing Assets/Mirror/Examples/Pong/Scenes/MirrorPong.unity using Guid(89a84548859e3b643b4fb27984dc2b0d) Importer(2089858483,0ecaa5967403d082aa24f35e1b516d23)  -> (artifact id: '3b3cbf02c64b3973913eac2426891e87') in 0.011225 seconds 
Number of asset objects unloaded after import = 1
========================================================================
Received Import Request.
  Time since last request: 0.000030 seconds.
  path: Assets/Mirror/Examples/MultipleMatches/Prefabs/MatchController.prefab
  artifactKey: Guid(e101d385946c91b4c81f318efc723a88) Importer(2089858483,0ecaa5967403d082aa24f35e1b516d23)
Number of updated assets reloaded before import = 0
Start importing Assets/Mirror/Examples/MultipleMatches/Prefabs/MatchController.prefab using Guid(e101d385946c91b4c81f318efc723a88) Importer(2089858483,0ecaa5967403d082aa24f35e1b516d23)  -> (artifact id: '5fc626ee47b08ae7543618b6faeb9fc7') in 0.048938 seconds 
Number of asset objects unloaded after import = 102
========================================================================
Received Import Request.
  Time since last request: 0.000025 seconds.
  path: Assets/Mirror/Examples/TopDownShooter/Prefabs/EnemyPrefab.prefab
  artifactKey: Guid(319151d0b08c647f897ba048a97fd9e0) Importer(2089858483,0ecaa5967403d082aa24f35e1b516d23)
Number of updated assets reloaded before import = 0
Start importing Assets/Mirror/Examples/TopDownShooter/Prefabs/EnemyPrefab.prefab using Guid(319151d0b08c647f897ba048a97fd9e0) Importer(2089858483,0ecaa5967403d082aa24f35e1b516d23)  -> (artifact id: '8729d21cae5128b78e241429e83be09d') in 0.027793 seconds 
Number of asset objects unloaded after import = 39
========================================================================
Received Import Request.
  Time since last request: 0.000025 seconds.
  path: Assets/Mirror/Examples/Room/Materials/Player.mat
  artifactKey: Guid(ac64a68d9ea8fa9459ff2f158065c1d0) Importer(2089858483,0ecaa5967403d082aa24f35e1b516d23)
Number of updated assets reloaded before import = 0
Start importing Assets/Mirror/Examples/Room/Materials/Player.mat using Guid(ac64a68d9ea8fa9459ff2f158065c1d0) Importer(2089858483,0ecaa5967403d082aa24f35e1b516d23)  -> (artifact id: 'aae38dd8793e0e6c77099081177c9536') in 0.014618 seconds 
Number of asset objects unloaded after import = 1
========================================================================
Received Import Request.
  Time since last request: 0.000027 seconds.
  path: Assets/Mirror/Examples/PlayerTest/Rigidbody/PlayerRBUnreliable.prefab
  artifactKey: Guid(6cd3cc8651287ef4a950692d79f015f3) Importer(2089858483,0ecaa5967403d082aa24f35e1b516d23)
Number of updated assets reloaded before import = 0
Start importing Assets/Mirror/Examples/PlayerTest/Rigidbody/PlayerRBUnreliable.prefab using Guid(6cd3cc8651287ef4a950692d79f015f3) Importer(2089858483,0ecaa5967403d082aa24f35e1b516d23)  -> (artifact id: '6cf0c6e83d06d26986d5e46ecebe19fb') in 0.050885 seconds 
Number of asset objects unloaded after import = 180
========================================================================
Received Import Request.
  Time since last request: 0.000026 seconds.
  path: Assets/Mirror/Examples/PickupsDropsChilds/Scripts/Enumerations.cs
  artifactKey: Guid(2bfef79b434bc424eacedbe92f3ca7e8) Importer(2089858483,0ecaa5967403d082aa24f35e1b516d23)
Number of updated assets reloaded before import = 0
Start importing Assets/Mirror/Examples/PickupsDropsChilds/Scripts/Enumerations.cs using Guid(2bfef79b434bc424eacedbe92f3ca7e8) Importer(2089858483,0ecaa5967403d082aa24f35e1b516d23)  -> (artifact id: 'b7acce2e9774615539c878ab93241617') in 0.010854 seconds 
Number of asset objects unloaded after import = 0
========================================================================
Received Import Request.
  Time since last request: 0.000029 seconds.
  path: Assets/Mirror/Examples/PlayerTest/Tank/TankReliable.prefab
  artifactKey: Guid(f9534c78c5208a04a993c69840315287) Importer(2089858483,0ecaa5967403d082aa24f35e1b516d23)
Number of updated assets reloaded before import = 0
Start importing Assets/Mirror/Examples/PlayerTest/Tank/TankReliable.prefab using Guid(f9534c78c5208a04a993c69840315287) Importer(2089858483,0ecaa5967403d082aa24f35e1b516d23) SendMessage cannot be called during Awake, CheckConsistency, or OnValidate (3D Model: OnMeshFilterChanged)
UnityEngine.StackTraceUtility:ExtractStackTrace ()
UnityEditor.AssetDatabase:LoadAssetAtPath<UnityEngine.GameObject> (string)
Mirror.Examples.Common.Controllers.Tank.TankTurretBase:Reset () (at Assets/Mirror/Examples/_Common/Controllers/TankController/TankTurretBase.cs:254)
Mirror.Examples.Common.Controllers.Tank.TankTurretReliable:Reset () (at Assets/Mirror/Examples/_Common/Controllers/TankController/TankTurretReliable.cs:16)
Mirror.Examples.Common.Controllers.Tank.TankTurretBase:OnValidate () (at Assets/Mirror/Examples/_Common/Controllers/TankController/TankTurretBase.cs:190)
UnityEditor.AssetDatabase:LoadAssetAtPath<UnityEngine.GameObject> (string)
UnityEditor.Search.AssetIndexer:IndexDocument (string,bool)
UnityEditor.Search.SearchIndexEntryImporter:OnImportAsset (UnityEditor.AssetImporters.AssetImportContext)
UnityEditor.AssetImporters.ScriptedImporter:GenerateAssetData (UnityEditor.AssetImporters.AssetImportContext)

[Assets/Mirror/Examples/_Common/Controllers/TankController/TankTurretBase.cs line 254]

 -> (artifact id: '9890406747c876ae3b4957b1e1457a44') in 0.065805 seconds 
Number of asset objects unloaded after import = 278
========================================================================
Received Import Request.
  Time since last request: 0.000023 seconds.
  path: Assets/Mirror/Examples/RigidbodyBenchmark/Materials/Player.mat
  artifactKey: Guid(39b4637f172cd49e3859073b6bbdb7e5) Importer(2089858483,0ecaa5967403d082aa24f35e1b516d23)
Number of updated assets reloaded before import = 0
Start importing Assets/Mirror/Examples/RigidbodyBenchmark/Materials/Player.mat using Guid(39b4637f172cd49e3859073b6bbdb7e5) Importer(2089858483,0ecaa5967403d082aa24f35e1b516d23)  -> (artifact id: 'e310cd5779a809ef261c5d844281246f') in 0.019029 seconds 
Number of asset objects unloaded after import = 1
========================================================================
Received Import Request.
  Time since last request: 0.000040 seconds.
  path: Assets/Mirror/Examples/MultipleAdditiveScenes/Scripts/Spawner.cs
  artifactKey: Guid(f522bf510b49da44caa9f3ca0ac17f3b) Importer(2089858483,0ecaa5967403d082aa24f35e1b516d23)
Number of updated assets reloaded before import = 0
Start importing Assets/Mirror/Examples/MultipleAdditiveScenes/Scripts/Spawner.cs using Guid(f522bf510b49da44caa9f3ca0ac17f3b) Importer(2089858483,0ecaa5967403d082aa24f35e1b516d23)  -> (artifact id: 'd59a45f140159a3ca56697b7d7ae800d') in 0.012071 seconds 
Number of asset objects unloaded after import = 0
========================================================================
Received Import Request.
  Time since last request: 0.000031 seconds.
  path: Assets/Mirror/Examples/TankTheftAuto/Prefabs/TankUnreliable.prefab
  artifactKey: Guid(77f79485ebed3b14fb954879767fe9c0) Importer(2089858483,0ecaa5967403d082aa24f35e1b516d23)
Number of updated assets reloaded before import = 0
Start importing Assets/Mirror/Examples/TankTheftAuto/Prefabs/TankUnreliable.prefab using Guid(77f79485ebed3b14fb954879767fe9c0) Importer(2089858483,0ecaa5967403d082aa24f35e1b516d23) SendMessage cannot be called during Awake, CheckConsistency, or OnValidate (3D Model: OnMeshFilterChanged)
UnityEngine.StackTraceUtility:ExtractStackTrace ()
UnityEditor.AssetDatabase:LoadAssetAtPath<UnityEngine.GameObject> (string)
Mirror.Examples.Common.Controllers.Tank.TankTurretBase:Reset () (at Assets/Mirror/Examples/_Common/Controllers/TankController/TankTurretBase.cs:254)
Mirror.Examples.Common.Controllers.Tank.TankTurretUnreliable:Reset () (at Assets/Mirror/Examples/_Common/Controllers/TankController/TankTurretUnreliable.cs:16)
Mirror.Examples.Common.Controllers.Tank.TankTurretBase:OnValidate () (at Assets/Mirror/Examples/_Common/Controllers/TankController/TankTurretBase.cs:190)
UnityEditor.AssetDatabase:LoadAssetAtPath<UnityEngine.GameObject> (string)
UnityEditor.Search.AssetIndexer:IndexDocument (string,bool)
UnityEditor.Search.SearchIndexEntryImporter:OnImportAsset (UnityEditor.AssetImporters.AssetImportContext)
UnityEditor.AssetImporters.ScriptedImporter:GenerateAssetData (UnityEditor.AssetImporters.AssetImportContext)

[Assets/Mirror/Examples/_Common/Controllers/TankController/TankTurretBase.cs line 254]

 -> (artifact id: 'c1e7219fd77d01b3ac2bae96e8a767da') in 0.071354 seconds 
Number of asset objects unloaded after import = 289
========================================================================
Received Import Request.
  Time since last request: 0.000028 seconds.
  path: Assets/Mirror/Examples/Pong/Scripts/Ball.cs
  artifactKey: Guid(38b5c2f743cd8034a8beeebf277c92c1) Importer(2089858483,0ecaa5967403d082aa24f35e1b516d23)
Number of updated assets reloaded before import = 0
Start importing Assets/Mirror/Examples/Pong/Scripts/Ball.cs using Guid(38b5c2f743cd8034a8beeebf277c92c1) Importer(2089858483,0ecaa5967403d082aa24f35e1b516d23)  -> (artifact id: '28861f4a8495d98594c6b75375ff76e9') in 0.010847 seconds 
Number of asset objects unloaded after import = 0
========================================================================
Received Import Request.
  Time since last request: 0.000028 seconds.
  path: Assets/Mirror/Examples/Room/Scripts/NetworkRoomPlayerExt.cs
  artifactKey: Guid(41fc608223969754e817c29908fdb1d3) Importer(2089858483,0ecaa5967403d082aa24f35e1b516d23)
Number of updated assets reloaded before import = 0
Start importing Assets/Mirror/Examples/Room/Scripts/NetworkRoomPlayerExt.cs using Guid(41fc608223969754e817c29908fdb1d3) Importer(2089858483,0ecaa5967403d082aa24f35e1b516d23)  -> (artifact id: '4064f621480c5c9d5d13b2ae6d0958c9') in 0.011785 seconds 
Number of asset objects unloaded after import = 0
========================================================================
Received Import Request.
  Time since last request: 0.000026 seconds.
  path: Assets/Mirror/Examples/MultipleAdditiveScenes/Scripts/MultiSceneNetManager.cs
  artifactKey: Guid(b982a1fd37427e64e8310a863d03d2c9) Importer(2089858483,0ecaa5967403d082aa24f35e1b516d23)
Number of updated assets reloaded before import = 0
Start importing Assets/Mirror/Examples/MultipleAdditiveScenes/Scripts/MultiSceneNetManager.cs using Guid(b982a1fd37427e64e8310a863d03d2c9) Importer(2089858483,0ecaa5967403d082aa24f35e1b516d23)  -> (artifact id: 'ac6c379e895e5fd44eb801aa06ea52b5') in 0.011245 seconds 
Number of asset objects unloaded after import = 0
========================================================================
Received Import Request.
  Time since last request: 0.000025 seconds.
  path: Assets/Mirror/Examples/MultipleMatches/Scripts/RoomGUI.cs
  artifactKey: Guid(fc0f113afba9a074b9a3e4fb56f16abb) Importer(2089858483,0ecaa5967403d082aa24f35e1b516d23)
Number of updated assets reloaded before import = 0
Start importing Assets/Mirror/Examples/MultipleMatches/Scripts/RoomGUI.cs using Guid(fc0f113afba9a074b9a3e4fb56f16abb) Importer(2089858483,0ecaa5967403d082aa24f35e1b516d23)  -> (artifact id: 'caca895b512fb398849dbaecdda05342') in 0.010994 seconds 
Number of asset objects unloaded after import = 0
========================================================================
Received Import Request.
  Time since last request: 0.000025 seconds.
  path: Assets/Mirror/Examples/TanksHybrid/Scripts/Tank.cs
  artifactKey: Guid(f45f3637f32e4490e8bf0a852cbcb0e5) Importer(2089858483,0ecaa5967403d082aa24f35e1b516d23)
Number of updated assets reloaded before import = 0
Start importing Assets/Mirror/Examples/TanksHybrid/Scripts/Tank.cs using Guid(f45f3637f32e4490e8bf0a852cbcb0e5) Importer(2089858483,0ecaa5967403d082aa24f35e1b516d23)  -> (artifact id: '672310e284ece969a8d4875ab3789ee3') in 0.009213 seconds 
Number of asset objects unloaded after import = 0
========================================================================
Received Import Request.
  Time since last request: 0.000022 seconds.
  path: Assets/Mirror/Examples/MultipleMatches/Scripts/PlayerGUI.cs
  artifactKey: Guid(f61e9bc3715eb904b91222a5526f63d8) Importer(2089858483,0ecaa5967403d082aa24f35e1b516d23)
Number of updated assets reloaded before import = 0
Start importing Assets/Mirror/Examples/MultipleMatches/Scripts/PlayerGUI.cs using Guid(f61e9bc3715eb904b91222a5526f63d8) Importer(2089858483,0ecaa5967403d082aa24f35e1b516d23)  -> (artifact id: 'ce435c9b36475d5f17d6245010e7f27c') in 0.011225 seconds 
Number of asset objects unloaded after import = 0
========================================================================
Received Import Request.
  Time since last request: 0.000040 seconds.
  path: Assets/Mirror/Examples/PlayerTest/PlayerTestScene/TerrainData2019.asset
  artifactKey: Guid(3a63939a39af1904d908274fdcd10fb6) Importer(2089858483,0ecaa5967403d082aa24f35e1b516d23)
Number of updated assets reloaded before import = 0
Start importing Assets/Mirror/Examples/PlayerTest/PlayerTestScene/TerrainData2019.asset using Guid(3a63939a39af1904d908274fdcd10fb6) Importer(2089858483,0ecaa5967403d082aa24f35e1b516d23)  -> (artifact id: '44bef91aea8fb8fb00d92ce09f82a8fd') in 0.033717 seconds 
Number of asset objects unloaded after import = 2
========================================================================
Received Import Request.
  Time since last request: 0.000017 seconds.
  path: Assets/Mirror/Examples/PlayerTest/PlayerTestScene/LightingData.asset
  artifactKey: Guid(7dde303f10b9fde4fae4878d2c9f360f) Importer(2089858483,0ecaa5967403d082aa24f35e1b516d23)
Number of updated assets reloaded before import = 0
Start importing Assets/Mirror/Examples/PlayerTest/PlayerTestScene/LightingData.asset using Guid(7dde303f10b9fde4fae4878d2c9f360f) Importer(2089858483,0ecaa5967403d082aa24f35e1b516d23)  -> (artifact id: '851cd015cf8524275cdd8cc962410193') in 0.010759 seconds 
Number of asset objects unloaded after import = 2
========================================================================
Received Import Request.
  Time since last request: 0.000032 seconds.
  path: Assets/Mirror/Examples/RigidbodyPhysics/Materials/Player.mat
  artifactKey: Guid(bbe2c7293af197640a2b40018e79b9a6) Importer(2089858483,0ecaa5967403d082aa24f35e1b516d23)
Number of updated assets reloaded before import = 0
Start importing Assets/Mirror/Examples/RigidbodyPhysics/Materials/Player.mat using Guid(bbe2c7293af197640a2b40018e79b9a6) Importer(2089858483,0ecaa5967403d082aa24f35e1b516d23)  -> (artifact id: 'b4da1fc84341f5e8373e0077900fb5b0') in 0.014510 seconds 
Number of asset objects unloaded after import = 1
========================================================================
Received Import Request.
  Time since last request: 0.000032 seconds.
  path: Assets/Mirror/Examples/RigidbodyBenchmark/Scenes/MirrorRigidbodyBenchmark.unity
  artifactKey: Guid(1585faff4c0ab4a6182a0a6846f1c7a5) Importer(2089858483,0ecaa5967403d082aa24f35e1b516d23)
Number of updated assets reloaded before import = 0
Start importing Assets/Mirror/Examples/RigidbodyBenchmark/Scenes/MirrorRigidbodyBenchmark.unity using Guid(1585faff4c0ab4a6182a0a6846f1c7a5) Importer(2089858483,0ecaa5967403d082aa24f35e1b516d23)  -> (artifact id: '7842cb46b1d042798849c19e074af106') in 0.010922 seconds 
Number of asset objects unloaded after import = 1
========================================================================
Received Import Request.
  Time since last request: 0.000022 seconds.
  path: Assets/Mirror/Examples/Pong/Sprites/Racket.png
  artifactKey: Guid(619ccff3ba2f2a04f9ddd19c264a1ecd) Importer(2089858483,0ecaa5967403d082aa24f35e1b516d23)
Number of updated assets reloaded before import = 0
Start importing Assets/Mirror/Examples/Pong/Sprites/Racket.png using Guid(619ccff3ba2f2a04f9ddd19c264a1ecd) Importer(2089858483,0ecaa5967403d082aa24f35e1b516d23)  -> (artifact id: '369b6459bf1b1dc8581e08527388c82f') in 0.031074 seconds 
Number of asset objects unloaded after import = 3
========================================================================
Received Import Request.
  Time since last request: 0.000052 seconds.
  path: Assets/Mirror/Examples/TanksHybrid/Prefabs/Projectile.prefab
  artifactKey: Guid(91f895dc7a93a4b9394f46cee0fb90c0) Importer(2089858483,0ecaa5967403d082aa24f35e1b516d23)
Number of updated assets reloaded before import = 0
Start importing Assets/Mirror/Examples/TanksHybrid/Prefabs/Projectile.prefab using Guid(91f895dc7a93a4b9394f46cee0fb90c0) Importer(2089858483,0ecaa5967403d082aa24f35e1b516d23)  -> (artifact id: 'ee1472362f6d498a74aa10369c48a345') in 0.014465 seconds 
Number of asset objects unloaded after import = 12
========================================================================
Received Import Request.
  Time since last request: 0.000030 seconds.
  path: Assets/Mirror/Hosting/Edgegap/Editor/EdgegapServerDataManager.cs
  artifactKey: Guid(39f5f27c13279a34eb116630a00e41c2) Importer(2089858483,0ecaa5967403d082aa24f35e1b516d23)
Number of updated assets reloaded before import = 0
Start importing Assets/Mirror/Hosting/Edgegap/Editor/EdgegapServerDataManager.cs using Guid(39f5f27c13279a34eb116630a00e41c2) Importer(2089858483,0ecaa5967403d082aa24f35e1b516d23)  -> (artifact id: '5d5670543198c444c7432902595fa09f') in 0.013206 seconds 
Number of asset objects unloaded after import = 0
========================================================================
Received Import Request.
  Time since last request: 0.000025 seconds.
  path: Assets/TextMesh Pro/Examples & Extras/Resources/Color Gradient Presets/Blue to Purple - Vertical.asset
  artifactKey: Guid(479a66fa4b094512a62b0a8e553ad95a) Importer(2089858483,0ecaa5967403d082aa24f35e1b516d23)
Number of updated assets reloaded before import = 0
Start importing Assets/TextMesh Pro/Examples & Extras/Resources/Color Gradient Presets/Blue to Purple - Vertical.asset using Guid(479a66fa4b094512a62b0a8e553ad95a) Importer(2089858483,0ecaa5967403d082aa24f35e1b516d23)  -> (artifact id: '220f395c5609f30d3bb61a6d3f2c1ebb') in 0.013891 seconds 
Number of asset objects unloaded after import = 1
========================================================================
Received Import Request.
  Time since last request: 0.000024 seconds.
  path: Assets/TextMesh Pro/Examples & Extras/Resources/Fonts & Materials/Bangers SDF - Outline.mat
  artifactKey: Guid(f629c6e43dba4bf38cb74d8860150664) Importer(2089858483,0ecaa5967403d082aa24f35e1b516d23)
Number of updated assets reloaded before import = 0
Start importing Assets/TextMesh Pro/Examples & Extras/Resources/Fonts & Materials/Bangers SDF - Outline.mat using Guid(f629c6e43dba4bf38cb74d8860150664) Importer(2089858483,0ecaa5967403d082aa24f35e1b516d23)  -> (artifact id: '50ab0da8f8014120141408039360f5af') in 0.029995 seconds 
Number of asset objects unloaded after import = 2
========================================================================
Received Import Request.
  Time since last request: 0.000025 seconds.
  path: Assets/Mirror/Transports/Telepathy/Telepathy/NetworkStreamExtensions.cs
  artifactKey: Guid(7a8076c43fa8d4d45831adae232d4d3c) Importer(2089858483,0ecaa5967403d082aa24f35e1b516d23)
Number of updated assets reloaded before import = 0
Start importing Assets/Mirror/Transports/Telepathy/Telepathy/NetworkStreamExtensions.cs using Guid(7a8076c43fa8d4d45831adae232d4d3c) Importer(2089858483,0ecaa5967403d082aa24f35e1b516d23)  -> (artifact id: '22c9bbb2911c4c7909f6f0667dd48703') in 0.011419 seconds 
Number of asset objects unloaded after import = 0
========================================================================
Received Import Request.
  Time since last request: 0.000022 seconds.
  path: Assets/Mirror/Transports/Edgegap/EdgegapRelay/Protocol.cs
  artifactKey: Guid(eac30312ba61470b849e368af3c3b0e9) Importer(2089858483,0ecaa5967403d082aa24f35e1b516d23)
Number of updated assets reloaded before import = 0
Start importing Assets/Mirror/Transports/Edgegap/EdgegapRelay/Protocol.cs using Guid(eac30312ba61470b849e368af3c3b0e9) Importer(2089858483,0ecaa5967403d082aa24f35e1b516d23)  -> (artifact id: '792cd7033a75d923a6dd7695c9929137') in 0.012843 seconds 
Number of asset objects unloaded after import = 1
========================================================================
Received Import Request.
  Time since last request: 0.000025 seconds.
  path: Assets/Mirror/Transports/Encryption/Editor/EncryptionTransportEditor.asmdef
  artifactKey: Guid(4c9c7b0ef83e6e945b276d644816a489) Importer(2089858483,0ecaa5967403d082aa24f35e1b516d23)
Number of updated assets reloaded before import = 0
Start importing Assets/Mirror/Transports/Encryption/Editor/EncryptionTransportEditor.asmdef using Guid(4c9c7b0ef83e6e945b276d644816a489) Importer(2089858483,0ecaa5967403d082aa24f35e1b516d23)  -> (artifact id: '89cc27e738608631e5f9ab8346c16d3a') in 0.019083 seconds 
Number of asset objects unloaded after import = 1
========================================================================
Received Import Request.
  Time since last request: 0.000020 seconds.
  path: Assets/Mirror/Transports/KCP/kcp2k/LICENSE.txt
  artifactKey: Guid(9a3e8369060cf4e94ac117603de47aa6) Importer(2089858483,0ecaa5967403d082aa24f35e1b516d23)
Number of updated assets reloaded before import = 0
Start importing Assets/Mirror/Transports/KCP/kcp2k/LICENSE.txt using Guid(9a3e8369060cf4e94ac117603de47aa6) Importer(2089858483,0ecaa5967403d082aa24f35e1b516d23)  -> (artifact id: 'b3db0f2eb161370b280f28b8546ff928') in 0.015622 seconds 
Number of asset objects unloaded after import = 1
========================================================================
Received Import Request.
  Time since last request: 0.000024 seconds.
  path: Assets/Mirror/Transports/Telepathy/Telepathy/LICENSE
  artifactKey: Guid(0ba11103b95fd4721bffbb08440d5b8e) Importer(2089858483,0ecaa5967403d082aa24f35e1b516d23)
Number of updated assets reloaded before import = 0
Start importing Assets/Mirror/Transports/Telepathy/Telepathy/LICENSE using Guid(0ba11103b95fd4721bffbb08440d5b8e) Importer(2089858483,0ecaa5967403d082aa24f35e1b516d23)  -> (artifact id: '58cdddad01395567e65ee7b60a190db2') in 0.009091 seconds 
Number of asset objects unloaded after import = 1
========================================================================
Received Import Request.
  Time since last request: 0.000027 seconds.
  path: Assets/Mirror/Transports/Telepathy/Telepathy/MagnificentReceivePipe.cs
  artifactKey: Guid(010a208972a9a4e0cb0e7c18a60b4494) Importer(2089858483,0ecaa5967403d082aa24f35e1b516d23)
Number of updated assets reloaded before import = 0
Start importing Assets/Mirror/Transports/Telepathy/Telepathy/MagnificentReceivePipe.cs using Guid(010a208972a9a4e0cb0e7c18a60b4494) Importer(2089858483,0ecaa5967403d082aa24f35e1b516d23)  -> (artifact id: '239b9f989af7f0487b53164e0283c073') in 0.010924 seconds 
Number of asset objects unloaded after import = 0
========================================================================
Received Import Request.
  Time since last request: 0.000031 seconds.
  path: Assets/Mirror/Hosting/Edgegap/Enums/ApiEnvironment.cs
  artifactKey: Guid(dd1ad4f631934cc42b0bc025483f7ffc) Importer(2089858483,0ecaa5967403d082aa24f35e1b516d23)
Number of updated assets reloaded before import = 0
Start importing Assets/Mirror/Hosting/Edgegap/Enums/ApiEnvironment.cs using Guid(dd1ad4f631934cc42b0bc025483f7ffc) Importer(2089858483,0ecaa5967403d082aa24f35e1b516d23)  -> (artifact id: '7c459dcfdda014cda47b6df021dc97e0') in 0.010781 seconds 
Number of asset objects unloaded after import = 0
========================================================================
Received Import Request.
  Time since last request: 0.000022 seconds.
  path: Assets/TextMesh Pro/Examples & Extras/Resources/Fonts & Materials/Roboto-Bold SDF.asset
  artifactKey: Guid(5302535af1044152a457ed104f1f4b91) Importer(2089858483,0ecaa5967403d082aa24f35e1b516d23)
Number of updated assets reloaded before import = 0
Start importing Assets/TextMesh Pro/Examples & Extras/Resources/Fonts & Materials/Roboto-Bold SDF.asset using Guid(5302535af1044152a457ed104f1f4b91) Importer(2089858483,0ecaa5967403d082aa24f35e1b516d23)  -> (artifact id: '8f542456e7fe10ba2150b85ecbb531e2') in 0.040299 seconds 
Number of asset objects unloaded after import = 5
========================================================================
Received Import Request.
  Time since last request: 0.000023 seconds.
  path: Assets/Mirror/Hosting/Edgegap/Editor/Dockerfile
  artifactKey: Guid(74f140c827788b64ebde10a2197d3c0b) Importer(2089858483,0ecaa5967403d082aa24f35e1b516d23)
Number of updated assets reloaded before import = 0
Start importing Assets/Mirror/Hosting/Edgegap/Editor/Dockerfile using Guid(74f140c827788b64ebde10a2197d3c0b) Importer(2089858483,0ecaa5967403d082aa24f35e1b516d23)  -> (artifact id: '8413286b02d7c14c154330650e9e8e4e') in 0.011123 seconds 
Number of asset objects unloaded after import = 1
========================================================================
Received Import Request.
  Time since last request: 0.000024 seconds.
  path: Assets/Mirror/Transports/Telepathy/Telepathy/VERSION
  artifactKey: Guid(d942af06608be434dbeeaa58207d20bd) Importer(2089858483,0ecaa5967403d082aa24f35e1b516d23)
Number of updated assets reloaded before import = 0
Start importing Assets/Mirror/Transports/Telepathy/Telepathy/VERSION using Guid(d942af06608be434dbeeaa58207d20bd) Importer(2089858483,0ecaa5967403d082aa24f35e1b516d23)  -> (artifact id: 'e4c9b011ff7bdcfd197379a6f8250133') in 0.011260 seconds 
Number of asset objects unloaded after import = 1
========================================================================
Received Import Request.
  Time since last request: 0.000029 seconds.
  path: Assets/Mirror/Examples/_Common/Scripts/Respawn.cs
  artifactKey: Guid(276ad7fee659190468450542a55f643c) Importer(2089858483,0ecaa5967403d082aa24f35e1b516d23)
Number of updated assets reloaded before import = 0
Start importing Assets/Mirror/Examples/_Common/Scripts/Respawn.cs using Guid(276ad7fee659190468450542a55f643c) Importer(2089858483,0ecaa5967403d082aa24f35e1b516d23)  -> (artifact id: 'e635bb23de36e942ca6a6f7b8f57847b') in 0.013262 seconds 
Number of asset objects unloaded after import = 1
========================================================================
Received Import Request.
  Time since last request: 0.000028 seconds.
  path: Assets/Mirror/Transports/SimpleWeb/SimpleWeb/LICENSE
  artifactKey: Guid(0a0cf751b4a201242ac60b4adbc54657) Importer(2089858483,0ecaa5967403d082aa24f35e1b516d23)
Number of updated assets reloaded before import = 0
Start importing Assets/Mirror/Transports/SimpleWeb/SimpleWeb/LICENSE using Guid(0a0cf751b4a201242ac60b4adbc54657) Importer(2089858483,0ecaa5967403d082aa24f35e1b516d23)  -> (artifact id: '5bf810ed76a39b1f1d588192082184fa') in 0.011149 seconds 
Number of asset objects unloaded after import = 1
========================================================================
Received Import Request.
  Time since last request: 0.000026 seconds.
  path: Assets/Mirror/Transports/Telepathy/Telepathy/Utils.cs
  artifactKey: Guid(951d08c05297f4b3e8feb5bfcab86531) Importer(2089858483,0ecaa5967403d082aa24f35e1b516d23)
Number of updated assets reloaded before import = 0
Start importing Assets/Mirror/Transports/Telepathy/Telepathy/Utils.cs using Guid(951d08c05297f4b3e8feb5bfcab86531) Importer(2089858483,0ecaa5967403d082aa24f35e1b516d23)  -> (artifact id: 'c444120775e1e0ed9cf3d5811c2212ee') in 0.011472 seconds 
Number of asset objects unloaded after import = 0
========================================================================
Received Import Request.
  Time since last request: 0.000029 seconds.
  path: Assets/Mirror/Hosting/Edgegap/Editor/ButtonShaker.cs
  artifactKey: Guid(f963d64ffcf32ba4bba54fe1cd70b5a1) Importer(2089858483,0ecaa5967403d082aa24f35e1b516d23)
Number of updated assets reloaded before import = 0
Start importing Assets/Mirror/Hosting/Edgegap/Editor/ButtonShaker.cs using Guid(f963d64ffcf32ba4bba54fe1cd70b5a1) Importer(2089858483,0ecaa5967403d082aa24f35e1b516d23)  -> (artifact id: '0322b82c19e57a6a90f4ac0eb5041c84') in 0.015796 seconds 
Number of asset objects unloaded after import = 0
========================================================================
Received Import Request.
  Time since last request: 0.000040 seconds.
  path: Assets/Mirror/Examples/_Common/RobotKyle/Robot Kyle.prefab
  artifactKey: Guid(0c94c6301e1898f45bcc67584818e469) Importer(2089858483,0ecaa5967403d082aa24f35e1b516d23)
Number of updated assets reloaded before import = 0
Start importing Assets/Mirror/Examples/_Common/RobotKyle/Robot Kyle.prefab using Guid(0c94c6301e1898f45bcc67584818e469) Importer(2089858483,0ecaa5967403d082aa24f35e1b516d23)  -> (artifact id: '42fbe9d8db535cbc55c937a400c4ec15') in 0.028317 seconds 
Number of asset objects unloaded after import = 108
========================================================================
Received Import Request.
  Time since last request: 0.000028 seconds.
  path: Assets/TextMesh Pro/Examples & Extras/Resources/Fonts & Materials/Anton SDF - Outline.mat
  artifactKey: Guid(a00013af81304728b2be1f4309ee2433) Importer(2089858483,0ecaa5967403d082aa24f35e1b516d23)
Number of updated assets reloaded before import = 0
Start importing Assets/TextMesh Pro/Examples & Extras/Resources/Fonts & Materials/Anton SDF - Outline.mat using Guid(a00013af81304728b2be1f4309ee2433) Importer(2089858483,0ecaa5967403d082aa24f35e1b516d23)  -> (artifact id: 'b30d4c5857553b5bcbbae1384cd864b9') in 0.034107 seconds 
Number of asset objects unloaded after import = 2
========================================================================
Received Import Request.
  Time since last request: 0.000034 seconds.
  path: Assets/TextMesh Pro/Examples & Extras/Resources/Fonts & Materials/Roboto-Bold SDF - Drop Shadow.mat
  artifactKey: Guid(b246c4190f4e46ec9352fe15a7b09ce0) Importer(2089858483,0ecaa5967403d082aa24f35e1b516d23)
Number of updated assets reloaded before import = 0
Start importing Assets/TextMesh Pro/Examples & Extras/Resources/Fonts & Materials/Roboto-Bold SDF - Drop Shadow.mat using Guid(b246c4190f4e46ec9352fe15a7b09ce0) Importer(2089858483,0ecaa5967403d082aa24f35e1b516d23)  -> (artifact id: '918f40b01a85e8861ccb1a52d451dce0') in 0.031360 seconds 
Number of asset objects unloaded after import = 2
========================================================================
Received Import Request.
  Time since last request: 0.000063 seconds.
  path: Assets/Mirror/Examples/MultipleAdditiveScenes/Materials/Physics/Player.physicMaterial
  artifactKey: Guid(2debad4ac21a6644faf4fc93bd5b5869) Importer(2089858483,0ecaa5967403d082aa24f35e1b516d23)
Number of updated assets reloaded before import = 0
Start importing Assets/Mirror/Examples/MultipleAdditiveScenes/Materials/Physics/Player.physicMaterial using Guid(2debad4ac21a6644faf4fc93bd5b5869) Importer(2089858483,0ecaa5967403d082aa24f35e1b516d23)  -> (artifact id: 'bf0db9dad1d9ecbe4c97fa474db2626e') in 0.011067 seconds 
Number of asset objects unloaded after import = 1
========================================================================
Received Import Request.
  Time since last request: 0.000020 seconds.
  path: Assets/Mirror/Examples/CharacterSelection/Prefabs/Characters/CharacterMedic.prefab
  artifactKey: Guid(c9bc5d2c4dbfe45698e8df60415a0b9b) Importer(2089858483,0ecaa5967403d082aa24f35e1b516d23)
Number of updated assets reloaded before import = 0
Start importing Assets/Mirror/Examples/CharacterSelection/Prefabs/Characters/CharacterMedic.prefab using Guid(c9bc5d2c4dbfe45698e8df60415a0b9b) Importer(2089858483,0ecaa5967403d082aa24f35e1b516d23)  -> (artifact id: '2bb894f2cc935240f063b44719483e28') in 0.045995 seconds 
Number of asset objects unloaded after import = 203
========================================================================
Received Import Request.
  Time since last request: 0.000029 seconds.
  path: Assets/TextMesh Pro/Examples & Extras/Resources/Fonts & Materials/Roboto-Bold SDF - Surface.mat
  artifactKey: Guid(e6b276ec991f467aa14ef1f3cc665993) Importer(2089858483,0ecaa5967403d082aa24f35e1b516d23)
Number of updated assets reloaded before import = 0
Start importing Assets/TextMesh Pro/Examples & Extras/Resources/Fonts & Materials/Roboto-Bold SDF - Surface.mat using Guid(e6b276ec991f467aa14ef1f3cc665993) Importer(2089858483,0ecaa5967403d082aa24f35e1b516d23)  -> (artifact id: 'c1d61934d44acdfe3067cb2a837484f7') in 0.030896 seconds 
Number of asset objects unloaded after import = 2
========================================================================
Received Import Request.
  Time since last request: 0.000021 seconds.
  path: Assets/Mirror/Examples/CharacterSelection/Prefabs/Characters/CharacterAssault.prefab
  artifactKey: Guid(f574d1625ad4549bba64a6edf31b4d10) Importer(2089858483,0ecaa5967403d082aa24f35e1b516d23)
Number of updated assets reloaded before import = 0
Start importing Assets/Mirror/Examples/CharacterSelection/Prefabs/Characters/CharacterAssault.prefab using Guid(f574d1625ad4549bba64a6edf31b4d10) Importer(2089858483,0ecaa5967403d082aa24f35e1b516d23)  -> (artifact id: '5961f7f1854b201147846194c68331e4') in 0.041054 seconds 
Number of asset objects unloaded after import = 243
========================================================================
Received Import Request.
  Time since last request: 0.000029 seconds.
  path: Assets/Mirror/Transports/Edgegap/EdgegapLobby/LobbyApi.cs
  artifactKey: Guid(64510fc75d0d75f4185fec1cf4d12206) Importer(2089858483,0ecaa5967403d082aa24f35e1b516d23)
Number of updated assets reloaded before import = 0
Start importing Assets/Mirror/Transports/Edgegap/EdgegapLobby/LobbyApi.cs using Guid(64510fc75d0d75f4185fec1cf4d12206) Importer(2089858483,0ecaa5967403d082aa24f35e1b516d23)  -> (artifact id: '6f41552d56c41c5391352139a71078da') in 0.021685 seconds 
Number of asset objects unloaded after import = 1
========================================================================
Received Import Request.
  Time since last request: 0.000032 seconds.
  path: Assets/Mirror/Transports/SimpleWeb/SimpleWeb/CHANGELOG.md
  artifactKey: Guid(b0ef23ac1c6a62546bbad5529b3bfdad) Importer(2089858483,0ecaa5967403d082aa24f35e1b516d23)
Number of updated assets reloaded before import = 0
Start importing Assets/Mirror/Transports/SimpleWeb/SimpleWeb/CHANGELOG.md using Guid(b0ef23ac1c6a62546bbad5529b3bfdad) Importer(2089858483,0ecaa5967403d082aa24f35e1b516d23)  -> (artifact id: '6a2a22fa94c1f390b9b0ce59eb9b2eaa') in 0.022120 seconds 
Number of asset objects unloaded after import = 1
========================================================================
Received Import Request.
  Time since last request: 0.000030 seconds.
  path: Assets/Sprites/Gear/hat/pants/pants_attack_right.png
  artifactKey: Guid(0e44a077879d97c40a6dd22ca8f2f51a) Importer(2089858483,0ecaa5967403d082aa24f35e1b516d23)
Number of updated assets reloaded before import = 0
Start importing Assets/Sprites/Gear/hat/pants/pants_attack_right.png using Guid(0e44a077879d97c40a6dd22ca8f2f51a) Importer(2089858483,0ecaa5967403d082aa24f35e1b516d23)  -> (artifact id: 'd29ed71bf3cea4cc250956c868499765') in 0.058418 seconds 
Number of asset objects unloaded after import = 12
========================================================================
Received Import Request.
  Time since last request: 0.000019 seconds.
  path: Assets/Mirror/Examples/_Common/Controllers/PlayerControllerRB/PlayerControllerRBUI.prefab
  artifactKey: Guid(5caaf0d5754a64f4080f0c8b55c0b03d) Importer(2089858483,0ecaa5967403d082aa24f35e1b516d23)
Number of updated assets reloaded before import = 0
Start importing Assets/Mirror/Examples/_Common/Controllers/PlayerControllerRB/PlayerControllerRBUI.prefab using Guid(5caaf0d5754a64f4080f0c8b55c0b03d) Importer(2089858483,0ecaa5967403d082aa24f35e1b516d23)  -> (artifact id: 'd77c9613c799c0798c0e6ad56450523c') in 0.020512 seconds 
Number of asset objects unloaded after import = 157
========================================================================
Received Import Request.
  Time since last request: 0.000035 seconds.
  path: Assets/Mirror/Examples/_Common/Controllers/PlayerControllerRB/PlayerControllerRBReliable.cs
  artifactKey: Guid(0336d1bd689de45418c08c76ae66e503) Importer(2089858483,0ecaa5967403d082aa24f35e1b516d23)
Number of updated assets reloaded before import = 0
Start importing Assets/Mirror/Examples/_Common/Controllers/PlayerControllerRB/PlayerControllerRBReliable.cs using Guid(0336d1bd689de45418c08c76ae66e503) Importer(2089858483,0ecaa5967403d082aa24f35e1b516d23)  -> (artifact id: '9821f776f1c47b040a2f9abac044598f') in 0.013763 seconds 
Number of asset objects unloaded after import = 1
========================================================================
Received Import Request.
  Time since last request: 0.000019 seconds.
  path: Assets/Mirror/Examples/_Common/Controllers/TankController/TankTurretBase.cs
  artifactKey: Guid(ba67fa30a5212ed4e964609050cdc3f5) Importer(2089858483,0ecaa5967403d082aa24f35e1b516d23)
Number of updated assets reloaded before import = 0
Start importing Assets/Mirror/Examples/_Common/Controllers/TankController/TankTurretBase.cs using Guid(ba67fa30a5212ed4e964609050cdc3f5) Importer(2089858483,0ecaa5967403d082aa24f35e1b516d23)  -> (artifact id: '3110bfabb2de882438b89dfa7141d240') in 0.012650 seconds 
Number of asset objects unloaded after import = 1
========================================================================
Received Import Request.
  Time since last request: 0.000033 seconds.
  path: Assets/Mirror/Examples/_Common/TankModel/(Public Domain) Recon_Tank/Normal.png
  artifactKey: Guid(2617bfecca4d44805a3a51a7aa215d7c) Importer(2089858483,0ecaa5967403d082aa24f35e1b516d23)
Number of updated assets reloaded before import = 0
Start importing Assets/Mirror/Examples/_Common/TankModel/(Public Domain) Recon_Tank/Normal.png using Guid(2617bfecca4d44805a3a51a7aa215d7c) Importer(2089858483,0ecaa5967403d082aa24f35e1b516d23)  -> (artifact id: 'b44144838d8a9d2fceae02fc153c8069') in 0.021892 seconds 
Number of asset objects unloaded after import = 1
========================================================================
Received Import Request.
  Time since last request: 0.000019 seconds.
  path: Assets/Mirror/Hosting/Edgegap/Editor/Api/EdgegapIpApi.cs
  artifactKey: Guid(fac4a7425623f39488af09d60549313e) Importer(2089858483,0ecaa5967403d082aa24f35e1b516d23)
Number of updated assets reloaded before import = 0
Start importing Assets/Mirror/Hosting/Edgegap/Editor/Api/EdgegapIpApi.cs using Guid(fac4a7425623f39488af09d60549313e) Importer(2089858483,0ecaa5967403d082aa24f35e1b516d23)  -> (artifact id: 'bdb5950bbe261768423071bfaa5b0369') in 0.011588 seconds 
Number of asset objects unloaded after import = 0
========================================================================
Received Import Request.
  Time since last request: 0.000024 seconds.
  path: Assets/Mirror/Examples/_Common/RobotKyle/Materials/Robot_Color.mat
  artifactKey: Guid(0aa851515cd3747d6b3b3e461199a2ed) Importer(2089858483,0ecaa5967403d082aa24f35e1b516d23)
Number of updated assets reloaded before import = 0
Start importing Assets/Mirror/Examples/_Common/RobotKyle/Materials/Robot_Color.mat using Guid(0aa851515cd3747d6b3b3e461199a2ed) Importer(2089858483,0ecaa5967403d082aa24f35e1b516d23)  -> (artifact id: 'a40ab4c67bc371e1ae6bf679705ad061') in 0.023346 seconds 
Number of asset objects unloaded after import = 3
========================================================================
Received Import Request.
  Time since last request: 0.000024 seconds.
  path: Assets/Mirror/Hosting/Edgegap/Editor/Api/EdgegapApiBase.cs
  artifactKey: Guid(50379f30f5137224aa05a5c7b6b5ebba) Importer(2089858483,0ecaa5967403d082aa24f35e1b516d23)
Number of updated assets reloaded before import = 0
Start importing Assets/Mirror/Hosting/Edgegap/Editor/Api/EdgegapApiBase.cs using Guid(50379f30f5137224aa05a5c7b6b5ebba) Importer(2089858483,0ecaa5967403d082aa24f35e1b516d23)  -> (artifact id: 'ac75d0b7b74e270f16445cccf37413c1') in 0.013015 seconds 
Number of asset objects unloaded after import = 0
========================================================================
Received Import Request.
  Time since last request: 0.000022 seconds.
  path: Assets/Mirror/Examples/_Common/Textures/(Public Domain) Dirt Hand Painted Texture/Dirt.mat
  artifactKey: Guid(29b49c27a74f145918356859bd7af511) Importer(2089858483,0ecaa5967403d082aa24f35e1b516d23)
Number of updated assets reloaded before import = 0
Start importing Assets/Mirror/Examples/_Common/Textures/(Public Domain) Dirt Hand Painted Texture/Dirt.mat using Guid(29b49c27a74f145918356859bd7af511) Importer(2089858483,0ecaa5967403d082aa24f35e1b516d23)  -> (artifact id: 'ed0d8e0423cdea69c476f6068836e6db') in 0.058033 seconds 
Number of asset objects unloaded after import = 2
========================================================================
Received Import Request.
  Time since last request: 0.000026 seconds.
  path: Assets/Mirror/Examples/_Common/Controllers/PlayerControllerRB/PlayerControllerRBUI.cs
  artifactKey: Guid(5b3ad79b59b8ecf4691d945429efae18) Importer(2089858483,0ecaa5967403d082aa24f35e1b516d23)
Number of updated assets reloaded before import = 0
Start importing Assets/Mirror/Examples/_Common/Controllers/PlayerControllerRB/PlayerControllerRBUI.cs using Guid(5b3ad79b59b8ecf4691d945429efae18) Importer(2089858483,0ecaa5967403d082aa24f35e1b516d23)  -> (artifact id: 'a3ed3c4d45fd5fb692a58ab59a4419dd') in 0.012985 seconds 
Number of asset objects unloaded after import = 1
========================================================================
Received Import Request.
  Time since last request: 0.000025 seconds.
  path: Assets/Mirror/Examples/_Common/OpenGameArt/Sounds/impactsplat03.mp3
  artifactKey: Guid(91806d6425f834d1897ded278936ac7f) Importer(2089858483,0ecaa5967403d082aa24f35e1b516d23)
Number of updated assets reloaded before import = 0
Start importing Assets/Mirror/Examples/_Common/OpenGameArt/Sounds/impactsplat03.mp3 using Guid(91806d6425f834d1897ded278936ac7f) Importer(2089858483,0ecaa5967403d082aa24f35e1b516d23)  -> (artifact id: '2f951f5d4c33b98044b26f4ecc6b705f') in 0.100219 seconds 
Number of asset objects unloaded after import = 1
========================================================================
Received Import Request.
  Time since last request: 0.000035 seconds.
  path: Assets/Mirror/Hosting/Edgegap/Editor/Fonts/BaronNeue SDF.asset
  artifactKey: Guid(af70148bee18c584898036462be91b19) Importer(2089858483,0ecaa5967403d082aa24f35e1b516d23)
Number of updated assets reloaded before import = 0
Start importing Assets/Mirror/Hosting/Edgegap/Editor/Fonts/BaronNeue SDF.asset using Guid(af70148bee18c584898036462be91b19) Importer(2089858483,0ecaa5967403d082aa24f35e1b516d23)  -> (artifact id: 'ba89c4e2b29ecded3e4a8740681f5899') in 0.054171 seconds 
Number of asset objects unloaded after import = 4
========================================================================
Received Import Request.
  Time since last request: 0.000041 seconds.
  path: Assets/Mirror/Examples/_Common/OpenGameArt/Sounds/The Good Fight (no intro).mp3
  artifactKey: Guid(2a3e4950d211147bcba9d20e3689c7f6) Importer(2089858483,0ecaa5967403d082aa24f35e1b516d23)
Number of updated assets reloaded before import = 0
Start importing Assets/Mirror/Examples/_Common/OpenGameArt/Sounds/The Good Fight (no intro).mp3 using Guid(2a3e4950d211147bcba9d20e3689c7f6) Importer(2089858483,0ecaa5967403d082aa24f35e1b516d23)  -> (artifact id: '884ce578030df2ed949b6c9817634ef3') in 0.083884 seconds 
Number of asset objects unloaded after import = 1
========================================================================
Received Import Request.
  Time since last request: 0.000021 seconds.
  path: Assets/Mirror/Examples/Room/Scenes/MirrorRoomGame/ReflectionProbe-0.exr
  artifactKey: Guid(dbb3c1c1258bdbe4e8e065a340293089) Importer(2089858483,0ecaa5967403d082aa24f35e1b516d23)
Number of updated assets reloaded before import = 0
Start importing Assets/Mirror/Examples/Room/Scenes/MirrorRoomGame/ReflectionProbe-0.exr using Guid(dbb3c1c1258bdbe4e8e065a340293089) Importer(2089858483,0ecaa5967403d082aa24f35e1b516d23)  -> (artifact id: 'd5b46c88c5fbef24f74b4fdad6328042') in 0.023813 seconds 
Number of asset objects unloaded after import = 1
========================================================================
Received Import Request.
  Time since last request: 0.000021 seconds.
  path: Assets/Mirror/Examples/_Common/Controllers/FlyerController/FlyerControllerUnreliable.cs
  artifactKey: Guid(acd5d4cdfcd42424d9d1fae8f79611e8) Importer(2089858483,0ecaa5967403d082aa24f35e1b516d23)
Number of updated assets reloaded before import = 0
Start importing Assets/Mirror/Examples/_Common/Controllers/FlyerController/FlyerControllerUnreliable.cs using Guid(acd5d4cdfcd42424d9d1fae8f79611e8) Importer(2089858483,0ecaa5967403d082aa24f35e1b516d23)  -> (artifact id: '33530b36329f5f675e92136827b03d97') in 0.013928 seconds 
Number of asset objects unloaded after import = 1
========================================================================
Received Import Request.
  Time since last request: 0.000020 seconds.
  path: Assets/Mirror/Examples/_Common/OpenGameArt/Sounds/05._damage_grunt_male.mp3
  artifactKey: Guid(36629308f3cc74e70a814281fc9410b4) Importer(2089858483,0ecaa5967403d082aa24f35e1b516d23)
Number of updated assets reloaded before import = 0
Start importing Assets/Mirror/Examples/_Common/OpenGameArt/Sounds/05._damage_grunt_male.mp3 using Guid(36629308f3cc74e70a814281fc9410b4) Importer(2089858483,0ecaa5967403d082aa24f35e1b516d23)  -> (artifact id: 'bc2bbd5d6f7e82fa88e9b89397c2198f') in 0.087253 seconds 
Number of asset objects unloaded after import = 1
========================================================================
Received Import Request.
  Time since last request: 0.000024 seconds.
  path: Assets/Mirror/Hosting/Edgegap/Models/SDK/Deployments.cs
  artifactKey: Guid(dbb29bce48edafd44bc53d29322ea9cc) Importer(2089858483,0ecaa5967403d082aa24f35e1b516d23)
Number of updated assets reloaded before import = 0
Start importing Assets/Mirror/Hosting/Edgegap/Models/SDK/Deployments.cs using Guid(dbb29bce48edafd44bc53d29322ea9cc) Importer(2089858483,0ecaa5967403d082aa24f35e1b516d23)  -> (artifact id: 'd82a2d0e654685fb0c946791d8ccdbd9') in 0.012129 seconds 
Number of asset objects unloaded after import = 0
========================================================================
Received Import Request.
  Time since last request: 0.000039 seconds.
  path: Assets/Mirror/Hosting/Edgegap/Models/SDK/AppVersionWhitelistEntry.cs
  artifactKey: Guid(842bcb36eece6a349be9f12052d70501) Importer(2089858483,0ecaa5967403d082aa24f35e1b516d23)
Number of updated assets reloaded before import = 0
Start importing Assets/Mirror/Hosting/Edgegap/Models/SDK/AppVersionWhitelistEntry.cs using Guid(842bcb36eece6a349be9f12052d70501) Importer(2089858483,0ecaa5967403d082aa24f35e1b516d23)  -> (artifact id: 'df32222a4d681e4b567263845d67c8a8') in 0.012200 seconds 
Number of asset objects unloaded after import = 0
========================================================================
Received Import Request.
  Time since last request: 0.000024 seconds.
  path: Assets/Mirror/Hosting/Edgegap/Models/SDK/MatchmakerComponentCreate.cs
  artifactKey: Guid(89b517240216b374781c25112d20c80f) Importer(2089858483,0ecaa5967403d082aa24f35e1b516d23)
Number of updated assets reloaded before import = 0
Start importing Assets/Mirror/Hosting/Edgegap/Models/SDK/MatchmakerComponentCreate.cs using Guid(89b517240216b374781c25112d20c80f) Importer(2089858483,0ecaa5967403d082aa24f35e1b516d23)  -> (artifact id: '39cc26cdd703509725b0d3a2728c4ad2') in 0.012290 seconds 
Number of asset objects unloaded after import = 0
========================================================================
Received Import Request.
  Time since last request: 0.000021 seconds.
  path: Assets/Mirror/Hosting/Edgegap/Models/SDK/MatchmakerComponentEnvsResponse.cs
  artifactKey: Guid(f298c39ee3955064e9fa08140b9800c0) Importer(2089858483,0ecaa5967403d082aa24f35e1b516d23)
Number of updated assets reloaded before import = 0
Start importing Assets/Mirror/Hosting/Edgegap/Models/SDK/MatchmakerComponentEnvsResponse.cs using Guid(f298c39ee3955064e9fa08140b9800c0) Importer(2089858483,0ecaa5967403d082aa24f35e1b516d23)  -> (artifact id: 'd5f7c668461bb7eca1412f8ed01aaa61') in 0.012246 seconds 
Number of asset objects unloaded after import = 0
========================================================================
Received Import Request.
  Time since last request: 0.000034 seconds.
  path: Assets/Mirror/Hosting/Edgegap/Models/SDK/AppVersionWhitelistEntryPayload.cs
  artifactKey: Guid(f217d709e767e4d46a7a725b2eba602d) Importer(2089858483,0ecaa5967403d082aa24f35e1b516d23)
Number of updated assets reloaded before import = 0
Start importing Assets/Mirror/Hosting/Edgegap/Models/SDK/AppVersionWhitelistEntryPayload.cs using Guid(f217d709e767e4d46a7a725b2eba602d) Importer(2089858483,0ecaa5967403d082aa24f35e1b516d23)  -> (artifact id: '36c0ad360604889b0be9b35cb4aca230') in 0.013829 seconds 
Number of asset objects unloaded after import = 0
========================================================================
Received Import Request.
  Time since last request: 0.000029 seconds.
  path: Assets/Mirror/Hosting/Edgegap/Editor/Images/logo_transparent_400_alpha25.png
  artifactKey: Guid(b7012da4ebf9008458abc3ef9a741f3c) Importer(2089858483,0ecaa5967403d082aa24f35e1b516d23)
Number of updated assets reloaded before import = 0
Start importing Assets/Mirror/Hosting/Edgegap/Editor/Images/logo_transparent_400_alpha25.png using Guid(b7012da4ebf9008458abc3ef9a741f3c) Importer(2089858483,0ecaa5967403d082aa24f35e1b516d23)  -> (artifact id: '555ea82cacc40add6e518fe068b217ce') in 0.024245 seconds 
Number of asset objects unloaded after import = 3
========================================================================
Received Import Request.
  Time since last request: 0.000022 seconds.
  path: Assets/Mirror/Hosting/Edgegap/Models/SDK/MatchmakerManagedReleaseUpdate.cs
  artifactKey: Guid(7acebb9dc98970b46bd3b314c5d85105) Importer(2089858483,0ecaa5967403d082aa24f35e1b516d23)
Number of updated assets reloaded before import = 0
Start importing Assets/Mirror/Hosting/Edgegap/Models/SDK/MatchmakerManagedReleaseUpdate.cs using Guid(7acebb9dc98970b46bd3b314c5d85105) Importer(2089858483,0ecaa5967403d082aa24f35e1b516d23)  -> (artifact id: '4e6b71b8950afc73a73fe8541889796f') in 0.012554 seconds 
Number of asset objects unloaded after import = 0
========================================================================
Received Import Request.
  Time since last request: 0.000025 seconds.
  path: Assets/Mirror/Hosting/Edgegap/Models/SDK/MatchmakerResponse.cs
  artifactKey: Guid(3e4340cda5d67e44e91c65240303fd4f) Importer(2089858483,0ecaa5967403d082aa24f35e1b516d23)
Number of updated assets reloaded before import = 0
Start importing Assets/Mirror/Hosting/Edgegap/Models/SDK/MatchmakerResponse.cs using Guid(3e4340cda5d67e44e91c65240303fd4f) Importer(2089858483,0ecaa5967403d082aa24f35e1b516d23)  -> (artifact id: '5c1b8be0a869999311520f32c51ea208') in 0.012937 seconds 
Number of asset objects unloaded after import = 0
========================================================================
Received Import Request.
  Time since last request: 0.000024 seconds.
  path: Assets/Mirror/Hosting/Edgegap/Models/SDK/Delete.cs
  artifactKey: Guid(194e968969469794186c2983239884bb) Importer(2089858483,0ecaa5967403d082aa24f35e1b516d23)
Number of updated assets reloaded before import = 0
Start importing Assets/Mirror/Hosting/Edgegap/Models/SDK/Delete.cs using Guid(194e968969469794186c2983239884bb) Importer(2089858483,0ecaa5967403d082aa24f35e1b516d23)  -> (artifact id: '1cba260ec74823b9049b87620e0ed9b0') in 0.013055 seconds 
Number of asset objects unloaded after import = 0
========================================================================
Received Import Request.
  Time since last request: 0.000022 seconds.
  path: Assets/Mirror/Hosting/Edgegap/Models/SDK/AppVersions.cs
  artifactKey: Guid(9512253adc2b9554e92ac5746f581ce4) Importer(2089858483,0ecaa5967403d082aa24f35e1b516d23)
Number of updated assets reloaded before import = 0
Start importing Assets/Mirror/Hosting/Edgegap/Models/SDK/AppVersions.cs using Guid(9512253adc2b9554e92ac5746f581ce4) Importer(2089858483,0ecaa5967403d082aa24f35e1b516d23)  -> (artifact id: '8eae20c99aa26dd7250c88ae421a793c') in 0.012866 seconds 
Number of asset objects unloaded after import = 0
========================================================================
Received Import Request.
  Time since last request: 0.000024 seconds.
  path: Assets/Mirror/Examples/_Common/Controllers/FlyerController/FlyerControllerReliable.cs
  artifactKey: Guid(ea5cb2c21c7b53847b5d39d172f84080) Importer(2089858483,0ecaa5967403d082aa24f35e1b516d23)
Number of updated assets reloaded before import = 0
Start importing Assets/Mirror/Examples/_Common/Controllers/FlyerController/FlyerControllerReliable.cs using Guid(ea5cb2c21c7b53847b5d39d172f84080) Importer(2089858483,0ecaa5967403d082aa24f35e1b516d23)  -> (artifact id: 'f257130537a8760905adfa1b8937d218') in 0.013947 seconds 
Number of asset objects unloaded after import = 1
========================================================================
Received Import Request.
  Time since last request: 0.000024 seconds.
  path: Assets/Mirror/Examples/Tanks/Scripts/Box.cs
  artifactKey: Guid(bf9fc8899cb57ff4faff8849692b109f) Importer(2089858483,0ecaa5967403d082aa24f35e1b516d23)
Number of updated assets reloaded before import = 0
Start importing Assets/Mirror/Examples/Tanks/Scripts/Box.cs using Guid(bf9fc8899cb57ff4faff8849692b109f) Importer(2089858483,0ecaa5967403d082aa24f35e1b516d23)  -> (artifact id: '6fb0039850f879aa9b21081e553361a6') in 0.011705 seconds 
Number of asset objects unloaded after import = 0
========================================================================
Received Import Request.
  Time since last request: 0.000027 seconds.
  path: Assets/Sprites/Gear/hat/pants/pants_walk_back.png
  artifactKey: Guid(64abee11c6a84b94784b4b2011fb1c5a) Importer(2089858483,0ecaa5967403d082aa24f35e1b516d23)
Number of updated assets reloaded before import = 0
Start importing Assets/Sprites/Gear/hat/pants/pants_walk_back.png using Guid(64abee11c6a84b94784b4b2011fb1c5a) Importer(2089858483,0ecaa5967403d082aa24f35e1b516d23)  -> (artifact id: '0d40a12d5efb16199dd680633f3e81fd') in 0.086867 seconds 
Number of asset objects unloaded after import = 18
========================================================================
Received Import Request.
  Time since last request: 0.000028 seconds.
  path: Assets/Mirror/Hosting/Edgegap/Models/SDK/ApiModelContainerlogs.cs
  artifactKey: Guid(10664f91af08bc14a966ec6d11ca01bd) Importer(2089858483,0ecaa5967403d082aa24f35e1b516d23)
Number of updated assets reloaded before import = 0
Start importing Assets/Mirror/Hosting/Edgegap/Models/SDK/ApiModelContainerlogs.cs using Guid(10664f91af08bc14a966ec6d11ca01bd) Importer(2089858483,0ecaa5967403d082aa24f35e1b516d23)  -> (artifact id: 'd746e022a20f6329285278cecbe2571b') in 0.011207 seconds 
Number of asset objects unloaded after import = 0
========================================================================
Received Import Request.
  Time since last request: 0.000124 seconds.
  path: Assets/Mirror/Transports/SimpleWeb/SimpleWeb/README.txt
  artifactKey: Guid(0e3971d5783109f4d9ce93c7a689d701) Importer(2089858483,0ecaa5967403d082aa24f35e1b516d23)
Number of updated assets reloaded before import = 0
Start importing Assets/Mirror/Transports/SimpleWeb/SimpleWeb/README.txt using Guid(0e3971d5783109f4d9ce93c7a689d701) Importer(2089858483,0ecaa5967403d082aa24f35e1b516d23)  -> (artifact id: '17ebb476d0da3d089fbe5db055b83ed1') in 0.016454 seconds 
Number of asset objects unloaded after import = 1
========================================================================
Received Import Request.
  Time since last request: 0.000032 seconds.
  path: Assets/Mirror/Hosting/Edgegap/Editor/EdgegapWindow.uss
  artifactKey: Guid(b1a2e4572c5de8840ac8d98377d409ae) Importer(2089858483,0ecaa5967403d082aa24f35e1b516d23)
Number of updated assets reloaded before import = 0
Start importing Assets/Mirror/Hosting/Edgegap/Editor/EdgegapWindow.uss using Guid(b1a2e4572c5de8840ac8d98377d409ae) Importer(2089858483,0ecaa5967403d082aa24f35e1b516d23)  -> (artifact id: 'fa3cc7f1b293a395cb9a908acd75bcc7') in 0.033032 seconds 
Number of asset objects unloaded after import = 3
========================================================================
Received Import Request.
  Time since last request: 0.000022 seconds.
  path: Assets/TextMesh Pro/Examples & Extras/Scripts/VertexShakeB.cs
  artifactKey: Guid(e4e0d9ccee5f4950be8979268c9014e0) Importer(2089858483,0ecaa5967403d082aa24f35e1b516d23)
Number of updated assets reloaded before import = 0
Start importing Assets/TextMesh Pro/Examples & Extras/Scripts/VertexShakeB.cs using Guid(e4e0d9ccee5f4950be8979268c9014e0) Importer(2089858483,0ecaa5967403d082aa24f35e1b516d23)  -> (artifact id: 'b30edf9caeff5031ca971dd9c463f667') in 0.011538 seconds 
Number of asset objects unloaded after import = 0
========================================================================
Received Import Request.
  Time since last request: 0.000023 seconds.
  path: Assets/Sprites/skeleton_1/attack_down/attack_down_1_0007.png
  artifactKey: Guid(c7f7b73041afe914b8678ffef85ef22a) Importer(2089858483,0ecaa5967403d082aa24f35e1b516d23)
Number of updated assets reloaded before import = 0
Start importing Assets/Sprites/skeleton_1/attack_down/attack_down_1_0007.png using Guid(c7f7b73041afe914b8678ffef85ef22a) Importer(2089858483,0ecaa5967403d082aa24f35e1b516d23)  -> (artifact id: '0c0f2cda5c4c8aaa30fda85938b12aff') in 0.023258 seconds 
Number of asset objects unloaded after import = 3
========================================================================
Received Import Request.
  Time since last request: 0.000019 seconds.
  path: Assets/TextMesh Pro/Examples & Extras/Scripts/TMP_PhoneNumberValidator.cs
  artifactKey: Guid(83680ab1a69f4102ac67d1459fe76e1f) Importer(2089858483,0ecaa5967403d082aa24f35e1b516d23)
Number of updated assets reloaded before import = 0
Start importing Assets/TextMesh Pro/Examples & Extras/Scripts/TMP_PhoneNumberValidator.cs using Guid(83680ab1a69f4102ac67d1459fe76e1f) Importer(2089858483,0ecaa5967403d082aa24f35e1b516d23)  -> (artifact id: '9e8414ec854bfb0b872e8e71a2b1cdb5') in 0.011769 seconds 
Number of asset objects unloaded after import = 0
========================================================================
Received Import Request.
  Time since last request: 0.000030 seconds.
  path: Assets/Mirror/Examples/AdditiveLevels/Scenes/MirrorAdditiveLevelsSubLevel1.unity
  artifactKey: Guid(91c0fa5f4542be14dbad5c838292056b) Importer(2089858483,0ecaa5967403d082aa24f35e1b516d23)
Number of updated assets reloaded before import = 0
Start importing Assets/Mirror/Examples/AdditiveLevels/Scenes/MirrorAdditiveLevelsSubLevel1.unity using Guid(91c0fa5f4542be14dbad5c838292056b) Importer(2089858483,0ecaa5967403d082aa24f35e1b516d23)  -> (artifact id: '8c7fbfe39141dc05ea3b4becf79e3912') in 0.012783 seconds 
Number of asset objects unloaded after import = 1
========================================================================
Received Import Request.
  Time since last request: 0.000028 seconds.
  path: Assets/Mirror/Examples/_Common/Controllers/TankController/TankControllerReliable.cs
  artifactKey: Guid(275b33356ccf3ad4f96b0084f0128272) Importer(2089858483,0ecaa5967403d082aa24f35e1b516d23)
Number of updated assets reloaded before import = 0
Start importing Assets/Mirror/Examples/_Common/Controllers/TankController/TankControllerReliable.cs using Guid(275b33356ccf3ad4f96b0084f0128272) Importer(2089858483,0ecaa5967403d082aa24f35e1b516d23)  -> (artifact id: '18276bbafe1bcc4d01fa97cd7d17b061') in 0.014926 seconds 
Number of asset objects unloaded after import = 1
========================================================================
Received Import Request.
  Time since last request: 0.000019 seconds.
  path: Assets/Mirror/Examples/TopDownShooter/Textures/EnemyHand2.png
  artifactKey: Guid(11bcf0fdbeb2940ecb39c03cc7427a2a) Importer(2089858483,0ecaa5967403d082aa24f35e1b516d23)
Number of updated assets reloaded before import = 0
Start importing Assets/Mirror/Examples/TopDownShooter/Textures/EnemyHand2.png using Guid(11bcf0fdbeb2940ecb39c03cc7427a2a) Importer(2089858483,0ecaa5967403d082aa24f35e1b516d23)  -> (artifact id: '72730a5650ec3fb808ab6b662d125f8b') in 0.029935 seconds 
Number of asset objects unloaded after import = 1
========================================================================
Received Import Request.
  Time since last request: 0.000023 seconds.
  path: Assets/Mirror/Hosting/Edgegap/Editor/Api/Models/Results/GetDeploymentResult.cs
  artifactKey: Guid(87df84c48a738aa48b66d0c42aacb3db) Importer(2089858483,0ecaa5967403d082aa24f35e1b516d23)
Number of updated assets reloaded before import = 0
Start importing Assets/Mirror/Hosting/Edgegap/Editor/Api/Models/Results/GetDeploymentResult.cs using Guid(87df84c48a738aa48b66d0c42aacb3db) Importer(2089858483,0ecaa5967403d082aa24f35e1b516d23)  -> (artifact id: '244dc422bb6ee7ffa8a7886a4e58557b') in 0.011597 seconds 
Number of asset objects unloaded after import = 0
========================================================================
Received Import Request.
  Time since last request: 0.000057 seconds.
  path: Assets/Mirror/Hosting/Edgegap/Models/SDK/StaticSites.cs
  artifactKey: Guid(e75be496dcaa516468e69cc1a0ebd1ae) Importer(2089858483,0ecaa5967403d082aa24f35e1b516d23)
Number of updated assets reloaded before import = 0
Start importing Assets/Mirror/Hosting/Edgegap/Models/SDK/StaticSites.cs using Guid(e75be496dcaa516468e69cc1a0ebd1ae) Importer(2089858483,0ecaa5967403d082aa24f35e1b516d23)  -> (artifact id: 'cf2012bf30c5a189e38e4af3270af5e2') in 0.011256 seconds 
Number of asset objects unloaded after import = 0
========================================================================
Received Import Request.
  Time since last request: 0.000030 seconds.
  path: Assets/Mirror/Transports/Edgegap/EdgegapLobby/Models/ListLobbiesResponse.cs
  artifactKey: Guid(fdb37041d9464f8c90ac86942b940565) Importer(2089858483,0ecaa5967403d082aa24f35e1b516d23)
Number of updated assets reloaded before import = 0
Start importing Assets/Mirror/Transports/Edgegap/EdgegapLobby/Models/ListLobbiesResponse.cs using Guid(fdb37041d9464f8c90ac86942b940565) Importer(2089858483,0ecaa5967403d082aa24f35e1b516d23)  -> (artifact id: '6fb3f0e815ceeb2677d64ae38d8e45ff') in 0.012223 seconds 
Number of asset objects unloaded after import = 1
========================================================================
Received Import Request.
  Time since last request: 0.000030 seconds.
  path: Assets/Mirror/Transports/SimpleWeb/SimpleWeb/Server/ServerHandshake.cs
  artifactKey: Guid(6268509ac4fb48141b9944c03295da11) Importer(2089858483,0ecaa5967403d082aa24f35e1b516d23)
Number of updated assets reloaded before import = 0
Start importing Assets/Mirror/Transports/SimpleWeb/SimpleWeb/Server/ServerHandshake.cs using Guid(6268509ac4fb48141b9944c03295da11) Importer(2089858483,0ecaa5967403d082aa24f35e1b516d23)  -> (artifact id: '160bcb06f5a038483b937ae6b5e7f531') in 0.011599 seconds 
Number of asset objects unloaded after import = 0
========================================================================
Received Import Request.
  Time since last request: 0.000042 seconds.
  path: Assets/Mirror/Transports/SimpleWeb/SimpleWeb/Server/ServerSslHelper.cs
  artifactKey: Guid(11061fee528ebdd43817a275b1e4a317) Importer(2089858483,0ecaa5967403d082aa24f35e1b516d23)
Number of updated assets reloaded before import = 0
Start importing Assets/Mirror/Transports/SimpleWeb/SimpleWeb/Server/ServerSslHelper.cs using Guid(11061fee528ebdd43817a275b1e4a317) Importer(2089858483,0ecaa5967403d082aa24f35e1b516d23)  -> (artifact id: '80548cef2bf3a7f5f3451730798a9983') in 0.025846 seconds 
Number of asset objects unloaded after import = 0
========================================================================
Received Import Request.
  Time since last request: 0.000038 seconds.
  path: Assets/Mirror/Hosting/Edgegap/Editor/Api/Models/Requests/CreateAppVersionRequest.cs
  artifactKey: Guid(0bb645e2f9d04384a85739269cc8a4e1) Importer(2089858483,0ecaa5967403d082aa24f35e1b516d23)
Number of updated assets reloaded before import = 0
Start importing Assets/Mirror/Hosting/Edgegap/Editor/Api/Models/Requests/CreateAppVersionRequest.cs using Guid(0bb645e2f9d04384a85739269cc8a4e1) Importer(2089858483,0ecaa5967403d082aa24f35e1b516d23)  -> (artifact id: '033292b88fee3d4ea0513f77c723db06') in 0.015604 seconds 
Number of asset objects unloaded after import = 0
========================================================================
Received Import Request.
  Time since last request: 0.000044 seconds.
  path: Assets/Mirror/Transports/KCP/kcp2k/highlevel/KcpServerConnection.cs
  artifactKey: Guid(80a9b1ce9a6f14abeb32bfa9921d097b) Importer(2089858483,0ecaa5967403d082aa24f35e1b516d23)
Number of updated assets reloaded before import = 0
Start importing Assets/Mirror/Transports/KCP/kcp2k/highlevel/KcpServerConnection.cs using Guid(80a9b1ce9a6f14abeb32bfa9921d097b) Importer(2089858483,0ecaa5967403d082aa24f35e1b516d23)  -> (artifact id: '1b4d9aafe4b935ae0b3edfc59e64f432') in 0.012646 seconds 
Number of asset objects unloaded after import = 0
========================================================================
Received Import Request.
  Time since last request: 0.000025 seconds.
  path: Assets/Mirror/Transports/KCP/kcp2k/highlevel/ErrorCode.cs
  artifactKey: Guid(3abbeffc1d794f11a45b7fcf110353f5) Importer(2089858483,0ecaa5967403d082aa24f35e1b516d23)
Number of updated assets reloaded before import = 0
Start importing Assets/Mirror/Transports/KCP/kcp2k/highlevel/ErrorCode.cs using Guid(3abbeffc1d794f11a45b7fcf110353f5) Importer(2089858483,0ecaa5967403d082aa24f35e1b516d23)  -> (artifact id: '76f6a03e92f7e35b7314f068ea911788') in 0.011865 seconds 
Number of asset objects unloaded after import = 0
========================================================================
Received Import Request.
  Time since last request: 0.000034 seconds.
  path: Assets/Mirror/Examples/BenchmarkStinkySteak/Dependencies/netcode-benchmarker-util/Runtime/Scripts/BehaviourConfig.cs
  artifactKey: Guid(b345aa8c625f48c42b128a3818160fa1) Importer(2089858483,0ecaa5967403d082aa24f35e1b516d23)
Number of updated assets reloaded before import = 0
Start importing Assets/Mirror/Examples/BenchmarkStinkySteak/Dependencies/netcode-benchmarker-util/Runtime/Scripts/BehaviourConfig.cs using Guid(b345aa8c625f48c42b128a3818160fa1) Importer(2089858483,0ecaa5967403d082aa24f35e1b516d23)  -> (artifact id: '1e0c418f1de24ab10f492204d9783fd8') in 0.011914 seconds 
Number of asset objects unloaded after import = 0
========================================================================
Received Import Request.
  Time since last request: 0.000022 seconds.
  path: Assets/Mirror/Hosting/Edgegap/Editor/Api/Models/Results/CreateDeploymentResult.cs
  artifactKey: Guid(8361abc6f84fccd4cba26dc285d335dd) Importer(2089858483,0ecaa5967403d082aa24f35e1b516d23)
Number of updated assets reloaded before import = 0
Start importing Assets/Mirror/Hosting/Edgegap/Editor/Api/Models/Results/CreateDeploymentResult.cs using Guid(8361abc6f84fccd4cba26dc285d335dd) Importer(2089858483,0ecaa5967403d082aa24f35e1b516d23)  -> (artifact id: '9e974f92390a78afd5bd1a610b11dc59') in 0.012895 seconds 
Number of asset objects unloaded after import = 0
========================================================================
Received Import Request.
  Time since last request: 0.000031 seconds.
  path: Assets/Mirror/Transports/KCP/kcp2k/kcp/AckItem.cs
  artifactKey: Guid(71f47cb11125d429e84e188a150f3ae5) Importer(2089858483,0ecaa5967403d082aa24f35e1b516d23)
Number of updated assets reloaded before import = 0
Start importing Assets/Mirror/Transports/KCP/kcp2k/kcp/AckItem.cs using Guid(71f47cb11125d429e84e188a150f3ae5) Importer(2089858483,0ecaa5967403d082aa24f35e1b516d23)  -> (artifact id: 'd45533fd83905d29e9d01febb3a4c749') in 0.012040 seconds 
Number of asset objects unloaded after import = 0
========================================================================
Received Import Request.
  Time since last request: 0.000033 seconds.
  path: Assets/Mirror/Hosting/Edgegap/Models/SDK/SessionRequest.cs
  artifactKey: Guid(ec515d4e5da52f64dbe46cbb55d9d296) Importer(2089858483,0ecaa5967403d082aa24f35e1b516d23)
Number of updated assets reloaded before import = 0
Start importing Assets/Mirror/Hosting/Edgegap/Models/SDK/SessionRequest.cs using Guid(ec515d4e5da52f64dbe46cbb55d9d296) Importer(2089858483,0ecaa5967403d082aa24f35e1b516d23)  -> (artifact id: '446ebc9868f6200cd8be9894d9100554') in 0.010840 seconds 
Number of asset objects unloaded after import = 0
========================================================================
Received Import Request.
  Time since last request: 0.000023 seconds.
  path: Assets/Mirror/Hosting/Edgegap/Editor/Api/Models/Results/GetDeploymentsResult.cs
  artifactKey: Guid(d39faf2ee20bb0647b63b9b72910d2c8) Importer(2089858483,0ecaa5967403d082aa24f35e1b516d23)
Number of updated assets reloaded before import = 0
Start importing Assets/Mirror/Hosting/Edgegap/Editor/Api/Models/Results/GetDeploymentsResult.cs using Guid(d39faf2ee20bb0647b63b9b72910d2c8) Importer(2089858483,0ecaa5967403d082aa24f35e1b516d23)  -> (artifact id: 'c34a3219cc775d93c60df95879b2d368') in 0.011528 seconds 
Number of asset objects unloaded after import = 0
========================================================================
Received Import Request.
  Time since last request: 0.000023 seconds.
  path: Assets/Mirror/Transports/Edgegap/EdgegapLobby/Models/LobbyIdRequest.cs
  artifactKey: Guid(219c7fba8724473caf170c6254e6dc45) Importer(2089858483,0ecaa5967403d082aa24f35e1b516d23)
Number of updated assets reloaded before import = 0
Start importing Assets/Mirror/Transports/Edgegap/EdgegapLobby/Models/LobbyIdRequest.cs using Guid(219c7fba8724473caf170c6254e6dc45) Importer(2089858483,0ecaa5967403d082aa24f35e1b516d23)  -> (artifact id: 'a59c94c7d35f82e8e9b1e1de3b821509') in 0.014274 seconds 
Number of asset objects unloaded after import = 1
========================================================================
Received Import Request.
  Time since last request: 0.000027 seconds.
  path: Assets/Mirror/Transports/SimpleWeb/SimpleWeb/Common/TcpConfig.cs
  artifactKey: Guid(81ac8d35f28fab14b9edda5cd9d4fc86) Importer(2089858483,0ecaa5967403d082aa24f35e1b516d23)
Number of updated assets reloaded before import = 0
Start importing Assets/Mirror/Transports/SimpleWeb/SimpleWeb/Common/TcpConfig.cs using Guid(81ac8d35f28fab14b9edda5cd9d4fc86) Importer(2089858483,0ecaa5967403d082aa24f35e1b516d23)  -> (artifact id: 'f23fb98c1a39b95b3e363e2550b9fe46') in 0.012377 seconds 
Number of asset objects unloaded after import = 0
========================================================================
Received Import Request.
  Time since last request: 0.000027 seconds.
  path: Assets/Mirror/Transports/Encryption/Plugins/BouncyCastle/LICENSE.md
  artifactKey: Guid(2b45a99b5583cda419e1f1ec943fec4b) Importer(2089858483,0ecaa5967403d082aa24f35e1b516d23)
Number of updated assets reloaded before import = 0
Start importing Assets/Mirror/Transports/Encryption/Plugins/BouncyCastle/LICENSE.md using Guid(2b45a99b5583cda419e1f1ec943fec4b) Importer(2089858483,0ecaa5967403d082aa24f35e1b516d23)  -> (artifact id: 'bafc72d515c62d1825e3b55f7d508765') in 0.021321 seconds 
Number of asset objects unloaded after import = 1
========================================================================
Received Import Request.
  Time since last request: 0.000030 seconds.
  path: Assets/Mirror/Transports/SimpleWeb/SimpleWeb/Common/SendLoop.cs
  artifactKey: Guid(f87dd81736d9c824db67f808ac71841d) Importer(2089858483,0ecaa5967403d082aa24f35e1b516d23)
Number of updated assets reloaded before import = 0
Start importing Assets/Mirror/Transports/SimpleWeb/SimpleWeb/Common/SendLoop.cs using Guid(f87dd81736d9c824db67f808ac71841d) Importer(2089858483,0ecaa5967403d082aa24f35e1b516d23)  -> (artifact id: '1af5b0edcd966cc5a6adb941a95a9743') in 0.011548 seconds 
Number of asset objects unloaded after import = 0
========================================================================
Received Import Request.
  Time since last request: 0.000030 seconds.
  path: Assets/Mirror/Examples/BenchmarkStinkySteak/Dependencies/netcode-benchmarker-util/Runtime/Shaders/Unlit.shader
  artifactKey: Guid(2126a83145dd7bc48959270850637c77) Importer(2089858483,0ecaa5967403d082aa24f35e1b516d23)
Number of updated assets reloaded before import = 0
Start importing Assets/Mirror/Examples/BenchmarkStinkySteak/Dependencies/netcode-benchmarker-util/Runtime/Shaders/Unlit.shader using Guid(2126a83145dd7bc48959270850637c77) Importer(2089858483,0ecaa5967403d082aa24f35e1b516d23)  -> (artifact id: '867969094b1ceec57cd3b006d8c00e64') in 0.019548 seconds 
Number of asset objects unloaded after import = 1
========================================================================
Received Import Request.
  Time since last request: 0.000034 seconds.
  path: Assets/Mirror/Hosting/Edgegap/Editor/Api/Models/Results/UpsertAppVersionResult.cs
  artifactKey: Guid(a7dde7d59c66d8c44b86af35e853f9f5) Importer(2089858483,0ecaa5967403d082aa24f35e1b516d23)
Number of updated assets reloaded before import = 0
Start importing Assets/Mirror/Hosting/Edgegap/Editor/Api/Models/Results/UpsertAppVersionResult.cs using Guid(a7dde7d59c66d8c44b86af35e853f9f5) Importer(2089858483,0ecaa5967403d082aa24f35e1b516d23)  -> (artifact id: '2d8e24d9170892784c98a48767708885') in 0.011271 seconds 
Number of asset objects unloaded after import = 0
========================================================================
Received Import Request.
  Time since last request: 0.000025 seconds.
  path: Assets/Mirror/Examples/BenchmarkStinkySteak/Dependencies/Unity-Simulation-Timer/Runtime/SimulationTimer.cs
  artifactKey: Guid(c3dc5b6ba56d2c94b8078dc70de8d5c1) Importer(2089858483,0ecaa5967403d082aa24f35e1b516d23)
Number of updated assets reloaded before import = 0
Start importing Assets/Mirror/Examples/BenchmarkStinkySteak/Dependencies/Unity-Simulation-Timer/Runtime/SimulationTimer.cs using Guid(c3dc5b6ba56d2c94b8078dc70de8d5c1) Importer(2089858483,0ecaa5967403d082aa24f35e1b516d23)  -> (artifact id: '09b17d85e64ce2d49e911afc1578631e') in 0.013361 seconds 
Number of asset objects unloaded after import = 0
========================================================================
Received Import Request.
  Time since last request: 0.000027 seconds.
  path: Assets/Mirror/Transports/SimpleWeb/SimpleWeb/Client/StandAlone/ClientHandshake.cs
  artifactKey: Guid(3ffdcabc9e28f764a94fc4efc82d3e8b) Importer(2089858483,0ecaa5967403d082aa24f35e1b516d23)
Number of updated assets reloaded before import = 0
Start importing Assets/Mirror/Transports/SimpleWeb/SimpleWeb/Client/StandAlone/ClientHandshake.cs using Guid(3ffdcabc9e28f764a94fc4efc82d3e8b) Importer(2089858483,0ecaa5967403d082aa24f35e1b516d23)  -> (artifact id: 'e530b9c566fef67306776bf865bbdd07') in 0.011668 seconds 
Number of asset objects unloaded after import = 0
========================================================================
Received Import Request.
  Time since last request: 0.000025 seconds.
  path: Assets/Mirror/Hosting/Edgegap/Models/SDK/SessionContext.cs
  artifactKey: Guid(c04580c90e42bc347bd30dd1c957a03a) Importer(2089858483,0ecaa5967403d082aa24f35e1b516d23)
Number of updated assets reloaded before import = 0
Start importing Assets/Mirror/Hosting/Edgegap/Models/SDK/SessionContext.cs using Guid(c04580c90e42bc347bd30dd1c957a03a) Importer(2089858483,0ecaa5967403d082aa24f35e1b516d23)  -> (artifact id: 'ce1912de6d55e1a9f7cf4607e699c205') in 0.012298 seconds 
Number of asset objects unloaded after import = 0
========================================================================
Received Import Request.
  Time since last request: 0.000025 seconds.
  path: Assets/Mirror/Transports/KCP/kcp2k/kcp/Kcp.cs
  artifactKey: Guid(a59b1cae10a334faf807432ab472f212) Importer(2089858483,0ecaa5967403d082aa24f35e1b516d23)
Number of updated assets reloaded before import = 0
Start importing Assets/Mirror/Transports/KCP/kcp2k/kcp/Kcp.cs using Guid(a59b1cae10a334faf807432ab472f212) Importer(2089858483,0ecaa5967403d082aa24f35e1b516d23)  -> (artifact id: 'a6be6e56b08dca28446c90724c48186f') in 0.011449 seconds 
Number of asset objects unloaded after import = 0
========================================================================
Received Import Request.
  Time since last request: 0.000026 seconds.
  path: Assets/Mirror/Hosting/Edgegap/Models/SDK/PatchSessionModel.cs
  artifactKey: Guid(271a9addc168d7b4297dbf1b39f5769e) Importer(2089858483,0ecaa5967403d082aa24f35e1b516d23)
Number of updated assets reloaded before import = 0
Start importing Assets/Mirror/Hosting/Edgegap/Models/SDK/PatchSessionModel.cs using Guid(271a9addc168d7b4297dbf1b39f5769e) Importer(2089858483,0ecaa5967403d082aa24f35e1b516d23)  -> (artifact id: '8de97d365fa9bcdff59779d42bebe128') in 0.012618 seconds 
Number of asset objects unloaded after import = 0
========================================================================
Received Import Request.
  Time since last request: 0.000023 seconds.
  path: Assets/Mirror/Transports/SimpleWeb/SimpleWeb/Client/ClientWebsocketSettings.cs
  artifactKey: Guid(20ed869c5ba54a56b750ac9e82be069f) Importer(2089858483,0ecaa5967403d082aa24f35e1b516d23)
Number of updated assets reloaded before import = 0
Start importing Assets/Mirror/Transports/SimpleWeb/SimpleWeb/Client/ClientWebsocketSettings.cs using Guid(20ed869c5ba54a56b750ac9e82be069f) Importer(2089858483,0ecaa5967403d082aa24f35e1b516d23)  -> (artifact id: '1ce2872b044d2bbd0bc559d0d75739c6') in 0.012003 seconds 
Number of asset objects unloaded after import = 0
========================================================================
Received Import Request.
  Time since last request: 0.000027 seconds.
  path: Assets/Mirror/Hosting/Edgegap/Editor/Api/Models/Results/GetDeploymentStatusResult.cs
  artifactKey: Guid(c658b7f5c5d5d0648934b0ae1d71de9a) Importer(2089858483,0ecaa5967403d082aa24f35e1b516d23)
Number of updated assets reloaded before import = 0
Start importing Assets/Mirror/Hosting/Edgegap/Editor/Api/Models/Results/GetDeploymentStatusResult.cs using Guid(c658b7f5c5d5d0648934b0ae1d71de9a) Importer(2089858483,0ecaa5967403d082aa24f35e1b516d23)  -> (artifact id: '8ce4c5ae5c282a80c662c2312894efe3') in 0.012338 seconds 
Number of asset objects unloaded after import = 0
========================================================================
Received Import Request.
  Time since last request: 0.000023 seconds.
  path: Assets/Mirror/Hosting/Edgegap/Editor/Api/Models/ProtocolType.cs
  artifactKey: Guid(be5acd63e783b364ebdbb783639e2d32) Importer(2089858483,0ecaa5967403d082aa24f35e1b516d23)
Number of updated assets reloaded before import = 0
Start importing Assets/Mirror/Hosting/Edgegap/Editor/Api/Models/ProtocolType.cs using Guid(be5acd63e783b364ebdbb783639e2d32) Importer(2089858483,0ecaa5967403d082aa24f35e1b516d23)  -> (artifact id: 'fefb3d2967b642b72100a5a04a532dae') in 0.014105 seconds 
Number of asset objects unloaded after import = 0
========================================================================
Received Import Request.
  Time since last request: 0.000025 seconds.
  path: Assets/Mirror/Hosting/Edgegap/Models/SDK/Paginator.cs
  artifactKey: Guid(3a30e09acf02a5749becec55ff0c8c63) Importer(2089858483,0ecaa5967403d082aa24f35e1b516d23)
Number of updated assets reloaded before import = 0
Start importing Assets/Mirror/Hosting/Edgegap/Models/SDK/Paginator.cs using Guid(3a30e09acf02a5749becec55ff0c8c63) Importer(2089858483,0ecaa5967403d082aa24f35e1b516d23)  -> (artifact id: 'b64c81796fbd3894fdd9d1b0f17f288e') in 0.012988 seconds 
Number of asset objects unloaded after import = 0
========================================================================
Received Import Request.
  Time since last request: 0.000029 seconds.
  path: Assets/Mirror/Transports/SimpleWeb/SimpleWeb/Common/MessageProcessor.cs
  artifactKey: Guid(4c1f218a2b16ca846aaf23260078e549) Importer(2089858483,0ecaa5967403d082aa24f35e1b516d23)
Number of updated assets reloaded before import = 0
Start importing Assets/Mirror/Transports/SimpleWeb/SimpleWeb/Common/MessageProcessor.cs using Guid(4c1f218a2b16ca846aaf23260078e549) Importer(2089858483,0ecaa5967403d082aa24f35e1b516d23)  -> (artifact id: '08219d90cab85d9f5d744690f6bac983') in 0.010949 seconds 
Number of asset objects unloaded after import = 0
========================================================================
Received Import Request.
  Time since last request: 0.000024 seconds.
  path: Assets/Mirror/Transports/Edgegap/EdgegapLobby/Models/LobbyBrief.cs
  artifactKey: Guid(6018ece006144e719c6b3f0d4e256d7b) Importer(2089858483,0ecaa5967403d082aa24f35e1b516d23)
Number of updated assets reloaded before import = 0
Start importing Assets/Mirror/Transports/Edgegap/EdgegapLobby/Models/LobbyBrief.cs using Guid(6018ece006144e719c6b3f0d4e256d7b) Importer(2089858483,0ecaa5967403d082aa24f35e1b516d23)  -> (artifact id: '911726d73ee11f2c61b6e80ad2d4a5ba') in 0.014251 seconds 
Number of asset objects unloaded after import = 1
========================================================================
Received Import Request.
  Time since last request: 0.000027 seconds.
  path: Assets/Mirror/Hosting/Edgegap/Editor/Api/Models/Requests/UpdateAppVersionRequest.cs
  artifactKey: Guid(8da9712633ee1e64faca0b960d4bed31) Importer(2089858483,0ecaa5967403d082aa24f35e1b516d23)
Number of updated assets reloaded before import = 0
Start importing Assets/Mirror/Hosting/Edgegap/Editor/Api/Models/Requests/UpdateAppVersionRequest.cs using Guid(8da9712633ee1e64faca0b960d4bed31) Importer(2089858483,0ecaa5967403d082aa24f35e1b516d23)  -> (artifact id: 'a4b715a2cd38725227c029d9b9453c68') in 0.022636 seconds 
Number of asset objects unloaded after import = 0
========================================================================
Received Import Request.
  Time since last request: 0.000021 seconds.
  path: Assets/Mirror/Examples/_Common/RobotKyle/Textures/Robot_Normal.jpeg
  artifactKey: Guid(7bf5087089ac3424a982003c10dda35f) Importer(2089858483,0ecaa5967403d082aa24f35e1b516d23)
Number of updated assets reloaded before import = 0
Start importing Assets/Mirror/Examples/_Common/RobotKyle/Textures/Robot_Normal.jpeg using Guid(7bf5087089ac3424a982003c10dda35f) Importer(2089858483,0ecaa5967403d082aa24f35e1b516d23)  -> (artifact id: 'b86c9a398e252c6626f5e3d7fe5a87f4') in 0.020185 seconds 
Number of asset objects unloaded after import = 1
========================================================================
Received Import Request.
  Time since last request: 0.000026 seconds.
  path: Assets/Mirror/Examples/BenchmarkStinkySteak/Dependencies/netcode-benchmarker-util/Runtime/Scripts/BehaviourWrapper/SinRandomMoveWrapper.cs
  artifactKey: Guid(3584eba3ddc985c409f283d204fea105) Importer(2089858483,0ecaa5967403d082aa24f35e1b516d23)
Number of updated assets reloaded before import = 0
Start importing Assets/Mirror/Examples/BenchmarkStinkySteak/Dependencies/netcode-benchmarker-util/Runtime/Scripts/BehaviourWrapper/SinRandomMoveWrapper.cs using Guid(3584eba3ddc985c409f283d204fea105) Importer(2089858483,0ecaa5967403d082aa24f35e1b516d23)  -> (artifact id: '779bef030bed810654e2f61790d64d10') in 0.012125 seconds 
Number of asset objects unloaded after import = 0
========================================================================
Received Import Request.
  Time since last request: 0.000048 seconds.
  path: Assets/Sprites/skeleton_1/attack_left/attack_left_1_0006.png
  artifactKey: Guid(843de45fe8b18ae46b29b1d8c0a5f922) Importer(2089858483,0ecaa5967403d082aa24f35e1b516d23)
Number of updated assets reloaded before import = 0
Start importing Assets/Sprites/skeleton_1/attack_left/attack_left_1_0006.png using Guid(843de45fe8b18ae46b29b1d8c0a5f922) Importer(2089858483,0ecaa5967403d082aa24f35e1b516d23)  -> (artifact id: 'b59f16b7c38575aa50b274985b33ee0b') in 0.024652 seconds 
Number of asset objects unloaded after import = 3
========================================================================
Received Import Request.
  Time since last request: 0.000022 seconds.
  path: Assets/Mirror/Core/Tools/CustomStructs/Vector3SByte.cs
  artifactKey: Guid(ba5c129ec39e64644ad0eb5be5647601) Importer(2089858483,0ecaa5967403d082aa24f35e1b516d23)
Number of updated assets reloaded before import = 0
Start importing Assets/Mirror/Core/Tools/CustomStructs/Vector3SByte.cs using Guid(ba5c129ec39e64644ad0eb5be5647601) Importer(2089858483,0ecaa5967403d082aa24f35e1b516d23)  -> (artifact id: 'f13a77bb7b2095a297b721f4a96740ea') in 0.014488 seconds 
Number of asset objects unloaded after import = 1
========================================================================
Received Import Request.
  Time since last request: 0.000049 seconds.
  path: Assets/TextMesh Pro/Examples & Extras/Textures/Brushed Metal 3.jpg
  artifactKey: Guid(f88677df267a41d6be1e7a6133e7d227) Importer(2089858483,0ecaa5967403d082aa24f35e1b516d23)
Number of updated assets reloaded before import = 0
Start importing Assets/TextMesh Pro/Examples & Extras/Textures/Brushed Metal 3.jpg using Guid(f88677df267a41d6be1e7a6133e7d227) Importer(2089858483,0ecaa5967403d082aa24f35e1b516d23)  -> (artifact id: '8d4d95188e14e0d382b261855bb79727') in 0.021148 seconds 
Number of asset objects unloaded after import = 1
========================================================================
Received Import Request.
  Time since last request: 0.000032 seconds.
  path: Assets/Sprites/skeleton_1/death_up/death_up_1_0003.png
  artifactKey: Guid(f08c83855ad046b479ded46c10fdc726) Importer(2089858483,0ecaa5967403d082aa24f35e1b516d23)
Number of updated assets reloaded before import = 0
Start importing Assets/Sprites/skeleton_1/death_up/death_up_1_0003.png using Guid(f08c83855ad046b479ded46c10fdc726) Importer(2089858483,0ecaa5967403d082aa24f35e1b516d23)  -> (artifact id: '9e4b53352278531842e9c6539dbbfe9a') in 0.025085 seconds 
Number of asset objects unloaded after import = 3
========================================================================
Received Import Request.
  Time since last request: 0.000021 seconds.
  path: Assets/Sprites/skeleton_2/idle_down/idle_down_2_0009.png
  artifactKey: Guid(bc68e506d964c3a4295d19a3d57e9e98) Importer(2089858483,0ecaa5967403d082aa24f35e1b516d23)
Number of updated assets reloaded before import = 0
Start importing Assets/Sprites/skeleton_2/idle_down/idle_down_2_0009.png using Guid(bc68e506d964c3a4295d19a3d57e9e98) Importer(2089858483,0ecaa5967403d082aa24f35e1b516d23)  -> (artifact id: '6fc150d92118c3325ce2f10675aae7ad') in 0.031767 seconds 
Number of asset objects unloaded after import = 3
========================================================================
Received Import Request.
  Time since last request: 0.000023 seconds.
  path: Assets/Mirror/Hosting/Edgegap/Dependencies/HttpUtility.cs
  artifactKey: Guid(6f83f468a8b546fd92606db56038f9e6) Importer(2089858483,0ecaa5967403d082aa24f35e1b516d23)
Number of updated assets reloaded before import = 0
Start importing Assets/Mirror/Hosting/Edgegap/Dependencies/HttpUtility.cs using Guid(6f83f468a8b546fd92606db56038f9e6) Importer(2089858483,0ecaa5967403d082aa24f35e1b516d23)  -> (artifact id: '9df50984416333dd02d07f92d17a25ba') in 0.012366 seconds 
Number of asset objects unloaded after import = 0
========================================================================
Received Import Request.
  Time since last request: 0.000023 seconds.
  path: Assets/Sprites/skeleton_1/attack_down/attack_down_1_0002.png
  artifactKey: Guid(5fd8677f87f65df4a9913e4f050b663b) Importer(2089858483,0ecaa5967403d082aa24f35e1b516d23)
Number of updated assets reloaded before import = 0
Start importing Assets/Sprites/skeleton_1/attack_down/attack_down_1_0002.png using Guid(5fd8677f87f65df4a9913e4f050b663b) Importer(2089858483,0ecaa5967403d082aa24f35e1b516d23)  -> (artifact id: '77d9bb5c7bb1f8e30a4177a3a25f960a') in 0.022163 seconds 
Number of asset objects unloaded after import = 3
========================================================================
Received Import Request.
  Time since last request: 0.000029 seconds.
  path: Assets/Sprites/UI/Quest log/frame_1.png
  artifactKey: Guid(abae02cb6380b0945977382468f079a5) Importer(2089858483,0ecaa5967403d082aa24f35e1b516d23)
Number of updated assets reloaded before import = 0
Start importing Assets/Sprites/UI/Quest log/frame_1.png using Guid(abae02cb6380b0945977382468f079a5) Importer(2089858483,0ecaa5967403d082aa24f35e1b516d23)  -> (artifact id: 'fd94fcb901c2fb0da1c7cf0a01f7ff68') in 0.022173 seconds 
Number of asset objects unloaded after import = 3
========================================================================
Received Import Request.
  Time since last request: 0.000021 seconds.
  path: Assets/Sprites/skeleton_2/death_down/death_down_2_0005.png
  artifactKey: Guid(0412a94ac85feca4a8e78359b97cf304) Importer(2089858483,0ecaa5967403d082aa24f35e1b516d23)
Number of updated assets reloaded before import = 0
Start importing Assets/Sprites/skeleton_2/death_down/death_down_2_0005.png using Guid(0412a94ac85feca4a8e78359b97cf304) Importer(2089858483,0ecaa5967403d082aa24f35e1b516d23)  -> (artifact id: 'eb041fdc2d47c5b8eb8ebd2e873d3ca0') in 0.023346 seconds 
Number of asset objects unloaded after import = 3
========================================================================
Received Import Request.
  Time since last request: 0.000030 seconds.
  path: Assets/Sprites/skeleton_1/idle_right/idle_right_1_0001.png
  artifactKey: Guid(d86574dcb7483034a8e21083733ee1a3) Importer(2089858483,0ecaa5967403d082aa24f35e1b516d23)
Number of updated assets reloaded before import = 0
Start importing Assets/Sprites/skeleton_1/idle_right/idle_right_1_0001.png using Guid(d86574dcb7483034a8e21083733ee1a3) Importer(2089858483,0ecaa5967403d082aa24f35e1b516d23)  -> (artifact id: '7725a27e83c0869c7b36f303770dffce') in 0.025058 seconds 
Number of asset objects unloaded after import = 3
========================================================================
Received Import Request.
  Time since last request: 0.000033 seconds.
  path: Assets/TextMesh Pro/Examples & Extras/Scenes/20 - Input Field with Scrollbar.unity
  artifactKey: Guid(337f92480dd24675aae9e79210fb1ad9) Importer(2089858483,0ecaa5967403d082aa24f35e1b516d23)
Number of updated assets reloaded before import = 0
Start importing Assets/TextMesh Pro/Examples & Extras/Scenes/20 - Input Field with Scrollbar.unity using Guid(337f92480dd24675aae9e79210fb1ad9) Importer(2089858483,0ecaa5967403d082aa24f35e1b516d23)  -> (artifact id: '6bf7cd6940554468b870ab83f721eb92') in 0.010944 seconds 
Number of asset objects unloaded after import = 1
========================================================================
Received Import Request.
  Time since last request: 0.000022 seconds.
  path: Assets/Mirror/Examples/TopDownShooter/Materials/PlayerRF.mat
  artifactKey: Guid(2c7daf3b157284a79ba7835914c660f8) Importer(2089858483,0ecaa5967403d082aa24f35e1b516d23)
Number of updated assets reloaded before import = 0
Start importing Assets/Mirror/Examples/TopDownShooter/Materials/PlayerRF.mat using Guid(2c7daf3b157284a79ba7835914c660f8) Importer(2089858483,0ecaa5967403d082aa24f35e1b516d23)  -> (artifact id: 'e50f59053a5e9b0517964f0fd48a6701') in 0.055510 seconds 
Number of asset objects unloaded after import = 2
========================================================================
Received Import Request.
  Time since last request: 0.000032 seconds.
  path: Assets/Mirror/Examples/CouchCoop/Materials/MaterialPlatform1.mat
  artifactKey: Guid(0525145f52aa54b7f80b86ebdc7319de) Importer(2089858483,0ecaa5967403d082aa24f35e1b516d23)
Number of updated assets reloaded before import = 0
Start importing Assets/Mirror/Examples/CouchCoop/Materials/MaterialPlatform1.mat using Guid(0525145f52aa54b7f80b86ebdc7319de) Importer(2089858483,0ecaa5967403d082aa24f35e1b516d23)  -> (artifact id: '2b81b8b1e3c00fbc6ae8925c61dfddde') in 0.021930 seconds 
Number of asset objects unloaded after import = 2
========================================================================
Received Import Request.
  Time since last request: 0.000023 seconds.
  path: Assets/Mirror/Components/InterestManagement/SpatialHashing/Grid3D.cs
  artifactKey: Guid(b157c08313c64752b0856469b1b70771) Importer(2089858483,0ecaa5967403d082aa24f35e1b516d23)
Number of updated assets reloaded before import = 0
Start importing Assets/Mirror/Components/InterestManagement/SpatialHashing/Grid3D.cs using Guid(b157c08313c64752b0856469b1b70771) Importer(2089858483,0ecaa5967403d082aa24f35e1b516d23)  -> (artifact id: '6462d596b880b6cc814bfa3d6dc70ebe') in 0.011340 seconds 
Number of asset objects unloaded after import = 0
========================================================================
Received Import Request.
  Time since last request: 0.000028 seconds.
  path: Assets/Sprites/skeleton_2/walk_up/walk_up_2_0010.png
  artifactKey: Guid(c24df64c018c2de4eb6155627e7797b3) Importer(2089858483,0ecaa5967403d082aa24f35e1b516d23)
Number of updated assets reloaded before import = 0
Start importing Assets/Sprites/skeleton_2/walk_up/walk_up_2_0010.png using Guid(c24df64c018c2de4eb6155627e7797b3) Importer(2089858483,0ecaa5967403d082aa24f35e1b516d23)  -> (artifact id: '862257b5101b110f5856bf831649ffeb') in 0.031921 seconds 
Number of asset objects unloaded after import = 3
========================================================================
Received Import Request.
  Time since last request: 0.000026 seconds.
  path: Assets/Mirror/Examples/AdditiveScenes/Prefabs/Cylinder.prefab
  artifactKey: Guid(12a4c14e672c00b4b840f937d824b890) Importer(2089858483,0ecaa5967403d082aa24f35e1b516d23)
Number of updated assets reloaded before import = 0
Start importing Assets/Mirror/Examples/AdditiveScenes/Prefabs/Cylinder.prefab using Guid(12a4c14e672c00b4b840f937d824b890) Importer(2089858483,0ecaa5967403d082aa24f35e1b516d23)  -> (artifact id: '4be700ba7899f01e144a5f9418387591') in 0.019031 seconds 
Number of asset objects unloaded after import = 10
========================================================================
Received Import Request.
  Time since last request: 0.000033 seconds.
  path: Assets/Mirror/Examples/BenchmarkStinkySteak/Prefabs/SphereMoveY.prefab
  artifactKey: Guid(296e7798207e69a40a871087348da0c3) Importer(2089858483,0ecaa5967403d082aa24f35e1b516d23)
Number of updated assets reloaded before import = 0
Start importing Assets/Mirror/Examples/BenchmarkStinkySteak/Prefabs/SphereMoveY.prefab using Guid(296e7798207e69a40a871087348da0c3) Importer(2089858483,0ecaa5967403d082aa24f35e1b516d23)  -> (artifact id: 'c13f4245bee9f5ccf529e27e831916d4') in 0.016316 seconds 
Number of asset objects unloaded after import = 12
========================================================================
Received Import Request.
  Time since last request: 0.000029 seconds.
  path: Assets/Sprites/Enviroment/WaterTiles/0.png
  artifactKey: Guid(bd4a7721e20d2e2449d3ae74ef9c4749) Importer(2089858483,0ecaa5967403d082aa24f35e1b516d23)
Number of updated assets reloaded before import = 0
Start importing Assets/Sprites/Enviroment/WaterTiles/0.png using Guid(bd4a7721e20d2e2449d3ae74ef9c4749) Importer(2089858483,0ecaa5967403d082aa24f35e1b516d23)  -> (artifact id: 'c8cdaac5ad11e7db2d1cdbc900af299b') in 0.022191 seconds 
Number of asset objects unloaded after import = 3
========================================================================
Received Import Request.
  Time since last request: 0.000029 seconds.
  path: Assets/Sprites/Enviroment/WaterTiles/14.png
  artifactKey: Guid(d0fc87daf1946f04692939bb1bef717f) Importer(2089858483,0ecaa5967403d082aa24f35e1b516d23)
Number of updated assets reloaded before import = 0
Start importing Assets/Sprites/Enviroment/WaterTiles/14.png using Guid(d0fc87daf1946f04692939bb1bef717f) Importer(2089858483,0ecaa5967403d082aa24f35e1b516d23)  -> (artifact id: '224d631d979cff360a48583eb121534f') in 0.024048 seconds 
Number of asset objects unloaded after import = 3
========================================================================
Received Import Request.
  Time since last request: 0.000027 seconds.
  path: Assets/Mirror/Examples/Room/Materials/PlayArea.mat
  artifactKey: Guid(3201636fa507dad448e9a36d66a80825) Importer(2089858483,0ecaa5967403d082aa24f35e1b516d23)
Number of updated assets reloaded before import = 0
Start importing Assets/Mirror/Examples/Room/Materials/PlayArea.mat using Guid(3201636fa507dad448e9a36d66a80825) Importer(2089858483,0ecaa5967403d082aa24f35e1b516d23)  -> (artifact id: 'a960c1cf6236fbfb933ce6aad6a08d29') in 0.014106 seconds 
Number of asset objects unloaded after import = 3
========================================================================
Received Import Request.
  Time since last request: 0.000044 seconds.
  path: Assets/Sprites/skeleton_1/idle_up/idle_up_1_0002.png
  artifactKey: Guid(ed80a0f9be912964ba1a192cb9f4f3d0) Importer(2089858483,0ecaa5967403d082aa24f35e1b516d23)
Number of updated assets reloaded before import = 0
Start importing Assets/Sprites/skeleton_1/idle_up/idle_up_1_0002.png using Guid(ed80a0f9be912964ba1a192cb9f4f3d0) Importer(2089858483,0ecaa5967403d082aa24f35e1b516d23)  -> (artifact id: '8eaf8a2c36d4893410114c8838000a86') in 0.026108 seconds 
Number of asset objects unloaded after import = 3
========================================================================
Received Import Request.
  Time since last request: 0.000032 seconds.
  path: Assets/Sprites/UI/Quest log/arrow_down.png
  artifactKey: Guid(c50807e9d673e144d95671cf423213de) Importer(2089858483,0ecaa5967403d082aa24f35e1b516d23)
Number of updated assets reloaded before import = 0
Start importing Assets/Sprites/UI/Quest log/arrow_down.png using Guid(c50807e9d673e144d95671cf423213de) Importer(2089858483,0ecaa5967403d082aa24f35e1b516d23)  -> (artifact id: '11d4032d6ecbe37bdb3110ab50f931af') in 0.024365 seconds 
Number of asset objects unloaded after import = 3
========================================================================
Received Import Request.
  Time since last request: 0.000025 seconds.
  path: Assets/Mirror/Hosting/Edgegap/Enums/ServerStatus.cs
  artifactKey: Guid(880f675359f40d24e99109ad46894688) Importer(2089858483,0ecaa5967403d082aa24f35e1b516d23)
Number of updated assets reloaded before import = 0
Start importing Assets/Mirror/Hosting/Edgegap/Enums/ServerStatus.cs using Guid(880f675359f40d24e99109ad46894688) Importer(2089858483,0ecaa5967403d082aa24f35e1b516d23)  -> (artifact id: '21210f9bc9a14ea7e0450238a8e03ff9') in 0.012098 seconds 
Number of asset objects unloaded after import = 0
========================================================================
Received Import Request.
  Time since last request: 0.000028 seconds.
  path: Assets/Sprites/Enviroment/WaterTiles/27.png
  artifactKey: Guid(44947ccac85f4b240b14f0397a51802c) Importer(2089858483,0ecaa5967403d082aa24f35e1b516d23)
Number of updated assets reloaded before import = 0
Start importing Assets/Sprites/Enviroment/WaterTiles/27.png using Guid(44947ccac85f4b240b14f0397a51802c) Importer(2089858483,0ecaa5967403d082aa24f35e1b516d23)  -> (artifact id: '36a627040116da5e6b5290c98ba6fd52') in 0.034818 seconds 
Number of asset objects unloaded after import = 3
========================================================================
Received Import Request.
  Time since last request: 0.000022 seconds.
  path: Assets/Mirror/Transports/SimpleWeb/SimpleWebTransport.cs
  artifactKey: Guid(0110f245bfcfc7d459681f7bd9ebc590) Importer(2089858483,0ecaa5967403d082aa24f35e1b516d23)
Number of updated assets reloaded before import = 0
Start importing Assets/Mirror/Transports/SimpleWeb/SimpleWebTransport.cs using Guid(0110f245bfcfc7d459681f7bd9ebc590) Importer(2089858483,0ecaa5967403d082aa24f35e1b516d23)  -> (artifact id: '4d2cd2e0b5b57e97473aff4211de9be4') in 0.011704 seconds 
Number of asset objects unloaded after import = 1
========================================================================
Received Import Request.
  Time since last request: 0.000023 seconds.
  path: Assets/Sprites/skeleton_1/death_right/death_right_1_0007.png
  artifactKey: Guid(c7a44ff9847e17f4d969106e702b434d) Importer(2089858483,0ecaa5967403d082aa24f35e1b516d23)
Number of updated assets reloaded before import = 0
Start importing Assets/Sprites/skeleton_1/death_right/death_right_1_0007.png using Guid(c7a44ff9847e17f4d969106e702b434d) Importer(2089858483,0ecaa5967403d082aa24f35e1b516d23)  -> (artifact id: '5c56d86ef004640a50ad93a56dc765bc') in 0.022265 seconds 
Number of asset objects unloaded after import = 3
========================================================================
Received Import Request.
  Time since last request: 0.000025 seconds.
  path: Assets/Mirror/Hosting/Edgegap/Dependencies/HttpEncoder.cs
  artifactKey: Guid(3c9f699c227f48e381db521abe59c2e1) Importer(2089858483,0ecaa5967403d082aa24f35e1b516d23)
Number of updated assets reloaded before import = 0
Start importing Assets/Mirror/Hosting/Edgegap/Dependencies/HttpEncoder.cs using Guid(3c9f699c227f48e381db521abe59c2e1) Importer(2089858483,0ecaa5967403d082aa24f35e1b516d23)  -> (artifact id: '4dc93efb21a61bfbf3549033bbfca628') in 0.013568 seconds 
Number of asset objects unloaded after import = 0
========================================================================
Received Import Request.
  Time since last request: 0.000036 seconds.
  path: Assets/Sprites/Gear/weapon/weapon_idle_front.png
  artifactKey: Guid(d27f94d9e54a86e42bd727f4e4acaefa) Importer(2089858483,0ecaa5967403d082aa24f35e1b516d23)
Number of updated assets reloaded before import = 0
Start importing Assets/Sprites/Gear/weapon/weapon_idle_front.png using Guid(d27f94d9e54a86e42bd727f4e4acaefa) Importer(2089858483,0ecaa5967403d082aa24f35e1b516d23)  -> (artifact id: '70a73dd4dc7e135792608f5d8a841fe5') in 0.055182 seconds 
Number of asset objects unloaded after import = 14
========================================================================
Received Import Request.
  Time since last request: 0.000026 seconds.
  path: Assets/Sprites/skeleton_2/idle_left/idle_left_2_0009.png
  artifactKey: Guid(878b13c90ed4f164b814e983b6e2d297) Importer(2089858483,0ecaa5967403d082aa24f35e1b516d23)
Number of updated assets reloaded before import = 0
Start importing Assets/Sprites/skeleton_2/idle_left/idle_left_2_0009.png using Guid(878b13c90ed4f164b814e983b6e2d297) Importer(2089858483,0ecaa5967403d082aa24f35e1b516d23)  -> (artifact id: '4c35d32c6177b4f16861f5196798dde3') in 0.022028 seconds 
Number of asset objects unloaded after import = 3
========================================================================
Received Import Request.
  Time since last request: 0.000051 seconds.
  path: Assets/Sprites/UI/Menus/MenuMask.png
  artifactKey: Guid(ed5b9079f85de83449cb14a93bae1257) Importer(2089858483,0ecaa5967403d082aa24f35e1b516d23)
Number of updated assets reloaded before import = 0
Start importing Assets/Sprites/UI/Menus/MenuMask.png using Guid(ed5b9079f85de83449cb14a93bae1257) Importer(2089858483,0ecaa5967403d082aa24f35e1b516d23)  -> (artifact id: '35b32f54d948fa19bd58e6a74fc9c85e') in 0.032445 seconds 
Number of asset objects unloaded after import = 3
========================================================================
Received Import Request.
  Time since last request: 0.000027 seconds.
  path: Assets/Mirror/Examples/_Common/Scripts/FPS.cs
  artifactKey: Guid(6635375fbc6be456ea640b75add6378e) Importer(2089858483,0ecaa5967403d082aa24f35e1b516d23)
Number of updated assets reloaded before import = 0
Start importing Assets/Mirror/Examples/_Common/Scripts/FPS.cs using Guid(6635375fbc6be456ea640b75add6378e) Importer(2089858483,0ecaa5967403d082aa24f35e1b516d23)  -> (artifact id: '86b0301b9b4a08cd6dfa219f7559a1fd') in 0.011874 seconds 
Number of asset objects unloaded after import = 1
========================================================================
Received Import Request.
  Time since last request: 0.000029 seconds.
  path: Assets/Mirror/Transports/Edgegap/EdgegapRelay/README.md
  artifactKey: Guid(8ade7c960d8fe4e94970ddd88ede3bca) Importer(2089858483,0ecaa5967403d082aa24f35e1b516d23)
Number of updated assets reloaded before import = 0
Start importing Assets/Mirror/Transports/Edgegap/EdgegapRelay/README.md using Guid(8ade7c960d8fe4e94970ddd88ede3bca) Importer(2089858483,0ecaa5967403d082aa24f35e1b516d23)  -> (artifact id: 'fc65285b1b059744145c16e6c9e16bac') in 0.017913 seconds 
Number of asset objects unloaded after import = 1
========================================================================
Received Import Request.
  Time since last request: 0.000023 seconds.
  path: Assets/Mirror/Examples/Basic/Scripts/BasicNetManager.cs
  artifactKey: Guid(20460c43f0320ed4baf8c1dcf953eafa) Importer(2089858483,0ecaa5967403d082aa24f35e1b516d23)
Number of updated assets reloaded before import = 0
Start importing Assets/Mirror/Examples/Basic/Scripts/BasicNetManager.cs using Guid(20460c43f0320ed4baf8c1dcf953eafa) Importer(2089858483,0ecaa5967403d082aa24f35e1b516d23)  -> (artifact id: '803df6bbb6c80cb92ce234f7d35eca1e') in 0.012841 seconds 
Number of asset objects unloaded after import = 0
========================================================================
Received Import Request.
  Time since last request: 0.000033 seconds.
  path: Assets/Sprites/skeleton_2/walk_down/walk_down_2_0012.png
  artifactKey: Guid(5e80eb98e08c10245a6d6444710acd9b) Importer(2089858483,0ecaa5967403d082aa24f35e1b516d23)
Number of updated assets reloaded before import = 0
Start importing Assets/Sprites/skeleton_2/walk_down/walk_down_2_0012.png using Guid(5e80eb98e08c10245a6d6444710acd9b) Importer(2089858483,0ecaa5967403d082aa24f35e1b516d23)  -> (artifact id: '84c4b825f11f90b870a96330acf82342') in 0.022828 seconds 
Number of asset objects unloaded after import = 3
========================================================================
Received Import Request.
  Time since last request: 0.000024 seconds.
  path: Assets/TextMesh Pro/Examples & Extras/Scripts/TextMeshSpawner.cs
  artifactKey: Guid(76c11bbcfddf44e0ba17d6c2751c8d84) Importer(2089858483,0ecaa5967403d082aa24f35e1b516d23)
Number of updated assets reloaded before import = 0
Start importing Assets/TextMesh Pro/Examples & Extras/Scripts/TextMeshSpawner.cs using Guid(76c11bbcfddf44e0ba17d6c2751c8d84) Importer(2089858483,0ecaa5967403d082aa24f35e1b516d23)  -> (artifact id: 'bcd51fbdad03718dbee579f1c9c39b95') in 0.012188 seconds 
Number of asset objects unloaded after import = 0
========================================================================
Received Import Request.
  Time since last request: 0.000026 seconds.
  path: Assets/Mirror/Examples/Room/Scenes/MirrorRoomGame/LightingData.asset
  artifactKey: Guid(f8d35316bf2026e468f7a3555ec392ba) Importer(2089858483,0ecaa5967403d082aa24f35e1b516d23)
Number of updated assets reloaded before import = 0
Start importing Assets/Mirror/Examples/Room/Scenes/MirrorRoomGame/LightingData.asset using Guid(f8d35316bf2026e468f7a3555ec392ba) Importer(2089858483,0ecaa5967403d082aa24f35e1b516d23)  -> (artifact id: 'f62227d555c75269c5f6ba49d10c9b91') in 0.011440 seconds 
Number of asset objects unloaded after import = 2
========================================================================
Received Import Request.
  Time since last request: 0.000025 seconds.
  path: Assets/Sprites/skeleton_1/idle_left/idle_left_1_0005.png
  artifactKey: Guid(3afb43914b426e248a3d52bcfb862a90) Importer(2089858483,0ecaa5967403d082aa24f35e1b516d23)
Number of updated assets reloaded before import = 0
Start importing Assets/Sprites/skeleton_1/idle_left/idle_left_1_0005.png using Guid(3afb43914b426e248a3d52bcfb862a90) Importer(2089858483,0ecaa5967403d082aa24f35e1b516d23)  -> (artifact id: '528627be56abc9c25b2a74950d4597a3') in 0.024730 seconds 
Number of asset objects unloaded after import = 3
========================================================================
Received Import Request.
  Time since last request: 0.000154 seconds.
  path: Assets/Mirror/Examples/RigidbodyBenchmark/Scripts/AutoForce.cs
  artifactKey: Guid(e7cfbc91b3df3449dba2d6585082228e) Importer(2089858483,0ecaa5967403d082aa24f35e1b516d23)
Number of updated assets reloaded before import = 0
Start importing Assets/Mirror/Examples/RigidbodyBenchmark/Scripts/AutoForce.cs using Guid(e7cfbc91b3df3449dba2d6585082228e) Importer(2089858483,0ecaa5967403d082aa24f35e1b516d23)  -> (artifact id: '366bb3a19fe20b14e6039549352bc2eb') in 0.013330 seconds 
Number of asset objects unloaded after import = 0
========================================================================
Received Import Request.
  Time since last request: 0.000061 seconds.
  path: Assets/Sprites/skeleton_1/idle_down/idle_down_1_0006.png
  artifactKey: Guid(8c23d9ab126387941882f0b361af0a05) Importer(2089858483,0ecaa5967403d082aa24f35e1b516d23)
Number of updated assets reloaded before import = 0
Start importing Assets/Sprites/skeleton_1/idle_down/idle_down_1_0006.png using Guid(8c23d9ab126387941882f0b361af0a05) Importer(2089858483,0ecaa5967403d082aa24f35e1b516d23)  -> (artifact id: '0c89bc20457aea6ba1eb65c1ad9c772b') in 0.024110 seconds 
Number of asset objects unloaded after import = 3
========================================================================
Received Import Request.
  Time since last request: 0.000030 seconds.
  path: Assets/Sprites/Gear/robe/robe_attack_back.png
  artifactKey: Guid(80b0358eea8bc23489a962b913b5827a) Importer(2089858483,0ecaa5967403d082aa24f35e1b516d23)
Number of updated assets reloaded before import = 0
Start importing Assets/Sprites/Gear/robe/robe_attack_back.png using Guid(80b0358eea8bc23489a962b913b5827a) Importer(2089858483,0ecaa5967403d082aa24f35e1b516d23)  -> (artifact id: 'bf86bbc24360ddf5f9b6fc8dca01e173') in 0.052303 seconds 
Number of asset objects unloaded after import = 10
========================================================================
Received Import Request.
  Time since last request: 0.000035 seconds.
  path: Assets/Sprites/Enviroment/WaterTiles/39.png
  artifactKey: Guid(a6a5ece4c9c4f2b498900336e335d12d) Importer(2089858483,0ecaa5967403d082aa24f35e1b516d23)
Number of updated assets reloaded before import = 0
Start importing Assets/Sprites/Enviroment/WaterTiles/39.png using Guid(a6a5ece4c9c4f2b498900336e335d12d) Importer(2089858483,0ecaa5967403d082aa24f35e1b516d23)  -> (artifact id: 'fa70602e94129041a3fd81db50276fe3') in 0.029450 seconds 
Number of asset objects unloaded after import = 3
========================================================================
Received Import Request.
  Time since last request: 0.000033 seconds.
  path: Assets/Sprites/skeleton_2/attack_up/attack_up_2_0006.png
  artifactKey: Guid(80dca93e995634a4988692d9f9a4cf36) Importer(2089858483,0ecaa5967403d082aa24f35e1b516d23)
Number of updated assets reloaded before import = 0
Start importing Assets/Sprites/skeleton_2/attack_up/attack_up_2_0006.png using Guid(80dca93e995634a4988692d9f9a4cf36) Importer(2089858483,0ecaa5967403d082aa24f35e1b516d23)  -> (artifact id: '0049141a02258864fa344a9b822bd870') in 0.027704 seconds 
Number of asset objects unloaded after import = 3
========================================================================
Received Import Request.
  Time since last request: 0.000023 seconds.
  path: Assets/Sprites/skeleton_1/idle_down/idle_down_1_0004.png
  artifactKey: Guid(ad80df14e12b68b4ebaae9bbfa5525e5) Importer(2089858483,0ecaa5967403d082aa24f35e1b516d23)
Number of updated assets reloaded before import = 0
Start importing Assets/Sprites/skeleton_1/idle_down/idle_down_1_0004.png using Guid(ad80df14e12b68b4ebaae9bbfa5525e5) Importer(2089858483,0ecaa5967403d082aa24f35e1b516d23)  -> (artifact id: 'd40be5e63b1b5a505e69f9ce828bd163') in 0.035020 seconds 
Number of asset objects unloaded after import = 3
========================================================================
Received Import Request.
  Time since last request: 0.000028 seconds.
  path: Assets/Sprites/skeleton_1/walk_down/walk_down_1_0001.png
  artifactKey: Guid(9226b7fc90e195b43912341795eb668d) Importer(2089858483,0ecaa5967403d082aa24f35e1b516d23)
Number of updated assets reloaded before import = 0
Start importing Assets/Sprites/skeleton_1/walk_down/walk_down_1_0001.png using Guid(9226b7fc90e195b43912341795eb668d) Importer(2089858483,0ecaa5967403d082aa24f35e1b516d23)  -> (artifact id: '3b88feb59efd9ec41950ece043dc7347') in 0.026843 seconds 
Number of asset objects unloaded after import = 3
========================================================================
Received Import Request.
  Time since last request: 0.000030 seconds.
  path: Assets/Mirror/Examples/CharacterSelection/Scripts/NetworkManagerCharacterSelection.cs
  artifactKey: Guid(98c582433a349434990d734c5586d722) Importer(2089858483,0ecaa5967403d082aa24f35e1b516d23)
Number of updated assets reloaded before import = 0
Start importing Assets/Mirror/Examples/CharacterSelection/Scripts/NetworkManagerCharacterSelection.cs using Guid(98c582433a349434990d734c5586d722) Importer(2089858483,0ecaa5967403d082aa24f35e1b516d23)  -> (artifact id: '9ef2447ab853a3706f41977a2ce0980c') in 0.014149 seconds 
Number of asset objects unloaded after import = 0
========================================================================
Received Import Request.
  Time since last request: 0.000027 seconds.
  path: Assets/Sprites/Enviroment/EarthTiles/grass_tile_2.png
  artifactKey: Guid(16b3abef0acbc8f419bacecf1038df58) Importer(2089858483,0ecaa5967403d082aa24f35e1b516d23)
Number of updated assets reloaded before import = 0
Start importing Assets/Sprites/Enviroment/EarthTiles/grass_tile_2.png using Guid(16b3abef0acbc8f419bacecf1038df58) Importer(2089858483,0ecaa5967403d082aa24f35e1b516d23)  -> (artifact id: 'a83e6edf8d4f1533144571ad318030c5') in 0.033362 seconds 
Number of asset objects unloaded after import = 3
========================================================================
Received Import Request.
  Time since last request: 0.000031 seconds.
  path: Assets/TextMesh Pro/Examples & Extras/Scenes/05 - Style Tags.unity
  artifactKey: Guid(70615243e2be4a81afaab9bf5d273d65) Importer(2089858483,0ecaa5967403d082aa24f35e1b516d23)
Number of updated assets reloaded before import = 0
Start importing Assets/TextMesh Pro/Examples & Extras/Scenes/05 - Style Tags.unity using Guid(70615243e2be4a81afaab9bf5d273d65) Importer(2089858483,0ecaa5967403d082aa24f35e1b516d23)  -> (artifact id: 'fa7e76a5e0f6b31f9b87655d31711fd3') in 0.011867 seconds 
Number of asset objects unloaded after import = 1
========================================================================
Received Import Request.
  Time since last request: 0.000030 seconds.
  path: Assets/Mirror/Presets/Network Transform (Reliable)/ServerAuth-Balanced.preset
  artifactKey: Guid(13adbacdaa535458cb4f558cccd3de6f) Importer(2089858483,0ecaa5967403d082aa24f35e1b516d23)
Number of updated assets reloaded before import = 0
Start importing Assets/Mirror/Presets/Network Transform (Reliable)/ServerAuth-Balanced.preset using Guid(13adbacdaa535458cb4f558cccd3de6f) Importer(2089858483,0ecaa5967403d082aa24f35e1b516d23)  -> (artifact id: 'd7573daa59a67c93c19a48684fe89ef8') in 0.017726 seconds 
Number of asset objects unloaded after import = 1
========================================================================
Received Import Request.
  Time since last request: 0.000022 seconds.
  path: Assets/Mirror/Examples/SyncDirection/White.mat
  artifactKey: Guid(2dd029e0943dc488ea1435fa13429182) Importer(2089858483,0ecaa5967403d082aa24f35e1b516d23)
Number of updated assets reloaded before import = 0
Start importing Assets/Mirror/Examples/SyncDirection/White.mat using Guid(2dd029e0943dc488ea1435fa13429182) Importer(2089858483,0ecaa5967403d082aa24f35e1b516d23)  -> (artifact id: '926d72837074b2d4a13969e356ab901c') in 0.012197 seconds 
Number of asset objects unloaded after import = 1
========================================================================
Received Import Request.
  Time since last request: 0.000041 seconds.
  path: Assets/Mirror/Transports/Middleware/MiddlewareTransport.cs
  artifactKey: Guid(46f20ede74658e147a1af57172710de2) Importer(2089858483,0ecaa5967403d082aa24f35e1b516d23)
Number of updated assets reloaded before import = 0
Start importing Assets/Mirror/Transports/Middleware/MiddlewareTransport.cs using Guid(46f20ede74658e147a1af57172710de2) Importer(2089858483,0ecaa5967403d082aa24f35e1b516d23)  -> (artifact id: '147aaff7b7958624951271c8dfd8425e') in 0.013088 seconds 
Number of asset objects unloaded after import = 1
========================================================================
Received Import Request.
  Time since last request: 0.000023 seconds.
  path: Assets/Mirror/Examples/MultipleMatches/Scripts/MatchMessages.cs
  artifactKey: Guid(a98b377d8481e52449b996e45a015b8c) Importer(2089858483,0ecaa5967403d082aa24f35e1b516d23)
Number of updated assets reloaded before import = 0
Start importing Assets/Mirror/Examples/MultipleMatches/Scripts/MatchMessages.cs using Guid(a98b377d8481e52449b996e45a015b8c) Importer(2089858483,0ecaa5967403d082aa24f35e1b516d23)  -> (artifact id: '17c21a5b4ac046e659e24f17ea4c6064') in 0.010106 seconds 
Number of asset objects unloaded after import = 0
========================================================================
Received Import Request.
  Time since last request: 0.000022 seconds.
  path: Assets/Mirror/Examples/Basic/Scenes/MirrorBasic.unity
  artifactKey: Guid(b30904751905d3f4dacde62ac85ec7c2) Importer(2089858483,0ecaa5967403d082aa24f35e1b516d23)
Number of updated assets reloaded before import = 0
Start importing Assets/Mirror/Examples/Basic/Scenes/MirrorBasic.unity using Guid(b30904751905d3f4dacde62ac85ec7c2) Importer(2089858483,0ecaa5967403d082aa24f35e1b516d23)  -> (artifact id: '0b278d6263dcb509766f5cf226860ee2') in 0.011159 seconds 
Number of asset objects unloaded after import = 1
========================================================================
Received Import Request.
  Time since last request: 0.000029 seconds.
  path: Assets/Sprites/Enviroment/WaterTiles/4.png
  artifactKey: Guid(07d06050f97ae3b40a8022834b138c3b) Importer(2089858483,0ecaa5967403d082aa24f35e1b516d23)
Number of updated assets reloaded before import = 0
Start importing Assets/Sprites/Enviroment/WaterTiles/4.png using Guid(07d06050f97ae3b40a8022834b138c3b) Importer(2089858483,0ecaa5967403d082aa24f35e1b516d23)  -> (artifact id: 'df2630b4fa8f02e96cbc21eb2df1d8e6') in 0.025901 seconds 
Number of asset objects unloaded after import = 3
========================================================================
Received Import Request.
  Time since last request: 0.000028 seconds.
  path: Assets/Sprites/skeleton_2/idle_up/idle_up_2_0002.png
  artifactKey: Guid(43585e40b8af9b845956cd8a03700734) Importer(2089858483,0ecaa5967403d082aa24f35e1b516d23)
Number of updated assets reloaded before import = 0
Start importing Assets/Sprites/skeleton_2/idle_up/idle_up_2_0002.png using Guid(43585e40b8af9b845956cd8a03700734) Importer(2089858483,0ecaa5967403d082aa24f35e1b516d23)  -> (artifact id: '222d8b963be15ba94b4be78ddda178b8') in 0.023543 seconds 
Number of asset objects unloaded after import = 3
========================================================================
Received Import Request.
  Time since last request: 0.000026 seconds.
  path: Assets/Sprites/skeleton_1/death_up/death_up_1_0007.png
  artifactKey: Guid(b1410565904645443b70f6f5c41f89e2) Importer(2089858483,0ecaa5967403d082aa24f35e1b516d23)
Number of updated assets reloaded before import = 0
Start importing Assets/Sprites/skeleton_1/death_up/death_up_1_0007.png using Guid(b1410565904645443b70f6f5c41f89e2) Importer(2089858483,0ecaa5967403d082aa24f35e1b516d23)  -> (artifact id: '7ecf3b5a21e2a1fc804a075dda2695ea') in 0.025300 seconds 
Number of asset objects unloaded after import = 3
========================================================================
Received Prepare
Refreshing native plugins compatible for Editor in 9.14 ms, found 2 plugins.
Preloading 0 native plugins for Editor in 0.00 ms.
Unloading 49 Unused Serialized files (Serialized files now loaded: 0)
Unloading 205 unused Assets / (0.6 MB). Loaded Objects now: 3581.
Memory consumption went from 62.1 MB to 61.5 MB.
Total: 8.710700 ms (FindLiveObjects: 0.267100 ms CreateObjectMapping: 0.081000 ms MarkObjects: 7.980300 ms  DeleteObjects: 0.380800 ms)

AssetImportParameters requested are different than current active one (requested -> active):
  custom:video-decoder-ogg-theora: a1e56fd34408186e4bbccfd4996cb3dc -> 
  custom:container-muxer-webm: aa71ff27fc2769a1b78a27578f13a17b -> 
  custom:container-demuxer-webm: 4f35f7cbe854078d1ac9338744f61a02 -> 
  custom:video-encoder-webm-vp8: eb34c28f22e8b96e1ab97ce403110664 -> 
  custom:CustomObjectIndexerAttribute: bc11b3a6c3213fcdd17b65e7da85e133 -> 
  custom:audio-encoder-webm-vorbis: bf7c407c2cedff20999df2af8eb42d56 -> 
  custom:framework-win-MediaFoundation: 216162199b28c13a410421893ffa2e32 -> 
  custom:SearchIndexIgnoredProperties: e643bd26f0fe6173181afceb89e7c659 -> 
  custom:container-demuxer-ogg: 62fdf1f143b41e24485cea50d1cbac27 -> 
  custom:video-decoder-webm-vp8: 9c59270c3fd7afecdb556c50c9e8de78 -> 
  custom:audio-decoder-ogg-vorbis: bf7c407c2cedff20999df2af8eb42d56 -> 
========================================================================
Received Prepare
Refreshing native plugins compatible for Editor in 9.99 ms, found 2 plugins.
Preloading 0 native plugins for Editor in 0.00 ms.
Unloading 49 Unused Serialized files (Serialized files now loaded: 0)
Unloading 49 unused Assets / (22.9 KB). Loaded Objects now: 3581.
Memory consumption went from 61.3 MB to 61.2 MB.
Total: 8.564600 ms (FindLiveObjects: 0.278300 ms CreateObjectMapping: 0.094600 ms MarkObjects: 8.154700 ms  DeleteObjects: 0.035900 ms)

AssetImportParameters requested are different than current active one (requested -> active):
  custom:video-decoder-ogg-theora: a1e56fd34408186e4bbccfd4996cb3dc -> 
  custom:container-muxer-webm: aa71ff27fc2769a1b78a27578f13a17b -> 
  custom:container-demuxer-webm: 4f35f7cbe854078d1ac9338744f61a02 -> 
  custom:video-encoder-webm-vp8: eb34c28f22e8b96e1ab97ce403110664 -> 
  custom:CustomObjectIndexerAttribute: bc11b3a6c3213fcdd17b65e7da85e133 -> 
  custom:audio-encoder-webm-vorbis: bf7c407c2cedff20999df2af8eb42d56 -> 
  custom:framework-win-MediaFoundation: 216162199b28c13a410421893ffa2e32 -> 
  custom:SearchIndexIgnoredProperties: e643bd26f0fe6173181afceb89e7c659 -> 
  custom:container-demuxer-ogg: 62fdf1f143b41e24485cea50d1cbac27 -> 
  custom:video-decoder-webm-vp8: 9c59270c3fd7afecdb556c50c9e8de78 -> 
  custom:audio-decoder-ogg-vorbis: bf7c407c2cedff20999df2af8eb42d56 -> 
========================================================================
Received Prepare
Registering precompiled user dll's ...
Registered in 0.006298 seconds.
Begin MonoManager ReloadAssembly
Symbol file LoadedFromMemory is not a mono symbol file
Native extension for UWP target not found
Native extension for WindowsStandalone target not found
Native extension for Android target not found
Native extension for WebGL target not found
Refreshing native plugins compatible for Editor in 1.67 ms, found 2 plugins.
Preloading 0 native plugins for Editor in 0.00 ms.
[Package Manager] Server::EnsureServerProcessIsRunning -- launch failed, reason: Unity was launched with the -noUpm command-line argument
[Package Manager] Cannot connect to Unity Package Manager local server
Mono: successfully reloaded assembly
- Completed reload, in  1.743 seconds
Domain Reload Profiling:
	ReloadAssembly (1743ms)
		BeginReloadAssembly (141ms)
			ExecutionOrderSort (0ms)
			DisableScriptedObjects (5ms)
			BackupInstance (0ms)
			ReleaseScriptingObjects (0ms)
			CreateAndSetChildDomain (48ms)
		EndReloadAssembly (1487ms)
			LoadAssemblies (108ms)
			RebuildTransferFunctionScriptingTraits (0ms)
			SetupTypeCache (286ms)
			ReleaseScriptCaches (1ms)
			RebuildScriptCaches (51ms)
			SetupLoadedEditorAssemblies (963ms)
				LogAssemblyErrors (0ms)
				InitializePlatformSupportModulesInManaged (22ms)
				SetLoadedEditorAssemblies (0ms)
				RefreshPlugins (2ms)
				BeforeProcessingInitializeOnLoad (67ms)
				ProcessInitializeOnLoadAttributes (685ms)
				ProcessInitializeOnLoadMethodAttributes (177ms)
				AfterProcessingInitializeOnLoad (10ms)
				EditorAssembliesLoaded (0ms)
			ExecutionOrderSort2 (0ms)
			AwakeInstancesAfterBackupRestoration (9ms)
Platform modules already initialized, skipping
Refreshing native plugins compatible for Editor in 1.43 ms, found 2 plugins.
Preloading 0 native plugins for Editor in 0.00 ms.
Unloading 3101 Unused Serialized files (Serialized files now loaded: 0)
Unloading 51 unused Assets / (23.0 KB). Loaded Objects now: 3584.
Memory consumption went from 121.7 MB to 121.7 MB.
Total: 7.019100 ms (FindLiveObjects: 0.321900 ms CreateObjectMapping: 0.101500 ms MarkObjects: 6.550400 ms  DeleteObjects: 0.043500 ms)

AssetImportParameters requested are different than current active one (requested -> active):
  custom:video-decoder-ogg-theora: a1e56fd34408186e4bbccfd4996cb3dc -> 
  custom:container-muxer-webm: aa71ff27fc2769a1b78a27578f13a17b -> 
  custom:container-demuxer-webm: 4f35f7cbe854078d1ac9338744f61a02 -> 
  custom:video-encoder-webm-vp8: eb34c28f22e8b96e1ab97ce403110664 -> 
  custom:CustomObjectIndexerAttribute: bc11b3a6c3213fcdd17b65e7da85e133 -> 
  custom:audio-encoder-webm-vorbis: bf7c407c2cedff20999df2af8eb42d56 -> 
  custom:framework-win-MediaFoundation: 216162199b28c13a410421893ffa2e32 -> 
  custom:SearchIndexIgnoredProperties: e643bd26f0fe6173181afceb89e7c659 -> 
  custom:container-demuxer-ogg: 62fdf1f143b41e24485cea50d1cbac27 -> 
  custom:video-decoder-webm-vp8: 9c59270c3fd7afecdb556c50c9e8de78 -> 
  custom:audio-decoder-ogg-vorbis: bf7c407c2cedff20999df2af8eb42d56 -> 
========================================================================
Received Prepare
Refreshing native plugins compatible for Editor in 12.80 ms, found 2 plugins.
Preloading 0 native plugins for Editor in 0.00 ms.
Unloading 49 Unused Serialized files (Serialized files now loaded: 0)
Unloading 49 unused Assets / (22.9 KB). Loaded Objects now: 3584.
Memory consumption went from 59.7 MB to 59.7 MB.
Total: 7.343100 ms (FindLiveObjects: 0.244700 ms CreateObjectMapping: 0.193500 ms MarkObjects: 6.861700 ms  DeleteObjects: 0.042300 ms)

AssetImportParameters requested are different than current active one (requested -> active):
  custom:video-decoder-ogg-theora: a1e56fd34408186e4bbccfd4996cb3dc -> 
  custom:container-muxer-webm: aa71ff27fc2769a1b78a27578f13a17b -> 
  custom:container-demuxer-webm: 4f35f7cbe854078d1ac9338744f61a02 -> 
  custom:video-encoder-webm-vp8: eb34c28f22e8b96e1ab97ce403110664 -> 
  custom:CustomObjectIndexerAttribute: bc11b3a6c3213fcdd17b65e7da85e133 -> 
  custom:audio-encoder-webm-vorbis: bf7c407c2cedff20999df2af8eb42d56 -> 
  custom:framework-win-MediaFoundation: 216162199b28c13a410421893ffa2e32 -> 
  custom:SearchIndexIgnoredProperties: e643bd26f0fe6173181afceb89e7c659 -> 
  custom:container-demuxer-ogg: 62fdf1f143b41e24485cea50d1cbac27 -> 
  custom:video-decoder-webm-vp8: 9c59270c3fd7afecdb556c50c9e8de78 -> 
  custom:audio-decoder-ogg-vorbis: bf7c407c2cedff20999df2af8eb42d56 -> 
========================================================================
Received Prepare
Refreshing native plugins compatible for Editor in 10.81 ms, found 2 plugins.
Preloading 0 native plugins for Editor in 0.00 ms.
Unloading 49 Unused Serialized files (Serialized files now loaded: 0)
Unloading 49 unused Assets / (22.9 KB). Loaded Objects now: 3584.
Memory consumption went from 59.5 MB to 59.5 MB.
Total: 7.788400 ms (FindLiveObjects: 0.287800 ms CreateObjectMapping: 0.082700 ms MarkObjects: 7.370500 ms  DeleteObjects: 0.046500 ms)

AssetImportParameters requested are different than current active one (requested -> active):
  custom:video-decoder-ogg-theora: a1e56fd34408186e4bbccfd4996cb3dc -> 
  custom:container-muxer-webm: aa71ff27fc2769a1b78a27578f13a17b -> 
  custom:container-demuxer-webm: 4f35f7cbe854078d1ac9338744f61a02 -> 
  custom:video-encoder-webm-vp8: eb34c28f22e8b96e1ab97ce403110664 -> 
  custom:CustomObjectIndexerAttribute: bc11b3a6c3213fcdd17b65e7da85e133 -> 
  custom:audio-encoder-webm-vorbis: bf7c407c2cedff20999df2af8eb42d56 -> 
  custom:framework-win-MediaFoundation: 216162199b28c13a410421893ffa2e32 -> 
  custom:SearchIndexIgnoredProperties: e643bd26f0fe6173181afceb89e7c659 -> 
  custom:container-demuxer-ogg: 62fdf1f143b41e24485cea50d1cbac27 -> 
  custom:video-decoder-webm-vp8: 9c59270c3fd7afecdb556c50c9e8de78 -> 
  custom:audio-decoder-ogg-vorbis: bf7c407c2cedff20999df2af8eb42d56 -> 
========================================================================
Received Prepare
Refreshing native plugins compatible for Editor in 10.13 ms, found 2 plugins.
Preloading 0 native plugins for Editor in 0.00 ms.
Unloading 49 Unused Serialized files (Serialized files now loaded: 0)
Unloading 49 unused Assets / (22.9 KB). Loaded Objects now: 3584.
Memory consumption went from 59.5 MB to 59.5 MB.
Total: 6.326100 ms (FindLiveObjects: 0.241600 ms CreateObjectMapping: 0.085400 ms MarkObjects: 5.961900 ms  DeleteObjects: 0.036300 ms)

AssetImportParameters requested are different than current active one (requested -> active):
  custom:video-decoder-ogg-theora: a1e56fd34408186e4bbccfd4996cb3dc -> 
  custom:container-muxer-webm: aa71ff27fc2769a1b78a27578f13a17b -> 
  custom:container-demuxer-webm: 4f35f7cbe854078d1ac9338744f61a02 -> 
  custom:video-encoder-webm-vp8: eb34c28f22e8b96e1ab97ce403110664 -> 
  custom:CustomObjectIndexerAttribute: bc11b3a6c3213fcdd17b65e7da85e133 -> 
  custom:audio-encoder-webm-vorbis: bf7c407c2cedff20999df2af8eb42d56 -> 
  custom:framework-win-MediaFoundation: 216162199b28c13a410421893ffa2e32 -> 
  custom:SearchIndexIgnoredProperties: e643bd26f0fe6173181afceb89e7c659 -> 
  custom:container-demuxer-ogg: 62fdf1f143b41e24485cea50d1cbac27 -> 
  custom:video-decoder-webm-vp8: 9c59270c3fd7afecdb556c50c9e8de78 -> 
  custom:audio-decoder-ogg-vorbis: bf7c407c2cedff20999df2af8eb42d56 -> 
========================================================================
Received Prepare
Registering precompiled user dll's ...
Registered in 0.010439 seconds.
Begin MonoManager ReloadAssembly
Symbol file LoadedFromMemory is not a mono symbol file
Native extension for UWP target not found
Native extension for WindowsStandalone target not found
Native extension for Android target not found
Native extension for WebGL target not found
Refreshing native plugins compatible for Editor in 1.57 ms, found 2 plugins.
Preloading 0 native plugins for Editor in 0.00 ms.
[Package Manager] Server::EnsureServerProcessIsRunning -- launch failed, reason: Unity was launched with the -noUpm command-line argument
[Package Manager] Cannot connect to Unity Package Manager local server
Mono: successfully reloaded assembly
- Completed reload, in  1.694 seconds
Domain Reload Profiling:
	ReloadAssembly (1694ms)
		BeginReloadAssembly (175ms)
			ExecutionOrderSort (0ms)
			DisableScriptedObjects (7ms)
			BackupInstance (0ms)
			ReleaseScriptingObjects (0ms)
			CreateAndSetChildDomain (48ms)
		EndReloadAssembly (1401ms)
			LoadAssemblies (131ms)
			RebuildTransferFunctionScriptingTraits (0ms)
			SetupTypeCache (266ms)
			ReleaseScriptCaches (1ms)
			RebuildScriptCaches (48ms)
			SetupLoadedEditorAssemblies (916ms)
				LogAssemblyErrors (0ms)
				InitializePlatformSupportModulesInManaged (20ms)
				SetLoadedEditorAssemblies (1ms)
				RefreshPlugins (2ms)
				BeforeProcessingInitializeOnLoad (58ms)
				ProcessInitializeOnLoadAttributes (656ms)
				ProcessInitializeOnLoadMethodAttributes (171ms)
				AfterProcessingInitializeOnLoad (8ms)
				EditorAssembliesLoaded (0ms)
			ExecutionOrderSort2 (0ms)
			AwakeInstancesAfterBackupRestoration (8ms)
Platform modules already initialized, skipping
Refreshing native plugins compatible for Editor in 1.64 ms, found 2 plugins.
Preloading 0 native plugins for Editor in 0.00 ms.
Unloading 3101 Unused Serialized files (Serialized files now loaded: 0)
Unloading 51 unused Assets / (22.9 KB). Loaded Objects now: 3587.
Memory consumption went from 121.8 MB to 121.8 MB.
Total: 8.752900 ms (FindLiveObjects: 0.230700 ms CreateObjectMapping: 0.083700 ms MarkObjects: 8.395800 ms  DeleteObjects: 0.041700 ms)

AssetImportParameters requested are different than current active one (requested -> active):
  custom:video-decoder-ogg-theora: a1e56fd34408186e4bbccfd4996cb3dc -> 
  custom:container-muxer-webm: aa71ff27fc2769a1b78a27578f13a17b -> 
  custom:container-demuxer-webm: 4f35f7cbe854078d1ac9338744f61a02 -> 
  custom:video-encoder-webm-vp8: eb34c28f22e8b96e1ab97ce403110664 -> 
  custom:CustomObjectIndexerAttribute: bc11b3a6c3213fcdd17b65e7da85e133 -> 
  custom:audio-encoder-webm-vorbis: bf7c407c2cedff20999df2af8eb42d56 -> 
  custom:framework-win-MediaFoundation: 216162199b28c13a410421893ffa2e32 -> 
  custom:SearchIndexIgnoredProperties: e643bd26f0fe6173181afceb89e7c659 -> 
  custom:container-demuxer-ogg: 62fdf1f143b41e24485cea50d1cbac27 -> 
  custom:video-decoder-webm-vp8: 9c59270c3fd7afecdb556c50c9e8de78 -> 
  custom:audio-decoder-ogg-vorbis: bf7c407c2cedff20999df2af8eb42d56 -> 
========================================================================
Received Import Request.
  Time since last request: 747.404488 seconds.
  path: Assets/Resources/ArmorDatabase.asset
  artifactKey: Guid(c21460e9861147afb5bf34772af38688) Importer(815301076,1909f56bfc062723c751e8b465ee728b)
Number of updated assets reloaded before import = 0
Start importing Assets/Resources/ArmorDatabase.asset using Guid(c21460e9861147afb5bf34772af38688) Importer(815301076,1909f56bfc062723c751e8b465ee728b)  -> (artifact id: '81c301afe527509b043fce8a40fb404c') in 0.041395 seconds 
Number of asset objects unloaded after import = 96
========================================================================
Received Prepare
Refreshing native plugins compatible for Editor in 9.76 ms, found 2 plugins.
Preloading 0 native plugins for Editor in 0.00 ms.
Unloading 49 Unused Serialized files (Serialized files now loaded: 0)
Unloading 49 unused Assets / (23.0 KB). Loaded Objects now: 3588.
Memory consumption went from 59.6 MB to 59.6 MB.
Total: 6.383200 ms (FindLiveObjects: 0.243800 ms CreateObjectMapping: 0.083000 ms MarkObjects: 6.013100 ms  DeleteObjects: 0.042400 ms)

AssetImportParameters requested are different than current active one (requested -> active):
  custom:video-decoder-ogg-theora: a1e56fd34408186e4bbccfd4996cb3dc -> 
  custom:container-muxer-webm: aa71ff27fc2769a1b78a27578f13a17b -> 
  custom:container-demuxer-webm: 4f35f7cbe854078d1ac9338744f61a02 -> 
  custom:video-encoder-webm-vp8: eb34c28f22e8b96e1ab97ce403110664 -> 
  custom:CustomObjectIndexerAttribute: bc11b3a6c3213fcdd17b65e7da85e133 -> 
  custom:audio-encoder-webm-vorbis: bf7c407c2cedff20999df2af8eb42d56 -> 
  custom:framework-win-MediaFoundation: 216162199b28c13a410421893ffa2e32 -> 
  custom:SearchIndexIgnoredProperties: e643bd26f0fe6173181afceb89e7c659 -> 
  custom:container-demuxer-ogg: 62fdf1f143b41e24485cea50d1cbac27 -> 
  custom:video-decoder-webm-vp8: 9c59270c3fd7afecdb556c50c9e8de78 -> 
  custom:audio-decoder-ogg-vorbis: bf7c407c2cedff20999df2af8eb42d56 -> 
========================================================================
Received Prepare
Registering precompiled user dll's ...
Registered in 0.010223 seconds.
Begin MonoManager ReloadAssembly
Symbol file LoadedFromMemory is not a mono symbol file
Native extension for UWP target not found
Native extension for WindowsStandalone target not found
Native extension for Android target not found
Native extension for WebGL target not found
Refreshing native plugins compatible for Editor in 0.94 ms, found 2 plugins.
Preloading 0 native plugins for Editor in 0.00 ms.
[Package Manager] Server::EnsureServerProcessIsRunning -- launch failed, reason: Unity was launched with the -noUpm command-line argument
[Package Manager] Cannot connect to Unity Package Manager local server
Mono: successfully reloaded assembly
- Completed reload, in  1.308 seconds
Domain Reload Profiling:
	ReloadAssembly (1308ms)
		BeginReloadAssembly (162ms)
			ExecutionOrderSort (0ms)
			DisableScriptedObjects (5ms)
			BackupInstance (0ms)
			ReleaseScriptingObjects (0ms)
			CreateAndSetChildDomain (44ms)
		EndReloadAssembly (1057ms)
			LoadAssemblies (117ms)
			RebuildTransferFunctionScriptingTraits (0ms)
			SetupTypeCache (175ms)
			ReleaseScriptCaches (1ms)
			RebuildScriptCaches (29ms)
			SetupLoadedEditorAssemblies (728ms)
				LogAssemblyErrors (0ms)
				InitializePlatformSupportModulesInManaged (14ms)
				SetLoadedEditorAssemblies (0ms)
				RefreshPlugins (1ms)
				BeforeProcessingInitializeOnLoad (40ms)
				ProcessInitializeOnLoadAttributes (554ms)
				ProcessInitializeOnLoadMethodAttributes (112ms)
				AfterProcessingInitializeOnLoad (6ms)
				EditorAssembliesLoaded (0ms)
			ExecutionOrderSort2 (0ms)
			AwakeInstancesAfterBackupRestoration (6ms)
Platform modules already initialized, skipping
Refreshing native plugins compatible for Editor in 0.89 ms, found 2 plugins.
Preloading 0 native plugins for Editor in 0.00 ms.
Unloading 3101 Unused Serialized files (Serialized files now loaded: 0)
Unloading 51 unused Assets / (23.0 KB). Loaded Objects now: 3591.
Memory consumption went from 121.8 MB to 121.8 MB.
Total: 6.295200 ms (FindLiveObjects: 0.253600 ms CreateObjectMapping: 0.090700 ms MarkObjects: 5.908800 ms  DeleteObjects: 0.040800 ms)

AssetImportParameters requested are different than current active one (requested -> active):
  custom:video-decoder-ogg-theora: a1e56fd34408186e4bbccfd4996cb3dc -> 
  custom:container-muxer-webm: aa71ff27fc2769a1b78a27578f13a17b -> 
  custom:container-demuxer-webm: 4f35f7cbe854078d1ac9338744f61a02 -> 
  custom:video-encoder-webm-vp8: eb34c28f22e8b96e1ab97ce403110664 -> 
  custom:CustomObjectIndexerAttribute: bc11b3a6c3213fcdd17b65e7da85e133 -> 
  custom:audio-encoder-webm-vorbis: bf7c407c2cedff20999df2af8eb42d56 -> 
  custom:framework-win-MediaFoundation: 216162199b28c13a410421893ffa2e32 -> 
  custom:SearchIndexIgnoredProperties: e643bd26f0fe6173181afceb89e7c659 -> 
  custom:container-demuxer-ogg: 62fdf1f143b41e24485cea50d1cbac27 -> 
  custom:video-decoder-webm-vp8: 9c59270c3fd7afecdb556c50c9e8de78 -> 
  custom:audio-decoder-ogg-vorbis: bf7c407c2cedff20999df2af8eb42d56 -> 
========================================================================
Received Prepare
Refreshing native plugins compatible for Editor in 13.27 ms, found 2 plugins.
Preloading 0 native plugins for Editor in 0.00 ms.
Unloading 49 Unused Serialized files (Serialized files now loaded: 0)
Unloading 49 unused Assets / (23.0 KB). Loaded Objects now: 3591.
Memory consumption went from 59.9 MB to 59.9 MB.
Total: 7.329800 ms (FindLiveObjects: 0.399700 ms CreateObjectMapping: 0.110500 ms MarkObjects: 6.772800 ms  DeleteObjects: 0.045900 ms)

AssetImportParameters requested are different than current active one (requested -> active):
  custom:video-decoder-ogg-theora: a1e56fd34408186e4bbccfd4996cb3dc -> 
  custom:container-muxer-webm: aa71ff27fc2769a1b78a27578f13a17b -> 
  custom:container-demuxer-webm: 4f35f7cbe854078d1ac9338744f61a02 -> 
  custom:video-encoder-webm-vp8: eb34c28f22e8b96e1ab97ce403110664 -> 
  custom:CustomObjectIndexerAttribute: bc11b3a6c3213fcdd17b65e7da85e133 -> 
  custom:audio-encoder-webm-vorbis: bf7c407c2cedff20999df2af8eb42d56 -> 
  custom:framework-win-MediaFoundation: 216162199b28c13a410421893ffa2e32 -> 
  custom:SearchIndexIgnoredProperties: e643bd26f0fe6173181afceb89e7c659 -> 
  custom:container-demuxer-ogg: 62fdf1f143b41e24485cea50d1cbac27 -> 
  custom:video-decoder-webm-vp8: 9c59270c3fd7afecdb556c50c9e8de78 -> 
  custom:audio-decoder-ogg-vorbis: bf7c407c2cedff20999df2af8eb42d56 -> 
========================================================================
Received Prepare
Registering precompiled user dll's ...
Registered in 0.005488 seconds.
Begin MonoManager ReloadAssembly
Symbol file LoadedFromMemory is not a mono symbol file
Native extension for UWP target not found
Native extension for WindowsStandalone target not found
Native extension for Android target not found
Native extension for WebGL target not found
Refreshing native plugins compatible for Editor in 0.92 ms, found 2 plugins.
Preloading 0 native plugins for Editor in 0.00 ms.
[Package Manager] Server::EnsureServerProcessIsRunning -- launch failed, reason: Unity was launched with the -noUpm command-line argument
[Package Manager] Cannot connect to Unity Package Manager local server
Mono: successfully reloaded assembly
- Completed reload, in  1.233 seconds
Domain Reload Profiling:
	ReloadAssembly (1233ms)
		BeginReloadAssembly (130ms)
			ExecutionOrderSort (0ms)
			DisableScriptedObjects (5ms)
			BackupInstance (0ms)
			ReleaseScriptingObjects (0ms)
			CreateAndSetChildDomain (36ms)
		EndReloadAssembly (1029ms)
			LoadAssemblies (91ms)
			RebuildTransferFunctionScriptingTraits (0ms)
			SetupTypeCache (170ms)
			ReleaseScriptCaches (1ms)
			RebuildScriptCaches (29ms)
			SetupLoadedEditorAssemblies (714ms)
				LogAssemblyErrors (0ms)
				InitializePlatformSupportModulesInManaged (14ms)
				SetLoadedEditorAssemblies (0ms)
				RefreshPlugins (1ms)
				BeforeProcessingInitializeOnLoad (40ms)
				ProcessInitializeOnLoadAttributes (555ms)
				ProcessInitializeOnLoadMethodAttributes (100ms)
				AfterProcessingInitializeOnLoad (5ms)
				EditorAssembliesLoaded (0ms)
			ExecutionOrderSort2 (0ms)
			AwakeInstancesAfterBackupRestoration (5ms)
Platform modules already initialized, skipping
Refreshing native plugins compatible for Editor in 1.44 ms, found 2 plugins.
Preloading 0 native plugins for Editor in 0.00 ms.
Unloading 3104 Unused Serialized files (Serialized files now loaded: 0)
Unloading 51 unused Assets / (23.0 KB). Loaded Objects now: 3597.
Memory consumption went from 121.9 MB to 121.9 MB.
Total: 6.171800 ms (FindLiveObjects: 0.205600 ms CreateObjectMapping: 0.075000 ms MarkObjects: 5.846000 ms  DeleteObjects: 0.044500 ms)

AssetImportParameters requested are different than current active one (requested -> active):
  custom:video-decoder-ogg-theora: a1e56fd34408186e4bbccfd4996cb3dc -> 
  custom:container-muxer-webm: aa71ff27fc2769a1b78a27578f13a17b -> 
  custom:container-demuxer-webm: 4f35f7cbe854078d1ac9338744f61a02 -> 
  custom:video-encoder-webm-vp8: eb34c28f22e8b96e1ab97ce403110664 -> 
  custom:CustomObjectIndexerAttribute: bc11b3a6c3213fcdd17b65e7da85e133 -> 
  custom:audio-encoder-webm-vorbis: bf7c407c2cedff20999df2af8eb42d56 -> 
  custom:framework-win-MediaFoundation: 216162199b28c13a410421893ffa2e32 -> 
  custom:SearchIndexIgnoredProperties: e643bd26f0fe6173181afceb89e7c659 -> 
  custom:container-demuxer-ogg: 62fdf1f143b41e24485cea50d1cbac27 -> 
  custom:video-decoder-webm-vp8: 9c59270c3fd7afecdb556c50c9e8de78 -> 
  custom:audio-decoder-ogg-vorbis: bf7c407c2cedff20999df2af8eb42d56 -> 
========================================================================
Received Prepare
Refreshing native plugins compatible for Editor in 13.27 ms, found 2 plugins.
Preloading 0 native plugins for Editor in 0.00 ms.
Unloading 49 Unused Serialized files (Serialized files now loaded: 0)
Unloading 49 unused Assets / (23.0 KB). Loaded Objects now: 3597.
Memory consumption went from 59.9 MB to 59.9 MB.
Total: 8.658800 ms (FindLiveObjects: 0.242400 ms CreateObjectMapping: 0.085700 ms MarkObjects: 8.275100 ms  DeleteObjects: 0.054700 ms)

AssetImportParameters requested are different than current active one (requested -> active):
  custom:video-decoder-ogg-theora: a1e56fd34408186e4bbccfd4996cb3dc -> 
  custom:container-muxer-webm: aa71ff27fc2769a1b78a27578f13a17b -> 
  custom:container-demuxer-webm: 4f35f7cbe854078d1ac9338744f61a02 -> 
  custom:video-encoder-webm-vp8: eb34c28f22e8b96e1ab97ce403110664 -> 
  custom:CustomObjectIndexerAttribute: bc11b3a6c3213fcdd17b65e7da85e133 -> 
  custom:audio-encoder-webm-vorbis: bf7c407c2cedff20999df2af8eb42d56 -> 
  custom:framework-win-MediaFoundation: 216162199b28c13a410421893ffa2e32 -> 
  custom:SearchIndexIgnoredProperties: e643bd26f0fe6173181afceb89e7c659 -> 
  custom:container-demuxer-ogg: 62fdf1f143b41e24485cea50d1cbac27 -> 
  custom:video-decoder-webm-vp8: 9c59270c3fd7afecdb556c50c9e8de78 -> 
  custom:audio-decoder-ogg-vorbis: bf7c407c2cedff20999df2af8eb42d56 -> 
