Using pre-set license
Built from '2021.3/respin/2021.3.45f2-0da89fac8e' branch; Version is '2021.3.45f2 (88f88f591b2e) revision 8976527'; Using compiler version '192829333'; Build Type 'Release'
OS: 'Windows 11  (10.0.26300) 64bit Professional' Language: 'fr' Physical Memory: 32635 MB
BatchMode: 1, IsHumanControllingUs: 0, StartBugReporterOnCrash: 0, Is64bit: 1, IsPro: 1

COMMAND LINE ARGUMENTS:
C:\Program Files\Unity\Hub\Editor\2021.3.45f2\Editor\Unity.exe
-adb2
-batchMode
-noUpm
-name
AssetImportWorker0
-projectPath
C:/Servers/Sources/Universe2D
-logFile
Logs/AssetImportWorker0.log
-srvPort
56430
Successfully changed project path to: C:/Servers/Sources/Universe2D
C:/Servers/Sources/Universe2D
[UnityMemory] Configuration Parameters - Can be set up in boot.config
    "memorysetup-bucket-allocator-granularity=16"
    "memorysetup-bucket-allocator-bucket-count=8"
    "memorysetup-bucket-allocator-block-size=33554432"
    "memorysetup-bucket-allocator-block-count=8"
    "memorysetup-main-allocator-block-size=16777216"
    "memorysetup-thread-allocator-block-size=16777216"
    "memorysetup-gfx-main-allocator-block-size=16777216"
    "memorysetup-gfx-thread-allocator-block-size=16777216"
    "memorysetup-cache-allocator-block-size=4194304"
    "memorysetup-typetree-allocator-block-size=2097152"
    "memorysetup-profiler-bucket-allocator-granularity=16"
    "memorysetup-profiler-bucket-allocator-bucket-count=8"
    "memorysetup-profiler-bucket-allocator-block-size=33554432"
    "memorysetup-profiler-bucket-allocator-block-count=8"
    "memorysetup-profiler-allocator-block-size=16777216"
    "memorysetup-profiler-editor-allocator-block-size=1048576"
    "memorysetup-temp-allocator-size-main=16777216"
    "memorysetup-job-temp-allocator-block-size=2097152"
    "memorysetup-job-temp-allocator-block-size-background=1048576"
    "memorysetup-job-temp-allocator-reduction-small-platforms=262144"
    "memorysetup-temp-allocator-size-background-worker=32768"
    "memorysetup-temp-allocator-size-job-worker=262144"
    "memorysetup-temp-allocator-size-preload-manager=33554432"
    "memorysetup-temp-allocator-size-nav-mesh-worker=65536"
    "memorysetup-temp-allocator-size-audio-worker=65536"
    "memorysetup-temp-allocator-size-cloud-worker=32768"
    "memorysetup-temp-allocator-size-gi-baking-worker=262144"
    "memorysetup-temp-allocator-size-gfx=262144"
Player connection [13228] Host "[IP] 192.168.42.100 [Port] 0 [Flags] 2 [Guid] 361903440 [EditorId] 361903440 [Version] 1048832 [Id] WindowsEditor(7,DESKTOP-R30U5VV) [Debug] 1 [PackageName] WindowsEditor [ProjectName] Editor" joined multi-casting on [225.0.0.222:54997]...

Player connection [13228] Host "[IP] 192.168.42.100 [Port] 0 [Flags] 2 [Guid] 361903440 [EditorId] 361903440 [Version] 1048832 [Id] WindowsEditor(7,DESKTOP-R30U5VV) [Debug] 1 [PackageName] WindowsEditor [ProjectName] Editor" joined alternative multi-casting on [225.0.0.222:34997]...

[Physics::Module] Initialized MultithreadedJobDispatcher with {0} workers.
Refreshing native plugins compatible for Editor in 42.52 ms, found 2 plugins.
Preloading 0 native plugins for Editor in 0.00 ms.
Initialize engine version: 2021.3.45f2 (88f88f591b2e)
[Subsystems] Discovering subsystems at path C:/Program Files/Unity/Hub/Editor/2021.3.45f2/Editor/Data/Resources/UnitySubsystems
[Subsystems] Discovering subsystems at path C:/Servers/Sources/Universe2D/Assets
GfxDevice: creating device client; threaded=0; jobified=0
Direct3D:
    Version:  Direct3D 11.0 [level 11.1]
    Renderer: AMD Radeon RX 7600 (ID=0x7480)
    Vendor:   ATI
    VRAM:     8150 MB
    Driver:   32.0.31041.1004
Initialize mono
Mono path[0] = 'C:/Program Files/Unity/Hub/Editor/2021.3.45f2/Editor/Data/Managed'
Mono path[1] = 'C:/Program Files/Unity/Hub/Editor/2021.3.45f2/Editor/Data/MonoBleedingEdge/lib/mono/unityjit-win32'
Mono config path = 'C:/Program Files/Unity/Hub/Editor/2021.3.45f2/Editor/Data/MonoBleedingEdge/etc'
Using monoOptions --debugger-agent=transport=dt_socket,embedding=1,server=y,suspend=n,address=127.0.0.1:56752
Begin MonoManager ReloadAssembly
Registering precompiled unity dll's ...
Register platform support module: C:/Program Files/Unity/Hub/Editor/2021.3.45f2/Editor/Data/PlaybackEngines/WebGLSupport/UnityEditor.WebGL.Extensions.dll
Register platform support module: C:/Program Files/Unity/Hub/Editor/2021.3.45f2/Editor/Data/PlaybackEngines/AndroidPlayer/UnityEditor.Android.Extensions.dll
Register platform support module: C:/Program Files/Unity/Hub/Editor/2021.3.45f2/Editor/Data/PlaybackEngines/WindowsStandaloneSupport/UnityEditor.WindowsStandalone.Extensions.dll
Register platform support module: C:/Program Files/Unity/Hub/Editor/2021.3.45f2/Editor/Data/PlaybackEngines/MetroSupport/UnityEditor.UWP.Extensions.dll
Registered in 0.005596 seconds.
Native extension for UWP target not found
Native extension for WindowsStandalone target not found
Native extension for Android target not found
Android Extension - Scanning For ADB Devices 310 ms
Native extension for WebGL target not found
Refreshing native plugins compatible for Editor in 32.31 ms, found 2 plugins.
Preloading 0 native plugins for Editor in 0.00 ms.
Mono: successfully reloaded assembly
- Completed reload, in  0.829 seconds
Domain Reload Profiling:
	ReloadAssembly (830ms)
		BeginReloadAssembly (79ms)
			ExecutionOrderSort (0ms)
			DisableScriptedObjects (0ms)
			BackupInstance (0ms)
			ReleaseScriptingObjects (0ms)
			CreateAndSetChildDomain (1ms)
		EndReloadAssembly (672ms)
			LoadAssemblies (78ms)
			RebuildTransferFunctionScriptingTraits (0ms)
			SetupTypeCache (86ms)
			ReleaseScriptCaches (0ms)
			RebuildScriptCaches (22ms)
			SetupLoadedEditorAssemblies (529ms)
				LogAssemblyErrors (0ms)
				InitializePlatformSupportModulesInManaged (385ms)
				SetLoadedEditorAssemblies (0ms)
				RefreshPlugins (32ms)
				BeforeProcessingInitializeOnLoad (1ms)
				ProcessInitializeOnLoadAttributes (76ms)
				ProcessInitializeOnLoadMethodAttributes (34ms)
				AfterProcessingInitializeOnLoad (0ms)
				EditorAssembliesLoaded (0ms)
			ExecutionOrderSort2 (0ms)
			AwakeInstancesAfterBackupRestoration (0ms)
Platform modules already initialized, skipping
Registering precompiled user dll's ...
Registered in 0.006491 seconds.
Begin MonoManager ReloadAssembly
Symbol file LoadedFromMemory is not a mono symbol file
Native extension for UWP target not found
Native extension for WindowsStandalone target not found
Native extension for Android target not found
Native extension for WebGL target not found
Refreshing native plugins compatible for Editor in 0.88 ms, found 2 plugins.
Preloading 0 native plugins for Editor in 0.00 ms.
Package Manager log level set to [2]
[Package Manager] Server::EnsureServerProcessIsRunning -- launch failed, reason: Unity was launched with the -noUpm command-line argument
[Package Manager] Cannot connect to Unity Package Manager local server
[ScriptCompilation] NOT recompiling all scripts because this is an import worker process. Reason to compile was: Define symbols changed
Mirror | mirror-networking.com | discord.gg/N9QVxbM
Mono: successfully reloaded assembly
- Completed reload, in  1.324 seconds
Domain Reload Profiling:
	ReloadAssembly (1324ms)
		BeginReloadAssembly (118ms)
			ExecutionOrderSort (0ms)
			DisableScriptedObjects (5ms)
			BackupInstance (0ms)
			ReleaseScriptingObjects (0ms)
			CreateAndSetChildDomain (21ms)
		EndReloadAssembly (1123ms)
			LoadAssemblies (95ms)
			RebuildTransferFunctionScriptingTraits (0ms)
			SetupTypeCache (188ms)
			ReleaseScriptCaches (1ms)
			RebuildScriptCaches (49ms)
			SetupLoadedEditorAssemblies (769ms)
				LogAssemblyErrors (0ms)
				InitializePlatformSupportModulesInManaged (14ms)
				SetLoadedEditorAssemblies (0ms)
				RefreshPlugins (1ms)
				BeforeProcessingInitializeOnLoad (46ms)
				ProcessInitializeOnLoadAttributes (595ms)
				ProcessInitializeOnLoadMethodAttributes (106ms)
				AfterProcessingInitializeOnLoad (6ms)
				EditorAssembliesLoaded (0ms)
			ExecutionOrderSort2 (0ms)
			AwakeInstancesAfterBackupRestoration (6ms)
Platform modules already initialized, skipping
========================================================================
Worker process is ready to serve import requests
Launched and connected shader compiler UnityShaderCompiler.exe after 0.05 seconds
Refreshing native plugins compatible for Editor in 0.83 ms, found 2 plugins.
Preloading 0 native plugins for Editor in 0.00 ms.
Unloading 3122 Unused Serialized files (Serialized files now loaded: 0)
Unloading 60 unused Assets / (47.8 KB). Loaded Objects now: 3566.
Memory consumption went from 116.8 MB to 116.7 MB.
Total: 6.126300 ms (FindLiveObjects: 0.229600 ms CreateObjectMapping: 0.091100 ms MarkObjects: 5.688000 ms  DeleteObjects: 0.116500 ms)

AssetImportParameters requested are different than current active one (requested -> active):
  custom:video-decoder-ogg-theora: a1e56fd34408186e4bbccfd4996cb3dc -> 
  custom:container-muxer-webm: aa71ff27fc2769a1b78a27578f13a17b -> 
  custom:container-demuxer-webm: 4f35f7cbe854078d1ac9338744f61a02 -> 
  custom:video-encoder-webm-vp8: eb34c28f22e8b96e1ab97ce403110664 -> 
  custom:CustomObjectIndexerAttribute: bc11b3a6c3213fcdd17b65e7da85e133 -> 
  custom:audio-encoder-webm-vorbis: bf7c407c2cedff20999df2af8eb42d56 -> 
  custom:framework-win-MediaFoundation: 216162199b28c13a410421893ffa2e32 -> 
  custom:SearchIndexIgnoredProperties: e643bd26f0fe6173181afceb89e7c659 -> 
  custom:container-demuxer-ogg: 62fdf1f143b41e24485cea50d1cbac27 -> 
  custom:video-decoder-webm-vp8: 9c59270c3fd7afecdb556c50c9e8de78 -> 
  custom:audio-decoder-ogg-vorbis: bf7c407c2cedff20999df2af8eb42d56 -> 
========================================================================
Received Import Request.
  Time since last request: 94614.277145 seconds.
  path: Assets/Login.unity
  artifactKey: Guid(a2795e4d016e46b29ee062ba9c8475da) Importer(815301076,1909f56bfc062723c751e8b465ee728b)
Number of updated assets reloaded before import = 0
Start importing Assets/Login.unity using Guid(a2795e4d016e46b29ee062ba9c8475da) Importer(815301076,1909f56bfc062723c751e8b465ee728b)  -> (artifact id: '1c1b3b50f724ef151b379ec346ce59bf') in 0.014601 seconds 
Number of asset objects unloaded after import = 0
========================================================================
Received Prepare
Registering precompiled user dll's ...
Registered in 0.005684 seconds.
Begin MonoManager ReloadAssembly
Symbol file LoadedFromMemory is not a mono symbol file
Native extension for UWP target not found
Native extension for WindowsStandalone target not found
Native extension for Android target not found
Native extension for WebGL target not found
Refreshing native plugins compatible for Editor in 0.92 ms, found 2 plugins.
Preloading 0 native plugins for Editor in 0.00 ms.
[Package Manager] Server::EnsureServerProcessIsRunning -- launch failed, reason: Unity was launched with the -noUpm command-line argument
[Package Manager] Cannot connect to Unity Package Manager local server
Mono: successfully reloaded assembly
- Completed reload, in  1.344 seconds
Domain Reload Profiling:
	ReloadAssembly (1345ms)
		BeginReloadAssembly (137ms)
			ExecutionOrderSort (0ms)
			DisableScriptedObjects (5ms)
			BackupInstance (0ms)
			ReleaseScriptingObjects (0ms)
			CreateAndSetChildDomain (38ms)
		EndReloadAssembly (1124ms)
			LoadAssemblies (102ms)
			RebuildTransferFunctionScriptingTraits (0ms)
			SetupTypeCache (201ms)
			ReleaseScriptCaches (1ms)
			RebuildScriptCaches (37ms)
			SetupLoadedEditorAssemblies (751ms)
				LogAssemblyErrors (0ms)
				InitializePlatformSupportModulesInManaged (15ms)
				SetLoadedEditorAssemblies (0ms)
				RefreshPlugins (1ms)
				BeforeProcessingInitializeOnLoad (43ms)
				ProcessInitializeOnLoadAttributes (577ms)
				ProcessInitializeOnLoadMethodAttributes (108ms)
				AfterProcessingInitializeOnLoad (6ms)
				EditorAssembliesLoaded (0ms)
			ExecutionOrderSort2 (0ms)
			AwakeInstancesAfterBackupRestoration (6ms)
Platform modules already initialized, skipping
Refreshing native plugins compatible for Editor in 0.93 ms, found 2 plugins.
Preloading 0 native plugins for Editor in 0.00 ms.
Unloading 3099 Unused Serialized files (Serialized files now loaded: 0)
Unloading 51 unused Assets / (23.0 KB). Loaded Objects now: 3569.
Memory consumption went from 114.6 MB to 114.5 MB.
Total: 6.371900 ms (FindLiveObjects: 0.257700 ms CreateObjectMapping: 0.101800 ms MarkObjects: 5.968200 ms  DeleteObjects: 0.042800 ms)

AssetImportParameters requested are different than current active one (requested -> active):
  custom:video-decoder-ogg-theora: a1e56fd34408186e4bbccfd4996cb3dc -> 
  custom:container-muxer-webm: aa71ff27fc2769a1b78a27578f13a17b -> 
  custom:container-demuxer-webm: 4f35f7cbe854078d1ac9338744f61a02 -> 
  custom:video-encoder-webm-vp8: eb34c28f22e8b96e1ab97ce403110664 -> 
  custom:CustomObjectIndexerAttribute: bc11b3a6c3213fcdd17b65e7da85e133 -> 
  custom:audio-encoder-webm-vorbis: bf7c407c2cedff20999df2af8eb42d56 -> 
  custom:framework-win-MediaFoundation: 216162199b28c13a410421893ffa2e32 -> 
  custom:SearchIndexIgnoredProperties: e643bd26f0fe6173181afceb89e7c659 -> 
  custom:container-demuxer-ogg: 62fdf1f143b41e24485cea50d1cbac27 -> 
  custom:video-decoder-webm-vp8: 9c59270c3fd7afecdb556c50c9e8de78 -> 
  custom:audio-decoder-ogg-vorbis: bf7c407c2cedff20999df2af8eb42d56 -> 
========================================================================
Received Prepare
Registering precompiled user dll's ...
Registered in 0.006999 seconds.
Begin MonoManager ReloadAssembly
Symbol file LoadedFromMemory is not a mono symbol file
Native extension for UWP target not found
Native extension for WindowsStandalone target not found
Native extension for Android target not found
Native extension for WebGL target not found
Refreshing native plugins compatible for Editor in 0.96 ms, found 2 plugins.
Preloading 0 native plugins for Editor in 0.00 ms.
[Package Manager] Server::EnsureServerProcessIsRunning -- launch failed, reason: Unity was launched with the -noUpm command-line argument
[Package Manager] Cannot connect to Unity Package Manager local server
Mono: successfully reloaded assembly
- Completed reload, in  1.330 seconds
Domain Reload Profiling:
	ReloadAssembly (1331ms)
		BeginReloadAssembly (134ms)
			ExecutionOrderSort (0ms)
			DisableScriptedObjects (5ms)
			BackupInstance (0ms)
			ReleaseScriptingObjects (0ms)
			CreateAndSetChildDomain (37ms)
		EndReloadAssembly (1120ms)
			LoadAssemblies (96ms)
			RebuildTransferFunctionScriptingTraits (0ms)
			SetupTypeCache (195ms)
			ReleaseScriptCaches (1ms)
			RebuildScriptCaches (35ms)
			SetupLoadedEditorAssemblies (758ms)
				LogAssemblyErrors (0ms)
				InitializePlatformSupportModulesInManaged (15ms)
				SetLoadedEditorAssemblies (0ms)
				RefreshPlugins (1ms)
				BeforeProcessingInitializeOnLoad (44ms)
				ProcessInitializeOnLoadAttributes (574ms)
				ProcessInitializeOnLoadMethodAttributes (116ms)
				AfterProcessingInitializeOnLoad (6ms)
				EditorAssembliesLoaded (0ms)
			ExecutionOrderSort2 (0ms)
			AwakeInstancesAfterBackupRestoration (6ms)
Platform modules already initialized, skipping
Refreshing native plugins compatible for Editor in 0.94 ms, found 2 plugins.
Preloading 0 native plugins for Editor in 0.00 ms.
Unloading 3099 Unused Serialized files (Serialized files now loaded: 0)
Unloading 51 unused Assets / (22.9 KB). Loaded Objects now: 3572.
Memory consumption went from 114.6 MB to 114.6 MB.
Total: 6.427400 ms (FindLiveObjects: 0.283200 ms CreateObjectMapping: 0.097100 ms MarkObjects: 6.003100 ms  DeleteObjects: 0.042200 ms)

AssetImportParameters requested are different than current active one (requested -> active):
  custom:video-decoder-ogg-theora: a1e56fd34408186e4bbccfd4996cb3dc -> 
  custom:container-muxer-webm: aa71ff27fc2769a1b78a27578f13a17b -> 
  custom:container-demuxer-webm: 4f35f7cbe854078d1ac9338744f61a02 -> 
  custom:video-encoder-webm-vp8: eb34c28f22e8b96e1ab97ce403110664 -> 
  custom:CustomObjectIndexerAttribute: bc11b3a6c3213fcdd17b65e7da85e133 -> 
  custom:audio-encoder-webm-vorbis: bf7c407c2cedff20999df2af8eb42d56 -> 
  custom:framework-win-MediaFoundation: 216162199b28c13a410421893ffa2e32 -> 
  custom:SearchIndexIgnoredProperties: e643bd26f0fe6173181afceb89e7c659 -> 
  custom:container-demuxer-ogg: 62fdf1f143b41e24485cea50d1cbac27 -> 
  custom:video-decoder-webm-vp8: 9c59270c3fd7afecdb556c50c9e8de78 -> 
  custom:audio-decoder-ogg-vorbis: bf7c407c2cedff20999df2af8eb42d56 -> 
========================================================================
Received Prepare
Registering precompiled user dll's ...
Registered in 0.007061 seconds.
Begin MonoManager ReloadAssembly
Symbol file LoadedFromMemory is not a mono symbol file
Native extension for UWP target not found
Native extension for WindowsStandalone target not found
Native extension for Android target not found
Native extension for WebGL target not found
Refreshing native plugins compatible for Editor in 1.05 ms, found 2 plugins.
Preloading 0 native plugins for Editor in 0.00 ms.
[Package Manager] Server::EnsureServerProcessIsRunning -- launch failed, reason: Unity was launched with the -noUpm command-line argument
[Package Manager] Cannot connect to Unity Package Manager local server
Mono: successfully reloaded assembly
- Completed reload, in  1.331 seconds
Domain Reload Profiling:
	ReloadAssembly (1332ms)
		BeginReloadAssembly (134ms)
			ExecutionOrderSort (0ms)
			DisableScriptedObjects (5ms)
			BackupInstance (0ms)
			ReleaseScriptingObjects (0ms)
			CreateAndSetChildDomain (36ms)
		EndReloadAssembly (1118ms)
			LoadAssemblies (94ms)
			RebuildTransferFunctionScriptingTraits (0ms)
			SetupTypeCache (194ms)
			ReleaseScriptCaches (1ms)
			RebuildScriptCaches (36ms)
			SetupLoadedEditorAssemblies (754ms)
				LogAssemblyErrors (0ms)
				InitializePlatformSupportModulesInManaged (15ms)
				SetLoadedEditorAssemblies (0ms)
				RefreshPlugins (1ms)
				BeforeProcessingInitializeOnLoad (45ms)
				ProcessInitializeOnLoadAttributes (573ms)
				ProcessInitializeOnLoadMethodAttributes (114ms)
				AfterProcessingInitializeOnLoad (6ms)
				EditorAssembliesLoaded (0ms)
			ExecutionOrderSort2 (0ms)
			AwakeInstancesAfterBackupRestoration (6ms)
Platform modules already initialized, skipping
Refreshing native plugins compatible for Editor in 0.94 ms, found 2 plugins.
Preloading 0 native plugins for Editor in 0.00 ms.
Unloading 3099 Unused Serialized files (Serialized files now loaded: 0)
Unloading 51 unused Assets / (23.0 KB). Loaded Objects now: 3575.
Memory consumption went from 114.6 MB to 114.6 MB.
Total: 6.577900 ms (FindLiveObjects: 0.255100 ms CreateObjectMapping: 0.097900 ms MarkObjects: 6.174200 ms  DeleteObjects: 0.049300 ms)

AssetImportParameters requested are different than current active one (requested -> active):
  custom:video-decoder-ogg-theora: a1e56fd34408186e4bbccfd4996cb3dc -> 
  custom:container-muxer-webm: aa71ff27fc2769a1b78a27578f13a17b -> 
  custom:container-demuxer-webm: 4f35f7cbe854078d1ac9338744f61a02 -> 
  custom:video-encoder-webm-vp8: eb34c28f22e8b96e1ab97ce403110664 -> 
  custom:CustomObjectIndexerAttribute: bc11b3a6c3213fcdd17b65e7da85e133 -> 
  custom:audio-encoder-webm-vorbis: bf7c407c2cedff20999df2af8eb42d56 -> 
  custom:framework-win-MediaFoundation: 216162199b28c13a410421893ffa2e32 -> 
  custom:SearchIndexIgnoredProperties: e643bd26f0fe6173181afceb89e7c659 -> 
  custom:container-demuxer-ogg: 62fdf1f143b41e24485cea50d1cbac27 -> 
  custom:video-decoder-webm-vp8: 9c59270c3fd7afecdb556c50c9e8de78 -> 
  custom:audio-decoder-ogg-vorbis: bf7c407c2cedff20999df2af8eb42d56 -> 
========================================================================
Received Prepare
Registering precompiled user dll's ...
Registered in 0.005734 seconds.
Begin MonoManager ReloadAssembly
Symbol file LoadedFromMemory is not a mono symbol file
Native extension for UWP target not found
Native extension for WindowsStandalone target not found
Native extension for Android target not found
Native extension for WebGL target not found
Refreshing native plugins compatible for Editor in 0.94 ms, found 2 plugins.
Preloading 0 native plugins for Editor in 0.00 ms.
[Package Manager] Server::EnsureServerProcessIsRunning -- launch failed, reason: Unity was launched with the -noUpm command-line argument
[Package Manager] Cannot connect to Unity Package Manager local server
Mono: successfully reloaded assembly
- Completed reload, in  1.328 seconds
Domain Reload Profiling:
	ReloadAssembly (1329ms)
		BeginReloadAssembly (131ms)
			ExecutionOrderSort (0ms)
			DisableScriptedObjects (5ms)
			BackupInstance (0ms)
			ReleaseScriptingObjects (0ms)
			CreateAndSetChildDomain (36ms)
		EndReloadAssembly (1122ms)
			LoadAssemblies (95ms)
			RebuildTransferFunctionScriptingTraits (0ms)
			SetupTypeCache (191ms)
			ReleaseScriptCaches (1ms)
			RebuildScriptCaches (35ms)
			SetupLoadedEditorAssemblies (763ms)
				LogAssemblyErrors (0ms)
				InitializePlatformSupportModulesInManaged (16ms)
				SetLoadedEditorAssemblies (0ms)
				RefreshPlugins (1ms)
				BeforeProcessingInitializeOnLoad (44ms)
				ProcessInitializeOnLoadAttributes (587ms)
				ProcessInitializeOnLoadMethodAttributes (109ms)
				AfterProcessingInitializeOnLoad (6ms)
				EditorAssembliesLoaded (0ms)
			ExecutionOrderSort2 (0ms)
			AwakeInstancesAfterBackupRestoration (6ms)
Platform modules already initialized, skipping
Refreshing native plugins compatible for Editor in 1.02 ms, found 2 plugins.
Preloading 0 native plugins for Editor in 0.00 ms.
Unloading 3099 Unused Serialized files (Serialized files now loaded: 0)
Unloading 51 unused Assets / (22.9 KB). Loaded Objects now: 3578.
Memory consumption went from 114.6 MB to 114.6 MB.
Total: 6.034500 ms (FindLiveObjects: 0.239800 ms CreateObjectMapping: 0.084300 ms MarkObjects: 5.666600 ms  DeleteObjects: 0.042500 ms)

AssetImportParameters requested are different than current active one (requested -> active):
  custom:video-decoder-ogg-theora: a1e56fd34408186e4bbccfd4996cb3dc -> 
  custom:container-muxer-webm: aa71ff27fc2769a1b78a27578f13a17b -> 
  custom:container-demuxer-webm: 4f35f7cbe854078d1ac9338744f61a02 -> 
  custom:video-encoder-webm-vp8: eb34c28f22e8b96e1ab97ce403110664 -> 
  custom:CustomObjectIndexerAttribute: bc11b3a6c3213fcdd17b65e7da85e133 -> 
  custom:audio-encoder-webm-vorbis: bf7c407c2cedff20999df2af8eb42d56 -> 
  custom:framework-win-MediaFoundation: 216162199b28c13a410421893ffa2e32 -> 
  custom:SearchIndexIgnoredProperties: e643bd26f0fe6173181afceb89e7c659 -> 
  custom:container-demuxer-ogg: 62fdf1f143b41e24485cea50d1cbac27 -> 
  custom:video-decoder-webm-vp8: 9c59270c3fd7afecdb556c50c9e8de78 -> 
  custom:audio-decoder-ogg-vorbis: bf7c407c2cedff20999df2af8eb42d56 -> 
========================================================================
Received Prepare
Registering precompiled user dll's ...
Registered in 0.010241 seconds.
Begin MonoManager ReloadAssembly
Symbol file LoadedFromMemory is not a mono symbol file
Native extension for UWP target not found
Native extension for WindowsStandalone target not found
Native extension for Android target not found
Native extension for WebGL target not found
Refreshing native plugins compatible for Editor in 1.61 ms, found 2 plugins.
Preloading 0 native plugins for Editor in 0.00 ms.
[Package Manager] Server::EnsureServerProcessIsRunning -- launch failed, reason: Unity was launched with the -noUpm command-line argument
[Package Manager] Cannot connect to Unity Package Manager local server
Mono: successfully reloaded assembly
- Completed reload, in  1.771 seconds
Domain Reload Profiling:
	ReloadAssembly (1772ms)
		BeginReloadAssembly (179ms)
			ExecutionOrderSort (0ms)
			DisableScriptedObjects (8ms)
			BackupInstance (0ms)
			ReleaseScriptingObjects (0ms)
			CreateAndSetChildDomain (49ms)
		EndReloadAssembly (1480ms)
			LoadAssemblies (126ms)
			RebuildTransferFunctionScriptingTraits (0ms)
			SetupTypeCache (281ms)
			ReleaseScriptCaches (1ms)
			RebuildScriptCaches (48ms)
			SetupLoadedEditorAssemblies (978ms)
				LogAssemblyErrors (0ms)
				InitializePlatformSupportModulesInManaged (21ms)
				SetLoadedEditorAssemblies (1ms)
				RefreshPlugins (2ms)
				BeforeProcessingInitializeOnLoad (66ms)
				ProcessInitializeOnLoadAttributes (717ms)
				ProcessInitializeOnLoadMethodAttributes (162ms)
				AfterProcessingInitializeOnLoad (9ms)
				EditorAssembliesLoaded (0ms)
			ExecutionOrderSort2 (0ms)
			AwakeInstancesAfterBackupRestoration (9ms)
Platform modules already initialized, skipping
Refreshing native plugins compatible for Editor in 1.07 ms, found 2 plugins.
Preloading 0 native plugins for Editor in 0.00 ms.
Unloading 3099 Unused Serialized files (Serialized files now loaded: 0)
Unloading 51 unused Assets / (22.9 KB). Loaded Objects now: 3581.
Memory consumption went from 114.6 MB to 114.6 MB.
Total: 7.551000 ms (FindLiveObjects: 0.279200 ms CreateObjectMapping: 0.100800 ms MarkObjects: 7.125500 ms  DeleteObjects: 0.044500 ms)

AssetImportParameters requested are different than current active one (requested -> active):
  custom:video-decoder-ogg-theora: a1e56fd34408186e4bbccfd4996cb3dc -> 
  custom:container-muxer-webm: aa71ff27fc2769a1b78a27578f13a17b -> 
  custom:container-demuxer-webm: 4f35f7cbe854078d1ac9338744f61a02 -> 
  custom:video-encoder-webm-vp8: eb34c28f22e8b96e1ab97ce403110664 -> 
  custom:CustomObjectIndexerAttribute: bc11b3a6c3213fcdd17b65e7da85e133 -> 
  custom:audio-encoder-webm-vorbis: bf7c407c2cedff20999df2af8eb42d56 -> 
  custom:framework-win-MediaFoundation: 216162199b28c13a410421893ffa2e32 -> 
  custom:SearchIndexIgnoredProperties: e643bd26f0fe6173181afceb89e7c659 -> 
  custom:container-demuxer-ogg: 62fdf1f143b41e24485cea50d1cbac27 -> 
  custom:video-decoder-webm-vp8: 9c59270c3fd7afecdb556c50c9e8de78 -> 
  custom:audio-decoder-ogg-vorbis: bf7c407c2cedff20999df2af8eb42d56 -> 
========================================================================
Received Prepare
Registering precompiled user dll's ...
Registered in 0.006831 seconds.
Begin MonoManager ReloadAssembly
Symbol file LoadedFromMemory is not a mono symbol file
Native extension for UWP target not found
Native extension for WindowsStandalone target not found
Native extension for Android target not found
Native extension for WebGL target not found
Refreshing native plugins compatible for Editor in 0.93 ms, found 2 plugins.
Preloading 0 native plugins for Editor in 0.00 ms.
[Package Manager] Server::EnsureServerProcessIsRunning -- launch failed, reason: Unity was launched with the -noUpm command-line argument
[Package Manager] Cannot connect to Unity Package Manager local server
Mono: successfully reloaded assembly
- Completed reload, in  1.325 seconds
Domain Reload Profiling:
	ReloadAssembly (1325ms)
		BeginReloadAssembly (130ms)
			ExecutionOrderSort (0ms)
			DisableScriptedObjects (5ms)
			BackupInstance (0ms)
			ReleaseScriptingObjects (0ms)
			CreateAndSetChildDomain (35ms)
		EndReloadAssembly (1118ms)
			LoadAssemblies (96ms)
			RebuildTransferFunctionScriptingTraits (0ms)
			SetupTypeCache (191ms)
			ReleaseScriptCaches (1ms)
			RebuildScriptCaches (36ms)
			SetupLoadedEditorAssemblies (757ms)
				LogAssemblyErrors (0ms)
				InitializePlatformSupportModulesInManaged (16ms)
				SetLoadedEditorAssemblies (0ms)
				RefreshPlugins (1ms)
				BeforeProcessingInitializeOnLoad (44ms)
				ProcessInitializeOnLoadAttributes (577ms)
				ProcessInitializeOnLoadMethodAttributes (113ms)
				AfterProcessingInitializeOnLoad (6ms)
				EditorAssembliesLoaded (0ms)
			ExecutionOrderSort2 (0ms)
			AwakeInstancesAfterBackupRestoration (6ms)
Platform modules already initialized, skipping
Refreshing native plugins compatible for Editor in 1.41 ms, found 2 plugins.
Preloading 0 native plugins for Editor in 0.00 ms.
Unloading 3099 Unused Serialized files (Serialized files now loaded: 0)
Unloading 51 unused Assets / (23.0 KB). Loaded Objects now: 3584.
Memory consumption went from 114.6 MB to 114.6 MB.
Total: 6.533600 ms (FindLiveObjects: 0.243700 ms CreateObjectMapping: 0.107500 ms MarkObjects: 6.137400 ms  DeleteObjects: 0.043200 ms)

AssetImportParameters requested are different than current active one (requested -> active):
  custom:video-decoder-ogg-theora: a1e56fd34408186e4bbccfd4996cb3dc -> 
  custom:container-muxer-webm: aa71ff27fc2769a1b78a27578f13a17b -> 
  custom:container-demuxer-webm: 4f35f7cbe854078d1ac9338744f61a02 -> 
  custom:video-encoder-webm-vp8: eb34c28f22e8b96e1ab97ce403110664 -> 
  custom:CustomObjectIndexerAttribute: bc11b3a6c3213fcdd17b65e7da85e133 -> 
  custom:audio-encoder-webm-vorbis: bf7c407c2cedff20999df2af8eb42d56 -> 
  custom:framework-win-MediaFoundation: 216162199b28c13a410421893ffa2e32 -> 
  custom:SearchIndexIgnoredProperties: e643bd26f0fe6173181afceb89e7c659 -> 
  custom:container-demuxer-ogg: 62fdf1f143b41e24485cea50d1cbac27 -> 
  custom:video-decoder-webm-vp8: 9c59270c3fd7afecdb556c50c9e8de78 -> 
  custom:audio-decoder-ogg-vorbis: bf7c407c2cedff20999df2af8eb42d56 -> 
========================================================================
Received Prepare
Registering precompiled user dll's ...
Registered in 0.007240 seconds.
Begin MonoManager ReloadAssembly
Symbol file LoadedFromMemory is not a mono symbol file
Native extension for UWP target not found
Native extension for WindowsStandalone target not found
Native extension for Android target not found
Native extension for WebGL target not found
Refreshing native plugins compatible for Editor in 0.95 ms, found 2 plugins.
Preloading 0 native plugins for Editor in 0.00 ms.
[Package Manager] Server::EnsureServerProcessIsRunning -- launch failed, reason: Unity was launched with the -noUpm command-line argument
[Package Manager] Cannot connect to Unity Package Manager local server
Mono: successfully reloaded assembly
- Completed reload, in  1.326 seconds
Domain Reload Profiling:
	ReloadAssembly (1327ms)
		BeginReloadAssembly (133ms)
			ExecutionOrderSort (0ms)
			DisableScriptedObjects (5ms)
			BackupInstance (0ms)
			ReleaseScriptingObjects (0ms)
			CreateAndSetChildDomain (37ms)
		EndReloadAssembly (1118ms)
			LoadAssemblies (95ms)
			RebuildTransferFunctionScriptingTraits (0ms)
			SetupTypeCache (194ms)
			ReleaseScriptCaches (1ms)
			RebuildScriptCaches (35ms)
			SetupLoadedEditorAssemblies (758ms)
				LogAssemblyErrors (0ms)
				InitializePlatformSupportModulesInManaged (15ms)
				SetLoadedEditorAssemblies (0ms)
				RefreshPlugins (1ms)
				BeforeProcessingInitializeOnLoad (43ms)
				ProcessInitializeOnLoadAttributes (577ms)
				ProcessInitializeOnLoadMethodAttributes (112ms)
				AfterProcessingInitializeOnLoad (9ms)
				EditorAssembliesLoaded (0ms)
			ExecutionOrderSort2 (0ms)
			AwakeInstancesAfterBackupRestoration (6ms)
Platform modules already initialized, skipping
Refreshing native plugins compatible for Editor in 1.08 ms, found 2 plugins.
Preloading 0 native plugins for Editor in 0.00 ms.
Unloading 3099 Unused Serialized files (Serialized files now loaded: 0)
Unloading 51 unused Assets / (23.0 KB). Loaded Objects now: 3587.
Memory consumption went from 114.6 MB to 114.6 MB.
Total: 7.006400 ms (FindLiveObjects: 0.250600 ms CreateObjectMapping: 0.214400 ms MarkObjects: 6.489400 ms  DeleteObjects: 0.051200 ms)

AssetImportParameters requested are different than current active one (requested -> active):
  custom:video-decoder-ogg-theora: a1e56fd34408186e4bbccfd4996cb3dc -> 
  custom:container-muxer-webm: aa71ff27fc2769a1b78a27578f13a17b -> 
  custom:container-demuxer-webm: 4f35f7cbe854078d1ac9338744f61a02 -> 
  custom:video-encoder-webm-vp8: eb34c28f22e8b96e1ab97ce403110664 -> 
  custom:CustomObjectIndexerAttribute: bc11b3a6c3213fcdd17b65e7da85e133 -> 
  custom:audio-encoder-webm-vorbis: bf7c407c2cedff20999df2af8eb42d56 -> 
  custom:framework-win-MediaFoundation: 216162199b28c13a410421893ffa2e32 -> 
  custom:SearchIndexIgnoredProperties: e643bd26f0fe6173181afceb89e7c659 -> 
  custom:container-demuxer-ogg: 62fdf1f143b41e24485cea50d1cbac27 -> 
  custom:video-decoder-webm-vp8: 9c59270c3fd7afecdb556c50c9e8de78 -> 
  custom:audio-decoder-ogg-vorbis: bf7c407c2cedff20999df2af8eb42d56 -> 
========================================================================
Received Import Request.
  Time since last request: 926.396731 seconds.
  path: Assets/Login.unity
  artifactKey: Guid(a2795e4d016e46b29ee062ba9c8475da) Importer(815301076,1909f56bfc062723c751e8b465ee728b)
Number of updated assets reloaded before import = 0
Start importing Assets/Login.unity using Guid(a2795e4d016e46b29ee062ba9c8475da) Importer(815301076,1909f56bfc062723c751e8b465ee728b)  -> (artifact id: '36fb60a3245a919ec3086da5b93d1751') in 0.008770 seconds 
Number of asset objects unloaded after import = 0
========================================================================
Received Prepare
Registering precompiled user dll's ...
Registered in 0.005479 seconds.
Begin MonoManager ReloadAssembly
Symbol file LoadedFromMemory is not a mono symbol file
Native extension for UWP target not found
Native extension for WindowsStandalone target not found
Native extension for Android target not found
Native extension for WebGL target not found
Refreshing native plugins compatible for Editor in 0.95 ms, found 2 plugins.
Preloading 0 native plugins for Editor in 0.00 ms.
[Package Manager] Server::EnsureServerProcessIsRunning -- launch failed, reason: Unity was launched with the -noUpm command-line argument
[Package Manager] Cannot connect to Unity Package Manager local server
Mono: successfully reloaded assembly
- Completed reload, in  1.329 seconds
Domain Reload Profiling:
	ReloadAssembly (1330ms)
		BeginReloadAssembly (132ms)
			ExecutionOrderSort (0ms)
			DisableScriptedObjects (5ms)
			BackupInstance (0ms)
			ReleaseScriptingObjects (0ms)
			CreateAndSetChildDomain (38ms)
		EndReloadAssembly (1116ms)
			LoadAssemblies (93ms)
			RebuildTransferFunctionScriptingTraits (0ms)
			SetupTypeCache (186ms)
			ReleaseScriptCaches (1ms)
			RebuildScriptCaches (34ms)
			SetupLoadedEditorAssemblies (770ms)
				LogAssemblyErrors (0ms)
				InitializePlatformSupportModulesInManaged (15ms)
				SetLoadedEditorAssemblies (0ms)
				RefreshPlugins (1ms)
				BeforeProcessingInitializeOnLoad (44ms)
				ProcessInitializeOnLoadAttributes (590ms)
				ProcessInitializeOnLoadMethodAttributes (114ms)
				AfterProcessingInitializeOnLoad (6ms)
				EditorAssembliesLoaded (0ms)
			ExecutionOrderSort2 (0ms)
			AwakeInstancesAfterBackupRestoration (6ms)
Platform modules already initialized, skipping
Refreshing native plugins compatible for Editor in 0.96 ms, found 2 plugins.
Preloading 0 native plugins for Editor in 0.00 ms.
Unloading 3099 Unused Serialized files (Serialized files now loaded: 0)
Unloading 51 unused Assets / (23.0 KB). Loaded Objects now: 3590.
Memory consumption went from 114.6 MB to 114.6 MB.
Total: 6.897000 ms (FindLiveObjects: 0.256300 ms CreateObjectMapping: 0.196300 ms MarkObjects: 6.401100 ms  DeleteObjects: 0.042200 ms)

AssetImportParameters requested are different than current active one (requested -> active):
  custom:video-decoder-ogg-theora: a1e56fd34408186e4bbccfd4996cb3dc -> 
  custom:container-muxer-webm: aa71ff27fc2769a1b78a27578f13a17b -> 
  custom:container-demuxer-webm: 4f35f7cbe854078d1ac9338744f61a02 -> 
  custom:video-encoder-webm-vp8: eb34c28f22e8b96e1ab97ce403110664 -> 
  custom:CustomObjectIndexerAttribute: bc11b3a6c3213fcdd17b65e7da85e133 -> 
  custom:audio-encoder-webm-vorbis: bf7c407c2cedff20999df2af8eb42d56 -> 
  custom:framework-win-MediaFoundation: 216162199b28c13a410421893ffa2e32 -> 
  custom:SearchIndexIgnoredProperties: e643bd26f0fe6173181afceb89e7c659 -> 
  custom:container-demuxer-ogg: 62fdf1f143b41e24485cea50d1cbac27 -> 
  custom:video-decoder-webm-vp8: 9c59270c3fd7afecdb556c50c9e8de78 -> 
  custom:audio-decoder-ogg-vorbis: bf7c407c2cedff20999df2af8eb42d56 -> 
========================================================================
Received Prepare
Refreshing native plugins compatible for Editor in 12.30 ms, found 2 plugins.
Preloading 0 native plugins for Editor in 0.00 ms.
Unloading 49 Unused Serialized files (Serialized files now loaded: 0)
Unloading 49 unused Assets / (23.0 KB). Loaded Objects now: 3590.
Memory consumption went from 52.7 MB to 52.7 MB.
Total: 9.785000 ms (FindLiveObjects: 0.241400 ms CreateObjectMapping: 0.080000 ms MarkObjects: 9.423400 ms  DeleteObjects: 0.039400 ms)

AssetImportParameters requested are different than current active one (requested -> active):
  custom:video-decoder-ogg-theora: a1e56fd34408186e4bbccfd4996cb3dc -> 
  custom:container-muxer-webm: aa71ff27fc2769a1b78a27578f13a17b -> 
  custom:container-demuxer-webm: 4f35f7cbe854078d1ac9338744f61a02 -> 
  custom:video-encoder-webm-vp8: eb34c28f22e8b96e1ab97ce403110664 -> 
  custom:CustomObjectIndexerAttribute: bc11b3a6c3213fcdd17b65e7da85e133 -> 
  custom:audio-encoder-webm-vorbis: bf7c407c2cedff20999df2af8eb42d56 -> 
  custom:framework-win-MediaFoundation: 216162199b28c13a410421893ffa2e32 -> 
  custom:SearchIndexIgnoredProperties: e643bd26f0fe6173181afceb89e7c659 -> 
  custom:container-demuxer-ogg: 62fdf1f143b41e24485cea50d1cbac27 -> 
  custom:video-decoder-webm-vp8: 9c59270c3fd7afecdb556c50c9e8de78 -> 
  custom:audio-decoder-ogg-vorbis: bf7c407c2cedff20999df2af8eb42d56 -> 
========================================================================
Received Prepare
Registering precompiled user dll's ...
Registered in 0.007265 seconds.
Begin MonoManager ReloadAssembly
Symbol file LoadedFromMemory is not a mono symbol file
Native extension for UWP target not found
Native extension for WindowsStandalone target not found
Native extension for Android target not found
Native extension for WebGL target not found
Refreshing native plugins compatible for Editor in 0.96 ms, found 2 plugins.
Preloading 0 native plugins for Editor in 0.00 ms.
[Package Manager] Server::EnsureServerProcessIsRunning -- launch failed, reason: Unity was launched with the -noUpm command-line argument
[Package Manager] Cannot connect to Unity Package Manager local server
Mono: successfully reloaded assembly
- Completed reload, in  1.339 seconds
Domain Reload Profiling:
	ReloadAssembly (1339ms)
		BeginReloadAssembly (130ms)
			ExecutionOrderSort (0ms)
			DisableScriptedObjects (5ms)
			BackupInstance (0ms)
			ReleaseScriptingObjects (0ms)
			CreateAndSetChildDomain (36ms)
		EndReloadAssembly (1133ms)
			LoadAssemblies (97ms)
			RebuildTransferFunctionScriptingTraits (0ms)
			SetupTypeCache (196ms)
			ReleaseScriptCaches (1ms)
			RebuildScriptCaches (35ms)
			SetupLoadedEditorAssemblies (766ms)
				LogAssemblyErrors (0ms)
				InitializePlatformSupportModulesInManaged (16ms)
				SetLoadedEditorAssemblies (0ms)
				RefreshPlugins (1ms)
				BeforeProcessingInitializeOnLoad (47ms)
				ProcessInitializeOnLoadAttributes (582ms)
				ProcessInitializeOnLoadMethodAttributes (114ms)
				AfterProcessingInitializeOnLoad (6ms)
				EditorAssembliesLoaded (0ms)
			ExecutionOrderSort2 (0ms)
			AwakeInstancesAfterBackupRestoration (6ms)
Platform modules already initialized, skipping
Refreshing native plugins compatible for Editor in 1.12 ms, found 2 plugins.
Preloading 0 native plugins for Editor in 0.00 ms.
Unloading 3099 Unused Serialized files (Serialized files now loaded: 0)
Unloading 51 unused Assets / (23.0 KB). Loaded Objects now: 3593.
Memory consumption went from 114.6 MB to 114.6 MB.
Total: 6.188600 ms (FindLiveObjects: 0.266900 ms CreateObjectMapping: 0.114800 ms MarkObjects: 5.763900 ms  DeleteObjects: 0.041700 ms)

AssetImportParameters requested are different than current active one (requested -> active):
  custom:video-decoder-ogg-theora: a1e56fd34408186e4bbccfd4996cb3dc -> 
  custom:container-muxer-webm: aa71ff27fc2769a1b78a27578f13a17b -> 
  custom:container-demuxer-webm: 4f35f7cbe854078d1ac9338744f61a02 -> 
  custom:video-encoder-webm-vp8: eb34c28f22e8b96e1ab97ce403110664 -> 
  custom:CustomObjectIndexerAttribute: bc11b3a6c3213fcdd17b65e7da85e133 -> 
  custom:audio-encoder-webm-vorbis: bf7c407c2cedff20999df2af8eb42d56 -> 
  custom:framework-win-MediaFoundation: 216162199b28c13a410421893ffa2e32 -> 
  custom:SearchIndexIgnoredProperties: e643bd26f0fe6173181afceb89e7c659 -> 
  custom:container-demuxer-ogg: 62fdf1f143b41e24485cea50d1cbac27 -> 
  custom:video-decoder-webm-vp8: 9c59270c3fd7afecdb556c50c9e8de78 -> 
  custom:audio-decoder-ogg-vorbis: bf7c407c2cedff20999df2af8eb42d56 -> 
========================================================================
Received Prepare
Registering precompiled user dll's ...
Registered in 0.006914 seconds.
Begin MonoManager ReloadAssembly
Symbol file LoadedFromMemory is not a mono symbol file
Native extension for UWP target not found
Native extension for WindowsStandalone target not found
Native extension for Android target not found
Native extension for WebGL target not found
Refreshing native plugins compatible for Editor in 0.92 ms, found 2 plugins.
Preloading 0 native plugins for Editor in 0.00 ms.
[Package Manager] Server::EnsureServerProcessIsRunning -- launch failed, reason: Unity was launched with the -noUpm command-line argument
[Package Manager] Cannot connect to Unity Package Manager local server
Mono: successfully reloaded assembly
- Completed reload, in  1.320 seconds
Domain Reload Profiling:
	ReloadAssembly (1320ms)
		BeginReloadAssembly (129ms)
			ExecutionOrderSort (0ms)
			DisableScriptedObjects (5ms)
			BackupInstance (0ms)
			ReleaseScriptingObjects (0ms)
			CreateAndSetChildDomain (37ms)
		EndReloadAssembly (1111ms)
			LoadAssemblies (95ms)
			RebuildTransferFunctionScriptingTraits (0ms)
			SetupTypeCache (189ms)
			ReleaseScriptCaches (1ms)
			RebuildScriptCaches (35ms)
			SetupLoadedEditorAssemblies (758ms)
				LogAssemblyErrors (0ms)
				InitializePlatformSupportModulesInManaged (15ms)
				SetLoadedEditorAssemblies (0ms)
				RefreshPlugins (1ms)
				BeforeProcessingInitializeOnLoad (43ms)
				ProcessInitializeOnLoadAttributes (580ms)
				ProcessInitializeOnLoadMethodAttributes (113ms)
				AfterProcessingInitializeOnLoad (6ms)
				EditorAssembliesLoaded (0ms)
			ExecutionOrderSort2 (0ms)
			AwakeInstancesAfterBackupRestoration (6ms)
Platform modules already initialized, skipping
Refreshing native plugins compatible for Editor in 0.96 ms, found 2 plugins.
Preloading 0 native plugins for Editor in 0.00 ms.
Unloading 3099 Unused Serialized files (Serialized files now loaded: 0)
Unloading 51 unused Assets / (23.0 KB). Loaded Objects now: 3596.
Memory consumption went from 114.6 MB to 114.6 MB.
Total: 6.912800 ms (FindLiveObjects: 0.512300 ms CreateObjectMapping: 0.120800 ms MarkObjects: 6.227800 ms  DeleteObjects: 0.050300 ms)

AssetImportParameters requested are different than current active one (requested -> active):
  custom:video-decoder-ogg-theora: a1e56fd34408186e4bbccfd4996cb3dc -> 
  custom:container-muxer-webm: aa71ff27fc2769a1b78a27578f13a17b -> 
  custom:container-demuxer-webm: 4f35f7cbe854078d1ac9338744f61a02 -> 
  custom:video-encoder-webm-vp8: eb34c28f22e8b96e1ab97ce403110664 -> 
  custom:CustomObjectIndexerAttribute: bc11b3a6c3213fcdd17b65e7da85e133 -> 
  custom:audio-encoder-webm-vorbis: bf7c407c2cedff20999df2af8eb42d56 -> 
  custom:framework-win-MediaFoundation: 216162199b28c13a410421893ffa2e32 -> 
  custom:SearchIndexIgnoredProperties: e643bd26f0fe6173181afceb89e7c659 -> 
  custom:container-demuxer-ogg: 62fdf1f143b41e24485cea50d1cbac27 -> 
  custom:video-decoder-webm-vp8: 9c59270c3fd7afecdb556c50c9e8de78 -> 
  custom:audio-decoder-ogg-vorbis: bf7c407c2cedff20999df2af8eb42d56 -> 
========================================================================
Received Prepare
Registering precompiled user dll's ...
Registered in 0.007351 seconds.
Begin MonoManager ReloadAssembly
Symbol file LoadedFromMemory is not a mono symbol file
Native extension for UWP target not found
Native extension for WindowsStandalone target not found
Native extension for Android target not found
Native extension for WebGL target not found
Refreshing native plugins compatible for Editor in 1.01 ms, found 2 plugins.
Preloading 0 native plugins for Editor in 0.00 ms.
[Package Manager] Server::EnsureServerProcessIsRunning -- launch failed, reason: Unity was launched with the -noUpm command-line argument
[Package Manager] Cannot connect to Unity Package Manager local server
Mono: successfully reloaded assembly
- Completed reload, in  1.343 seconds
Domain Reload Profiling:
	ReloadAssembly (1343ms)
		BeginReloadAssembly (129ms)
			ExecutionOrderSort (0ms)
			DisableScriptedObjects (5ms)
			BackupInstance (0ms)
			ReleaseScriptingObjects (0ms)
			CreateAndSetChildDomain (35ms)
		EndReloadAssembly (1135ms)
			LoadAssemblies (97ms)
			RebuildTransferFunctionScriptingTraits (0ms)
			SetupTypeCache (193ms)
			ReleaseScriptCaches (1ms)
			RebuildScriptCaches (34ms)
			SetupLoadedEditorAssemblies (776ms)
				LogAssemblyErrors (0ms)
				InitializePlatformSupportModulesInManaged (16ms)
				SetLoadedEditorAssemblies (0ms)
				RefreshPlugins (1ms)
				BeforeProcessingInitializeOnLoad (45ms)
				ProcessInitializeOnLoadAttributes (592ms)
				ProcessInitializeOnLoadMethodAttributes (115ms)
				AfterProcessingInitializeOnLoad (6ms)
				EditorAssembliesLoaded (0ms)
			ExecutionOrderSort2 (0ms)
			AwakeInstancesAfterBackupRestoration (6ms)
Platform modules already initialized, skipping
Refreshing native plugins compatible for Editor in 0.95 ms, found 2 plugins.
Preloading 0 native plugins for Editor in 0.00 ms.
Unloading 3099 Unused Serialized files (Serialized files now loaded: 0)
Unloading 51 unused Assets / (22.9 KB). Loaded Objects now: 3599.
Memory consumption went from 114.7 MB to 114.6 MB.
Total: 6.258700 ms (FindLiveObjects: 0.253300 ms CreateObjectMapping: 0.096900 ms MarkObjects: 5.866700 ms  DeleteObjects: 0.040600 ms)

AssetImportParameters requested are different than current active one (requested -> active):
  custom:video-decoder-ogg-theora: a1e56fd34408186e4bbccfd4996cb3dc -> 
  custom:container-muxer-webm: aa71ff27fc2769a1b78a27578f13a17b -> 
  custom:container-demuxer-webm: 4f35f7cbe854078d1ac9338744f61a02 -> 
  custom:video-encoder-webm-vp8: eb34c28f22e8b96e1ab97ce403110664 -> 
  custom:CustomObjectIndexerAttribute: bc11b3a6c3213fcdd17b65e7da85e133 -> 
  custom:audio-encoder-webm-vorbis: bf7c407c2cedff20999df2af8eb42d56 -> 
  custom:framework-win-MediaFoundation: 216162199b28c13a410421893ffa2e32 -> 
  custom:SearchIndexIgnoredProperties: e643bd26f0fe6173181afceb89e7c659 -> 
  custom:container-demuxer-ogg: 62fdf1f143b41e24485cea50d1cbac27 -> 
  custom:video-decoder-webm-vp8: 9c59270c3fd7afecdb556c50c9e8de78 -> 
  custom:audio-decoder-ogg-vorbis: bf7c407c2cedff20999df2af8eb42d56 -> 
========================================================================
Received Prepare
Registering precompiled user dll's ...
Registered in 0.011086 seconds.
Begin MonoManager ReloadAssembly
Symbol file LoadedFromMemory is not a mono symbol file
Native extension for UWP target not found
Native extension for WindowsStandalone target not found
Native extension for Android target not found
Native extension for WebGL target not found
Refreshing native plugins compatible for Editor in 0.89 ms, found 2 plugins.
Preloading 0 native plugins for Editor in 0.00 ms.
[Package Manager] Server::EnsureServerProcessIsRunning -- launch failed, reason: Unity was launched with the -noUpm command-line argument
[Package Manager] Cannot connect to Unity Package Manager local server
Mono: successfully reloaded assembly
- Completed reload, in  1.444 seconds
Domain Reload Profiling:
	ReloadAssembly (1445ms)
		BeginReloadAssembly (157ms)
			ExecutionOrderSort (0ms)
			DisableScriptedObjects (5ms)
			BackupInstance (0ms)
			ReleaseScriptingObjects (0ms)
			CreateAndSetChildDomain (42ms)
		EndReloadAssembly (1175ms)
			LoadAssemblies (111ms)
			RebuildTransferFunctionScriptingTraits (0ms)
			SetupTypeCache (192ms)
			ReleaseScriptCaches (1ms)
			RebuildScriptCaches (41ms)
			SetupLoadedEditorAssemblies (817ms)
				LogAssemblyErrors (0ms)
				InitializePlatformSupportModulesInManaged (13ms)
				SetLoadedEditorAssemblies (0ms)
				RefreshPlugins (1ms)
				BeforeProcessingInitializeOnLoad (41ms)
				ProcessInitializeOnLoadAttributes (618ms)
				ProcessInitializeOnLoadMethodAttributes (138ms)
				AfterProcessingInitializeOnLoad (5ms)
				EditorAssembliesLoaded (0ms)
			ExecutionOrderSort2 (0ms)
			AwakeInstancesAfterBackupRestoration (5ms)
Platform modules already initialized, skipping
Refreshing native plugins compatible for Editor in 1.43 ms, found 2 plugins.
Preloading 0 native plugins for Editor in 0.00 ms.
Unloading 3099 Unused Serialized files (Serialized files now loaded: 0)
Unloading 51 unused Assets / (22.9 KB). Loaded Objects now: 3602.
Memory consumption went from 114.7 MB to 114.6 MB.
Total: 6.065200 ms (FindLiveObjects: 0.236500 ms CreateObjectMapping: 0.077200 ms MarkObjects: 5.705200 ms  DeleteObjects: 0.045300 ms)

AssetImportParameters requested are different than current active one (requested -> active):
  custom:video-decoder-ogg-theora: a1e56fd34408186e4bbccfd4996cb3dc -> 
  custom:container-muxer-webm: aa71ff27fc2769a1b78a27578f13a17b -> 
  custom:container-demuxer-webm: 4f35f7cbe854078d1ac9338744f61a02 -> 
  custom:video-encoder-webm-vp8: eb34c28f22e8b96e1ab97ce403110664 -> 
  custom:CustomObjectIndexerAttribute: bc11b3a6c3213fcdd17b65e7da85e133 -> 
  custom:audio-encoder-webm-vorbis: bf7c407c2cedff20999df2af8eb42d56 -> 
  custom:framework-win-MediaFoundation: 216162199b28c13a410421893ffa2e32 -> 
  custom:SearchIndexIgnoredProperties: e643bd26f0fe6173181afceb89e7c659 -> 
  custom:container-demuxer-ogg: 62fdf1f143b41e24485cea50d1cbac27 -> 
  custom:video-decoder-webm-vp8: 9c59270c3fd7afecdb556c50c9e8de78 -> 
  custom:audio-decoder-ogg-vorbis: bf7c407c2cedff20999df2af8eb42d56 -> 
========================================================================
Received Prepare
Registering precompiled user dll's ...
Registered in 0.007195 seconds.
Begin MonoManager ReloadAssembly
Symbol file LoadedFromMemory is not a mono symbol file
Native extension for UWP target not found
Native extension for WindowsStandalone target not found
Native extension for Android target not found
Native extension for WebGL target not found
Refreshing native plugins compatible for Editor in 0.91 ms, found 2 plugins.
Preloading 0 native plugins for Editor in 0.00 ms.
[Package Manager] Server::EnsureServerProcessIsRunning -- launch failed, reason: Unity was launched with the -noUpm command-line argument
[Package Manager] Cannot connect to Unity Package Manager local server
Mono: successfully reloaded assembly
- Completed reload, in  1.327 seconds
Domain Reload Profiling:
	ReloadAssembly (1328ms)
		BeginReloadAssembly (130ms)
			ExecutionOrderSort (0ms)
			DisableScriptedObjects (5ms)
			BackupInstance (0ms)
			ReleaseScriptingObjects (0ms)
			CreateAndSetChildDomain (36ms)
		EndReloadAssembly (1121ms)
			LoadAssemblies (95ms)
			RebuildTransferFunctionScriptingTraits (0ms)
			SetupTypeCache (195ms)
			ReleaseScriptCaches (1ms)
			RebuildScriptCaches (35ms)
			SetupLoadedEditorAssemblies (761ms)
				LogAssemblyErrors (0ms)
				InitializePlatformSupportModulesInManaged (15ms)
				SetLoadedEditorAssemblies (0ms)
				RefreshPlugins (1ms)
				BeforeProcessingInitializeOnLoad (43ms)
				ProcessInitializeOnLoadAttributes (584ms)
				ProcessInitializeOnLoadMethodAttributes (112ms)
				AfterProcessingInitializeOnLoad (6ms)
				EditorAssembliesLoaded (0ms)
			ExecutionOrderSort2 (0ms)
			AwakeInstancesAfterBackupRestoration (6ms)
Platform modules already initialized, skipping
Refreshing native plugins compatible for Editor in 0.94 ms, found 2 plugins.
Preloading 0 native plugins for Editor in 0.00 ms.
Unloading 3099 Unused Serialized files (Serialized files now loaded: 0)
Unloading 51 unused Assets / (23.0 KB). Loaded Objects now: 3605.
Memory consumption went from 114.7 MB to 114.7 MB.
Total: 6.204100 ms (FindLiveObjects: 0.250500 ms CreateObjectMapping: 0.083000 ms MarkObjects: 5.833000 ms  DeleteObjects: 0.036000 ms)

AssetImportParameters requested are different than current active one (requested -> active):
  custom:video-decoder-ogg-theora: a1e56fd34408186e4bbccfd4996cb3dc -> 
  custom:container-muxer-webm: aa71ff27fc2769a1b78a27578f13a17b -> 
  custom:container-demuxer-webm: 4f35f7cbe854078d1ac9338744f61a02 -> 
  custom:video-encoder-webm-vp8: eb34c28f22e8b96e1ab97ce403110664 -> 
  custom:CustomObjectIndexerAttribute: bc11b3a6c3213fcdd17b65e7da85e133 -> 
  custom:audio-encoder-webm-vorbis: bf7c407c2cedff20999df2af8eb42d56 -> 
  custom:framework-win-MediaFoundation: 216162199b28c13a410421893ffa2e32 -> 
  custom:SearchIndexIgnoredProperties: e643bd26f0fe6173181afceb89e7c659 -> 
  custom:container-demuxer-ogg: 62fdf1f143b41e24485cea50d1cbac27 -> 
  custom:video-decoder-webm-vp8: 9c59270c3fd7afecdb556c50c9e8de78 -> 
  custom:audio-decoder-ogg-vorbis: bf7c407c2cedff20999df2af8eb42d56 -> 
========================================================================
Received Prepare
Registering precompiled user dll's ...
Registered in 0.007275 seconds.
Begin MonoManager ReloadAssembly
Symbol file LoadedFromMemory is not a mono symbol file
Native extension for UWP target not found
Native extension for WindowsStandalone target not found
Native extension for Android target not found
Native extension for WebGL target not found
Refreshing native plugins compatible for Editor in 0.77 ms, found 2 plugins.
Preloading 0 native plugins for Editor in 0.00 ms.
[Package Manager] Server::EnsureServerProcessIsRunning -- launch failed, reason: Unity was launched with the -noUpm command-line argument
[Package Manager] Cannot connect to Unity Package Manager local server
Mono: successfully reloaded assembly
- Completed reload, in  1.231 seconds
Domain Reload Profiling:
	ReloadAssembly (1232ms)
		BeginReloadAssembly (131ms)
			ExecutionOrderSort (0ms)
			DisableScriptedObjects (5ms)
			BackupInstance (0ms)
			ReleaseScriptingObjects (0ms)
			CreateAndSetChildDomain (37ms)
		EndReloadAssembly (1023ms)
			LoadAssemblies (93ms)
			RebuildTransferFunctionScriptingTraits (0ms)
			SetupTypeCache (165ms)
			ReleaseScriptCaches (1ms)
			RebuildScriptCaches (30ms)
			SetupLoadedEditorAssemblies (711ms)
				LogAssemblyErrors (0ms)
				InitializePlatformSupportModulesInManaged (13ms)
				SetLoadedEditorAssemblies (0ms)
				RefreshPlugins (1ms)
				BeforeProcessingInitializeOnLoad (38ms)
				ProcessInitializeOnLoadAttributes (554ms)
				ProcessInitializeOnLoadMethodAttributes (100ms)
				AfterProcessingInitializeOnLoad (5ms)
				EditorAssembliesLoaded (0ms)
			ExecutionOrderSort2 (0ms)
			AwakeInstancesAfterBackupRestoration (5ms)
Platform modules already initialized, skipping
Refreshing native plugins compatible for Editor in 0.98 ms, found 2 plugins.
Preloading 0 native plugins for Editor in 0.00 ms.
Unloading 3099 Unused Serialized files (Serialized files now loaded: 0)
Unloading 51 unused Assets / (23.0 KB). Loaded Objects now: 3608.
Memory consumption went from 114.7 MB to 114.7 MB.
Total: 6.195300 ms (FindLiveObjects: 0.242000 ms CreateObjectMapping: 0.086500 ms MarkObjects: 5.817200 ms  DeleteObjects: 0.048600 ms)

AssetImportParameters requested are different than current active one (requested -> active):
  custom:video-decoder-ogg-theora: a1e56fd34408186e4bbccfd4996cb3dc -> 
  custom:container-muxer-webm: aa71ff27fc2769a1b78a27578f13a17b -> 
  custom:container-demuxer-webm: 4f35f7cbe854078d1ac9338744f61a02 -> 
  custom:video-encoder-webm-vp8: eb34c28f22e8b96e1ab97ce403110664 -> 
  custom:CustomObjectIndexerAttribute: bc11b3a6c3213fcdd17b65e7da85e133 -> 
  custom:audio-encoder-webm-vorbis: bf7c407c2cedff20999df2af8eb42d56 -> 
  custom:framework-win-MediaFoundation: 216162199b28c13a410421893ffa2e32 -> 
  custom:SearchIndexIgnoredProperties: e643bd26f0fe6173181afceb89e7c659 -> 
  custom:container-demuxer-ogg: 62fdf1f143b41e24485cea50d1cbac27 -> 
  custom:video-decoder-webm-vp8: 9c59270c3fd7afecdb556c50c9e8de78 -> 
  custom:audio-decoder-ogg-vorbis: bf7c407c2cedff20999df2af8eb42d56 -> 
========================================================================
Received Prepare
Registering precompiled user dll's ...
Registered in 0.005360 seconds.
Begin MonoManager ReloadAssembly
Symbol file LoadedFromMemory is not a mono symbol file
Native extension for UWP target not found
Native extension for WindowsStandalone target not found
Native extension for Android target not found
Native extension for WebGL target not found
Refreshing native plugins compatible for Editor in 0.87 ms, found 2 plugins.
Preloading 0 native plugins for Editor in 0.00 ms.
[Package Manager] Server::EnsureServerProcessIsRunning -- launch failed, reason: Unity was launched with the -noUpm command-line argument
[Package Manager] Cannot connect to Unity Package Manager local server
Mono: successfully reloaded assembly
- Completed reload, in  1.314 seconds
Domain Reload Profiling:
	ReloadAssembly (1315ms)
		BeginReloadAssembly (129ms)
			ExecutionOrderSort (0ms)
			DisableScriptedObjects (5ms)
			BackupInstance (0ms)
			ReleaseScriptingObjects (0ms)
			CreateAndSetChildDomain (37ms)
		EndReloadAssembly (1110ms)
			LoadAssemblies (94ms)
			RebuildTransferFunctionScriptingTraits (0ms)
			SetupTypeCache (189ms)
			ReleaseScriptCaches (1ms)
			RebuildScriptCaches (34ms)
			SetupLoadedEditorAssemblies (757ms)
				LogAssemblyErrors (0ms)
				InitializePlatformSupportModulesInManaged (16ms)
				SetLoadedEditorAssemblies (0ms)
				RefreshPlugins (1ms)
				BeforeProcessingInitializeOnLoad (45ms)
				ProcessInitializeOnLoadAttributes (575ms)
				ProcessInitializeOnLoadMethodAttributes (114ms)
				AfterProcessingInitializeOnLoad (6ms)
				EditorAssembliesLoaded (0ms)
			ExecutionOrderSort2 (0ms)
			AwakeInstancesAfterBackupRestoration (7ms)
Platform modules already initialized, skipping
Refreshing native plugins compatible for Editor in 1.47 ms, found 2 plugins.
Preloading 0 native plugins for Editor in 0.00 ms.
Unloading 3099 Unused Serialized files (Serialized files now loaded: 0)
Unloading 51 unused Assets / (22.9 KB). Loaded Objects now: 3611.
Memory consumption went from 114.7 MB to 114.7 MB.
Total: 6.396200 ms (FindLiveObjects: 0.268500 ms CreateObjectMapping: 0.106500 ms MarkObjects: 5.967900 ms  DeleteObjects: 0.052300 ms)

AssetImportParameters requested are different than current active one (requested -> active):
  custom:video-decoder-ogg-theora: a1e56fd34408186e4bbccfd4996cb3dc -> 
  custom:container-muxer-webm: aa71ff27fc2769a1b78a27578f13a17b -> 
  custom:container-demuxer-webm: 4f35f7cbe854078d1ac9338744f61a02 -> 
  custom:video-encoder-webm-vp8: eb34c28f22e8b96e1ab97ce403110664 -> 
  custom:CustomObjectIndexerAttribute: bc11b3a6c3213fcdd17b65e7da85e133 -> 
  custom:audio-encoder-webm-vorbis: bf7c407c2cedff20999df2af8eb42d56 -> 
  custom:framework-win-MediaFoundation: 216162199b28c13a410421893ffa2e32 -> 
  custom:SearchIndexIgnoredProperties: e643bd26f0fe6173181afceb89e7c659 -> 
  custom:container-demuxer-ogg: 62fdf1f143b41e24485cea50d1cbac27 -> 
  custom:video-decoder-webm-vp8: 9c59270c3fd7afecdb556c50c9e8de78 -> 
  custom:audio-decoder-ogg-vorbis: bf7c407c2cedff20999df2af8eb42d56 -> 
========================================================================
Received Prepare
Registering precompiled user dll's ...
Registered in 0.007706 seconds.
Begin MonoManager ReloadAssembly
Symbol file LoadedFromMemory is not a mono symbol file
Native extension for UWP target not found
Native extension for WindowsStandalone target not found
Native extension for Android target not found
Native extension for WebGL target not found
Refreshing native plugins compatible for Editor in 0.95 ms, found 2 plugins.
Preloading 0 native plugins for Editor in 0.00 ms.
[Package Manager] Server::EnsureServerProcessIsRunning -- launch failed, reason: Unity was launched with the -noUpm command-line argument
[Package Manager] Cannot connect to Unity Package Manager local server
Mono: successfully reloaded assembly
- Completed reload, in  1.294 seconds
Domain Reload Profiling:
	ReloadAssembly (1295ms)
		BeginReloadAssembly (128ms)
			ExecutionOrderSort (0ms)
			DisableScriptedObjects (5ms)
			BackupInstance (0ms)
			ReleaseScriptingObjects (0ms)
			CreateAndSetChildDomain (35ms)
		EndReloadAssembly (1091ms)
			LoadAssemblies (93ms)
			RebuildTransferFunctionScriptingTraits (0ms)
			SetupTypeCache (173ms)
			ReleaseScriptCaches (1ms)
			RebuildScriptCaches (33ms)
			SetupLoadedEditorAssemblies (758ms)
				LogAssemblyErrors (0ms)
				InitializePlatformSupportModulesInManaged (17ms)
				SetLoadedEditorAssemblies (0ms)
				RefreshPlugins (1ms)
				BeforeProcessingInitializeOnLoad (42ms)
				ProcessInitializeOnLoadAttributes (578ms)
				ProcessInitializeOnLoadMethodAttributes (113ms)
				AfterProcessingInitializeOnLoad (6ms)
				EditorAssembliesLoaded (0ms)
			ExecutionOrderSort2 (0ms)
			AwakeInstancesAfterBackupRestoration (6ms)
Platform modules already initialized, skipping
Refreshing native plugins compatible for Editor in 0.95 ms, found 2 plugins.
Preloading 0 native plugins for Editor in 0.00 ms.
Unloading 3099 Unused Serialized files (Serialized files now loaded: 0)
Unloading 51 unused Assets / (23.0 KB). Loaded Objects now: 3614.
Memory consumption went from 114.7 MB to 114.7 MB.
Total: 6.268700 ms (FindLiveObjects: 0.243200 ms CreateObjectMapping: 0.090500 ms MarkObjects: 5.884200 ms  DeleteObjects: 0.049400 ms)

AssetImportParameters requested are different than current active one (requested -> active):
  custom:video-decoder-ogg-theora: a1e56fd34408186e4bbccfd4996cb3dc -> 
  custom:container-muxer-webm: aa71ff27fc2769a1b78a27578f13a17b -> 
  custom:container-demuxer-webm: 4f35f7cbe854078d1ac9338744f61a02 -> 
  custom:video-encoder-webm-vp8: eb34c28f22e8b96e1ab97ce403110664 -> 
  custom:CustomObjectIndexerAttribute: bc11b3a6c3213fcdd17b65e7da85e133 -> 
  custom:audio-encoder-webm-vorbis: bf7c407c2cedff20999df2af8eb42d56 -> 
  custom:framework-win-MediaFoundation: 216162199b28c13a410421893ffa2e32 -> 
  custom:SearchIndexIgnoredProperties: e643bd26f0fe6173181afceb89e7c659 -> 
  custom:container-demuxer-ogg: 62fdf1f143b41e24485cea50d1cbac27 -> 
  custom:video-decoder-webm-vp8: 9c59270c3fd7afecdb556c50c9e8de78 -> 
  custom:audio-decoder-ogg-vorbis: bf7c407c2cedff20999df2af8eb42d56 -> 
========================================================================
Received Prepare
Refreshing native plugins compatible for Editor in 9.18 ms, found 2 plugins.
Preloading 0 native plugins for Editor in 0.00 ms.
Unloading 49 Unused Serialized files (Serialized files now loaded: 0)
Unloading 49 unused Assets / (23.0 KB). Loaded Objects now: 3614.
Memory consumption went from 52.8 MB to 52.8 MB.
Total: 5.937900 ms (FindLiveObjects: 0.234000 ms CreateObjectMapping: 0.092300 ms MarkObjects: 5.588000 ms  DeleteObjects: 0.023100 ms)

AssetImportParameters requested are different than current active one (requested -> active):
  custom:video-decoder-ogg-theora: a1e56fd34408186e4bbccfd4996cb3dc -> 
  custom:container-muxer-webm: aa71ff27fc2769a1b78a27578f13a17b -> 
  custom:container-demuxer-webm: 4f35f7cbe854078d1ac9338744f61a02 -> 
  custom:video-encoder-webm-vp8: eb34c28f22e8b96e1ab97ce403110664 -> 
  custom:CustomObjectIndexerAttribute: bc11b3a6c3213fcdd17b65e7da85e133 -> 
  custom:audio-encoder-webm-vorbis: bf7c407c2cedff20999df2af8eb42d56 -> 
  custom:framework-win-MediaFoundation: 216162199b28c13a410421893ffa2e32 -> 
  custom:SearchIndexIgnoredProperties: e643bd26f0fe6173181afceb89e7c659 -> 
  custom:container-demuxer-ogg: 62fdf1f143b41e24485cea50d1cbac27 -> 
  custom:video-decoder-webm-vp8: 9c59270c3fd7afecdb556c50c9e8de78 -> 
  custom:audio-decoder-ogg-vorbis: bf7c407c2cedff20999df2af8eb42d56 -> 
========================================================================
Received Prepare
Registering precompiled user dll's ...
Registered in 0.007115 seconds.
Begin MonoManager ReloadAssembly
Symbol file LoadedFromMemory is not a mono symbol file
Native extension for UWP target not found
Native extension for WindowsStandalone target not found
Native extension for Android target not found
Native extension for WebGL target not found
Refreshing native plugins compatible for Editor in 0.79 ms, found 2 plugins.
Preloading 0 native plugins for Editor in 0.00 ms.
[Package Manager] Server::EnsureServerProcessIsRunning -- launch failed, reason: Unity was launched with the -noUpm command-line argument
[Package Manager] Cannot connect to Unity Package Manager local server
Mono: successfully reloaded assembly
- Completed reload, in  1.265 seconds
Domain Reload Profiling:
	ReloadAssembly (1265ms)
		BeginReloadAssembly (135ms)
			ExecutionOrderSort (0ms)
			DisableScriptedObjects (6ms)
			BackupInstance (0ms)
			ReleaseScriptingObjects (0ms)
			CreateAndSetChildDomain (37ms)
		EndReloadAssembly (1052ms)
			LoadAssemblies (94ms)
			RebuildTransferFunctionScriptingTraits (0ms)
			SetupTypeCache (176ms)
			ReleaseScriptCaches (1ms)
			RebuildScriptCaches (30ms)
			SetupLoadedEditorAssemblies (728ms)
				LogAssemblyErrors (0ms)
				InitializePlatformSupportModulesInManaged (13ms)
				SetLoadedEditorAssemblies (0ms)
				RefreshPlugins (1ms)
				BeforeProcessingInitializeOnLoad (39ms)
				ProcessInitializeOnLoadAttributes (565ms)
				ProcessInitializeOnLoadMethodAttributes (104ms)
				AfterProcessingInitializeOnLoad (6ms)
				EditorAssembliesLoaded (0ms)
			ExecutionOrderSort2 (0ms)
			AwakeInstancesAfterBackupRestoration (6ms)
Platform modules already initialized, skipping
Refreshing native plugins compatible for Editor in 0.92 ms, found 2 plugins.
Preloading 0 native plugins for Editor in 0.00 ms.
Unloading 3099 Unused Serialized files (Serialized files now loaded: 0)
Unloading 51 unused Assets / (23.0 KB). Loaded Objects now: 3617.
Memory consumption went from 114.7 MB to 114.7 MB.
Total: 6.793100 ms (FindLiveObjects: 0.267600 ms CreateObjectMapping: 0.202600 ms MarkObjects: 6.241000 ms  DeleteObjects: 0.080600 ms)

AssetImportParameters requested are different than current active one (requested -> active):
  custom:video-decoder-ogg-theora: a1e56fd34408186e4bbccfd4996cb3dc -> 
  custom:container-muxer-webm: aa71ff27fc2769a1b78a27578f13a17b -> 
  custom:container-demuxer-webm: 4f35f7cbe854078d1ac9338744f61a02 -> 
  custom:video-encoder-webm-vp8: eb34c28f22e8b96e1ab97ce403110664 -> 
  custom:CustomObjectIndexerAttribute: bc11b3a6c3213fcdd17b65e7da85e133 -> 
  custom:audio-encoder-webm-vorbis: bf7c407c2cedff20999df2af8eb42d56 -> 
  custom:framework-win-MediaFoundation: 216162199b28c13a410421893ffa2e32 -> 
  custom:SearchIndexIgnoredProperties: e643bd26f0fe6173181afceb89e7c659 -> 
  custom:container-demuxer-ogg: 62fdf1f143b41e24485cea50d1cbac27 -> 
  custom:video-decoder-webm-vp8: 9c59270c3fd7afecdb556c50c9e8de78 -> 
  custom:audio-decoder-ogg-vorbis: bf7c407c2cedff20999df2af8eb42d56 -> 
========================================================================
Received Prepare
Registering precompiled user dll's ...
Registered in 0.007038 seconds.
Begin MonoManager ReloadAssembly
Symbol file LoadedFromMemory is not a mono symbol file
Native extension for UWP target not found
Native extension for WindowsStandalone target not found
Native extension for Android target not found
Native extension for WebGL target not found
Refreshing native plugins compatible for Editor in 0.91 ms, found 2 plugins.
Preloading 0 native plugins for Editor in 0.00 ms.
[Package Manager] Server::EnsureServerProcessIsRunning -- launch failed, reason: Unity was launched with the -noUpm command-line argument
[Package Manager] Cannot connect to Unity Package Manager local server
Mono: successfully reloaded assembly
- Completed reload, in  1.268 seconds
Domain Reload Profiling:
	ReloadAssembly (1268ms)
		BeginReloadAssembly (132ms)
			ExecutionOrderSort (0ms)
			DisableScriptedObjects (5ms)
			BackupInstance (0ms)
			ReleaseScriptingObjects (0ms)
			CreateAndSetChildDomain (38ms)
		EndReloadAssembly (1060ms)
			LoadAssemblies (95ms)
			RebuildTransferFunctionScriptingTraits (0ms)
			SetupTypeCache (179ms)
			ReleaseScriptCaches (1ms)
			RebuildScriptCaches (32ms)
			SetupLoadedEditorAssemblies (724ms)
				LogAssemblyErrors (0ms)
				InitializePlatformSupportModulesInManaged (14ms)
				SetLoadedEditorAssemblies (0ms)
				RefreshPlugins (1ms)
				BeforeProcessingInitializeOnLoad (41ms)
				ProcessInitializeOnLoadAttributes (558ms)
				ProcessInitializeOnLoadMethodAttributes (104ms)
				AfterProcessingInitializeOnLoad (5ms)
				EditorAssembliesLoaded (0ms)
			ExecutionOrderSort2 (0ms)
			AwakeInstancesAfterBackupRestoration (6ms)
Platform modules already initialized, skipping
Refreshing native plugins compatible for Editor in 1.17 ms, found 2 plugins.
Preloading 0 native plugins for Editor in 0.00 ms.
Unloading 3099 Unused Serialized files (Serialized files now loaded: 0)
Unloading 51 unused Assets / (23.0 KB). Loaded Objects now: 3620.
Memory consumption went from 114.7 MB to 114.7 MB.
Total: 6.113100 ms (FindLiveObjects: 0.239700 ms CreateObjectMapping: 0.082900 ms MarkObjects: 5.686900 ms  DeleteObjects: 0.102300 ms)

AssetImportParameters requested are different than current active one (requested -> active):
  custom:video-decoder-ogg-theora: a1e56fd34408186e4bbccfd4996cb3dc -> 
  custom:container-muxer-webm: aa71ff27fc2769a1b78a27578f13a17b -> 
  custom:container-demuxer-webm: 4f35f7cbe854078d1ac9338744f61a02 -> 
  custom:video-encoder-webm-vp8: eb34c28f22e8b96e1ab97ce403110664 -> 
  custom:CustomObjectIndexerAttribute: bc11b3a6c3213fcdd17b65e7da85e133 -> 
  custom:audio-encoder-webm-vorbis: bf7c407c2cedff20999df2af8eb42d56 -> 
  custom:framework-win-MediaFoundation: 216162199b28c13a410421893ffa2e32 -> 
  custom:SearchIndexIgnoredProperties: e643bd26f0fe6173181afceb89e7c659 -> 
  custom:container-demuxer-ogg: 62fdf1f143b41e24485cea50d1cbac27 -> 
  custom:video-decoder-webm-vp8: 9c59270c3fd7afecdb556c50c9e8de78 -> 
  custom:audio-decoder-ogg-vorbis: bf7c407c2cedff20999df2af8eb42d56 -> 
========================================================================
Received Prepare
Refreshing native plugins compatible for Editor in 11.89 ms, found 2 plugins.
Preloading 0 native plugins for Editor in 0.00 ms.
Unloading 49 Unused Serialized files (Serialized files now loaded: 0)
Unloading 49 unused Assets / (23.0 KB). Loaded Objects now: 3620.
Memory consumption went from 52.8 MB to 52.8 MB.
Total: 7.024200 ms (FindLiveObjects: 0.271100 ms CreateObjectMapping: 0.080900 ms MarkObjects: 6.627000 ms  DeleteObjects: 0.044100 ms)

AssetImportParameters requested are different than current active one (requested -> active):
  custom:video-decoder-ogg-theora: a1e56fd34408186e4bbccfd4996cb3dc -> 
  custom:container-muxer-webm: aa71ff27fc2769a1b78a27578f13a17b -> 
  custom:container-demuxer-webm: 4f35f7cbe854078d1ac9338744f61a02 -> 
  custom:video-encoder-webm-vp8: eb34c28f22e8b96e1ab97ce403110664 -> 
  custom:CustomObjectIndexerAttribute: bc11b3a6c3213fcdd17b65e7da85e133 -> 
  custom:audio-encoder-webm-vorbis: bf7c407c2cedff20999df2af8eb42d56 -> 
  custom:framework-win-MediaFoundation: 216162199b28c13a410421893ffa2e32 -> 
  custom:SearchIndexIgnoredProperties: e643bd26f0fe6173181afceb89e7c659 -> 
  custom:container-demuxer-ogg: 62fdf1f143b41e24485cea50d1cbac27 -> 
  custom:video-decoder-webm-vp8: 9c59270c3fd7afecdb556c50c9e8de78 -> 
  custom:audio-decoder-ogg-vorbis: bf7c407c2cedff20999df2af8eb42d56 -> 
========================================================================
Received Prepare
Registering precompiled user dll's ...
Registered in 0.007098 seconds.
Begin MonoManager ReloadAssembly
Symbol file LoadedFromMemory is not a mono symbol file
Native extension for UWP target not found
Native extension for WindowsStandalone target not found
Native extension for Android target not found
Native extension for WebGL target not found
Refreshing native plugins compatible for Editor in 0.95 ms, found 2 plugins.
Preloading 0 native plugins for Editor in 0.00 ms.
[Package Manager] Server::EnsureServerProcessIsRunning -- launch failed, reason: Unity was launched with the -noUpm command-line argument
[Package Manager] Cannot connect to Unity Package Manager local server
Mono: successfully reloaded assembly
- Completed reload, in  1.326 seconds
Domain Reload Profiling:
	ReloadAssembly (1327ms)
		BeginReloadAssembly (132ms)
			ExecutionOrderSort (0ms)
			DisableScriptedObjects (5ms)
			BackupInstance (0ms)
			ReleaseScriptingObjects (0ms)
			CreateAndSetChildDomain (36ms)
		EndReloadAssembly (1118ms)
			LoadAssemblies (97ms)
			RebuildTransferFunctionScriptingTraits (0ms)
			SetupTypeCache (196ms)
			ReleaseScriptCaches (1ms)
			RebuildScriptCaches (35ms)
			SetupLoadedEditorAssemblies (754ms)
				LogAssemblyErrors (0ms)
				InitializePlatformSupportModulesInManaged (16ms)
				SetLoadedEditorAssemblies (0ms)
				RefreshPlugins (1ms)
				BeforeProcessingInitializeOnLoad (44ms)
				ProcessInitializeOnLoadAttributes (574ms)
				ProcessInitializeOnLoadMethodAttributes (114ms)
				AfterProcessingInitializeOnLoad (6ms)
				EditorAssembliesLoaded (0ms)
			ExecutionOrderSort2 (0ms)
			AwakeInstancesAfterBackupRestoration (6ms)
Platform modules already initialized, skipping
Refreshing native plugins compatible for Editor in 1.05 ms, found 2 plugins.
Preloading 0 native plugins for Editor in 0.00 ms.
Unloading 3099 Unused Serialized files (Serialized files now loaded: 0)
Unloading 51 unused Assets / (23.0 KB). Loaded Objects now: 3623.
Memory consumption went from 114.7 MB to 114.7 MB.
Total: 6.387500 ms (FindLiveObjects: 0.261600 ms CreateObjectMapping: 0.092400 ms MarkObjects: 5.931600 ms  DeleteObjects: 0.100500 ms)

AssetImportParameters requested are different than current active one (requested -> active):
  custom:video-decoder-ogg-theora: a1e56fd34408186e4bbccfd4996cb3dc -> 
  custom:container-muxer-webm: aa71ff27fc2769a1b78a27578f13a17b -> 
  custom:container-demuxer-webm: 4f35f7cbe854078d1ac9338744f61a02 -> 
  custom:video-encoder-webm-vp8: eb34c28f22e8b96e1ab97ce403110664 -> 
  custom:CustomObjectIndexerAttribute: bc11b3a6c3213fcdd17b65e7da85e133 -> 
  custom:audio-encoder-webm-vorbis: bf7c407c2cedff20999df2af8eb42d56 -> 
  custom:framework-win-MediaFoundation: 216162199b28c13a410421893ffa2e32 -> 
  custom:SearchIndexIgnoredProperties: e643bd26f0fe6173181afceb89e7c659 -> 
  custom:container-demuxer-ogg: 62fdf1f143b41e24485cea50d1cbac27 -> 
  custom:video-decoder-webm-vp8: 9c59270c3fd7afecdb556c50c9e8de78 -> 
  custom:audio-decoder-ogg-vorbis: bf7c407c2cedff20999df2af8eb42d56 -> 
========================================================================
Received Import Request.
  Time since last request: 4991.582103 seconds.
  path: Assets/Prefabs/CombatText.prefab
  artifactKey: Guid(76ff55fd6d5a5504ca5fb984c267cf67) Importer(815301076,1909f56bfc062723c751e8b465ee728b)
Number of updated assets reloaded before import = 0
Start importing Assets/Prefabs/CombatText.prefab using Guid(76ff55fd6d5a5504ca5fb984c267cf67) Importer(815301076,1909f56bfc062723c751e8b465ee728b)  -> (artifact id: 'fb82fbae448eba997261406953e46608') in 0.088054 seconds 
Number of asset objects unloaded after import = 11
========================================================================
Received Import Request.
  Time since last request: 13.302673 seconds.
  path: Assets/Prefabs/Characters
  artifactKey: Guid(6c81950d8f5cb6645beaea97bea44741) Importer(815301076,1909f56bfc062723c751e8b465ee728b)
Number of updated assets reloaded before import = 0
Start importing Assets/Prefabs/Characters using Guid(6c81950d8f5cb6645beaea97bea44741) Importer(815301076,1909f56bfc062723c751e8b465ee728b)  -> (artifact id: '7f2c4182b0f5322c0e1b7611c540e5f3') in 0.008083 seconds 
Number of asset objects unloaded after import = 0
========================================================================
Received Import Request.
  Time since last request: 0.033003 seconds.
  path: Assets/Prefabs/Characters/Enemy.prefab
  artifactKey: Guid(2ce506436045c9845a24165985931ca1) Importer(815301076,1909f56bfc062723c751e8b465ee728b)
Number of updated assets reloaded before import = 0
Start importing Assets/Prefabs/Characters/Enemy.prefab using Guid(2ce506436045c9845a24165985931ca1) Importer(815301076,1909f56bfc062723c751e8b465ee728b)  -> (artifact id: '348f35a4b46df5b39dc1d36fe7f8684b') in 0.099505 seconds 
Number of asset objects unloaded after import = 35
========================================================================
Received Import Request.
  Time since last request: 64.352727 seconds.
  path: Assets/Prefabs/Characters/Player.prefab
  artifactKey: Guid(206ba08d4fe851042abcfec0a35020d5) Importer(815301076,1909f56bfc062723c751e8b465ee728b)
Number of updated assets reloaded before import = 0
Start importing Assets/Prefabs/Characters/Player.prefab using Guid(206ba08d4fe851042abcfec0a35020d5) Importer(815301076,1909f56bfc062723c751e8b465ee728b)  -> (artifact id: '8e0bca342f1f6f21433dead95ba39bef') in 0.013081 seconds 
Number of asset objects unloaded after import = 72
========================================================================
Received Import Request.
  Time since last request: 44.038408 seconds.
  path: Assets/Prefabs/Characters/Player.prefab
  artifactKey: Guid(206ba08d4fe851042abcfec0a35020d5) Importer(815301076,1909f56bfc062723c751e8b465ee728b)
Number of updated assets reloaded before import = 0
Start importing Assets/Prefabs/Characters/Player.prefab using Guid(206ba08d4fe851042abcfec0a35020d5) Importer(815301076,1909f56bfc062723c751e8b465ee728b)  -> (artifact id: '67f80ff41b724f8a848c2a404d4f41b2') in 0.013008 seconds 
Number of asset objects unloaded after import = 73
========================================================================
Received Prepare
Registering precompiled user dll's ...
Registered in 0.006174 seconds.
Begin MonoManager ReloadAssembly
Symbol file LoadedFromMemory is not a mono symbol file
Native extension for UWP target not found
Native extension for WindowsStandalone target not found
Native extension for Android target not found
Native extension for WebGL target not found
Refreshing native plugins compatible for Editor in 0.90 ms, found 2 plugins.
Preloading 0 native plugins for Editor in 0.00 ms.
[Package Manager] Server::EnsureServerProcessIsRunning -- launch failed, reason: Unity was launched with the -noUpm command-line argument
[Package Manager] Cannot connect to Unity Package Manager local server
Mono: successfully reloaded assembly
- Completed reload, in  1.263 seconds
Domain Reload Profiling:
	ReloadAssembly (1264ms)
		BeginReloadAssembly (145ms)
			ExecutionOrderSort (0ms)
			DisableScriptedObjects (5ms)
			BackupInstance (0ms)
			ReleaseScriptingObjects (0ms)
			CreateAndSetChildDomain (52ms)
		EndReloadAssembly (1045ms)
			LoadAssemblies (90ms)
			RebuildTransferFunctionScriptingTraits (0ms)
			SetupTypeCache (179ms)
			ReleaseScriptCaches (1ms)
			RebuildScriptCaches (32ms)
			SetupLoadedEditorAssemblies (714ms)
				LogAssemblyErrors (0ms)
				InitializePlatformSupportModulesInManaged (14ms)
				SetLoadedEditorAssemblies (0ms)
				RefreshPlugins (1ms)
				BeforeProcessingInitializeOnLoad (38ms)
				ProcessInitializeOnLoadAttributes (550ms)
				ProcessInitializeOnLoadMethodAttributes (105ms)
				AfterProcessingInitializeOnLoad (6ms)
				EditorAssembliesLoaded (0ms)
			ExecutionOrderSort2 (0ms)
			AwakeInstancesAfterBackupRestoration (6ms)
Platform modules already initialized, skipping
Refreshing native plugins compatible for Editor in 0.98 ms, found 2 plugins.
Preloading 0 native plugins for Editor in 0.00 ms.
Unloading 3099 Unused Serialized files (Serialized files now loaded: 0)
Unloading 51 unused Assets / (23.0 KB). Loaded Objects now: 3634.
Memory consumption went from 119.1 MB to 119.1 MB.
Total: 7.153700 ms (FindLiveObjects: 0.277300 ms CreateObjectMapping: 0.218300 ms MarkObjects: 6.608000 ms  DeleteObjects: 0.048700 ms)

AssetImportParameters requested are different than current active one (requested -> active):
  custom:video-decoder-ogg-theora: a1e56fd34408186e4bbccfd4996cb3dc -> 
  custom:container-muxer-webm: aa71ff27fc2769a1b78a27578f13a17b -> 
  custom:container-demuxer-webm: 4f35f7cbe854078d1ac9338744f61a02 -> 
  custom:video-encoder-webm-vp8: eb34c28f22e8b96e1ab97ce403110664 -> 
  custom:CustomObjectIndexerAttribute: bc11b3a6c3213fcdd17b65e7da85e133 -> 
  custom:audio-encoder-webm-vorbis: bf7c407c2cedff20999df2af8eb42d56 -> 
  custom:framework-win-MediaFoundation: 216162199b28c13a410421893ffa2e32 -> 
  custom:SearchIndexIgnoredProperties: e643bd26f0fe6173181afceb89e7c659 -> 
  custom:container-demuxer-ogg: 62fdf1f143b41e24485cea50d1cbac27 -> 
  custom:video-decoder-webm-vp8: 9c59270c3fd7afecdb556c50c9e8de78 -> 
  custom:audio-decoder-ogg-vorbis: bf7c407c2cedff20999df2af8eb42d56 -> 
========================================================================
Received Prepare
Refreshing native plugins compatible for Editor in 10.84 ms, found 2 plugins.
Preloading 0 native plugins for Editor in 0.00 ms.
Unloading 49 Unused Serialized files (Serialized files now loaded: 0)
Unloading 49 unused Assets / (23.0 KB). Loaded Objects now: 3634.
Memory consumption went from 57.2 MB to 57.2 MB.
Total: 6.456200 ms (FindLiveObjects: 0.295000 ms CreateObjectMapping: 0.096400 ms MarkObjects: 6.020800 ms  DeleteObjects: 0.042900 ms)

AssetImportParameters requested are different than current active one (requested -> active):
  custom:video-decoder-ogg-theora: a1e56fd34408186e4bbccfd4996cb3dc -> 
  custom:container-muxer-webm: aa71ff27fc2769a1b78a27578f13a17b -> 
  custom:container-demuxer-webm: 4f35f7cbe854078d1ac9338744f61a02 -> 
  custom:video-encoder-webm-vp8: eb34c28f22e8b96e1ab97ce403110664 -> 
  custom:CustomObjectIndexerAttribute: bc11b3a6c3213fcdd17b65e7da85e133 -> 
  custom:audio-encoder-webm-vorbis: bf7c407c2cedff20999df2af8eb42d56 -> 
  custom:framework-win-MediaFoundation: 216162199b28c13a410421893ffa2e32 -> 
  custom:SearchIndexIgnoredProperties: e643bd26f0fe6173181afceb89e7c659 -> 
  custom:container-demuxer-ogg: 62fdf1f143b41e24485cea50d1cbac27 -> 
  custom:video-decoder-webm-vp8: 9c59270c3fd7afecdb556c50c9e8de78 -> 
  custom:audio-decoder-ogg-vorbis: bf7c407c2cedff20999df2af8eb42d56 -> 
========================================================================
Received Prepare
Refreshing native plugins compatible for Editor in 10.84 ms, found 2 plugins.
Preloading 0 native plugins for Editor in 0.00 ms.
Unloading 49 Unused Serialized files (Serialized files now loaded: 0)
Unloading 49 unused Assets / (23.0 KB). Loaded Objects now: 3634.
Memory consumption went from 56.9 MB to 56.9 MB.
Total: 6.323800 ms (FindLiveObjects: 0.247500 ms CreateObjectMapping: 0.180800 ms MarkObjects: 5.856700 ms  DeleteObjects: 0.038000 ms)

AssetImportParameters requested are different than current active one (requested -> active):
  custom:video-decoder-ogg-theora: a1e56fd34408186e4bbccfd4996cb3dc -> 
  custom:container-muxer-webm: aa71ff27fc2769a1b78a27578f13a17b -> 
  custom:container-demuxer-webm: 4f35f7cbe854078d1ac9338744f61a02 -> 
  custom:video-encoder-webm-vp8: eb34c28f22e8b96e1ab97ce403110664 -> 
  custom:CustomObjectIndexerAttribute: bc11b3a6c3213fcdd17b65e7da85e133 -> 
  custom:audio-encoder-webm-vorbis: bf7c407c2cedff20999df2af8eb42d56 -> 
  custom:framework-win-MediaFoundation: 216162199b28c13a410421893ffa2e32 -> 
  custom:SearchIndexIgnoredProperties: e643bd26f0fe6173181afceb89e7c659 -> 
  custom:container-demuxer-ogg: 62fdf1f143b41e24485cea50d1cbac27 -> 
  custom:video-decoder-webm-vp8: 9c59270c3fd7afecdb556c50c9e8de78 -> 
  custom:audio-decoder-ogg-vorbis: bf7c407c2cedff20999df2af8eb42d56 -> 
========================================================================
Received Import Request.
  Time since last request: 1061.720800 seconds.
  path: Assets/Prefabs/Characters/Enemy.prefab
  artifactKey: Guid(2ce506436045c9845a24165985931ca1) Importer(815301076,1909f56bfc062723c751e8b465ee728b)
Number of updated assets reloaded before import = 0
Start importing Assets/Prefabs/Characters/Enemy.prefab using Guid(2ce506436045c9845a24165985931ca1) Importer(815301076,1909f56bfc062723c751e8b465ee728b)  -> (artifact id: 'c5d0cdad5148f7bf39ea76a9b77c12ed') in 0.053726 seconds 
Number of asset objects unloaded after import = 35
========================================================================
Received Prepare
Registering precompiled user dll's ...
Registered in 0.009669 seconds.
Begin MonoManager ReloadAssembly
Symbol file LoadedFromMemory is not a mono symbol file
Native extension for UWP target not found
Native extension for WindowsStandalone target not found
Native extension for Android target not found
Native extension for WebGL target not found
Refreshing native plugins compatible for Editor in 1.54 ms, found 2 plugins.
Preloading 0 native plugins for Editor in 0.00 ms.
[Package Manager] Server::EnsureServerProcessIsRunning -- launch failed, reason: Unity was launched with the -noUpm command-line argument
[Package Manager] Cannot connect to Unity Package Manager local server
[ScriptCompilation] NOT recompiling all scripts because this is an import worker process. Reason to compile was: Define symbols changed
Mono: successfully reloaded assembly
- Completed reload, in  1.663 seconds
Domain Reload Profiling:
	ReloadAssembly (1664ms)
		BeginReloadAssembly (155ms)
			ExecutionOrderSort (0ms)
			DisableScriptedObjects (7ms)
			BackupInstance (0ms)
			ReleaseScriptingObjects (0ms)
			CreateAndSetChildDomain (50ms)
		EndReloadAssembly (1426ms)
			LoadAssemblies (110ms)
			RebuildTransferFunctionScriptingTraits (0ms)
			SetupTypeCache (279ms)
			ReleaseScriptCaches (2ms)
			RebuildScriptCaches (48ms)
			SetupLoadedEditorAssemblies (924ms)
				LogAssemblyErrors (0ms)
				InitializePlatformSupportModulesInManaged (19ms)
				SetLoadedEditorAssemblies (0ms)
				RefreshPlugins (2ms)
				BeforeProcessingInitializeOnLoad (68ms)
				ProcessInitializeOnLoadAttributes (656ms)
				ProcessInitializeOnLoadMethodAttributes (167ms)
				AfterProcessingInitializeOnLoad (11ms)
				EditorAssembliesLoaded (0ms)
			ExecutionOrderSort2 (0ms)
			AwakeInstancesAfterBackupRestoration (8ms)
Platform modules already initialized, skipping
Refreshing native plugins compatible for Editor in 0.89 ms, found 2 plugins.
Preloading 0 native plugins for Editor in 0.00 ms.
Unloading 3099 Unused Serialized files (Serialized files now loaded: 0)
Unloading 51 unused Assets / (23.0 KB). Loaded Objects now: 3637.
Memory consumption went from 119.1 MB to 119.1 MB.
Total: 8.667800 ms (FindLiveObjects: 0.419700 ms CreateObjectMapping: 0.214800 ms MarkObjects: 7.991000 ms  DeleteObjects: 0.041300 ms)

AssetImportParameters requested are different than current active one (requested -> active):
  custom:video-decoder-ogg-theora: a1e56fd34408186e4bbccfd4996cb3dc -> 
  custom:container-muxer-webm: aa71ff27fc2769a1b78a27578f13a17b -> 
  custom:container-demuxer-webm: 4f35f7cbe854078d1ac9338744f61a02 -> 
  custom:video-encoder-webm-vp8: eb34c28f22e8b96e1ab97ce403110664 -> 
  custom:CustomObjectIndexerAttribute: bc11b3a6c3213fcdd17b65e7da85e133 -> 
  custom:audio-encoder-webm-vorbis: bf7c407c2cedff20999df2af8eb42d56 -> 
  custom:framework-win-MediaFoundation: 216162199b28c13a410421893ffa2e32 -> 
  custom:SearchIndexIgnoredProperties: e643bd26f0fe6173181afceb89e7c659 -> 
  custom:container-demuxer-ogg: 62fdf1f143b41e24485cea50d1cbac27 -> 
  custom:video-decoder-webm-vp8: 9c59270c3fd7afecdb556c50c9e8de78 -> 
  custom:audio-decoder-ogg-vorbis: bf7c407c2cedff20999df2af8eb42d56 -> 
========================================================================
Received Prepare
Refreshing native plugins compatible for Editor in 13.29 ms, found 2 plugins.
Preloading 0 native plugins for Editor in 0.00 ms.
Unloading 49 Unused Serialized files (Serialized files now loaded: 0)
Unloading 49 unused Assets / (23.0 KB). Loaded Objects now: 3637.
Memory consumption went from 57.2 MB to 57.2 MB.
Total: 6.616600 ms (FindLiveObjects: 0.473500 ms CreateObjectMapping: 0.101000 ms MarkObjects: 5.999700 ms  DeleteObjects: 0.041300 ms)

AssetImportParameters requested are different than current active one (requested -> active):
  custom:video-decoder-ogg-theora: a1e56fd34408186e4bbccfd4996cb3dc -> 
  custom:container-muxer-webm: aa71ff27fc2769a1b78a27578f13a17b -> 
  custom:container-demuxer-webm: 4f35f7cbe854078d1ac9338744f61a02 -> 
  custom:video-encoder-webm-vp8: eb34c28f22e8b96e1ab97ce403110664 -> 
  custom:CustomObjectIndexerAttribute: bc11b3a6c3213fcdd17b65e7da85e133 -> 
  custom:audio-encoder-webm-vorbis: bf7c407c2cedff20999df2af8eb42d56 -> 
  custom:framework-win-MediaFoundation: 216162199b28c13a410421893ffa2e32 -> 
  custom:SearchIndexIgnoredProperties: e643bd26f0fe6173181afceb89e7c659 -> 
  custom:container-demuxer-ogg: 62fdf1f143b41e24485cea50d1cbac27 -> 
  custom:video-decoder-webm-vp8: 9c59270c3fd7afecdb556c50c9e8de78 -> 
  custom:audio-decoder-ogg-vorbis: bf7c407c2cedff20999df2af8eb42d56 -> 
========================================================================
Received Prepare
Refreshing native plugins compatible for Editor in 9.41 ms, found 2 plugins.
Preloading 0 native plugins for Editor in 0.00 ms.
Unloading 49 Unused Serialized files (Serialized files now loaded: 0)
Unloading 49 unused Assets / (23.0 KB). Loaded Objects now: 3637.
Memory consumption went from 56.9 MB to 56.9 MB.
Total: 10.444600 ms (FindLiveObjects: 0.239200 ms CreateObjectMapping: 0.081000 ms MarkObjects: 10.080800 ms  DeleteObjects: 0.042700 ms)

AssetImportParameters requested are different than current active one (requested -> active):
  custom:video-decoder-ogg-theora: a1e56fd34408186e4bbccfd4996cb3dc -> 
  custom:container-muxer-webm: aa71ff27fc2769a1b78a27578f13a17b -> 
  custom:container-demuxer-webm: 4f35f7cbe854078d1ac9338744f61a02 -> 
  custom:video-encoder-webm-vp8: eb34c28f22e8b96e1ab97ce403110664 -> 
  custom:CustomObjectIndexerAttribute: bc11b3a6c3213fcdd17b65e7da85e133 -> 
  custom:audio-encoder-webm-vorbis: bf7c407c2cedff20999df2af8eb42d56 -> 
  custom:framework-win-MediaFoundation: 216162199b28c13a410421893ffa2e32 -> 
  custom:SearchIndexIgnoredProperties: e643bd26f0fe6173181afceb89e7c659 -> 
  custom:container-demuxer-ogg: 62fdf1f143b41e24485cea50d1cbac27 -> 
  custom:video-decoder-webm-vp8: 9c59270c3fd7afecdb556c50c9e8de78 -> 
  custom:audio-decoder-ogg-vorbis: bf7c407c2cedff20999df2af8eb42d56 -> 
========================================================================
Received Prepare
Refreshing native plugins compatible for Editor in 12.14 ms, found 2 plugins.
Preloading 0 native plugins for Editor in 0.00 ms.
Unloading 49 Unused Serialized files (Serialized files now loaded: 0)
Unloading 49 unused Assets / (23.0 KB). Loaded Objects now: 3637.
Memory consumption went from 56.9 MB to 56.9 MB.
Total: 8.350800 ms (FindLiveObjects: 0.384600 ms CreateObjectMapping: 0.093300 ms MarkObjects: 7.826700 ms  DeleteObjects: 0.045500 ms)

AssetImportParameters requested are different than current active one (requested -> active):
  custom:video-decoder-ogg-theora: a1e56fd34408186e4bbccfd4996cb3dc -> 
  custom:container-muxer-webm: aa71ff27fc2769a1b78a27578f13a17b -> 
  custom:container-demuxer-webm: 4f35f7cbe854078d1ac9338744f61a02 -> 
  custom:video-encoder-webm-vp8: eb34c28f22e8b96e1ab97ce403110664 -> 
  custom:CustomObjectIndexerAttribute: bc11b3a6c3213fcdd17b65e7da85e133 -> 
  custom:audio-encoder-webm-vorbis: bf7c407c2cedff20999df2af8eb42d56 -> 
  custom:framework-win-MediaFoundation: 216162199b28c13a410421893ffa2e32 -> 
  custom:SearchIndexIgnoredProperties: e643bd26f0fe6173181afceb89e7c659 -> 
  custom:container-demuxer-ogg: 62fdf1f143b41e24485cea50d1cbac27 -> 
  custom:video-decoder-webm-vp8: 9c59270c3fd7afecdb556c50c9e8de78 -> 
  custom:audio-decoder-ogg-vorbis: bf7c407c2cedff20999df2af8eb42d56 -> 
========================================================================
Received Prepare
Registering precompiled user dll's ...
Registered in 0.008854 seconds.
Begin MonoManager ReloadAssembly
Symbol file LoadedFromMemory is not a mono symbol file
Native extension for UWP target not found
Native extension for WindowsStandalone target not found
Native extension for Android target not found
Native extension for WebGL target not found
Refreshing native plugins compatible for Editor in 1.60 ms, found 2 plugins.
Preloading 0 native plugins for Editor in 0.00 ms.
[Package Manager] Server::EnsureServerProcessIsRunning -- launch failed, reason: Unity was launched with the -noUpm command-line argument
[Package Manager] Cannot connect to Unity Package Manager local server
Mono: successfully reloaded assembly
- Completed reload, in  1.692 seconds
Domain Reload Profiling:
	ReloadAssembly (1692ms)
		BeginReloadAssembly (173ms)
			ExecutionOrderSort (0ms)
			DisableScriptedObjects (7ms)
			BackupInstance (0ms)
			ReleaseScriptingObjects (0ms)
			CreateAndSetChildDomain (51ms)
		EndReloadAssembly (1399ms)
			LoadAssemblies (116ms)
			RebuildTransferFunctionScriptingTraits (0ms)
			SetupTypeCache (269ms)
			ReleaseScriptCaches (2ms)
			RebuildScriptCaches (48ms)
			SetupLoadedEditorAssemblies (923ms)
				LogAssemblyErrors (0ms)
				InitializePlatformSupportModulesInManaged (22ms)
				SetLoadedEditorAssemblies (0ms)
				RefreshPlugins (2ms)
				BeforeProcessingInitializeOnLoad (68ms)
				ProcessInitializeOnLoadAttributes (657ms)
				ProcessInitializeOnLoadMethodAttributes (166ms)
				AfterProcessingInitializeOnLoad (7ms)
				EditorAssembliesLoaded (0ms)
			ExecutionOrderSort2 (0ms)
			AwakeInstancesAfterBackupRestoration (7ms)
Platform modules already initialized, skipping
Refreshing native plugins compatible for Editor in 1.53 ms, found 2 plugins.
Preloading 0 native plugins for Editor in 0.00 ms.
Unloading 3099 Unused Serialized files (Serialized files now loaded: 0)
Unloading 51 unused Assets / (23.0 KB). Loaded Objects now: 3640.
Memory consumption went from 119.1 MB to 119.1 MB.
Total: 6.255000 ms (FindLiveObjects: 0.251000 ms CreateObjectMapping: 0.079800 ms MarkObjects: 5.886200 ms  DeleteObjects: 0.037000 ms)

AssetImportParameters requested are different than current active one (requested -> active):
  custom:video-decoder-ogg-theora: a1e56fd34408186e4bbccfd4996cb3dc -> 
  custom:container-muxer-webm: aa71ff27fc2769a1b78a27578f13a17b -> 
  custom:container-demuxer-webm: 4f35f7cbe854078d1ac9338744f61a02 -> 
  custom:video-encoder-webm-vp8: eb34c28f22e8b96e1ab97ce403110664 -> 
  custom:CustomObjectIndexerAttribute: bc11b3a6c3213fcdd17b65e7da85e133 -> 
  custom:audio-encoder-webm-vorbis: bf7c407c2cedff20999df2af8eb42d56 -> 
  custom:framework-win-MediaFoundation: 216162199b28c13a410421893ffa2e32 -> 
  custom:SearchIndexIgnoredProperties: e643bd26f0fe6173181afceb89e7c659 -> 
  custom:container-demuxer-ogg: 62fdf1f143b41e24485cea50d1cbac27 -> 
  custom:video-decoder-webm-vp8: 9c59270c3fd7afecdb556c50c9e8de78 -> 
  custom:audio-decoder-ogg-vorbis: bf7c407c2cedff20999df2af8eb42d56 -> 
========================================================================
Received Prepare
Refreshing native plugins compatible for Editor in 11.15 ms, found 2 plugins.
Preloading 0 native plugins for Editor in 0.00 ms.
Unloading 49 Unused Serialized files (Serialized files now loaded: 0)
Unloading 49 unused Assets / (23.0 KB). Loaded Objects now: 3640.
Memory consumption went from 57.2 MB to 57.2 MB.
Total: 6.790700 ms (FindLiveObjects: 0.243000 ms CreateObjectMapping: 0.180300 ms MarkObjects: 6.322800 ms  DeleteObjects: 0.043300 ms)

AssetImportParameters requested are different than current active one (requested -> active):
  custom:video-decoder-ogg-theora: a1e56fd34408186e4bbccfd4996cb3dc -> 
  custom:container-muxer-webm: aa71ff27fc2769a1b78a27578f13a17b -> 
  custom:container-demuxer-webm: 4f35f7cbe854078d1ac9338744f61a02 -> 
  custom:video-encoder-webm-vp8: eb34c28f22e8b96e1ab97ce403110664 -> 
  custom:CustomObjectIndexerAttribute: bc11b3a6c3213fcdd17b65e7da85e133 -> 
  custom:audio-encoder-webm-vorbis: bf7c407c2cedff20999df2af8eb42d56 -> 
  custom:framework-win-MediaFoundation: 216162199b28c13a410421893ffa2e32 -> 
  custom:SearchIndexIgnoredProperties: e643bd26f0fe6173181afceb89e7c659 -> 
  custom:container-demuxer-ogg: 62fdf1f143b41e24485cea50d1cbac27 -> 
  custom:video-decoder-webm-vp8: 9c59270c3fd7afecdb556c50c9e8de78 -> 
  custom:audio-decoder-ogg-vorbis: bf7c407c2cedff20999df2af8eb42d56 -> 
========================================================================
Received Prepare
Registering precompiled user dll's ...
Registered in 0.007347 seconds.
Begin MonoManager ReloadAssembly
Symbol file LoadedFromMemory is not a mono symbol file
Native extension for UWP target not found
Native extension for WindowsStandalone target not found
Native extension for Android target not found
Native extension for WebGL target not found
Refreshing native plugins compatible for Editor in 1.09 ms, found 2 plugins.
Preloading 0 native plugins for Editor in 0.00 ms.
[Package Manager] Server::EnsureServerProcessIsRunning -- launch failed, reason: Unity was launched with the -noUpm command-line argument
[Package Manager] Cannot connect to Unity Package Manager local server
Mono: successfully reloaded assembly
- Completed reload, in  1.318 seconds
Domain Reload Profiling:
	ReloadAssembly (1319ms)
		BeginReloadAssembly (132ms)
			ExecutionOrderSort (0ms)
			DisableScriptedObjects (5ms)
			BackupInstance (0ms)
			ReleaseScriptingObjects (0ms)
			CreateAndSetChildDomain (37ms)
		EndReloadAssembly (1110ms)
			LoadAssemblies (96ms)
			RebuildTransferFunctionScriptingTraits (0ms)
			SetupTypeCache (184ms)
			ReleaseScriptCaches (1ms)
			RebuildScriptCaches (36ms)
			SetupLoadedEditorAssemblies (760ms)
				LogAssemblyErrors (0ms)
				InitializePlatformSupportModulesInManaged (15ms)
				SetLoadedEditorAssemblies (0ms)
				RefreshPlugins (1ms)
				BeforeProcessingInitializeOnLoad (44ms)
				ProcessInitializeOnLoadAttributes (574ms)
				ProcessInitializeOnLoadMethodAttributes (119ms)
				AfterProcessingInitializeOnLoad (6ms)
				EditorAssembliesLoaded (0ms)
			ExecutionOrderSort2 (0ms)
			AwakeInstancesAfterBackupRestoration (6ms)
Platform modules already initialized, skipping
Refreshing native plugins compatible for Editor in 0.90 ms, found 2 plugins.
Preloading 0 native plugins for Editor in 0.00 ms.
Unloading 3099 Unused Serialized files (Serialized files now loaded: 0)
Unloading 51 unused Assets / (23.0 KB). Loaded Objects now: 3643.
Memory consumption went from 119.1 MB to 119.1 MB.
Total: 6.450900 ms (FindLiveObjects: 0.327100 ms CreateObjectMapping: 0.095800 ms MarkObjects: 5.964400 ms  DeleteObjects: 0.062500 ms)

AssetImportParameters requested are different than current active one (requested -> active):
  custom:video-decoder-ogg-theora: a1e56fd34408186e4bbccfd4996cb3dc -> 
  custom:container-muxer-webm: aa71ff27fc2769a1b78a27578f13a17b -> 
  custom:container-demuxer-webm: 4f35f7cbe854078d1ac9338744f61a02 -> 
  custom:video-encoder-webm-vp8: eb34c28f22e8b96e1ab97ce403110664 -> 
  custom:CustomObjectIndexerAttribute: bc11b3a6c3213fcdd17b65e7da85e133 -> 
  custom:audio-encoder-webm-vorbis: bf7c407c2cedff20999df2af8eb42d56 -> 
  custom:framework-win-MediaFoundation: 216162199b28c13a410421893ffa2e32 -> 
  custom:SearchIndexIgnoredProperties: e643bd26f0fe6173181afceb89e7c659 -> 
  custom:container-demuxer-ogg: 62fdf1f143b41e24485cea50d1cbac27 -> 
  custom:video-decoder-webm-vp8: 9c59270c3fd7afecdb556c50c9e8de78 -> 
  custom:audio-decoder-ogg-vorbis: bf7c407c2cedff20999df2af8eb42d56 -> 
========================================================================
Received Prepare
Registering precompiled user dll's ...
Registered in 0.007129 seconds.
Begin MonoManager ReloadAssembly
Symbol file LoadedFromMemory is not a mono symbol file
Native extension for UWP target not found
Native extension for WindowsStandalone target not found
Native extension for Android target not found
Native extension for WebGL target not found
Refreshing native plugins compatible for Editor in 1.03 ms, found 2 plugins.
Preloading 0 native plugins for Editor in 0.00 ms.
[Package Manager] Server::EnsureServerProcessIsRunning -- launch failed, reason: Unity was launched with the -noUpm command-line argument
[Package Manager] Cannot connect to Unity Package Manager local server
Mono: successfully reloaded assembly
- Completed reload, in  1.330 seconds
Domain Reload Profiling:
	ReloadAssembly (1330ms)
		BeginReloadAssembly (131ms)
			ExecutionOrderSort (0ms)
			DisableScriptedObjects (5ms)
			BackupInstance (0ms)
			ReleaseScriptingObjects (0ms)
			CreateAndSetChildDomain (38ms)
		EndReloadAssembly (1122ms)
			LoadAssemblies (93ms)
			RebuildTransferFunctionScriptingTraits (0ms)
			SetupTypeCache (201ms)
			ReleaseScriptCaches (1ms)
			RebuildScriptCaches (35ms)
			SetupLoadedEditorAssemblies (755ms)
				LogAssemblyErrors (0ms)
				InitializePlatformSupportModulesInManaged (17ms)
				SetLoadedEditorAssemblies (0ms)
				RefreshPlugins (1ms)
				BeforeProcessingInitializeOnLoad (46ms)
				ProcessInitializeOnLoadAttributes (573ms)
				ProcessInitializeOnLoadMethodAttributes (112ms)
				AfterProcessingInitializeOnLoad (6ms)
				EditorAssembliesLoaded (0ms)
			ExecutionOrderSort2 (0ms)
			AwakeInstancesAfterBackupRestoration (7ms)
Platform modules already initialized, skipping
Refreshing native plugins compatible for Editor in 0.96 ms, found 2 plugins.
Preloading 0 native plugins for Editor in 0.00 ms.
Unloading 3099 Unused Serialized files (Serialized files now loaded: 0)
Unloading 51 unused Assets / (23.1 KB). Loaded Objects now: 3646.
Memory consumption went from 119.1 MB to 119.1 MB.
Total: 6.536100 ms (FindLiveObjects: 0.250400 ms CreateObjectMapping: 0.178400 ms MarkObjects: 6.063500 ms  DeleteObjects: 0.042500 ms)

AssetImportParameters requested are different than current active one (requested -> active):
  custom:video-decoder-ogg-theora: a1e56fd34408186e4bbccfd4996cb3dc -> 
  custom:container-muxer-webm: aa71ff27fc2769a1b78a27578f13a17b -> 
  custom:container-demuxer-webm: 4f35f7cbe854078d1ac9338744f61a02 -> 
  custom:video-encoder-webm-vp8: eb34c28f22e8b96e1ab97ce403110664 -> 
  custom:CustomObjectIndexerAttribute: bc11b3a6c3213fcdd17b65e7da85e133 -> 
  custom:audio-encoder-webm-vorbis: bf7c407c2cedff20999df2af8eb42d56 -> 
  custom:framework-win-MediaFoundation: 216162199b28c13a410421893ffa2e32 -> 
  custom:SearchIndexIgnoredProperties: e643bd26f0fe6173181afceb89e7c659 -> 
  custom:container-demuxer-ogg: 62fdf1f143b41e24485cea50d1cbac27 -> 
  custom:video-decoder-webm-vp8: 9c59270c3fd7afecdb556c50c9e8de78 -> 
  custom:audio-decoder-ogg-vorbis: bf7c407c2cedff20999df2af8eb42d56 -> 
========================================================================
Received Prepare
Registering precompiled user dll's ...
Registered in 0.006981 seconds.
Begin MonoManager ReloadAssembly
Symbol file LoadedFromMemory is not a mono symbol file
Native extension for UWP target not found
Native extension for WindowsStandalone target not found
Native extension for Android target not found
Native extension for WebGL target not found
Refreshing native plugins compatible for Editor in 0.96 ms, found 2 plugins.
Preloading 0 native plugins for Editor in 0.00 ms.
[Package Manager] Server::EnsureServerProcessIsRunning -- launch failed, reason: Unity was launched with the -noUpm command-line argument
[Package Manager] Cannot connect to Unity Package Manager local server
Mono: successfully reloaded assembly
- Completed reload, in  1.322 seconds
Domain Reload Profiling:
	ReloadAssembly (1323ms)
		BeginReloadAssembly (130ms)
			ExecutionOrderSort (0ms)
			DisableScriptedObjects (5ms)
			BackupInstance (0ms)
			ReleaseScriptingObjects (0ms)
			CreateAndSetChildDomain (37ms)
		EndReloadAssembly (1116ms)
			LoadAssemblies (95ms)
			RebuildTransferFunctionScriptingTraits (0ms)
			SetupTypeCache (189ms)
			ReleaseScriptCaches (1ms)
			RebuildScriptCaches (36ms)
			SetupLoadedEditorAssemblies (757ms)
				LogAssemblyErrors (0ms)
				InitializePlatformSupportModulesInManaged (16ms)
				SetLoadedEditorAssemblies (0ms)
				RefreshPlugins (1ms)
				BeforeProcessingInitializeOnLoad (49ms)
				ProcessInitializeOnLoadAttributes (572ms)
				ProcessInitializeOnLoadMethodAttributes (113ms)
				AfterProcessingInitializeOnLoad (6ms)
				EditorAssembliesLoaded (0ms)
			ExecutionOrderSort2 (0ms)
			AwakeInstancesAfterBackupRestoration (7ms)
Platform modules already initialized, skipping
Refreshing native plugins compatible for Editor in 0.99 ms, found 2 plugins.
Preloading 0 native plugins for Editor in 0.00 ms.
Unloading 3099 Unused Serialized files (Serialized files now loaded: 0)
Unloading 51 unused Assets / (23.0 KB). Loaded Objects now: 3649.
Memory consumption went from 119.1 MB to 119.1 MB.
Total: 6.617000 ms (FindLiveObjects: 0.296300 ms CreateObjectMapping: 0.200700 ms MarkObjects: 6.071600 ms  DeleteObjects: 0.047100 ms)

AssetImportParameters requested are different than current active one (requested -> active):
  custom:video-decoder-ogg-theora: a1e56fd34408186e4bbccfd4996cb3dc -> 
  custom:container-muxer-webm: aa71ff27fc2769a1b78a27578f13a17b -> 
  custom:container-demuxer-webm: 4f35f7cbe854078d1ac9338744f61a02 -> 
  custom:video-encoder-webm-vp8: eb34c28f22e8b96e1ab97ce403110664 -> 
  custom:CustomObjectIndexerAttribute: bc11b3a6c3213fcdd17b65e7da85e133 -> 
  custom:audio-encoder-webm-vorbis: bf7c407c2cedff20999df2af8eb42d56 -> 
  custom:framework-win-MediaFoundation: 216162199b28c13a410421893ffa2e32 -> 
  custom:SearchIndexIgnoredProperties: e643bd26f0fe6173181afceb89e7c659 -> 
  custom:container-demuxer-ogg: 62fdf1f143b41e24485cea50d1cbac27 -> 
  custom:video-decoder-webm-vp8: 9c59270c3fd7afecdb556c50c9e8de78 -> 
  custom:audio-decoder-ogg-vorbis: bf7c407c2cedff20999df2af8eb42d56 -> 
========================================================================
Received Prepare
Refreshing native plugins compatible for Editor in 10.44 ms, found 2 plugins.
Preloading 0 native plugins for Editor in 0.00 ms.
Unloading 49 Unused Serialized files (Serialized files now loaded: 0)
Unloading 49 unused Assets / (22.9 KB). Loaded Objects now: 3649.
Memory consumption went from 57.3 MB to 57.2 MB.
Total: 7.032500 ms (FindLiveObjects: 0.276700 ms CreateObjectMapping: 0.081800 ms MarkObjects: 6.633200 ms  DeleteObjects: 0.040000 ms)

AssetImportParameters requested are different than current active one (requested -> active):
  custom:video-decoder-ogg-theora: a1e56fd34408186e4bbccfd4996cb3dc -> 
  custom:container-muxer-webm: aa71ff27fc2769a1b78a27578f13a17b -> 
  custom:container-demuxer-webm: 4f35f7cbe854078d1ac9338744f61a02 -> 
  custom:video-encoder-webm-vp8: eb34c28f22e8b96e1ab97ce403110664 -> 
  custom:CustomObjectIndexerAttribute: bc11b3a6c3213fcdd17b65e7da85e133 -> 
  custom:audio-encoder-webm-vorbis: bf7c407c2cedff20999df2af8eb42d56 -> 
  custom:framework-win-MediaFoundation: 216162199b28c13a410421893ffa2e32 -> 
  custom:SearchIndexIgnoredProperties: e643bd26f0fe6173181afceb89e7c659 -> 
  custom:container-demuxer-ogg: 62fdf1f143b41e24485cea50d1cbac27 -> 
  custom:video-decoder-webm-vp8: 9c59270c3fd7afecdb556c50c9e8de78 -> 
  custom:audio-decoder-ogg-vorbis: bf7c407c2cedff20999df2af8eb42d56 -> 
========================================================================
Received Prepare
Refreshing native plugins compatible for Editor in 11.36 ms, found 2 plugins.
Preloading 0 native plugins for Editor in 0.00 ms.
Unloading 49 Unused Serialized files (Serialized files now loaded: 0)
Unloading 49 unused Assets / (22.9 KB). Loaded Objects now: 3649.
Memory consumption went from 57.0 MB to 56.9 MB.
Total: 6.499200 ms (FindLiveObjects: 0.246100 ms CreateObjectMapping: 0.089600 ms MarkObjects: 6.127400 ms  DeleteObjects: 0.035500 ms)

AssetImportParameters requested are different than current active one (requested -> active):
  custom:video-decoder-ogg-theora: a1e56fd34408186e4bbccfd4996cb3dc -> 
  custom:container-muxer-webm: aa71ff27fc2769a1b78a27578f13a17b -> 
  custom:container-demuxer-webm: 4f35f7cbe854078d1ac9338744f61a02 -> 
  custom:video-encoder-webm-vp8: eb34c28f22e8b96e1ab97ce403110664 -> 
  custom:CustomObjectIndexerAttribute: bc11b3a6c3213fcdd17b65e7da85e133 -> 
  custom:audio-encoder-webm-vorbis: bf7c407c2cedff20999df2af8eb42d56 -> 
  custom:framework-win-MediaFoundation: 216162199b28c13a410421893ffa2e32 -> 
  custom:SearchIndexIgnoredProperties: e643bd26f0fe6173181afceb89e7c659 -> 
  custom:container-demuxer-ogg: 62fdf1f143b41e24485cea50d1cbac27 -> 
  custom:video-decoder-webm-vp8: 9c59270c3fd7afecdb556c50c9e8de78 -> 
  custom:audio-decoder-ogg-vorbis: bf7c407c2cedff20999df2af8eb42d56 -> 
========================================================================
Received Prepare
Registering precompiled user dll's ...
Registered in 0.006467 seconds.
Begin MonoManager ReloadAssembly
Symbol file LoadedFromMemory is not a mono symbol file
Native extension for UWP target not found
Native extension for WindowsStandalone target not found
Native extension for Android target not found
Native extension for WebGL target not found
Refreshing native plugins compatible for Editor in 0.93 ms, found 2 plugins.
Preloading 0 native plugins for Editor in 0.00 ms.
[Package Manager] Server::EnsureServerProcessIsRunning -- launch failed, reason: Unity was launched with the -noUpm command-line argument
[Package Manager] Cannot connect to Unity Package Manager local server
Mono: successfully reloaded assembly
- Completed reload, in  1.275 seconds
Domain Reload Profiling:
	ReloadAssembly (1276ms)
		BeginReloadAssembly (145ms)
			ExecutionOrderSort (0ms)
			DisableScriptedObjects (5ms)
			BackupInstance (0ms)
			ReleaseScriptingObjects (0ms)
			CreateAndSetChildDomain (44ms)
		EndReloadAssembly (1046ms)
			LoadAssemblies (99ms)
			RebuildTransferFunctionScriptingTraits (0ms)
			SetupTypeCache (177ms)
			ReleaseScriptCaches (1ms)
			RebuildScriptCaches (31ms)
			SetupLoadedEditorAssemblies (717ms)
				LogAssemblyErrors (0ms)
				InitializePlatformSupportModulesInManaged (14ms)
				SetLoadedEditorAssemblies (0ms)
				RefreshPlugins (1ms)
				BeforeProcessingInitializeOnLoad (40ms)
				ProcessInitializeOnLoadAttributes (554ms)
				ProcessInitializeOnLoadMethodAttributes (100ms)
				AfterProcessingInitializeOnLoad (8ms)
				EditorAssembliesLoaded (0ms)
			ExecutionOrderSort2 (0ms)
			AwakeInstancesAfterBackupRestoration (6ms)
Platform modules already initialized, skipping
Refreshing native plugins compatible for Editor in 0.90 ms, found 2 plugins.
Preloading 0 native plugins for Editor in 0.00 ms.
Unloading 3099 Unused Serialized files (Serialized files now loaded: 0)
Unloading 51 unused Assets / (23.0 KB). Loaded Objects now: 3652.
Memory consumption went from 119.2 MB to 119.2 MB.
Total: 6.083900 ms (FindLiveObjects: 0.272100 ms CreateObjectMapping: 0.090300 ms MarkObjects: 5.670600 ms  DeleteObjects: 0.049400 ms)

AssetImportParameters requested are different than current active one (requested -> active):
  custom:video-decoder-ogg-theora: a1e56fd34408186e4bbccfd4996cb3dc -> 
  custom:container-muxer-webm: aa71ff27fc2769a1b78a27578f13a17b -> 
  custom:container-demuxer-webm: 4f35f7cbe854078d1ac9338744f61a02 -> 
  custom:video-encoder-webm-vp8: eb34c28f22e8b96e1ab97ce403110664 -> 
  custom:CustomObjectIndexerAttribute: bc11b3a6c3213fcdd17b65e7da85e133 -> 
  custom:audio-encoder-webm-vorbis: bf7c407c2cedff20999df2af8eb42d56 -> 
  custom:framework-win-MediaFoundation: 216162199b28c13a410421893ffa2e32 -> 
  custom:SearchIndexIgnoredProperties: e643bd26f0fe6173181afceb89e7c659 -> 
  custom:container-demuxer-ogg: 62fdf1f143b41e24485cea50d1cbac27 -> 
  custom:video-decoder-webm-vp8: 9c59270c3fd7afecdb556c50c9e8de78 -> 
  custom:audio-decoder-ogg-vorbis: bf7c407c2cedff20999df2af8eb42d56 -> 
========================================================================
Received Prepare
Refreshing native plugins compatible for Editor in 9.47 ms, found 2 plugins.
Preloading 0 native plugins for Editor in 0.00 ms.
Unloading 49 Unused Serialized files (Serialized files now loaded: 0)
Unloading 49 unused Assets / (23.0 KB). Loaded Objects now: 3652.
Memory consumption went from 57.3 MB to 57.3 MB.
Total: 6.249500 ms (FindLiveObjects: 0.251200 ms CreateObjectMapping: 0.190200 ms MarkObjects: 5.768700 ms  DeleteObjects: 0.038500 ms)

AssetImportParameters requested are different than current active one (requested -> active):
  custom:video-decoder-ogg-theora: a1e56fd34408186e4bbccfd4996cb3dc -> 
  custom:container-muxer-webm: aa71ff27fc2769a1b78a27578f13a17b -> 
  custom:container-demuxer-webm: 4f35f7cbe854078d1ac9338744f61a02 -> 
  custom:video-encoder-webm-vp8: eb34c28f22e8b96e1ab97ce403110664 -> 
  custom:CustomObjectIndexerAttribute: bc11b3a6c3213fcdd17b65e7da85e133 -> 
  custom:audio-encoder-webm-vorbis: bf7c407c2cedff20999df2af8eb42d56 -> 
  custom:framework-win-MediaFoundation: 216162199b28c13a410421893ffa2e32 -> 
  custom:SearchIndexIgnoredProperties: e643bd26f0fe6173181afceb89e7c659 -> 
  custom:container-demuxer-ogg: 62fdf1f143b41e24485cea50d1cbac27 -> 
  custom:video-decoder-webm-vp8: 9c59270c3fd7afecdb556c50c9e8de78 -> 
  custom:audio-decoder-ogg-vorbis: bf7c407c2cedff20999df2af8eb42d56 -> 
========================================================================
Received Prepare
Refreshing native plugins compatible for Editor in 10.41 ms, found 2 plugins.
Preloading 0 native plugins for Editor in 0.00 ms.
Unloading 49 Unused Serialized files (Serialized files now loaded: 0)
Unloading 49 unused Assets / (23.0 KB). Loaded Objects now: 3652.
Memory consumption went from 56.9 MB to 56.9 MB.
Total: 6.027400 ms (FindLiveObjects: 0.265900 ms CreateObjectMapping: 0.079700 ms MarkObjects: 5.648500 ms  DeleteObjects: 0.032700 ms)

AssetImportParameters requested are different than current active one (requested -> active):
  custom:video-decoder-ogg-theora: a1e56fd34408186e4bbccfd4996cb3dc -> 
  custom:container-muxer-webm: aa71ff27fc2769a1b78a27578f13a17b -> 
  custom:container-demuxer-webm: 4f35f7cbe854078d1ac9338744f61a02 -> 
  custom:video-encoder-webm-vp8: eb34c28f22e8b96e1ab97ce403110664 -> 
  custom:CustomObjectIndexerAttribute: bc11b3a6c3213fcdd17b65e7da85e133 -> 
  custom:audio-encoder-webm-vorbis: bf7c407c2cedff20999df2af8eb42d56 -> 
  custom:framework-win-MediaFoundation: 216162199b28c13a410421893ffa2e32 -> 
  custom:SearchIndexIgnoredProperties: e643bd26f0fe6173181afceb89e7c659 -> 
  custom:container-demuxer-ogg: 62fdf1f143b41e24485cea50d1cbac27 -> 
  custom:video-decoder-webm-vp8: 9c59270c3fd7afecdb556c50c9e8de78 -> 
  custom:audio-decoder-ogg-vorbis: bf7c407c2cedff20999df2af8eb42d56 -> 
========================================================================
Received Prepare
Refreshing native plugins compatible for Editor in 10.46 ms, found 2 plugins.
Preloading 0 native plugins for Editor in 0.00 ms.
Unloading 49 Unused Serialized files (Serialized files now loaded: 0)
Unloading 49 unused Assets / (23.0 KB). Loaded Objects now: 3652.
Memory consumption went from 56.9 MB to 56.9 MB.
Total: 6.252500 ms (FindLiveObjects: 0.246900 ms CreateObjectMapping: 0.078800 ms MarkObjects: 5.886100 ms  DeleteObjects: 0.039800 ms)

AssetImportParameters requested are different than current active one (requested -> active):
  custom:video-decoder-ogg-theora: a1e56fd34408186e4bbccfd4996cb3dc -> 
  custom:container-muxer-webm: aa71ff27fc2769a1b78a27578f13a17b -> 
  custom:container-demuxer-webm: 4f35f7cbe854078d1ac9338744f61a02 -> 
  custom:video-encoder-webm-vp8: eb34c28f22e8b96e1ab97ce403110664 -> 
  custom:CustomObjectIndexerAttribute: bc11b3a6c3213fcdd17b65e7da85e133 -> 
  custom:audio-encoder-webm-vorbis: bf7c407c2cedff20999df2af8eb42d56 -> 
  custom:framework-win-MediaFoundation: 216162199b28c13a410421893ffa2e32 -> 
  custom:SearchIndexIgnoredProperties: e643bd26f0fe6173181afceb89e7c659 -> 
  custom:container-demuxer-ogg: 62fdf1f143b41e24485cea50d1cbac27 -> 
  custom:video-decoder-webm-vp8: 9c59270c3fd7afecdb556c50c9e8de78 -> 
  custom:audio-decoder-ogg-vorbis: bf7c407c2cedff20999df2af8eb42d56 -> 
========================================================================
Received Prepare
Registering precompiled user dll's ...
Registered in 0.007660 seconds.
Begin MonoManager ReloadAssembly
Symbol file LoadedFromMemory is not a mono symbol file
Native extension for UWP target not found
Native extension for WindowsStandalone target not found
Native extension for Android target not found
Native extension for WebGL target not found
Refreshing native plugins compatible for Editor in 0.91 ms, found 2 plugins.
Preloading 0 native plugins for Editor in 0.00 ms.
[Package Manager] Server::EnsureServerProcessIsRunning -- launch failed, reason: Unity was launched with the -noUpm command-line argument
[Package Manager] Cannot connect to Unity Package Manager local server
Mono: successfully reloaded assembly
- Completed reload, in  1.281 seconds
Domain Reload Profiling:
	ReloadAssembly (1281ms)
		BeginReloadAssembly (134ms)
			ExecutionOrderSort (0ms)
			DisableScriptedObjects (5ms)
			BackupInstance (0ms)
			ReleaseScriptingObjects (0ms)
			CreateAndSetChildDomain (37ms)
		EndReloadAssembly (1065ms)
			LoadAssemblies (94ms)
			RebuildTransferFunctionScriptingTraits (0ms)
			SetupTypeCache (194ms)
			ReleaseScriptCaches (1ms)
			RebuildScriptCaches (35ms)
			SetupLoadedEditorAssemblies (715ms)
				LogAssemblyErrors (0ms)
				InitializePlatformSupportModulesInManaged (15ms)
				SetLoadedEditorAssemblies (0ms)
				RefreshPlugins (1ms)
				BeforeProcessingInitializeOnLoad (41ms)
				ProcessInitializeOnLoadAttributes (554ms)
				ProcessInitializeOnLoadMethodAttributes (97ms)
				AfterProcessingInitializeOnLoad (5ms)
				EditorAssembliesLoaded (0ms)
			ExecutionOrderSort2 (0ms)
			AwakeInstancesAfterBackupRestoration (5ms)
Platform modules already initialized, skipping
Refreshing native plugins compatible for Editor in 0.90 ms, found 2 plugins.
Preloading 0 native plugins for Editor in 0.00 ms.
Unloading 3099 Unused Serialized files (Serialized files now loaded: 0)
Unloading 51 unused Assets / (23.1 KB). Loaded Objects now: 3655.
Memory consumption went from 119.1 MB to 119.1 MB.
Total: 6.326700 ms (FindLiveObjects: 0.279200 ms CreateObjectMapping: 0.094700 ms MarkObjects: 5.908800 ms  DeleteObjects: 0.042500 ms)

AssetImportParameters requested are different than current active one (requested -> active):
  custom:video-decoder-ogg-theora: a1e56fd34408186e4bbccfd4996cb3dc -> 
  custom:container-muxer-webm: aa71ff27fc2769a1b78a27578f13a17b -> 
  custom:container-demuxer-webm: 4f35f7cbe854078d1ac9338744f61a02 -> 
  custom:video-encoder-webm-vp8: eb34c28f22e8b96e1ab97ce403110664 -> 
  custom:CustomObjectIndexerAttribute: bc11b3a6c3213fcdd17b65e7da85e133 -> 
  custom:audio-encoder-webm-vorbis: bf7c407c2cedff20999df2af8eb42d56 -> 
  custom:framework-win-MediaFoundation: 216162199b28c13a410421893ffa2e32 -> 
  custom:SearchIndexIgnoredProperties: e643bd26f0fe6173181afceb89e7c659 -> 
  custom:container-demuxer-ogg: 62fdf1f143b41e24485cea50d1cbac27 -> 
  custom:video-decoder-webm-vp8: 9c59270c3fd7afecdb556c50c9e8de78 -> 
  custom:audio-decoder-ogg-vorbis: bf7c407c2cedff20999df2af8eb42d56 -> 
========================================================================
Received Prepare
Refreshing native plugins compatible for Editor in 12.63 ms, found 2 plugins.
Preloading 0 native plugins for Editor in 0.00 ms.
Unloading 49 Unused Serialized files (Serialized files now loaded: 0)
Unloading 49 unused Assets / (23.0 KB). Loaded Objects now: 3655.
Memory consumption went from 57.2 MB to 57.2 MB.
Total: 6.273800 ms (FindLiveObjects: 0.253300 ms CreateObjectMapping: 0.086400 ms MarkObjects: 5.894200 ms  DeleteObjects: 0.039000 ms)

AssetImportParameters requested are different than current active one (requested -> active):
  custom:video-decoder-ogg-theora: a1e56fd34408186e4bbccfd4996cb3dc -> 
  custom:container-muxer-webm: aa71ff27fc2769a1b78a27578f13a17b -> 
  custom:container-demuxer-webm: 4f35f7cbe854078d1ac9338744f61a02 -> 
  custom:video-encoder-webm-vp8: eb34c28f22e8b96e1ab97ce403110664 -> 
  custom:CustomObjectIndexerAttribute: bc11b3a6c3213fcdd17b65e7da85e133 -> 
  custom:audio-encoder-webm-vorbis: bf7c407c2cedff20999df2af8eb42d56 -> 
  custom:framework-win-MediaFoundation: 216162199b28c13a410421893ffa2e32 -> 
  custom:SearchIndexIgnoredProperties: e643bd26f0fe6173181afceb89e7c659 -> 
  custom:container-demuxer-ogg: 62fdf1f143b41e24485cea50d1cbac27 -> 
  custom:video-decoder-webm-vp8: 9c59270c3fd7afecdb556c50c9e8de78 -> 
  custom:audio-decoder-ogg-vorbis: bf7c407c2cedff20999df2af8eb42d56 -> 
========================================================================
Received Prepare
Registering precompiled user dll's ...
Registered in 0.007866 seconds.
Begin MonoManager ReloadAssembly
Symbol file LoadedFromMemory is not a mono symbol file
Native extension for UWP target not found
Native extension for WindowsStandalone target not found
Native extension for Android target not found
Native extension for WebGL target not found
Refreshing native plugins compatible for Editor in 1.51 ms, found 2 plugins.
Preloading 0 native plugins for Editor in 0.00 ms.
[Package Manager] Server::EnsureServerProcessIsRunning -- launch failed, reason: Unity was launched with the -noUpm command-line argument
[Package Manager] Cannot connect to Unity Package Manager local server
Mono: successfully reloaded assembly
- Completed reload, in  1.695 seconds
Domain Reload Profiling:
	ReloadAssembly (1695ms)
		BeginReloadAssembly (174ms)
			ExecutionOrderSort (0ms)
			DisableScriptedObjects (7ms)
			BackupInstance (0ms)
			ReleaseScriptingObjects (0ms)
			CreateAndSetChildDomain (48ms)
		EndReloadAssembly (1404ms)
			LoadAssemblies (131ms)
			RebuildTransferFunctionScriptingTraits (0ms)
			SetupTypeCache (273ms)
			ReleaseScriptCaches (1ms)
			RebuildScriptCaches (49ms)
			SetupLoadedEditorAssemblies (910ms)
				LogAssemblyErrors (0ms)
				InitializePlatformSupportModulesInManaged (19ms)
				SetLoadedEditorAssemblies (0ms)
				RefreshPlugins (2ms)
				BeforeProcessingInitializeOnLoad (62ms)
				ProcessInitializeOnLoadAttributes (651ms)
				ProcessInitializeOnLoadMethodAttributes (166ms)
				AfterProcessingInitializeOnLoad (10ms)
				EditorAssembliesLoaded (0ms)
			ExecutionOrderSort2 (0ms)
			AwakeInstancesAfterBackupRestoration (8ms)
Platform modules already initialized, skipping
Refreshing native plugins compatible for Editor in 0.93 ms, found 2 plugins.
Preloading 0 native plugins for Editor in 0.00 ms.
Unloading 3099 Unused Serialized files (Serialized files now loaded: 0)
Unloading 51 unused Assets / (23.0 KB). Loaded Objects now: 3658.
Memory consumption went from 119.2 MB to 119.1 MB.
Total: 8.464300 ms (FindLiveObjects: 0.252500 ms CreateObjectMapping: 0.184000 ms MarkObjects: 7.984400 ms  DeleteObjects: 0.042700 ms)

AssetImportParameters requested are different than current active one (requested -> active):
  custom:video-decoder-ogg-theora: a1e56fd34408186e4bbccfd4996cb3dc -> 
  custom:container-muxer-webm: aa71ff27fc2769a1b78a27578f13a17b -> 
  custom:container-demuxer-webm: 4f35f7cbe854078d1ac9338744f61a02 -> 
  custom:video-encoder-webm-vp8: eb34c28f22e8b96e1ab97ce403110664 -> 
  custom:CustomObjectIndexerAttribute: bc11b3a6c3213fcdd17b65e7da85e133 -> 
  custom:audio-encoder-webm-vorbis: bf7c407c2cedff20999df2af8eb42d56 -> 
  custom:framework-win-MediaFoundation: 216162199b28c13a410421893ffa2e32 -> 
  custom:SearchIndexIgnoredProperties: e643bd26f0fe6173181afceb89e7c659 -> 
  custom:container-demuxer-ogg: 62fdf1f143b41e24485cea50d1cbac27 -> 
  custom:video-decoder-webm-vp8: 9c59270c3fd7afecdb556c50c9e8de78 -> 
  custom:audio-decoder-ogg-vorbis: bf7c407c2cedff20999df2af8eb42d56 -> 
========================================================================
Received Prepare
Refreshing native plugins compatible for Editor in 11.06 ms, found 2 plugins.
Preloading 0 native plugins for Editor in 0.00 ms.
Unloading 49 Unused Serialized files (Serialized files now loaded: 0)
Unloading 49 unused Assets / (23.0 KB). Loaded Objects now: 3658.
Memory consumption went from 57.3 MB to 57.3 MB.
Total: 7.602600 ms (FindLiveObjects: 0.453300 ms CreateObjectMapping: 0.200600 ms MarkObjects: 6.891600 ms  DeleteObjects: 0.056300 ms)

AssetImportParameters requested are different than current active one (requested -> active):
  custom:video-decoder-ogg-theora: a1e56fd34408186e4bbccfd4996cb3dc -> 
  custom:container-muxer-webm: aa71ff27fc2769a1b78a27578f13a17b -> 
  custom:container-demuxer-webm: 4f35f7cbe854078d1ac9338744f61a02 -> 
  custom:video-encoder-webm-vp8: eb34c28f22e8b96e1ab97ce403110664 -> 
  custom:CustomObjectIndexerAttribute: bc11b3a6c3213fcdd17b65e7da85e133 -> 
  custom:audio-encoder-webm-vorbis: bf7c407c2cedff20999df2af8eb42d56 -> 
  custom:framework-win-MediaFoundation: 216162199b28c13a410421893ffa2e32 -> 
  custom:SearchIndexIgnoredProperties: e643bd26f0fe6173181afceb89e7c659 -> 
  custom:container-demuxer-ogg: 62fdf1f143b41e24485cea50d1cbac27 -> 
  custom:video-decoder-webm-vp8: 9c59270c3fd7afecdb556c50c9e8de78 -> 
  custom:audio-decoder-ogg-vorbis: bf7c407c2cedff20999df2af8eb42d56 -> 
========================================================================
Received Prepare
Refreshing native plugins compatible for Editor in 8.98 ms, found 2 plugins.
Preloading 0 native plugins for Editor in 0.00 ms.
Unloading 49 Unused Serialized files (Serialized files now loaded: 0)
Unloading 49 unused Assets / (23.0 KB). Loaded Objects now: 3658.
Memory consumption went from 57.0 MB to 57.0 MB.
Total: 6.412600 ms (FindLiveObjects: 0.239900 ms CreateObjectMapping: 0.078100 ms MarkObjects: 6.049200 ms  DeleteObjects: 0.044600 ms)

AssetImportParameters requested are different than current active one (requested -> active):
  custom:video-decoder-ogg-theora: a1e56fd34408186e4bbccfd4996cb3dc -> 
  custom:container-muxer-webm: aa71ff27fc2769a1b78a27578f13a17b -> 
  custom:container-demuxer-webm: 4f35f7cbe854078d1ac9338744f61a02 -> 
  custom:video-encoder-webm-vp8: eb34c28f22e8b96e1ab97ce403110664 -> 
  custom:CustomObjectIndexerAttribute: bc11b3a6c3213fcdd17b65e7da85e133 -> 
  custom:audio-encoder-webm-vorbis: bf7c407c2cedff20999df2af8eb42d56 -> 
  custom:framework-win-MediaFoundation: 216162199b28c13a410421893ffa2e32 -> 
  custom:SearchIndexIgnoredProperties: e643bd26f0fe6173181afceb89e7c659 -> 
  custom:container-demuxer-ogg: 62fdf1f143b41e24485cea50d1cbac27 -> 
  custom:video-decoder-webm-vp8: 9c59270c3fd7afecdb556c50c9e8de78 -> 
  custom:audio-decoder-ogg-vorbis: bf7c407c2cedff20999df2af8eb42d56 -> 
========================================================================
Received Prepare
Registering precompiled user dll's ...
Registered in 0.006984 seconds.
Begin MonoManager ReloadAssembly
Symbol file LoadedFromMemory is not a mono symbol file
Native extension for UWP target not found
Native extension for WindowsStandalone target not found
Native extension for Android target not found
Native extension for WebGL target not found
Refreshing native plugins compatible for Editor in 0.92 ms, found 2 plugins.
Preloading 0 native plugins for Editor in 0.00 ms.
[Package Manager] Server::EnsureServerProcessIsRunning -- launch failed, reason: Unity was launched with the -noUpm command-line argument
[Package Manager] Cannot connect to Unity Package Manager local server
Mono: successfully reloaded assembly
- Completed reload, in  1.242 seconds
Domain Reload Profiling:
	ReloadAssembly (1243ms)
		BeginReloadAssembly (131ms)
			ExecutionOrderSort (0ms)
			DisableScriptedObjects (5ms)
			BackupInstance (0ms)
			ReleaseScriptingObjects (0ms)
			CreateAndSetChildDomain (38ms)
		EndReloadAssembly (1035ms)
			LoadAssemblies (93ms)
			RebuildTransferFunctionScriptingTraits (0ms)
			SetupTypeCache (178ms)
			ReleaseScriptCaches (1ms)
			RebuildScriptCaches (32ms)
			SetupLoadedEditorAssemblies (707ms)
				LogAssemblyErrors (0ms)
				InitializePlatformSupportModulesInManaged (14ms)
				SetLoadedEditorAssemblies (0ms)
				RefreshPlugins (1ms)
				BeforeProcessingInitializeOnLoad (39ms)
				ProcessInitializeOnLoadAttributes (547ms)
				ProcessInitializeOnLoadMethodAttributes (99ms)
				AfterProcessingInitializeOnLoad (6ms)
				EditorAssembliesLoaded (0ms)
			ExecutionOrderSort2 (0ms)
			AwakeInstancesAfterBackupRestoration (5ms)
Platform modules already initialized, skipping
Refreshing native plugins compatible for Editor in 0.90 ms, found 2 plugins.
Preloading 0 native plugins for Editor in 0.00 ms.
Unloading 3099 Unused Serialized files (Serialized files now loaded: 0)
Unloading 51 unused Assets / (23.0 KB). Loaded Objects now: 3661.
Memory consumption went from 119.2 MB to 119.2 MB.
Total: 5.906200 ms (FindLiveObjects: 0.240100 ms CreateObjectMapping: 0.088700 ms MarkObjects: 5.522000 ms  DeleteObjects: 0.053500 ms)

AssetImportParameters requested are different than current active one (requested -> active):
  custom:video-decoder-ogg-theora: a1e56fd34408186e4bbccfd4996cb3dc -> 
  custom:container-muxer-webm: aa71ff27fc2769a1b78a27578f13a17b -> 
  custom:container-demuxer-webm: 4f35f7cbe854078d1ac9338744f61a02 -> 
  custom:video-encoder-webm-vp8: eb34c28f22e8b96e1ab97ce403110664 -> 
  custom:CustomObjectIndexerAttribute: bc11b3a6c3213fcdd17b65e7da85e133 -> 
  custom:audio-encoder-webm-vorbis: bf7c407c2cedff20999df2af8eb42d56 -> 
  custom:framework-win-MediaFoundation: 216162199b28c13a410421893ffa2e32 -> 
  custom:SearchIndexIgnoredProperties: e643bd26f0fe6173181afceb89e7c659 -> 
  custom:container-demuxer-ogg: 62fdf1f143b41e24485cea50d1cbac27 -> 
  custom:video-decoder-webm-vp8: 9c59270c3fd7afecdb556c50c9e8de78 -> 
  custom:audio-decoder-ogg-vorbis: bf7c407c2cedff20999df2af8eb42d56 -> 
========================================================================
Received Prepare
Refreshing native plugins compatible for Editor in 9.45 ms, found 2 plugins.
Preloading 0 native plugins for Editor in 0.00 ms.
Unloading 49 Unused Serialized files (Serialized files now loaded: 0)
Unloading 49 unused Assets / (23.0 KB). Loaded Objects now: 3661.
Memory consumption went from 57.3 MB to 57.3 MB.
Total: 5.817900 ms (FindLiveObjects: 0.238100 ms CreateObjectMapping: 0.075500 ms MarkObjects: 5.472000 ms  DeleteObjects: 0.031900 ms)

AssetImportParameters requested are different than current active one (requested -> active):
  custom:video-decoder-ogg-theora: a1e56fd34408186e4bbccfd4996cb3dc -> 
  custom:container-muxer-webm: aa71ff27fc2769a1b78a27578f13a17b -> 
  custom:container-demuxer-webm: 4f35f7cbe854078d1ac9338744f61a02 -> 
  custom:video-encoder-webm-vp8: eb34c28f22e8b96e1ab97ce403110664 -> 
  custom:CustomObjectIndexerAttribute: bc11b3a6c3213fcdd17b65e7da85e133 -> 
  custom:audio-encoder-webm-vorbis: bf7c407c2cedff20999df2af8eb42d56 -> 
  custom:framework-win-MediaFoundation: 216162199b28c13a410421893ffa2e32 -> 
  custom:SearchIndexIgnoredProperties: e643bd26f0fe6173181afceb89e7c659 -> 
  custom:container-demuxer-ogg: 62fdf1f143b41e24485cea50d1cbac27 -> 
  custom:video-decoder-webm-vp8: 9c59270c3fd7afecdb556c50c9e8de78 -> 
  custom:audio-decoder-ogg-vorbis: bf7c407c2cedff20999df2af8eb42d56 -> 
========================================================================
Received Prepare
Refreshing native plugins compatible for Editor in 11.84 ms, found 2 plugins.
Preloading 0 native plugins for Editor in 0.00 ms.
Unloading 49 Unused Serialized files (Serialized files now loaded: 0)
Unloading 49 unused Assets / (23.0 KB). Loaded Objects now: 3661.
Memory consumption went from 57.0 MB to 56.9 MB.
Total: 5.594300 ms (FindLiveObjects: 0.245700 ms CreateObjectMapping: 0.078200 ms MarkObjects: 5.241400 ms  DeleteObjects: 0.028300 ms)

AssetImportParameters requested are different than current active one (requested -> active):
  custom:video-decoder-ogg-theora: a1e56fd34408186e4bbccfd4996cb3dc -> 
  custom:container-muxer-webm: aa71ff27fc2769a1b78a27578f13a17b -> 
  custom:container-demuxer-webm: 4f35f7cbe854078d1ac9338744f61a02 -> 
  custom:video-encoder-webm-vp8: eb34c28f22e8b96e1ab97ce403110664 -> 
  custom:CustomObjectIndexerAttribute: bc11b3a6c3213fcdd17b65e7da85e133 -> 
  custom:audio-encoder-webm-vorbis: bf7c407c2cedff20999df2af8eb42d56 -> 
  custom:framework-win-MediaFoundation: 216162199b28c13a410421893ffa2e32 -> 
  custom:SearchIndexIgnoredProperties: e643bd26f0fe6173181afceb89e7c659 -> 
  custom:container-demuxer-ogg: 62fdf1f143b41e24485cea50d1cbac27 -> 
  custom:video-decoder-webm-vp8: 9c59270c3fd7afecdb556c50c9e8de78 -> 
  custom:audio-decoder-ogg-vorbis: bf7c407c2cedff20999df2af8eb42d56 -> 
========================================================================
Received Prepare
Refreshing native plugins compatible for Editor in 10.36 ms, found 2 plugins.
Preloading 0 native plugins for Editor in 0.00 ms.
Unloading 49 Unused Serialized files (Serialized files now loaded: 0)
Unloading 49 unused Assets / (23.0 KB). Loaded Objects now: 3661.
Memory consumption went from 57.0 MB to 56.9 MB.
Total: 6.335200 ms (FindLiveObjects: 0.246600 ms CreateObjectMapping: 0.083300 ms MarkObjects: 5.965900 ms  DeleteObjects: 0.038300 ms)

AssetImportParameters requested are different than current active one (requested -> active):
  custom:video-decoder-ogg-theora: a1e56fd34408186e4bbccfd4996cb3dc -> 
  custom:container-muxer-webm: aa71ff27fc2769a1b78a27578f13a17b -> 
  custom:container-demuxer-webm: 4f35f7cbe854078d1ac9338744f61a02 -> 
  custom:video-encoder-webm-vp8: eb34c28f22e8b96e1ab97ce403110664 -> 
  custom:CustomObjectIndexerAttribute: bc11b3a6c3213fcdd17b65e7da85e133 -> 
  custom:audio-encoder-webm-vorbis: bf7c407c2cedff20999df2af8eb42d56 -> 
  custom:framework-win-MediaFoundation: 216162199b28c13a410421893ffa2e32 -> 
  custom:SearchIndexIgnoredProperties: e643bd26f0fe6173181afceb89e7c659 -> 
  custom:container-demuxer-ogg: 62fdf1f143b41e24485cea50d1cbac27 -> 
  custom:video-decoder-webm-vp8: 9c59270c3fd7afecdb556c50c9e8de78 -> 
  custom:audio-decoder-ogg-vorbis: bf7c407c2cedff20999df2af8eb42d56 -> 
========================================================================
Received Prepare
Registering precompiled user dll's ...
Registered in 0.007522 seconds.
Begin MonoManager ReloadAssembly
Symbol file LoadedFromMemory is not a mono symbol file
Native extension for UWP target not found
Native extension for WindowsStandalone target not found
Native extension for Android target not found
Native extension for WebGL target not found
Refreshing native plugins compatible for Editor in 0.99 ms, found 2 plugins.
Preloading 0 native plugins for Editor in 0.00 ms.
[Package Manager] Server::EnsureServerProcessIsRunning -- launch failed, reason: Unity was launched with the -noUpm command-line argument
[Package Manager] Cannot connect to Unity Package Manager local server
Mono: successfully reloaded assembly
- Completed reload, in  1.293 seconds
Domain Reload Profiling:
	ReloadAssembly (1294ms)
		BeginReloadAssembly (133ms)
			ExecutionOrderSort (0ms)
			DisableScriptedObjects (5ms)
			BackupInstance (0ms)
			ReleaseScriptingObjects (0ms)
			CreateAndSetChildDomain (37ms)
		EndReloadAssembly (1082ms)
			LoadAssemblies (97ms)
			RebuildTransferFunctionScriptingTraits (0ms)
			SetupTypeCache (195ms)
			ReleaseScriptCaches (1ms)
			RebuildScriptCaches (35ms)
			SetupLoadedEditorAssemblies (727ms)
				LogAssemblyErrors (0ms)
				InitializePlatformSupportModulesInManaged (15ms)
				SetLoadedEditorAssemblies (1ms)
				RefreshPlugins (1ms)
				BeforeProcessingInitializeOnLoad (43ms)
				ProcessInitializeOnLoadAttributes (560ms)
				ProcessInitializeOnLoadMethodAttributes (101ms)
				AfterProcessingInitializeOnLoad (5ms)
				EditorAssembliesLoaded (0ms)
			ExecutionOrderSort2 (0ms)
			AwakeInstancesAfterBackupRestoration (5ms)
Platform modules already initialized, skipping
Refreshing native plugins compatible for Editor in 1.41 ms, found 2 plugins.
Preloading 0 native plugins for Editor in 0.00 ms.
Unloading 3099 Unused Serialized files (Serialized files now loaded: 0)
Unloading 51 unused Assets / (23.0 KB). Loaded Objects now: 3664.
Memory consumption went from 119.2 MB to 119.2 MB.
Total: 5.736100 ms (FindLiveObjects: 0.251200 ms CreateObjectMapping: 0.090900 ms MarkObjects: 5.362800 ms  DeleteObjects: 0.030100 ms)

AssetImportParameters requested are different than current active one (requested -> active):
  custom:video-decoder-ogg-theora: a1e56fd34408186e4bbccfd4996cb3dc -> 
  custom:container-muxer-webm: aa71ff27fc2769a1b78a27578f13a17b -> 
  custom:container-demuxer-webm: 4f35f7cbe854078d1ac9338744f61a02 -> 
  custom:video-encoder-webm-vp8: eb34c28f22e8b96e1ab97ce403110664 -> 
  custom:CustomObjectIndexerAttribute: bc11b3a6c3213fcdd17b65e7da85e133 -> 
  custom:audio-encoder-webm-vorbis: bf7c407c2cedff20999df2af8eb42d56 -> 
  custom:framework-win-MediaFoundation: 216162199b28c13a410421893ffa2e32 -> 
  custom:SearchIndexIgnoredProperties: e643bd26f0fe6173181afceb89e7c659 -> 
  custom:container-demuxer-ogg: 62fdf1f143b41e24485cea50d1cbac27 -> 
  custom:video-decoder-webm-vp8: 9c59270c3fd7afecdb556c50c9e8de78 -> 
  custom:audio-decoder-ogg-vorbis: bf7c407c2cedff20999df2af8eb42d56 -> 
========================================================================
Received Prepare
Refreshing native plugins compatible for Editor in 9.58 ms, found 2 plugins.
Preloading 0 native plugins for Editor in 0.00 ms.
Unloading 49 Unused Serialized files (Serialized files now loaded: 0)
Unloading 49 unused Assets / (23.0 KB). Loaded Objects now: 3664.
Memory consumption went from 57.3 MB to 57.3 MB.
Total: 7.361900 ms (FindLiveObjects: 0.263500 ms CreateObjectMapping: 0.918700 ms MarkObjects: 6.140800 ms  DeleteObjects: 0.038400 ms)

AssetImportParameters requested are different than current active one (requested -> active):
  custom:video-decoder-ogg-theora: a1e56fd34408186e4bbccfd4996cb3dc -> 
  custom:container-muxer-webm: aa71ff27fc2769a1b78a27578f13a17b -> 
  custom:container-demuxer-webm: 4f35f7cbe854078d1ac9338744f61a02 -> 
  custom:video-encoder-webm-vp8: eb34c28f22e8b96e1ab97ce403110664 -> 
  custom:CustomObjectIndexerAttribute: bc11b3a6c3213fcdd17b65e7da85e133 -> 
  custom:audio-encoder-webm-vorbis: bf7c407c2cedff20999df2af8eb42d56 -> 
  custom:framework-win-MediaFoundation: 216162199b28c13a410421893ffa2e32 -> 
  custom:SearchIndexIgnoredProperties: e643bd26f0fe6173181afceb89e7c659 -> 
  custom:container-demuxer-ogg: 62fdf1f143b41e24485cea50d1cbac27 -> 
  custom:video-decoder-webm-vp8: 9c59270c3fd7afecdb556c50c9e8de78 -> 
  custom:audio-decoder-ogg-vorbis: bf7c407c2cedff20999df2af8eb42d56 -> 
========================================================================
Received Prepare
Registering precompiled user dll's ...
Registered in 0.006605 seconds.
Begin MonoManager ReloadAssembly
Symbol file LoadedFromMemory is not a mono symbol file
Native extension for UWP target not found
Native extension for WindowsStandalone target not found
Native extension for Android target not found
Native extension for WebGL target not found
Refreshing native plugins compatible for Editor in 0.90 ms, found 2 plugins.
Preloading 0 native plugins for Editor in 0.00 ms.
[Package Manager] Server::EnsureServerProcessIsRunning -- launch failed, reason: Unity was launched with the -noUpm command-line argument
[Package Manager] Cannot connect to Unity Package Manager local server
Mono: successfully reloaded assembly
- Completed reload, in  1.255 seconds
Domain Reload Profiling:
	ReloadAssembly (1256ms)
		BeginReloadAssembly (143ms)
			ExecutionOrderSort (0ms)
			DisableScriptedObjects (5ms)
			BackupInstance (0ms)
			ReleaseScriptingObjects (0ms)
			CreateAndSetChildDomain (38ms)
		EndReloadAssembly (1026ms)
			LoadAssemblies (105ms)
			RebuildTransferFunctionScriptingTraits (0ms)
			SetupTypeCache (173ms)
			ReleaseScriptCaches (1ms)
			RebuildScriptCaches (31ms)
			SetupLoadedEditorAssemblies (704ms)
				LogAssemblyErrors (0ms)
				InitializePlatformSupportModulesInManaged (14ms)
				SetLoadedEditorAssemblies (0ms)
				RefreshPlugins (1ms)
				BeforeProcessingInitializeOnLoad (41ms)
				ProcessInitializeOnLoadAttributes (546ms)
				ProcessInitializeOnLoadMethodAttributes (95ms)
				AfterProcessingInitializeOnLoad (5ms)
				EditorAssembliesLoaded (0ms)
			ExecutionOrderSort2 (0ms)
			AwakeInstancesAfterBackupRestoration (5ms)
Platform modules already initialized, skipping
Refreshing native plugins compatible for Editor in 0.89 ms, found 2 plugins.
Preloading 0 native plugins for Editor in 0.00 ms.
Unloading 3099 Unused Serialized files (Serialized files now loaded: 0)
Unloading 51 unused Assets / (23.0 KB). Loaded Objects now: 3667.
Memory consumption went from 119.2 MB to 119.2 MB.
Total: 6.032200 ms (FindLiveObjects: 0.235600 ms CreateObjectMapping: 0.088200 ms MarkObjects: 5.656700 ms  DeleteObjects: 0.050500 ms)

AssetImportParameters requested are different than current active one (requested -> active):
  custom:video-decoder-ogg-theora: a1e56fd34408186e4bbccfd4996cb3dc -> 
  custom:container-muxer-webm: aa71ff27fc2769a1b78a27578f13a17b -> 
  custom:container-demuxer-webm: 4f35f7cbe854078d1ac9338744f61a02 -> 
  custom:video-encoder-webm-vp8: eb34c28f22e8b96e1ab97ce403110664 -> 
  custom:CustomObjectIndexerAttribute: bc11b3a6c3213fcdd17b65e7da85e133 -> 
  custom:audio-encoder-webm-vorbis: bf7c407c2cedff20999df2af8eb42d56 -> 
  custom:framework-win-MediaFoundation: 216162199b28c13a410421893ffa2e32 -> 
  custom:SearchIndexIgnoredProperties: e643bd26f0fe6173181afceb89e7c659 -> 
  custom:container-demuxer-ogg: 62fdf1f143b41e24485cea50d1cbac27 -> 
  custom:video-decoder-webm-vp8: 9c59270c3fd7afecdb556c50c9e8de78 -> 
  custom:audio-decoder-ogg-vorbis: bf7c407c2cedff20999df2af8eb42d56 -> 
========================================================================
Received Prepare
Refreshing native plugins compatible for Editor in 11.10 ms, found 2 plugins.
Preloading 0 native plugins for Editor in 0.00 ms.
Unloading 49 Unused Serialized files (Serialized files now loaded: 0)
Unloading 49 unused Assets / (23.0 KB). Loaded Objects now: 3667.
Memory consumption went from 57.3 MB to 57.3 MB.
Total: 8.135700 ms (FindLiveObjects: 0.285300 ms CreateObjectMapping: 0.273900 ms MarkObjects: 7.494500 ms  DeleteObjects: 0.080800 ms)

AssetImportParameters requested are different than current active one (requested -> active):
  custom:video-decoder-ogg-theora: a1e56fd34408186e4bbccfd4996cb3dc -> 
  custom:container-muxer-webm: aa71ff27fc2769a1b78a27578f13a17b -> 
  custom:container-demuxer-webm: 4f35f7cbe854078d1ac9338744f61a02 -> 
  custom:video-encoder-webm-vp8: eb34c28f22e8b96e1ab97ce403110664 -> 
  custom:CustomObjectIndexerAttribute: bc11b3a6c3213fcdd17b65e7da85e133 -> 
  custom:audio-encoder-webm-vorbis: bf7c407c2cedff20999df2af8eb42d56 -> 
  custom:framework-win-MediaFoundation: 216162199b28c13a410421893ffa2e32 -> 
  custom:SearchIndexIgnoredProperties: e643bd26f0fe6173181afceb89e7c659 -> 
  custom:container-demuxer-ogg: 62fdf1f143b41e24485cea50d1cbac27 -> 
  custom:video-decoder-webm-vp8: 9c59270c3fd7afecdb556c50c9e8de78 -> 
  custom:audio-decoder-ogg-vorbis: bf7c407c2cedff20999df2af8eb42d56 -> 
========================================================================
Received Prepare
Refreshing native plugins compatible for Editor in 12.07 ms, found 2 plugins.
Preloading 0 native plugins for Editor in 0.00 ms.
Unloading 49 Unused Serialized files (Serialized files now loaded: 0)
Unloading 49 unused Assets / (23.1 KB). Loaded Objects now: 3667.
Memory consumption went from 57.0 MB to 57.0 MB.
Total: 6.447600 ms (FindLiveObjects: 0.244600 ms CreateObjectMapping: 0.078900 ms MarkObjects: 6.091100 ms  DeleteObjects: 0.032100 ms)

AssetImportParameters requested are different than current active one (requested -> active):
  custom:video-decoder-ogg-theora: a1e56fd34408186e4bbccfd4996cb3dc -> 
  custom:container-muxer-webm: aa71ff27fc2769a1b78a27578f13a17b -> 
  custom:container-demuxer-webm: 4f35f7cbe854078d1ac9338744f61a02 -> 
  custom:video-encoder-webm-vp8: eb34c28f22e8b96e1ab97ce403110664 -> 
  custom:CustomObjectIndexerAttribute: bc11b3a6c3213fcdd17b65e7da85e133 -> 
  custom:audio-encoder-webm-vorbis: bf7c407c2cedff20999df2af8eb42d56 -> 
  custom:framework-win-MediaFoundation: 216162199b28c13a410421893ffa2e32 -> 
  custom:SearchIndexIgnoredProperties: e643bd26f0fe6173181afceb89e7c659 -> 
  custom:container-demuxer-ogg: 62fdf1f143b41e24485cea50d1cbac27 -> 
  custom:video-decoder-webm-vp8: 9c59270c3fd7afecdb556c50c9e8de78 -> 
  custom:audio-decoder-ogg-vorbis: bf7c407c2cedff20999df2af8eb42d56 -> 
========================================================================
Received Prepare
Registering precompiled user dll's ...
Registered in 0.009849 seconds.
Begin MonoManager ReloadAssembly
Symbol file LoadedFromMemory is not a mono symbol file
Native extension for UWP target not found
Native extension for WindowsStandalone target not found
Native extension for Android target not found
Native extension for WebGL target not found
Refreshing native plugins compatible for Editor in 1.41 ms, found 2 plugins.
Preloading 0 native plugins for Editor in 0.00 ms.
[Package Manager] Server::EnsureServerProcessIsRunning -- launch failed, reason: Unity was launched with the -noUpm command-line argument
[Package Manager] Cannot connect to Unity Package Manager local server
Mono: successfully reloaded assembly
- Completed reload, in  1.660 seconds
Domain Reload Profiling:
	ReloadAssembly (1661ms)
		BeginReloadAssembly (173ms)
			ExecutionOrderSort (0ms)
			DisableScriptedObjects (7ms)
			BackupInstance (0ms)
			ReleaseScriptingObjects (0ms)
			CreateAndSetChildDomain (46ms)
		EndReloadAssembly (1375ms)
			LoadAssemblies (124ms)
			RebuildTransferFunctionScriptingTraits (0ms)
			SetupTypeCache (256ms)
			ReleaseScriptCaches (1ms)
			RebuildScriptCaches (48ms)
			SetupLoadedEditorAssemblies (912ms)
				LogAssemblyErrors (0ms)
				InitializePlatformSupportModulesInManaged (20ms)
				SetLoadedEditorAssemblies (0ms)
				RefreshPlugins (1ms)
				BeforeProcessingInitializeOnLoad (61ms)
				ProcessInitializeOnLoadAttributes (659ms)
				ProcessInitializeOnLoadMethodAttributes (162ms)
				AfterProcessingInitializeOnLoad (7ms)
				EditorAssembliesLoaded (0ms)
			ExecutionOrderSort2 (0ms)
			AwakeInstancesAfterBackupRestoration (8ms)
Platform modules already initialized, skipping
Refreshing native plugins compatible for Editor in 1.42 ms, found 2 plugins.
Preloading 0 native plugins for Editor in 0.00 ms.
Unloading 3099 Unused Serialized files (Serialized files now loaded: 0)
Unloading 51 unused Assets / (23.0 KB). Loaded Objects now: 3670.
Memory consumption went from 119.2 MB to 119.2 MB.
Total: 8.825000 ms (FindLiveObjects: 0.254000 ms CreateObjectMapping: 0.097000 ms MarkObjects: 8.437900 ms  DeleteObjects: 0.035200 ms)

AssetImportParameters requested are different than current active one (requested -> active):
  custom:video-decoder-ogg-theora: a1e56fd34408186e4bbccfd4996cb3dc -> 
  custom:container-muxer-webm: aa71ff27fc2769a1b78a27578f13a17b -> 
  custom:container-demuxer-webm: 4f35f7cbe854078d1ac9338744f61a02 -> 
  custom:video-encoder-webm-vp8: eb34c28f22e8b96e1ab97ce403110664 -> 
  custom:CustomObjectIndexerAttribute: bc11b3a6c3213fcdd17b65e7da85e133 -> 
  custom:audio-encoder-webm-vorbis: bf7c407c2cedff20999df2af8eb42d56 -> 
  custom:framework-win-MediaFoundation: 216162199b28c13a410421893ffa2e32 -> 
  custom:SearchIndexIgnoredProperties: e643bd26f0fe6173181afceb89e7c659 -> 
  custom:container-demuxer-ogg: 62fdf1f143b41e24485cea50d1cbac27 -> 
  custom:video-decoder-webm-vp8: 9c59270c3fd7afecdb556c50c9e8de78 -> 
  custom:audio-decoder-ogg-vorbis: bf7c407c2cedff20999df2af8eb42d56 -> 
========================================================================
Received Prepare
Refreshing native plugins compatible for Editor in 9.32 ms, found 2 plugins.
Preloading 0 native plugins for Editor in 0.00 ms.
Unloading 49 Unused Serialized files (Serialized files now loaded: 0)
Unloading 49 unused Assets / (23.0 KB). Loaded Objects now: 3670.
Memory consumption went from 57.3 MB to 57.3 MB.
Total: 6.203800 ms (FindLiveObjects: 0.288700 ms CreateObjectMapping: 0.081000 ms MarkObjects: 5.790800 ms  DeleteObjects: 0.042400 ms)

AssetImportParameters requested are different than current active one (requested -> active):
  custom:video-decoder-ogg-theora: a1e56fd34408186e4bbccfd4996cb3dc -> 
  custom:container-muxer-webm: aa71ff27fc2769a1b78a27578f13a17b -> 
  custom:container-demuxer-webm: 4f35f7cbe854078d1ac9338744f61a02 -> 
  custom:video-encoder-webm-vp8: eb34c28f22e8b96e1ab97ce403110664 -> 
  custom:CustomObjectIndexerAttribute: bc11b3a6c3213fcdd17b65e7da85e133 -> 
  custom:audio-encoder-webm-vorbis: bf7c407c2cedff20999df2af8eb42d56 -> 
  custom:framework-win-MediaFoundation: 216162199b28c13a410421893ffa2e32 -> 
  custom:SearchIndexIgnoredProperties: e643bd26f0fe6173181afceb89e7c659 -> 
  custom:container-demuxer-ogg: 62fdf1f143b41e24485cea50d1cbac27 -> 
  custom:video-decoder-webm-vp8: 9c59270c3fd7afecdb556c50c9e8de78 -> 
  custom:audio-decoder-ogg-vorbis: bf7c407c2cedff20999df2af8eb42d56 -> 
========================================================================
Received Prepare
Refreshing native plugins compatible for Editor in 10.43 ms, found 2 plugins.
Preloading 0 native plugins for Editor in 0.00 ms.
Unloading 49 Unused Serialized files (Serialized files now loaded: 0)
Unloading 49 unused Assets / (23.0 KB). Loaded Objects now: 3670.
Memory consumption went from 57.0 MB to 57.0 MB.
Total: 7.572600 ms (FindLiveObjects: 0.282100 ms CreateObjectMapping: 0.078000 ms MarkObjects: 7.171200 ms  DeleteObjects: 0.040600 ms)

AssetImportParameters requested are different than current active one (requested -> active):
  custom:video-decoder-ogg-theora: a1e56fd34408186e4bbccfd4996cb3dc -> 
  custom:container-muxer-webm: aa71ff27fc2769a1b78a27578f13a17b -> 
  custom:container-demuxer-webm: 4f35f7cbe854078d1ac9338744f61a02 -> 
  custom:video-encoder-webm-vp8: eb34c28f22e8b96e1ab97ce403110664 -> 
  custom:CustomObjectIndexerAttribute: bc11b3a6c3213fcdd17b65e7da85e133 -> 
  custom:audio-encoder-webm-vorbis: bf7c407c2cedff20999df2af8eb42d56 -> 
  custom:framework-win-MediaFoundation: 216162199b28c13a410421893ffa2e32 -> 
  custom:SearchIndexIgnoredProperties: e643bd26f0fe6173181afceb89e7c659 -> 
  custom:container-demuxer-ogg: 62fdf1f143b41e24485cea50d1cbac27 -> 
  custom:video-decoder-webm-vp8: 9c59270c3fd7afecdb556c50c9e8de78 -> 
  custom:audio-decoder-ogg-vorbis: bf7c407c2cedff20999df2af8eb42d56 -> 
========================================================================
Received Prepare
Refreshing native plugins compatible for Editor in 9.17 ms, found 2 plugins.
Preloading 0 native plugins for Editor in 0.00 ms.
Unloading 49 Unused Serialized files (Serialized files now loaded: 0)
Unloading 49 unused Assets / (23.0 KB). Loaded Objects now: 3670.
Memory consumption went from 57.0 MB to 57.0 MB.
Total: 5.999700 ms (FindLiveObjects: 0.246200 ms CreateObjectMapping: 0.094100 ms MarkObjects: 5.628200 ms  DeleteObjects: 0.029900 ms)

AssetImportParameters requested are different than current active one (requested -> active):
  custom:video-decoder-ogg-theora: a1e56fd34408186e4bbccfd4996cb3dc -> 
  custom:container-muxer-webm: aa71ff27fc2769a1b78a27578f13a17b -> 
  custom:container-demuxer-webm: 4f35f7cbe854078d1ac9338744f61a02 -> 
  custom:video-encoder-webm-vp8: eb34c28f22e8b96e1ab97ce403110664 -> 
  custom:CustomObjectIndexerAttribute: bc11b3a6c3213fcdd17b65e7da85e133 -> 
  custom:audio-encoder-webm-vorbis: bf7c407c2cedff20999df2af8eb42d56 -> 
  custom:framework-win-MediaFoundation: 216162199b28c13a410421893ffa2e32 -> 
  custom:SearchIndexIgnoredProperties: e643bd26f0fe6173181afceb89e7c659 -> 
  custom:container-demuxer-ogg: 62fdf1f143b41e24485cea50d1cbac27 -> 
  custom:video-decoder-webm-vp8: 9c59270c3fd7afecdb556c50c9e8de78 -> 
  custom:audio-decoder-ogg-vorbis: bf7c407c2cedff20999df2af8eb42d56 -> 
========================================================================
Received Prepare
Registering precompiled user dll's ...
Registered in 0.006162 seconds.
Begin MonoManager ReloadAssembly
Symbol file LoadedFromMemory is not a mono symbol file
Native extension for UWP target not found
Native extension for WindowsStandalone target not found
Native extension for Android target not found
Native extension for WebGL target not found
Refreshing native plugins compatible for Editor in 0.99 ms, found 2 plugins.
Preloading 0 native plugins for Editor in 0.00 ms.
[Package Manager] Server::EnsureServerProcessIsRunning -- launch failed, reason: Unity was launched with the -noUpm command-line argument
[Package Manager] Cannot connect to Unity Package Manager local server
Mono: successfully reloaded assembly
- Completed reload, in  1.283 seconds
Domain Reload Profiling:
	ReloadAssembly (1284ms)
		BeginReloadAssembly (142ms)
			ExecutionOrderSort (0ms)
			DisableScriptedObjects (5ms)
			BackupInstance (0ms)
			ReleaseScriptingObjects (0ms)
			CreateAndSetChildDomain (40ms)
		EndReloadAssembly (1060ms)
			LoadAssemblies (98ms)
			RebuildTransferFunctionScriptingTraits (0ms)
			SetupTypeCache (194ms)
			ReleaseScriptCaches (1ms)
			RebuildScriptCaches (31ms)
			SetupLoadedEditorAssemblies (713ms)
				LogAssemblyErrors (0ms)
				InitializePlatformSupportModulesInManaged (14ms)
				SetLoadedEditorAssemblies (0ms)
				RefreshPlugins (1ms)
				BeforeProcessingInitializeOnLoad (41ms)
				ProcessInitializeOnLoadAttributes (554ms)
				ProcessInitializeOnLoadMethodAttributes (97ms)
				AfterProcessingInitializeOnLoad (5ms)
				EditorAssembliesLoaded (0ms)
			ExecutionOrderSort2 (0ms)
			AwakeInstancesAfterBackupRestoration (6ms)
Platform modules already initialized, skipping
Refreshing native plugins compatible for Editor in 0.95 ms, found 2 plugins.
Preloading 0 native plugins for Editor in 0.00 ms.
Unloading 3099 Unused Serialized files (Serialized files now loaded: 0)
Unloading 51 unused Assets / (23.0 KB). Loaded Objects now: 3673.
Memory consumption went from 119.2 MB to 119.2 MB.
Total: 5.925100 ms (FindLiveObjects: 0.250000 ms CreateObjectMapping: 0.086300 ms MarkObjects: 5.548600 ms  DeleteObjects: 0.038900 ms)

AssetImportParameters requested are different than current active one (requested -> active):
  custom:video-decoder-ogg-theora: a1e56fd34408186e4bbccfd4996cb3dc -> 
  custom:container-muxer-webm: aa71ff27fc2769a1b78a27578f13a17b -> 
  custom:container-demuxer-webm: 4f35f7cbe854078d1ac9338744f61a02 -> 
  custom:video-encoder-webm-vp8: eb34c28f22e8b96e1ab97ce403110664 -> 
  custom:CustomObjectIndexerAttribute: bc11b3a6c3213fcdd17b65e7da85e133 -> 
  custom:audio-encoder-webm-vorbis: bf7c407c2cedff20999df2af8eb42d56 -> 
  custom:framework-win-MediaFoundation: 216162199b28c13a410421893ffa2e32 -> 
  custom:SearchIndexIgnoredProperties: e643bd26f0fe6173181afceb89e7c659 -> 
  custom:container-demuxer-ogg: 62fdf1f143b41e24485cea50d1cbac27 -> 
  custom:video-decoder-webm-vp8: 9c59270c3fd7afecdb556c50c9e8de78 -> 
  custom:audio-decoder-ogg-vorbis: bf7c407c2cedff20999df2af8eb42d56 -> 
========================================================================
Received Prepare
Refreshing native plugins compatible for Editor in 10.17 ms, found 2 plugins.
Preloading 0 native plugins for Editor in 0.00 ms.
Unloading 49 Unused Serialized files (Serialized files now loaded: 0)
Unloading 49 unused Assets / (22.9 KB). Loaded Objects now: 3673.
Memory consumption went from 57.3 MB to 57.3 MB.
Total: 6.381700 ms (FindLiveObjects: 0.257900 ms CreateObjectMapping: 0.191600 ms MarkObjects: 5.887300 ms  DeleteObjects: 0.043900 ms)

AssetImportParameters requested are different than current active one (requested -> active):
  custom:video-decoder-ogg-theora: a1e56fd34408186e4bbccfd4996cb3dc -> 
  custom:container-muxer-webm: aa71ff27fc2769a1b78a27578f13a17b -> 
  custom:container-demuxer-webm: 4f35f7cbe854078d1ac9338744f61a02 -> 
  custom:video-encoder-webm-vp8: eb34c28f22e8b96e1ab97ce403110664 -> 
  custom:CustomObjectIndexerAttribute: bc11b3a6c3213fcdd17b65e7da85e133 -> 
  custom:audio-encoder-webm-vorbis: bf7c407c2cedff20999df2af8eb42d56 -> 
  custom:framework-win-MediaFoundation: 216162199b28c13a410421893ffa2e32 -> 
  custom:SearchIndexIgnoredProperties: e643bd26f0fe6173181afceb89e7c659 -> 
  custom:container-demuxer-ogg: 62fdf1f143b41e24485cea50d1cbac27 -> 
  custom:video-decoder-webm-vp8: 9c59270c3fd7afecdb556c50c9e8de78 -> 
  custom:audio-decoder-ogg-vorbis: bf7c407c2cedff20999df2af8eb42d56 -> 
========================================================================
Received Import Request.
  Time since last request: 2717.942557 seconds.
  path: Assets/Prefabs/Characters/Player.prefab
  artifactKey: Guid(206ba08d4fe851042abcfec0a35020d5) Importer(815301076,1909f56bfc062723c751e8b465ee728b)
Number of updated assets reloaded before import = 0
Start importing Assets/Prefabs/Characters/Player.prefab using Guid(206ba08d4fe851042abcfec0a35020d5) Importer(815301076,1909f56bfc062723c751e8b465ee728b)  -> (artifact id: '142334b70e087d24771511f3972148e9') in 0.034290 seconds 
Number of asset objects unloaded after import = 73
========================================================================
Received Prepare
Refreshing native plugins compatible for Editor in 10.62 ms, found 2 plugins.
Preloading 0 native plugins for Editor in 0.00 ms.
Unloading 49 Unused Serialized files (Serialized files now loaded: 0)
Unloading 49 unused Assets / (22.9 KB). Loaded Objects now: 3673.
Memory consumption went from 57.1 MB to 57.1 MB.
Total: 8.245000 ms (FindLiveObjects: 0.355500 ms CreateObjectMapping: 0.308400 ms MarkObjects: 7.514500 ms  DeleteObjects: 0.065800 ms)

AssetImportParameters requested are different than current active one (requested -> active):
  custom:video-decoder-ogg-theora: a1e56fd34408186e4bbccfd4996cb3dc -> 
  custom:container-muxer-webm: aa71ff27fc2769a1b78a27578f13a17b -> 
  custom:container-demuxer-webm: 4f35f7cbe854078d1ac9338744f61a02 -> 
  custom:video-encoder-webm-vp8: eb34c28f22e8b96e1ab97ce403110664 -> 
  custom:CustomObjectIndexerAttribute: bc11b3a6c3213fcdd17b65e7da85e133 -> 
  custom:audio-encoder-webm-vorbis: bf7c407c2cedff20999df2af8eb42d56 -> 
  custom:framework-win-MediaFoundation: 216162199b28c13a410421893ffa2e32 -> 
  custom:SearchIndexIgnoredProperties: e643bd26f0fe6173181afceb89e7c659 -> 
  custom:container-demuxer-ogg: 62fdf1f143b41e24485cea50d1cbac27 -> 
  custom:video-decoder-webm-vp8: 9c59270c3fd7afecdb556c50c9e8de78 -> 
  custom:audio-decoder-ogg-vorbis: bf7c407c2cedff20999df2af8eb42d56 -> 
========================================================================
Received Prepare
Refreshing native plugins compatible for Editor in 11.32 ms, found 2 plugins.
Preloading 0 native plugins for Editor in 0.00 ms.
Unloading 49 Unused Serialized files (Serialized files now loaded: 0)
Unloading 49 unused Assets / (23.0 KB). Loaded Objects now: 3673.
Memory consumption went from 57.1 MB to 57.1 MB.
Total: 6.669200 ms (FindLiveObjects: 0.246800 ms CreateObjectMapping: 0.085400 ms MarkObjects: 6.287700 ms  DeleteObjects: 0.048600 ms)

AssetImportParameters requested are different than current active one (requested -> active):
  custom:video-decoder-ogg-theora: a1e56fd34408186e4bbccfd4996cb3dc -> 
  custom:container-muxer-webm: aa71ff27fc2769a1b78a27578f13a17b -> 
  custom:container-demuxer-webm: 4f35f7cbe854078d1ac9338744f61a02 -> 
  custom:video-encoder-webm-vp8: eb34c28f22e8b96e1ab97ce403110664 -> 
  custom:CustomObjectIndexerAttribute: bc11b3a6c3213fcdd17b65e7da85e133 -> 
  custom:audio-encoder-webm-vorbis: bf7c407c2cedff20999df2af8eb42d56 -> 
  custom:framework-win-MediaFoundation: 216162199b28c13a410421893ffa2e32 -> 
  custom:SearchIndexIgnoredProperties: e643bd26f0fe6173181afceb89e7c659 -> 
  custom:container-demuxer-ogg: 62fdf1f143b41e24485cea50d1cbac27 -> 
  custom:video-decoder-webm-vp8: 9c59270c3fd7afecdb556c50c9e8de78 -> 
  custom:audio-decoder-ogg-vorbis: bf7c407c2cedff20999df2af8eb42d56 -> 
========================================================================
Received Import Request.
  Time since last request: 11.925944 seconds.
  path: Assets/Prefabs/Characters/Player.prefab
  artifactKey: Guid(206ba08d4fe851042abcfec0a35020d5) Importer(815301076,1909f56bfc062723c751e8b465ee728b)
Number of updated assets reloaded before import = 0
Start importing Assets/Prefabs/Characters/Player.prefab using Guid(206ba08d4fe851042abcfec0a35020d5) Importer(815301076,1909f56bfc062723c751e8b465ee728b)  -> (artifact id: 'f5493e1c1116269ba4d699336b07f87d') in 0.079837 seconds 
Number of asset objects unloaded after import = 297
========================================================================
Received Prepare
Registering precompiled user dll's ...
Registered in 0.005706 seconds.
Begin MonoManager ReloadAssembly
Symbol file LoadedFromMemory is not a mono symbol file
Native extension for UWP target not found
Native extension for WindowsStandalone target not found
Native extension for Android target not found
Native extension for WebGL target not found
Refreshing native plugins compatible for Editor in 0.93 ms, found 2 plugins.
Preloading 0 native plugins for Editor in 0.00 ms.
[Package Manager] Server::EnsureServerProcessIsRunning -- launch failed, reason: Unity was launched with the -noUpm command-line argument
[Package Manager] Cannot connect to Unity Package Manager local server
Mono: successfully reloaded assembly
- Completed reload, in  1.449 seconds
Domain Reload Profiling:
	ReloadAssembly (1450ms)
		BeginReloadAssembly (133ms)
			ExecutionOrderSort (0ms)
			DisableScriptedObjects (5ms)
			BackupInstance (0ms)
			ReleaseScriptingObjects (0ms)
			CreateAndSetChildDomain (38ms)
		EndReloadAssembly (1238ms)
			LoadAssemblies (95ms)
			RebuildTransferFunctionScriptingTraits (0ms)
			SetupTypeCache (176ms)
			ReleaseScriptCaches (1ms)
			RebuildScriptCaches (32ms)
			SetupLoadedEditorAssemblies (898ms)
				LogAssemblyErrors (0ms)
				InitializePlatformSupportModulesInManaged (14ms)
				SetLoadedEditorAssemblies (0ms)
				RefreshPlugins (1ms)
				BeforeProcessingInitializeOnLoad (42ms)
				ProcessInitializeOnLoadAttributes (666ms)
				ProcessInitializeOnLoadMethodAttributes (164ms)
				AfterProcessingInitializeOnLoad (10ms)
				EditorAssembliesLoaded (0ms)
			ExecutionOrderSort2 (0ms)
			AwakeInstancesAfterBackupRestoration (8ms)
Platform modules already initialized, skipping
Refreshing native plugins compatible for Editor in 1.51 ms, found 2 plugins.
Preloading 0 native plugins for Editor in 0.00 ms.
Unloading 3099 Unused Serialized files (Serialized files now loaded: 0)
Unloading 51 unused Assets / (23.0 KB). Loaded Objects now: 3676.
Memory consumption went from 119.4 MB to 119.4 MB.
Total: 8.719500 ms (FindLiveObjects: 0.424800 ms CreateObjectMapping: 0.244100 ms MarkObjects: 8.002300 ms  DeleteObjects: 0.046900 ms)

AssetImportParameters requested are different than current active one (requested -> active):
  custom:video-decoder-ogg-theora: a1e56fd34408186e4bbccfd4996cb3dc -> 
  custom:container-muxer-webm: aa71ff27fc2769a1b78a27578f13a17b -> 
  custom:container-demuxer-webm: 4f35f7cbe854078d1ac9338744f61a02 -> 
  custom:video-encoder-webm-vp8: eb34c28f22e8b96e1ab97ce403110664 -> 
  custom:CustomObjectIndexerAttribute: bc11b3a6c3213fcdd17b65e7da85e133 -> 
  custom:audio-encoder-webm-vorbis: bf7c407c2cedff20999df2af8eb42d56 -> 
  custom:framework-win-MediaFoundation: 216162199b28c13a410421893ffa2e32 -> 
  custom:SearchIndexIgnoredProperties: e643bd26f0fe6173181afceb89e7c659 -> 
  custom:container-demuxer-ogg: 62fdf1f143b41e24485cea50d1cbac27 -> 
  custom:video-decoder-webm-vp8: 9c59270c3fd7afecdb556c50c9e8de78 -> 
  custom:audio-decoder-ogg-vorbis: bf7c407c2cedff20999df2af8eb42d56 -> 
========================================================================
Received Prepare
Refreshing native plugins compatible for Editor in 9.14 ms, found 2 plugins.
Preloading 0 native plugins for Editor in 0.00 ms.
Unloading 49 Unused Serialized files (Serialized files now loaded: 0)
Unloading 49 unused Assets / (23.0 KB). Loaded Objects now: 3676.
Memory consumption went from 57.5 MB to 57.5 MB.
Total: 6.334700 ms (FindLiveObjects: 0.238800 ms CreateObjectMapping: 0.075900 ms MarkObjects: 5.978400 ms  DeleteObjects: 0.040400 ms)

AssetImportParameters requested are different than current active one (requested -> active):
  custom:video-decoder-ogg-theora: a1e56fd34408186e4bbccfd4996cb3dc -> 
  custom:container-muxer-webm: aa71ff27fc2769a1b78a27578f13a17b -> 
  custom:container-demuxer-webm: 4f35f7cbe854078d1ac9338744f61a02 -> 
  custom:video-encoder-webm-vp8: eb34c28f22e8b96e1ab97ce403110664 -> 
  custom:CustomObjectIndexerAttribute: bc11b3a6c3213fcdd17b65e7da85e133 -> 
  custom:audio-encoder-webm-vorbis: bf7c407c2cedff20999df2af8eb42d56 -> 
  custom:framework-win-MediaFoundation: 216162199b28c13a410421893ffa2e32 -> 
  custom:SearchIndexIgnoredProperties: e643bd26f0fe6173181afceb89e7c659 -> 
  custom:container-demuxer-ogg: 62fdf1f143b41e24485cea50d1cbac27 -> 
  custom:video-decoder-webm-vp8: 9c59270c3fd7afecdb556c50c9e8de78 -> 
  custom:audio-decoder-ogg-vorbis: bf7c407c2cedff20999df2af8eb42d56 -> 
========================================================================
Received Prepare
Registering precompiled user dll's ...
Registered in 0.009817 seconds.
Begin MonoManager ReloadAssembly
Symbol file LoadedFromMemory is not a mono symbol file
Native extension for UWP target not found
Native extension for WindowsStandalone target not found
Native extension for Android target not found
Native extension for WebGL target not found
Refreshing native plugins compatible for Editor in 1.38 ms, found 2 plugins.
Preloading 0 native plugins for Editor in 0.00 ms.
[Package Manager] Server::EnsureServerProcessIsRunning -- launch failed, reason: Unity was launched with the -noUpm command-line argument
[Package Manager] Cannot connect to Unity Package Manager local server
Mono: successfully reloaded assembly
- Completed reload, in  1.652 seconds
Domain Reload Profiling:
	ReloadAssembly (1653ms)
		BeginReloadAssembly (170ms)
			ExecutionOrderSort (0ms)
			DisableScriptedObjects (6ms)
			BackupInstance (0ms)
			ReleaseScriptingObjects (0ms)
			CreateAndSetChildDomain (48ms)
		EndReloadAssembly (1365ms)
			LoadAssemblies (116ms)
			RebuildTransferFunctionScriptingTraits (0ms)
			SetupTypeCache (256ms)
			ReleaseScriptCaches (2ms)
			RebuildScriptCaches (49ms)
			SetupLoadedEditorAssemblies (898ms)
				LogAssemblyErrors (0ms)
				InitializePlatformSupportModulesInManaged (19ms)
				SetLoadedEditorAssemblies (0ms)
				RefreshPlugins (1ms)
				BeforeProcessingInitializeOnLoad (60ms)
				ProcessInitializeOnLoadAttributes (648ms)
				ProcessInitializeOnLoadMethodAttributes (161ms)
				AfterProcessingInitializeOnLoad (8ms)
				EditorAssembliesLoaded (0ms)
			ExecutionOrderSort2 (0ms)
			AwakeInstancesAfterBackupRestoration (7ms)
Platform modules already initialized, skipping
Refreshing native plugins compatible for Editor in 1.67 ms, found 2 plugins.
Preloading 0 native plugins for Editor in 0.00 ms.
Unloading 3099 Unused Serialized files (Serialized files now loaded: 0)
Unloading 51 unused Assets / (23.1 KB). Loaded Objects now: 3679.
Memory consumption went from 119.4 MB to 119.4 MB.
Total: 8.554400 ms (FindLiveObjects: 0.258300 ms CreateObjectMapping: 0.101500 ms MarkObjects: 8.151100 ms  DeleteObjects: 0.042400 ms)

AssetImportParameters requested are different than current active one (requested -> active):
  custom:video-decoder-ogg-theora: a1e56fd34408186e4bbccfd4996cb3dc -> 
  custom:container-muxer-webm: aa71ff27fc2769a1b78a27578f13a17b -> 
  custom:container-demuxer-webm: 4f35f7cbe854078d1ac9338744f61a02 -> 
  custom:video-encoder-webm-vp8: eb34c28f22e8b96e1ab97ce403110664 -> 
  custom:CustomObjectIndexerAttribute: bc11b3a6c3213fcdd17b65e7da85e133 -> 
  custom:audio-encoder-webm-vorbis: bf7c407c2cedff20999df2af8eb42d56 -> 
  custom:framework-win-MediaFoundation: 216162199b28c13a410421893ffa2e32 -> 
  custom:SearchIndexIgnoredProperties: e643bd26f0fe6173181afceb89e7c659 -> 
  custom:container-demuxer-ogg: 62fdf1f143b41e24485cea50d1cbac27 -> 
  custom:video-decoder-webm-vp8: 9c59270c3fd7afecdb556c50c9e8de78 -> 
  custom:audio-decoder-ogg-vorbis: bf7c407c2cedff20999df2af8eb42d56 -> 
========================================================================
Received Import Request.
  Time since last request: 610.104586 seconds.
  path: Assets/Prefabs/Characters/Player.prefab
  artifactKey: Guid(206ba08d4fe851042abcfec0a35020d5) Importer(815301076,1909f56bfc062723c751e8b465ee728b)
Number of updated assets reloaded before import = 0
Start importing Assets/Prefabs/Characters/Player.prefab using Guid(206ba08d4fe851042abcfec0a35020d5) Importer(815301076,1909f56bfc062723c751e8b465ee728b)  -> (artifact id: '8888825868900123884cd75c317b3666') in 0.101520 seconds 
Number of asset objects unloaded after import = 297
========================================================================
Received Prepare
Refreshing native plugins compatible for Editor in 11.05 ms, found 2 plugins.
Preloading 0 native plugins for Editor in 0.00 ms.
Unloading 49 Unused Serialized files (Serialized files now loaded: 0)
Unloading 49 unused Assets / (23.0 KB). Loaded Objects now: 3684.
Memory consumption went from 58.6 MB to 58.6 MB.
Total: 8.432400 ms (FindLiveObjects: 0.256700 ms CreateObjectMapping: 0.210900 ms MarkObjects: 7.923300 ms  DeleteObjects: 0.040700 ms)

AssetImportParameters requested are different than current active one (requested -> active):
  custom:video-decoder-ogg-theora: a1e56fd34408186e4bbccfd4996cb3dc -> 
  custom:container-muxer-webm: aa71ff27fc2769a1b78a27578f13a17b -> 
  custom:container-demuxer-webm: 4f35f7cbe854078d1ac9338744f61a02 -> 
  custom:video-encoder-webm-vp8: eb34c28f22e8b96e1ab97ce403110664 -> 
  custom:CustomObjectIndexerAttribute: bc11b3a6c3213fcdd17b65e7da85e133 -> 
  custom:audio-encoder-webm-vorbis: bf7c407c2cedff20999df2af8eb42d56 -> 
  custom:framework-win-MediaFoundation: 216162199b28c13a410421893ffa2e32 -> 
  custom:SearchIndexIgnoredProperties: e643bd26f0fe6173181afceb89e7c659 -> 
  custom:container-demuxer-ogg: 62fdf1f143b41e24485cea50d1cbac27 -> 
  custom:video-decoder-webm-vp8: 9c59270c3fd7afecdb556c50c9e8de78 -> 
  custom:audio-decoder-ogg-vorbis: bf7c407c2cedff20999df2af8eb42d56 -> 
========================================================================
Received Import Request.
  Time since last request: 464.974040 seconds.
  path: Assets/Prefabs/Characters/Player.prefab
  artifactKey: Guid(206ba08d4fe851042abcfec0a35020d5) Importer(815301076,1909f56bfc062723c751e8b465ee728b)
Number of updated assets reloaded before import = 0
Start importing Assets/Prefabs/Characters/Player.prefab using Guid(206ba08d4fe851042abcfec0a35020d5) Importer(815301076,1909f56bfc062723c751e8b465ee728b)  -> (artifact id: '9f1dee86f3108b9b4730fb54b19ab459') in 0.046698 seconds 
Number of asset objects unloaded after import = 297
========================================================================
Received Prepare
Refreshing native plugins compatible for Editor in 11.28 ms, found 2 plugins.
Preloading 0 native plugins for Editor in 0.00 ms.
Unloading 49 Unused Serialized files (Serialized files now loaded: 0)
Unloading 49 unused Assets / (23.1 KB). Loaded Objects now: 3688.
Memory consumption went from 58.9 MB to 58.9 MB.
Total: 7.208800 ms (FindLiveObjects: 0.426400 ms CreateObjectMapping: 0.099800 ms MarkObjects: 6.636500 ms  DeleteObjects: 0.045300 ms)

AssetImportParameters requested are different than current active one (requested -> active):
  custom:video-decoder-ogg-theora: a1e56fd34408186e4bbccfd4996cb3dc -> 
  custom:container-muxer-webm: aa71ff27fc2769a1b78a27578f13a17b -> 
  custom:container-demuxer-webm: 4f35f7cbe854078d1ac9338744f61a02 -> 
  custom:video-encoder-webm-vp8: eb34c28f22e8b96e1ab97ce403110664 -> 
  custom:CustomObjectIndexerAttribute: bc11b3a6c3213fcdd17b65e7da85e133 -> 
  custom:audio-encoder-webm-vorbis: bf7c407c2cedff20999df2af8eb42d56 -> 
  custom:framework-win-MediaFoundation: 216162199b28c13a410421893ffa2e32 -> 
  custom:SearchIndexIgnoredProperties: e643bd26f0fe6173181afceb89e7c659 -> 
  custom:container-demuxer-ogg: 62fdf1f143b41e24485cea50d1cbac27 -> 
  custom:video-decoder-webm-vp8: 9c59270c3fd7afecdb556c50c9e8de78 -> 
  custom:audio-decoder-ogg-vorbis: bf7c407c2cedff20999df2af8eb42d56 -> 
========================================================================
Received Import Request.
  Time since last request: 16.999281 seconds.
  path: Assets/Prefabs/Characters/Player.prefab
  artifactKey: Guid(206ba08d4fe851042abcfec0a35020d5) Importer(815301076,1909f56bfc062723c751e8b465ee728b)
Number of updated assets reloaded before import = 0
Start importing Assets/Prefabs/Characters/Player.prefab using Guid(206ba08d4fe851042abcfec0a35020d5) Importer(815301076,1909f56bfc062723c751e8b465ee728b)  -> (artifact id: '8ed01d16a682c18402fbb8e87e10f5ca') in 0.050129 seconds 
Number of asset objects unloaded after import = 297
========================================================================
Received Prepare
Refreshing native plugins compatible for Editor in 10.90 ms, found 2 plugins.
Preloading 0 native plugins for Editor in 0.00 ms.
Unloading 49 Unused Serialized files (Serialized files now loaded: 0)
Unloading 49 unused Assets / (23.1 KB). Loaded Objects now: 3692.
Memory consumption went from 59.2 MB to 59.2 MB.
Total: 7.520400 ms (FindLiveObjects: 0.814200 ms CreateObjectMapping: 0.162200 ms MarkObjects: 6.505200 ms  DeleteObjects: 0.037900 ms)

AssetImportParameters requested are different than current active one (requested -> active):
  custom:video-decoder-ogg-theora: a1e56fd34408186e4bbccfd4996cb3dc -> 
  custom:container-muxer-webm: aa71ff27fc2769a1b78a27578f13a17b -> 
  custom:container-demuxer-webm: 4f35f7cbe854078d1ac9338744f61a02 -> 
  custom:video-encoder-webm-vp8: eb34c28f22e8b96e1ab97ce403110664 -> 
  custom:CustomObjectIndexerAttribute: bc11b3a6c3213fcdd17b65e7da85e133 -> 
  custom:audio-encoder-webm-vorbis: bf7c407c2cedff20999df2af8eb42d56 -> 
  custom:framework-win-MediaFoundation: 216162199b28c13a410421893ffa2e32 -> 
  custom:SearchIndexIgnoredProperties: e643bd26f0fe6173181afceb89e7c659 -> 
  custom:container-demuxer-ogg: 62fdf1f143b41e24485cea50d1cbac27 -> 
  custom:video-decoder-webm-vp8: 9c59270c3fd7afecdb556c50c9e8de78 -> 
  custom:audio-decoder-ogg-vorbis: bf7c407c2cedff20999df2af8eb42d56 -> 
========================================================================
Received Prepare
Refreshing native plugins compatible for Editor in 10.16 ms, found 2 plugins.
Preloading 0 native plugins for Editor in 0.00 ms.
Unloading 49 Unused Serialized files (Serialized files now loaded: 0)
Unloading 49 unused Assets / (23.1 KB). Loaded Objects now: 3692.
Memory consumption went from 59.2 MB to 59.2 MB.
Total: 7.115000 ms (FindLiveObjects: 0.678900 ms CreateObjectMapping: 0.160500 ms MarkObjects: 6.230100 ms  DeleteObjects: 0.044600 ms)

AssetImportParameters requested are different than current active one (requested -> active):
  custom:video-decoder-ogg-theora: a1e56fd34408186e4bbccfd4996cb3dc -> 
  custom:container-muxer-webm: aa71ff27fc2769a1b78a27578f13a17b -> 
  custom:container-demuxer-webm: 4f35f7cbe854078d1ac9338744f61a02 -> 
  custom:video-encoder-webm-vp8: eb34c28f22e8b96e1ab97ce403110664 -> 
  custom:CustomObjectIndexerAttribute: bc11b3a6c3213fcdd17b65e7da85e133 -> 
  custom:audio-encoder-webm-vorbis: bf7c407c2cedff20999df2af8eb42d56 -> 
  custom:framework-win-MediaFoundation: 216162199b28c13a410421893ffa2e32 -> 
  custom:SearchIndexIgnoredProperties: e643bd26f0fe6173181afceb89e7c659 -> 
  custom:container-demuxer-ogg: 62fdf1f143b41e24485cea50d1cbac27 -> 
  custom:video-decoder-webm-vp8: 9c59270c3fd7afecdb556c50c9e8de78 -> 
  custom:audio-decoder-ogg-vorbis: bf7c407c2cedff20999df2af8eb42d56 -> 
========================================================================
Received Prepare
Registering precompiled user dll's ...
Registered in 0.006633 seconds.
Begin MonoManager ReloadAssembly
Symbol file LoadedFromMemory is not a mono symbol file
Native extension for UWP target not found
Native extension for WindowsStandalone target not found
Native extension for Android target not found
Native extension for WebGL target not found
Refreshing native plugins compatible for Editor in 0.93 ms, found 2 plugins.
Preloading 0 native plugins for Editor in 0.00 ms.
[Package Manager] Server::EnsureServerProcessIsRunning -- launch failed, reason: Unity was launched with the -noUpm command-line argument
[Package Manager] Cannot connect to Unity Package Manager local server
Mono: successfully reloaded assembly
- Completed reload, in  1.299 seconds
Domain Reload Profiling:
	ReloadAssembly (1300ms)
		BeginReloadAssembly (134ms)
			ExecutionOrderSort (0ms)
			DisableScriptedObjects (5ms)
			BackupInstance (0ms)
			ReleaseScriptingObjects (0ms)
			CreateAndSetChildDomain (38ms)
		EndReloadAssembly (1083ms)
			LoadAssemblies (100ms)
			RebuildTransferFunctionScriptingTraits (0ms)
			SetupTypeCache (189ms)
			ReleaseScriptCaches (1ms)
			RebuildScriptCaches (36ms)
			SetupLoadedEditorAssemblies (726ms)
				LogAssemblyErrors (0ms)
				InitializePlatformSupportModulesInManaged (15ms)
				SetLoadedEditorAssemblies (0ms)
				RefreshPlugins (1ms)
				BeforeProcessingInitializeOnLoad (46ms)
				ProcessInitializeOnLoadAttributes (556ms)
				ProcessInitializeOnLoadMethodAttributes (103ms)
				AfterProcessingInitializeOnLoad (5ms)
				EditorAssembliesLoaded (0ms)
			ExecutionOrderSort2 (0ms)
			AwakeInstancesAfterBackupRestoration (6ms)
Platform modules already initialized, skipping
Refreshing native plugins compatible for Editor in 0.85 ms, found 2 plugins.
Preloading 0 native plugins for Editor in 0.00 ms.
Unloading 3099 Unused Serialized files (Serialized files now loaded: 0)
Unloading 51 unused Assets / (23.0 KB). Loaded Objects now: 3682.
Memory consumption went from 119.4 MB to 119.4 MB.
Total: 6.019000 ms (FindLiveObjects: 0.246300 ms CreateObjectMapping: 0.087700 ms MarkObjects: 5.634300 ms  DeleteObjects: 0.048900 ms)

AssetImportParameters requested are different than current active one (requested -> active):
  custom:video-decoder-ogg-theora: a1e56fd34408186e4bbccfd4996cb3dc -> 
  custom:container-muxer-webm: aa71ff27fc2769a1b78a27578f13a17b -> 
  custom:container-demuxer-webm: 4f35f7cbe854078d1ac9338744f61a02 -> 
  custom:video-encoder-webm-vp8: eb34c28f22e8b96e1ab97ce403110664 -> 
  custom:CustomObjectIndexerAttribute: bc11b3a6c3213fcdd17b65e7da85e133 -> 
  custom:audio-encoder-webm-vorbis: bf7c407c2cedff20999df2af8eb42d56 -> 
  custom:framework-win-MediaFoundation: 216162199b28c13a410421893ffa2e32 -> 
  custom:SearchIndexIgnoredProperties: e643bd26f0fe6173181afceb89e7c659 -> 
  custom:container-demuxer-ogg: 62fdf1f143b41e24485cea50d1cbac27 -> 
  custom:video-decoder-webm-vp8: 9c59270c3fd7afecdb556c50c9e8de78 -> 
  custom:audio-decoder-ogg-vorbis: bf7c407c2cedff20999df2af8eb42d56 -> 
========================================================================
Received Prepare
Refreshing native plugins compatible for Editor in 10.94 ms, found 2 plugins.
Preloading 0 native plugins for Editor in 0.00 ms.
Unloading 49 Unused Serialized files (Serialized files now loaded: 0)
Unloading 49 unused Assets / (23.0 KB). Loaded Objects now: 3682.
Memory consumption went from 57.5 MB to 57.5 MB.
Total: 9.287400 ms (FindLiveObjects: 0.328400 ms CreateObjectMapping: 0.226600 ms MarkObjects: 8.691000 ms  DeleteObjects: 0.040900 ms)

AssetImportParameters requested are different than current active one (requested -> active):
  custom:video-decoder-ogg-theora: a1e56fd34408186e4bbccfd4996cb3dc -> 
  custom:container-muxer-webm: aa71ff27fc2769a1b78a27578f13a17b -> 
  custom:container-demuxer-webm: 4f35f7cbe854078d1ac9338744f61a02 -> 
  custom:video-encoder-webm-vp8: eb34c28f22e8b96e1ab97ce403110664 -> 
  custom:CustomObjectIndexerAttribute: bc11b3a6c3213fcdd17b65e7da85e133 -> 
  custom:audio-encoder-webm-vorbis: bf7c407c2cedff20999df2af8eb42d56 -> 
  custom:framework-win-MediaFoundation: 216162199b28c13a410421893ffa2e32 -> 
  custom:SearchIndexIgnoredProperties: e643bd26f0fe6173181afceb89e7c659 -> 
  custom:container-demuxer-ogg: 62fdf1f143b41e24485cea50d1cbac27 -> 
  custom:video-decoder-webm-vp8: 9c59270c3fd7afecdb556c50c9e8de78 -> 
  custom:audio-decoder-ogg-vorbis: bf7c407c2cedff20999df2af8eb42d56 -> 
========================================================================
Received Prepare
Registering precompiled user dll's ...
Registered in 0.010432 seconds.
Begin MonoManager ReloadAssembly
Symbol file LoadedFromMemory is not a mono symbol file
Native extension for UWP target not found
Native extension for WindowsStandalone target not found
Native extension for Android target not found
Native extension for WebGL target not found
Refreshing native plugins compatible for Editor in 0.84 ms, found 2 plugins.
Preloading 0 native plugins for Editor in 0.00 ms.
[Package Manager] Server::EnsureServerProcessIsRunning -- launch failed, reason: Unity was launched with the -noUpm command-line argument
[Package Manager] Cannot connect to Unity Package Manager local server
Mono: successfully reloaded assembly
- Completed reload, in  1.262 seconds
Domain Reload Profiling:
	ReloadAssembly (1263ms)
		BeginReloadAssembly (136ms)
			ExecutionOrderSort (0ms)
			DisableScriptedObjects (7ms)
			BackupInstance (0ms)
			ReleaseScriptingObjects (0ms)
			CreateAndSetChildDomain (42ms)
		EndReloadAssembly (1049ms)
			LoadAssemblies (92ms)
			RebuildTransferFunctionScriptingTraits (0ms)
			SetupTypeCache (174ms)
			ReleaseScriptCaches (1ms)
			RebuildScriptCaches (31ms)
			SetupLoadedEditorAssemblies (717ms)
				LogAssemblyErrors (0ms)
				InitializePlatformSupportModulesInManaged (14ms)
				SetLoadedEditorAssemblies (0ms)
				RefreshPlugins (1ms)
				BeforeProcessingInitializeOnLoad (40ms)
				ProcessInitializeOnLoadAttributes (555ms)
				ProcessInitializeOnLoadMethodAttributes (100ms)
				AfterProcessingInitializeOnLoad (6ms)
				EditorAssembliesLoaded (0ms)
			ExecutionOrderSort2 (0ms)
			AwakeInstancesAfterBackupRestoration (6ms)
Platform modules already initialized, skipping
Refreshing native plugins compatible for Editor in 0.91 ms, found 2 plugins.
Preloading 0 native plugins for Editor in 0.00 ms.
Unloading 3099 Unused Serialized files (Serialized files now loaded: 0)
Unloading 51 unused Assets / (23.0 KB). Loaded Objects now: 3685.
Memory consumption went from 119.4 MB to 119.4 MB.
Total: 6.392900 ms (FindLiveObjects: 0.276100 ms CreateObjectMapping: 0.077400 ms MarkObjects: 5.994400 ms  DeleteObjects: 0.043500 ms)

AssetImportParameters requested are different than current active one (requested -> active):
  custom:video-decoder-ogg-theora: a1e56fd34408186e4bbccfd4996cb3dc -> 
  custom:container-muxer-webm: aa71ff27fc2769a1b78a27578f13a17b -> 
  custom:container-demuxer-webm: 4f35f7cbe854078d1ac9338744f61a02 -> 
  custom:video-encoder-webm-vp8: eb34c28f22e8b96e1ab97ce403110664 -> 
  custom:CustomObjectIndexerAttribute: bc11b3a6c3213fcdd17b65e7da85e133 -> 
  custom:audio-encoder-webm-vorbis: bf7c407c2cedff20999df2af8eb42d56 -> 
  custom:framework-win-MediaFoundation: 216162199b28c13a410421893ffa2e32 -> 
  custom:SearchIndexIgnoredProperties: e643bd26f0fe6173181afceb89e7c659 -> 
  custom:container-demuxer-ogg: 62fdf1f143b41e24485cea50d1cbac27 -> 
  custom:video-decoder-webm-vp8: 9c59270c3fd7afecdb556c50c9e8de78 -> 
  custom:audio-decoder-ogg-vorbis: bf7c407c2cedff20999df2af8eb42d56 -> 
========================================================================
Received Prepare
Refreshing native plugins compatible for Editor in 11.15 ms, found 2 plugins.
Preloading 0 native plugins for Editor in 0.00 ms.
Unloading 49 Unused Serialized files (Serialized files now loaded: 0)
Unloading 49 unused Assets / (23.0 KB). Loaded Objects now: 3685.
Memory consumption went from 57.6 MB to 57.5 MB.
Total: 7.248900 ms (FindLiveObjects: 0.306100 ms CreateObjectMapping: 0.111300 ms MarkObjects: 6.768800 ms  DeleteObjects: 0.061800 ms)

AssetImportParameters requested are different than current active one (requested -> active):
  custom:video-decoder-ogg-theora: a1e56fd34408186e4bbccfd4996cb3dc -> 
  custom:container-muxer-webm: aa71ff27fc2769a1b78a27578f13a17b -> 
  custom:container-demuxer-webm: 4f35f7cbe854078d1ac9338744f61a02 -> 
  custom:video-encoder-webm-vp8: eb34c28f22e8b96e1ab97ce403110664 -> 
  custom:CustomObjectIndexerAttribute: bc11b3a6c3213fcdd17b65e7da85e133 -> 
  custom:audio-encoder-webm-vorbis: bf7c407c2cedff20999df2af8eb42d56 -> 
  custom:framework-win-MediaFoundation: 216162199b28c13a410421893ffa2e32 -> 
  custom:SearchIndexIgnoredProperties: e643bd26f0fe6173181afceb89e7c659 -> 
  custom:container-demuxer-ogg: 62fdf1f143b41e24485cea50d1cbac27 -> 
  custom:video-decoder-webm-vp8: 9c59270c3fd7afecdb556c50c9e8de78 -> 
  custom:audio-decoder-ogg-vorbis: bf7c407c2cedff20999df2af8eb42d56 -> 
========================================================================
Received Prepare
Refreshing native plugins compatible for Editor in 9.28 ms, found 2 plugins.
Preloading 0 native plugins for Editor in 0.00 ms.
Unloading 49 Unused Serialized files (Serialized files now loaded: 0)
Unloading 49 unused Assets / (23.0 KB). Loaded Objects now: 3685.
Memory consumption went from 57.2 MB to 57.2 MB.
Total: 7.315500 ms (FindLiveObjects: 0.309800 ms CreateObjectMapping: 0.105600 ms MarkObjects: 6.852700 ms  DeleteObjects: 0.046400 ms)

AssetImportParameters requested are different than current active one (requested -> active):
  custom:video-decoder-ogg-theora: a1e56fd34408186e4bbccfd4996cb3dc -> 
  custom:container-muxer-webm: aa71ff27fc2769a1b78a27578f13a17b -> 
  custom:container-demuxer-webm: 4f35f7cbe854078d1ac9338744f61a02 -> 
  custom:video-encoder-webm-vp8: eb34c28f22e8b96e1ab97ce403110664 -> 
  custom:CustomObjectIndexerAttribute: bc11b3a6c3213fcdd17b65e7da85e133 -> 
  custom:audio-encoder-webm-vorbis: bf7c407c2cedff20999df2af8eb42d56 -> 
  custom:framework-win-MediaFoundation: 216162199b28c13a410421893ffa2e32 -> 
  custom:SearchIndexIgnoredProperties: e643bd26f0fe6173181afceb89e7c659 -> 
  custom:container-demuxer-ogg: 62fdf1f143b41e24485cea50d1cbac27 -> 
  custom:video-decoder-webm-vp8: 9c59270c3fd7afecdb556c50c9e8de78 -> 
  custom:audio-decoder-ogg-vorbis: bf7c407c2cedff20999df2af8eb42d56 -> 
========================================================================
Received Prepare
Registering precompiled user dll's ...
Registered in 0.007017 seconds.
Begin MonoManager ReloadAssembly
Symbol file LoadedFromMemory is not a mono symbol file
Native extension for UWP target not found
Native extension for WindowsStandalone target not found
Native extension for Android target not found
Native extension for WebGL target not found
Refreshing native plugins compatible for Editor in 0.78 ms, found 2 plugins.
Preloading 0 native plugins for Editor in 0.00 ms.
[Package Manager] Server::EnsureServerProcessIsRunning -- launch failed, reason: Unity was launched with the -noUpm command-line argument
[Package Manager] Cannot connect to Unity Package Manager local server
Mono: successfully reloaded assembly
- Completed reload, in  1.242 seconds
Domain Reload Profiling:
	ReloadAssembly (1242ms)
		BeginReloadAssembly (131ms)
			ExecutionOrderSort (0ms)
			DisableScriptedObjects (5ms)
			BackupInstance (0ms)
			ReleaseScriptingObjects (0ms)
			CreateAndSetChildDomain (37ms)
		EndReloadAssembly (1034ms)
			LoadAssemblies (93ms)
			RebuildTransferFunctionScriptingTraits (0ms)
			SetupTypeCache (173ms)
			ReleaseScriptCaches (1ms)
			RebuildScriptCaches (31ms)
			SetupLoadedEditorAssemblies (710ms)
				LogAssemblyErrors (0ms)
				InitializePlatformSupportModulesInManaged (14ms)
				SetLoadedEditorAssemblies (0ms)
				RefreshPlugins (1ms)
				BeforeProcessingInitializeOnLoad (40ms)
				ProcessInitializeOnLoadAttributes (553ms)
				ProcessInitializeOnLoadMethodAttributes (97ms)
				AfterProcessingInitializeOnLoad (6ms)
				EditorAssembliesLoaded (0ms)
			ExecutionOrderSort2 (0ms)
			AwakeInstancesAfterBackupRestoration (5ms)
Platform modules already initialized, skipping
Refreshing native plugins compatible for Editor in 0.89 ms, found 2 plugins.
Preloading 0 native plugins for Editor in 0.00 ms.
Unloading 3099 Unused Serialized files (Serialized files now loaded: 0)
Unloading 51 unused Assets / (23.0 KB). Loaded Objects now: 3688.
Memory consumption went from 119.5 MB to 119.5 MB.
Total: 6.256300 ms (FindLiveObjects: 0.238800 ms CreateObjectMapping: 0.153100 ms MarkObjects: 5.829400 ms  DeleteObjects: 0.034100 ms)

AssetImportParameters requested are different than current active one (requested -> active):
  custom:video-decoder-ogg-theora: a1e56fd34408186e4bbccfd4996cb3dc -> 
  custom:container-muxer-webm: aa71ff27fc2769a1b78a27578f13a17b -> 
  custom:container-demuxer-webm: 4f35f7cbe854078d1ac9338744f61a02 -> 
  custom:video-encoder-webm-vp8: eb34c28f22e8b96e1ab97ce403110664 -> 
  custom:CustomObjectIndexerAttribute: bc11b3a6c3213fcdd17b65e7da85e133 -> 
  custom:audio-encoder-webm-vorbis: bf7c407c2cedff20999df2af8eb42d56 -> 
  custom:framework-win-MediaFoundation: 216162199b28c13a410421893ffa2e32 -> 
  custom:SearchIndexIgnoredProperties: e643bd26f0fe6173181afceb89e7c659 -> 
  custom:container-demuxer-ogg: 62fdf1f143b41e24485cea50d1cbac27 -> 
  custom:video-decoder-webm-vp8: 9c59270c3fd7afecdb556c50c9e8de78 -> 
  custom:audio-decoder-ogg-vorbis: bf7c407c2cedff20999df2af8eb42d56 -> 
========================================================================
Received Prepare
Refreshing native plugins compatible for Editor in 8.86 ms, found 2 plugins.
Preloading 0 native plugins for Editor in 0.00 ms.
Unloading 49 Unused Serialized files (Serialized files now loaded: 0)
Unloading 49 unused Assets / (23.0 KB). Loaded Objects now: 3688.
Memory consumption went from 57.6 MB to 57.5 MB.
Total: 6.331200 ms (FindLiveObjects: 0.255800 ms CreateObjectMapping: 0.089500 ms MarkObjects: 5.944300 ms  DeleteObjects: 0.040800 ms)

AssetImportParameters requested are different than current active one (requested -> active):
  custom:video-decoder-ogg-theora: a1e56fd34408186e4bbccfd4996cb3dc -> 
  custom:container-muxer-webm: aa71ff27fc2769a1b78a27578f13a17b -> 
  custom:container-demuxer-webm: 4f35f7cbe854078d1ac9338744f61a02 -> 
  custom:video-encoder-webm-vp8: eb34c28f22e8b96e1ab97ce403110664 -> 
  custom:CustomObjectIndexerAttribute: bc11b3a6c3213fcdd17b65e7da85e133 -> 
  custom:audio-encoder-webm-vorbis: bf7c407c2cedff20999df2af8eb42d56 -> 
  custom:framework-win-MediaFoundation: 216162199b28c13a410421893ffa2e32 -> 
  custom:SearchIndexIgnoredProperties: e643bd26f0fe6173181afceb89e7c659 -> 
  custom:container-demuxer-ogg: 62fdf1f143b41e24485cea50d1cbac27 -> 
  custom:video-decoder-webm-vp8: 9c59270c3fd7afecdb556c50c9e8de78 -> 
  custom:audio-decoder-ogg-vorbis: bf7c407c2cedff20999df2af8eb42d56 -> 
========================================================================
Received Prepare
Registering precompiled user dll's ...
Registered in 0.005681 seconds.
Begin MonoManager ReloadAssembly
Symbol file LoadedFromMemory is not a mono symbol file
Native extension for UWP target not found
Native extension for WindowsStandalone target not found
Native extension for Android target not found
Native extension for WebGL target not found
Refreshing native plugins compatible for Editor in 0.88 ms, found 2 plugins.
Preloading 0 native plugins for Editor in 0.00 ms.
[Package Manager] Server::EnsureServerProcessIsRunning -- launch failed, reason: Unity was launched with the -noUpm command-line argument
[Package Manager] Cannot connect to Unity Package Manager local server
Mono: successfully reloaded assembly
- Completed reload, in  1.253 seconds
Domain Reload Profiling:
	ReloadAssembly (1254ms)
		BeginReloadAssembly (135ms)
			ExecutionOrderSort (0ms)
			DisableScriptedObjects (5ms)
			BackupInstance (0ms)
			ReleaseScriptingObjects (0ms)
			CreateAndSetChildDomain (38ms)
		EndReloadAssembly (1041ms)
			LoadAssemblies (94ms)
			RebuildTransferFunctionScriptingTraits (0ms)
			SetupTypeCache (177ms)
			ReleaseScriptCaches (1ms)
			RebuildScriptCaches (32ms)
			SetupLoadedEditorAssemblies (712ms)
				LogAssemblyErrors (0ms)
				InitializePlatformSupportModulesInManaged (13ms)
				SetLoadedEditorAssemblies (0ms)
				RefreshPlugins (1ms)
				BeforeProcessingInitializeOnLoad (39ms)
				ProcessInitializeOnLoadAttributes (555ms)
				ProcessInitializeOnLoadMethodAttributes (97ms)
				AfterProcessingInitializeOnLoad (6ms)
				EditorAssembliesLoaded (0ms)
			ExecutionOrderSort2 (0ms)
			AwakeInstancesAfterBackupRestoration (5ms)
Platform modules already initialized, skipping
Refreshing native plugins compatible for Editor in 0.93 ms, found 2 plugins.
Preloading 0 native plugins for Editor in 0.00 ms.
Unloading 3099 Unused Serialized files (Serialized files now loaded: 0)
Unloading 51 unused Assets / (23.0 KB). Loaded Objects now: 3691.
Memory consumption went from 119.5 MB to 119.5 MB.
Total: 6.133700 ms (FindLiveObjects: 0.268600 ms CreateObjectMapping: 0.089600 ms MarkObjects: 5.735200 ms  DeleteObjects: 0.037600 ms)

AssetImportParameters requested are different than current active one (requested -> active):
  custom:video-decoder-ogg-theora: a1e56fd34408186e4bbccfd4996cb3dc -> 
  custom:container-muxer-webm: aa71ff27fc2769a1b78a27578f13a17b -> 
  custom:container-demuxer-webm: 4f35f7cbe854078d1ac9338744f61a02 -> 
  custom:video-encoder-webm-vp8: eb34c28f22e8b96e1ab97ce403110664 -> 
  custom:CustomObjectIndexerAttribute: bc11b3a6c3213fcdd17b65e7da85e133 -> 
  custom:audio-encoder-webm-vorbis: bf7c407c2cedff20999df2af8eb42d56 -> 
  custom:framework-win-MediaFoundation: 216162199b28c13a410421893ffa2e32 -> 
  custom:SearchIndexIgnoredProperties: e643bd26f0fe6173181afceb89e7c659 -> 
  custom:container-demuxer-ogg: 62fdf1f143b41e24485cea50d1cbac27 -> 
  custom:video-decoder-webm-vp8: 9c59270c3fd7afecdb556c50c9e8de78 -> 
  custom:audio-decoder-ogg-vorbis: bf7c407c2cedff20999df2af8eb42d56 -> 
========================================================================
Received Prepare
Registering precompiled user dll's ...
Registered in 0.006851 seconds.
Begin MonoManager ReloadAssembly
Symbol file LoadedFromMemory is not a mono symbol file
Native extension for UWP target not found
Native extension for WindowsStandalone target not found
Native extension for Android target not found
Native extension for WebGL target not found
Refreshing native plugins compatible for Editor in 0.77 ms, found 2 plugins.
Preloading 0 native plugins for Editor in 0.00 ms.
[Package Manager] Server::EnsureServerProcessIsRunning -- launch failed, reason: Unity was launched with the -noUpm command-line argument
[Package Manager] Cannot connect to Unity Package Manager local server
Mono: successfully reloaded assembly
- Completed reload, in  1.268 seconds
Domain Reload Profiling:
	ReloadAssembly (1268ms)
		BeginReloadAssembly (132ms)
			ExecutionOrderSort (0ms)
			DisableScriptedObjects (5ms)
			BackupInstance (0ms)
			ReleaseScriptingObjects (0ms)
			CreateAndSetChildDomain (38ms)
		EndReloadAssembly (1054ms)
			LoadAssemblies (96ms)
			RebuildTransferFunctionScriptingTraits (0ms)
			SetupTypeCache (175ms)
			ReleaseScriptCaches (1ms)
			RebuildScriptCaches (32ms)
			SetupLoadedEditorAssemblies (723ms)
				LogAssemblyErrors (0ms)
				InitializePlatformSupportModulesInManaged (15ms)
				SetLoadedEditorAssemblies (0ms)
				RefreshPlugins (1ms)
				BeforeProcessingInitializeOnLoad (41ms)
				ProcessInitializeOnLoadAttributes (558ms)
				ProcessInitializeOnLoadMethodAttributes (102ms)
				AfterProcessingInitializeOnLoad (6ms)
				EditorAssembliesLoaded (0ms)
			ExecutionOrderSort2 (0ms)
			AwakeInstancesAfterBackupRestoration (5ms)
Platform modules already initialized, skipping
Refreshing native plugins compatible for Editor in 0.91 ms, found 2 plugins.
Preloading 0 native plugins for Editor in 0.00 ms.
Unloading 3101 Unused Serialized files (Serialized files now loaded: 0)
Unloading 51 unused Assets / (23.0 KB). Loaded Objects now: 3696.
Memory consumption went from 119.5 MB to 119.5 MB.
Total: 6.020300 ms (FindLiveObjects: 0.265300 ms CreateObjectMapping: 0.090300 ms MarkObjects: 5.633500 ms  DeleteObjects: 0.030500 ms)

AssetImportParameters requested are different than current active one (requested -> active):
  custom:video-decoder-ogg-theora: a1e56fd34408186e4bbccfd4996cb3dc -> 
  custom:container-muxer-webm: aa71ff27fc2769a1b78a27578f13a17b -> 
  custom:container-demuxer-webm: 4f35f7cbe854078d1ac9338744f61a02 -> 
  custom:video-encoder-webm-vp8: eb34c28f22e8b96e1ab97ce403110664 -> 
  custom:CustomObjectIndexerAttribute: bc11b3a6c3213fcdd17b65e7da85e133 -> 
  custom:audio-encoder-webm-vorbis: bf7c407c2cedff20999df2af8eb42d56 -> 
  custom:framework-win-MediaFoundation: 216162199b28c13a410421893ffa2e32 -> 
  custom:SearchIndexIgnoredProperties: e643bd26f0fe6173181afceb89e7c659 -> 
  custom:container-demuxer-ogg: 62fdf1f143b41e24485cea50d1cbac27 -> 
  custom:video-decoder-webm-vp8: 9c59270c3fd7afecdb556c50c9e8de78 -> 
  custom:audio-decoder-ogg-vorbis: bf7c407c2cedff20999df2af8eb42d56 -> 
========================================================================
Received Prepare
Refreshing native plugins compatible for Editor in 9.65 ms, found 2 plugins.
Preloading 0 native plugins for Editor in 0.00 ms.
Unloading 49 Unused Serialized files (Serialized files now loaded: 0)
Unloading 49 unused Assets / (23.1 KB). Loaded Objects now: 3696.
Memory consumption went from 57.6 MB to 57.6 MB.
Total: 6.241300 ms (FindLiveObjects: 0.247900 ms CreateObjectMapping: 0.079700 ms MarkObjects: 5.864200 ms  DeleteObjects: 0.048600 ms)

AssetImportParameters requested are different than current active one (requested -> active):
  custom:video-decoder-ogg-theora: a1e56fd34408186e4bbccfd4996cb3dc -> 
  custom:container-muxer-webm: aa71ff27fc2769a1b78a27578f13a17b -> 
  custom:container-demuxer-webm: 4f35f7cbe854078d1ac9338744f61a02 -> 
  custom:video-encoder-webm-vp8: eb34c28f22e8b96e1ab97ce403110664 -> 
  custom:CustomObjectIndexerAttribute: bc11b3a6c3213fcdd17b65e7da85e133 -> 
  custom:audio-encoder-webm-vorbis: bf7c407c2cedff20999df2af8eb42d56 -> 
  custom:framework-win-MediaFoundation: 216162199b28c13a410421893ffa2e32 -> 
  custom:SearchIndexIgnoredProperties: e643bd26f0fe6173181afceb89e7c659 -> 
  custom:container-demuxer-ogg: 62fdf1f143b41e24485cea50d1cbac27 -> 
  custom:video-decoder-webm-vp8: 9c59270c3fd7afecdb556c50c9e8de78 -> 
  custom:audio-decoder-ogg-vorbis: bf7c407c2cedff20999df2af8eb42d56 -> 
========================================================================
Received Prepare
Registering precompiled user dll's ...
Registered in 0.008005 seconds.
Begin MonoManager ReloadAssembly
Symbol file LoadedFromMemory is not a mono symbol file
Native extension for UWP target not found
Native extension for WindowsStandalone target not found
Native extension for Android target not found
Native extension for WebGL target not found
Refreshing native plugins compatible for Editor in 1.48 ms, found 2 plugins.
Preloading 0 native plugins for Editor in 0.00 ms.
[Package Manager] Server::EnsureServerProcessIsRunning -- launch failed, reason: Unity was launched with the -noUpm command-line argument
[Package Manager] Cannot connect to Unity Package Manager local server
Mono: successfully reloaded assembly
- Completed reload, in  1.568 seconds
Domain Reload Profiling:
	ReloadAssembly (1569ms)
		BeginReloadAssembly (167ms)
			ExecutionOrderSort (0ms)
			DisableScriptedObjects (7ms)
			BackupInstance (0ms)
			ReleaseScriptingObjects (0ms)
			CreateAndSetChildDomain (47ms)
		EndReloadAssembly (1288ms)
			LoadAssemblies (119ms)
			RebuildTransferFunctionScriptingTraits (0ms)
			SetupTypeCache (231ms)
			ReleaseScriptCaches (1ms)
			RebuildScriptCaches (49ms)
			SetupLoadedEditorAssemblies (864ms)
				LogAssemblyErrors (0ms)
				InitializePlatformSupportModulesInManaged (22ms)
				SetLoadedEditorAssemblies (1ms)
				RefreshPlugins (2ms)
				BeforeProcessingInitializeOnLoad (66ms)
				ProcessInitializeOnLoadAttributes (603ms)
				ProcessInitializeOnLoadMethodAttributes (163ms)
				AfterProcessingInitializeOnLoad (8ms)
				EditorAssembliesLoaded (0ms)
			ExecutionOrderSort2 (0ms)
			AwakeInstancesAfterBackupRestoration (5ms)
Platform modules already initialized, skipping
Refreshing native plugins compatible for Editor in 1.48 ms, found 2 plugins.
Preloading 0 native plugins for Editor in 0.00 ms.
Unloading 3101 Unused Serialized files (Serialized files now loaded: 0)
Unloading 51 unused Assets / (23.0 KB). Loaded Objects now: 3699.
Memory consumption went from 119.5 MB to 119.5 MB.
Total: 5.925700 ms (FindLiveObjects: 0.245600 ms CreateObjectMapping: 0.077500 ms MarkObjects: 5.567400 ms  DeleteObjects: 0.034500 ms)

AssetImportParameters requested are different than current active one (requested -> active):
  custom:video-decoder-ogg-theora: a1e56fd34408186e4bbccfd4996cb3dc -> 
  custom:container-muxer-webm: aa71ff27fc2769a1b78a27578f13a17b -> 
  custom:container-demuxer-webm: 4f35f7cbe854078d1ac9338744f61a02 -> 
  custom:video-encoder-webm-vp8: eb34c28f22e8b96e1ab97ce403110664 -> 
  custom:CustomObjectIndexerAttribute: bc11b3a6c3213fcdd17b65e7da85e133 -> 
  custom:audio-encoder-webm-vorbis: bf7c407c2cedff20999df2af8eb42d56 -> 
  custom:framework-win-MediaFoundation: 216162199b28c13a410421893ffa2e32 -> 
  custom:SearchIndexIgnoredProperties: e643bd26f0fe6173181afceb89e7c659 -> 
  custom:container-demuxer-ogg: 62fdf1f143b41e24485cea50d1cbac27 -> 
  custom:video-decoder-webm-vp8: 9c59270c3fd7afecdb556c50c9e8de78 -> 
  custom:audio-decoder-ogg-vorbis: bf7c407c2cedff20999df2af8eb42d56 -> 
========================================================================
Received Prepare
Registering precompiled user dll's ...
Registered in 0.008503 seconds.
Begin MonoManager ReloadAssembly
Symbol file LoadedFromMemory is not a mono symbol file
Native extension for UWP target not found
Native extension for WindowsStandalone target not found
Native extension for Android target not found
Native extension for WebGL target not found
Refreshing native plugins compatible for Editor in 0.92 ms, found 2 plugins.
Preloading 0 native plugins for Editor in 0.00 ms.
[Package Manager] Server::EnsureServerProcessIsRunning -- launch failed, reason: Unity was launched with the -noUpm command-line argument
[Package Manager] Cannot connect to Unity Package Manager local server
Mono: successfully reloaded assembly
- Completed reload, in  1.295 seconds
Domain Reload Profiling:
	ReloadAssembly (1296ms)
		BeginReloadAssembly (165ms)
			ExecutionOrderSort (0ms)
			DisableScriptedObjects (7ms)
			BackupInstance (0ms)
			ReleaseScriptingObjects (0ms)
			CreateAndSetChildDomain (49ms)
		EndReloadAssembly (1044ms)
			LoadAssemblies (105ms)
			RebuildTransferFunctionScriptingTraits (0ms)
			SetupTypeCache (175ms)
			ReleaseScriptCaches (1ms)
			RebuildScriptCaches (31ms)
			SetupLoadedEditorAssemblies (720ms)
				LogAssemblyErrors (0ms)
				InitializePlatformSupportModulesInManaged (15ms)
				SetLoadedEditorAssemblies (0ms)
				RefreshPlugins (1ms)
				BeforeProcessingInitializeOnLoad (42ms)
				ProcessInitializeOnLoadAttributes (555ms)
				ProcessInitializeOnLoadMethodAttributes (102ms)
				AfterProcessingInitializeOnLoad (6ms)
				EditorAssembliesLoaded (0ms)
			ExecutionOrderSort2 (0ms)
			AwakeInstancesAfterBackupRestoration (5ms)
Platform modules already initialized, skipping
Refreshing native plugins compatible for Editor in 0.91 ms, found 2 plugins.
Preloading 0 native plugins for Editor in 0.00 ms.
Unloading 3101 Unused Serialized files (Serialized files now loaded: 0)
Unloading 51 unused Assets / (23.0 KB). Loaded Objects now: 3702.
Memory consumption went from 119.6 MB to 119.5 MB.
Total: 6.187900 ms (FindLiveObjects: 0.262900 ms CreateObjectMapping: 0.078200 ms MarkObjects: 5.807000 ms  DeleteObjects: 0.038700 ms)

AssetImportParameters requested are different than current active one (requested -> active):
  custom:video-decoder-ogg-theora: a1e56fd34408186e4bbccfd4996cb3dc -> 
  custom:container-muxer-webm: aa71ff27fc2769a1b78a27578f13a17b -> 
  custom:container-demuxer-webm: 4f35f7cbe854078d1ac9338744f61a02 -> 
  custom:video-encoder-webm-vp8: eb34c28f22e8b96e1ab97ce403110664 -> 
  custom:CustomObjectIndexerAttribute: bc11b3a6c3213fcdd17b65e7da85e133 -> 
  custom:audio-encoder-webm-vorbis: bf7c407c2cedff20999df2af8eb42d56 -> 
  custom:framework-win-MediaFoundation: 216162199b28c13a410421893ffa2e32 -> 
  custom:SearchIndexIgnoredProperties: e643bd26f0fe6173181afceb89e7c659 -> 
  custom:container-demuxer-ogg: 62fdf1f143b41e24485cea50d1cbac27 -> 
  custom:video-decoder-webm-vp8: 9c59270c3fd7afecdb556c50c9e8de78 -> 
  custom:audio-decoder-ogg-vorbis: bf7c407c2cedff20999df2af8eb42d56 -> 
========================================================================
Received Prepare
Refreshing native plugins compatible for Editor in 9.01 ms, found 2 plugins.
Preloading 0 native plugins for Editor in 0.00 ms.
Unloading 49 Unused Serialized files (Serialized files now loaded: 0)
Unloading 49 unused Assets / (23.0 KB). Loaded Objects now: 3702.
Memory consumption went from 57.6 MB to 57.6 MB.
Total: 5.941900 ms (FindLiveObjects: 0.252200 ms CreateObjectMapping: 0.077000 ms MarkObjects: 5.574700 ms  DeleteObjects: 0.037000 ms)

AssetImportParameters requested are different than current active one (requested -> active):
  custom:video-decoder-ogg-theora: a1e56fd34408186e4bbccfd4996cb3dc -> 
  custom:container-muxer-webm: aa71ff27fc2769a1b78a27578f13a17b -> 
  custom:container-demuxer-webm: 4f35f7cbe854078d1ac9338744f61a02 -> 
  custom:video-encoder-webm-vp8: eb34c28f22e8b96e1ab97ce403110664 -> 
  custom:CustomObjectIndexerAttribute: bc11b3a6c3213fcdd17b65e7da85e133 -> 
  custom:audio-encoder-webm-vorbis: bf7c407c2cedff20999df2af8eb42d56 -> 
  custom:framework-win-MediaFoundation: 216162199b28c13a410421893ffa2e32 -> 
  custom:SearchIndexIgnoredProperties: e643bd26f0fe6173181afceb89e7c659 -> 
  custom:container-demuxer-ogg: 62fdf1f143b41e24485cea50d1cbac27 -> 
  custom:video-decoder-webm-vp8: 9c59270c3fd7afecdb556c50c9e8de78 -> 
  custom:audio-decoder-ogg-vorbis: bf7c407c2cedff20999df2af8eb42d56 -> 
========================================================================
Received Import Request.
  Time since last request: 4915.293384 seconds.
  path: Assets/Demo.unity
  artifactKey: Guid(56880127e2fb00d4e899344941eef720) Importer(2089858483,0ecaa5967403d082aa24f35e1b516d23)
Number of updated assets reloaded before import = 0
Start importing Assets/Demo.unity using Guid(56880127e2fb00d4e899344941eef720) Importer(2089858483,0ecaa5967403d082aa24f35e1b516d23)  -> (artifact id: 'bee21247afcb220e48ce66d8f59d81f0') in 0.070771 seconds 
Number of asset objects unloaded after import = 1
========================================================================
Received Import Request.
  Time since last request: 0.000036 seconds.
  path: Assets/Mirror/LICENSE
  artifactKey: Guid(e3d46192e4cb96fdde36997fe62d5973) Importer(2089858483,0ecaa5967403d082aa24f35e1b516d23)
Number of updated assets reloaded before import = 0
Start importing Assets/Mirror/LICENSE using Guid(e3d46192e4cb96fdde36997fe62d5973) Importer(2089858483,0ecaa5967403d082aa24f35e1b516d23)  -> (artifact id: '66697de2b999cd150080b844cbaff911') in 0.011363 seconds 
Number of asset objects unloaded after import = 1
========================================================================
Received Import Request.
  Time since last request: 0.000046 seconds.
  path: Assets/Animations/Gear/Boots_Idle_Front.anim
  artifactKey: Guid(7ab5aa6addc8163449c9dc27b80d1d2d) Importer(2089858483,0ecaa5967403d082aa24f35e1b516d23)
Number of updated assets reloaded before import = 0
Start importing Assets/Animations/Gear/Boots_Idle_Front.anim using Guid(7ab5aa6addc8163449c9dc27b80d1d2d) Importer(2089858483,0ecaa5967403d082aa24f35e1b516d23)  -> (artifact id: '52f3efde3f560931422c2e7080fc6798') in 0.050130 seconds 
Number of asset objects unloaded after import = 1
========================================================================
Received Import Request.
  Time since last request: 0.000027 seconds.
  path: Assets/Animations/Gear/Boots_Attack_Front.anim
  artifactKey: Guid(f704421bcf9f13b408f95df281508124) Importer(2089858483,0ecaa5967403d082aa24f35e1b516d23)
Number of updated assets reloaded before import = 0
Start importing Assets/Animations/Gear/Boots_Attack_Front.anim using Guid(f704421bcf9f13b408f95df281508124) Importer(2089858483,0ecaa5967403d082aa24f35e1b516d23)  -> (artifact id: '27b9a4cc9f9a7e1ba429835abccef9f0') in 0.012039 seconds 
Number of asset objects unloaded after import = 1
========================================================================
Received Import Request.
  Time since last request: 0.000021 seconds.
  path: Assets/Animations/Gear/Boots_Attack_Left.anim
  artifactKey: Guid(6da3b04c69f287749be22168bebb2e36) Importer(2089858483,0ecaa5967403d082aa24f35e1b516d23)
Number of updated assets reloaded before import = 0
Start importing Assets/Animations/Gear/Boots_Attack_Left.anim using Guid(6da3b04c69f287749be22168bebb2e36) Importer(2089858483,0ecaa5967403d082aa24f35e1b516d23)  -> (artifact id: '8b2564ecb162c0ffae1a9dc700117426') in 0.012080 seconds 
Number of asset objects unloaded after import = 1
========================================================================
Received Import Request.
  Time since last request: 0.000016 seconds.
  path: Assets/Animations/Gear/Hat_Walk_Back.anim
  artifactKey: Guid(2834a4830656a5d4bb1b9eb0dec143ce) Importer(2089858483,0ecaa5967403d082aa24f35e1b516d23)
Number of updated assets reloaded before import = 0
Start importing Assets/Animations/Gear/Hat_Walk_Back.anim using Guid(2834a4830656a5d4bb1b9eb0dec143ce) Importer(2089858483,0ecaa5967403d082aa24f35e1b516d23)  -> (artifact id: '44e84c329341a0a03aff5ccee3ea6c50') in 0.010582 seconds 
Number of asset objects unloaded after import = 1
========================================================================
Received Import Request.
  Time since last request: 0.000017 seconds.
  path: Assets/Controllers/PlayerController.controller
  artifactKey: Guid(f6d77302cef8cd14f97184d3d7e5839c) Importer(2089858483,0ecaa5967403d082aa24f35e1b516d23)
Number of updated assets reloaded before import = 0
Start importing Assets/Controllers/PlayerController.controller using Guid(f6d77302cef8cd14f97184d3d7e5839c) Importer(2089858483,0ecaa5967403d082aa24f35e1b516d23)  -> (artifact id: '50719a01404d910148c17f1bca57a7d2') in 0.023366 seconds 
Number of asset objects unloaded after import = 35
========================================================================
Received Import Request.
  Time since last request: 0.000019 seconds.
  path: Assets/Animations/Enemy_2/Walk_Right.anim
  artifactKey: Guid(3e8847b71fe9b0a4f936e6b8cdccb11a) Importer(2089858483,0ecaa5967403d082aa24f35e1b516d23)
Number of updated assets reloaded before import = 0
Start importing Assets/Animations/Enemy_2/Walk_Right.anim using Guid(3e8847b71fe9b0a4f936e6b8cdccb11a) Importer(2089858483,0ecaa5967403d082aa24f35e1b516d23)  -> (artifact id: 'aa88e4319637aa49602aed7eaa6da0f0') in 0.010809 seconds 
Number of asset objects unloaded after import = 1
========================================================================
Received Import Request.
  Time since last request: 0.000022 seconds.
  path: Assets/ScriptTemplates/53-Mirror__Network Behaviour With Actions-NewNetworkBehaviourWithActions.cs.txt
  artifactKey: Guid(847fec635407d6740979cc0da3b87d40) Importer(2089858483,0ecaa5967403d082aa24f35e1b516d23)
Number of updated assets reloaded before import = 0
Start importing Assets/ScriptTemplates/53-Mirror__Network Behaviour With Actions-NewNetworkBehaviourWithActions.cs.txt using Guid(847fec635407d6740979cc0da3b87d40) Importer(2089858483,0ecaa5967403d082aa24f35e1b516d23)  -> (artifact id: '3a7b99cb38ec7a19f23987e436e46868') in 0.046179 seconds 
Number of asset objects unloaded after import = 1
========================================================================
Received Import Request.
  Time since last request: 0.000021 seconds.
  path: Assets/Animations/Gear/Hat_Idle_Front.anim
  artifactKey: Guid(cc945d7f0b865c542b9f0ddffe5f4659) Importer(2089858483,0ecaa5967403d082aa24f35e1b516d23)
Number of updated assets reloaded before import = 0
Start importing Assets/Animations/Gear/Hat_Idle_Front.anim using Guid(cc945d7f0b865c542b9f0ddffe5f4659) Importer(2089858483,0ecaa5967403d082aa24f35e1b516d23)  -> (artifact id: 'd05c0e66b52db9230ae366393304dea2') in 0.010948 seconds 
Number of asset objects unloaded after import = 1
========================================================================
Received Import Request.
  Time since last request: 0.000017 seconds.
  path: Assets/Animations/Gear/Boots_Walk_Front.anim
  artifactKey: Guid(14d26938a219d034fb5256886cc15ce7) Importer(2089858483,0ecaa5967403d082aa24f35e1b516d23)
Number of updated assets reloaded before import = 0
Start importing Assets/Animations/Gear/Boots_Walk_Front.anim using Guid(14d26938a219d034fb5256886cc15ce7) Importer(2089858483,0ecaa5967403d082aa24f35e1b516d23)  -> (artifact id: 'c24a16aae8e826302ac5950a2e43c72b') in 0.010515 seconds 
Number of asset objects unloaded after import = 1
========================================================================
Received Import Request.
  Time since last request: 0.000018 seconds.
  path: Assets/Animations/Gear/Boots_Attack_Back.anim
  artifactKey: Guid(cde7039f3eea8fe40bf4d4f7d30c76ac) Importer(2089858483,0ecaa5967403d082aa24f35e1b516d23)
Number of updated assets reloaded before import = 0
Start importing Assets/Animations/Gear/Boots_Attack_Back.anim using Guid(cde7039f3eea8fe40bf4d4f7d30c76ac) Importer(2089858483,0ecaa5967403d082aa24f35e1b516d23)  -> (artifact id: 'eace46f94a892818c54e868e54693ce1') in 0.018382 seconds 
Number of asset objects unloaded after import = 1
========================================================================
Received Import Request.
  Time since last request: 0.000024 seconds.
  path: Assets/ScriptTemplates/57-Mirror__Network Transform-NewNetworkTransform.cs.txt
  artifactKey: Guid(38d41e2048919f64ea817eb343ffb09d) Importer(2089858483,0ecaa5967403d082aa24f35e1b516d23)
Number of updated assets reloaded before import = 0
Start importing Assets/ScriptTemplates/57-Mirror__Network Transform-NewNetworkTransform.cs.txt using Guid(38d41e2048919f64ea817eb343ffb09d) Importer(2089858483,0ecaa5967403d082aa24f35e1b516d23)  -> (artifact id: 'a46b7d0f81209f635963f01d1901e56a') in 0.013640 seconds 
Number of asset objects unloaded after import = 1
========================================================================
Received Import Request.
  Time since last request: 0.000028 seconds.
  path: Assets/Animations/Enemy_2/Attack_Down.anim
  artifactKey: Guid(131ea71bb7a55b74895584c2c1553c0c) Importer(2089858483,0ecaa5967403d082aa24f35e1b516d23)
Number of updated assets reloaded before import = 0
Start importing Assets/Animations/Enemy_2/Attack_Down.anim using Guid(131ea71bb7a55b74895584c2c1553c0c) Importer(2089858483,0ecaa5967403d082aa24f35e1b516d23)  -> (artifact id: 'f35a64a9fd3e795a0ad3bb8b7bb20d6d') in 0.010652 seconds 
Number of asset objects unloaded after import = 1
========================================================================
Received Import Request.
  Time since last request: 0.000020 seconds.
  path: Assets/Animations/Enemy_1/Attack_Left.anim
  artifactKey: Guid(6c67c7c49643f6f4cb93f562f7c5a3b5) Importer(2089858483,0ecaa5967403d082aa24f35e1b516d23)
Number of updated assets reloaded before import = 0
Start importing Assets/Animations/Enemy_1/Attack_Left.anim using Guid(6c67c7c49643f6f4cb93f562f7c5a3b5) Importer(2089858483,0ecaa5967403d082aa24f35e1b516d23)  -> (artifact id: '9f93b30388feff68aa3d8400d2fe0c3c') in 0.011756 seconds 
Number of asset objects unloaded after import = 1
========================================================================
Received Import Request.
  Time since last request: 0.000019 seconds.
  path: Assets/Editor/AjouterSquelettes.cs
  artifactKey: Guid(57caa641be30799408fae4dfb8fb78c8) Importer(2089858483,0ecaa5967403d082aa24f35e1b516d23)
Number of updated assets reloaded before import = 0
Start importing Assets/Editor/AjouterSquelettes.cs using Guid(57caa641be30799408fae4dfb8fb78c8) Importer(2089858483,0ecaa5967403d082aa24f35e1b516d23)  -> (artifact id: '4b84d6b3ecc7ecf41254888fa566b4e8') in 0.020812 seconds 
Number of asset objects unloaded after import = 0
========================================================================
Received Import Request.
  Time since last request: 0.000020 seconds.
  path: Assets/ScriptTemplates/54-Mirror__Network Room Manager-NewNetworkRoomManager.cs.txt
  artifactKey: Guid(2e5656107e61a93439544b91e5f541f6) Importer(2089858483,0ecaa5967403d082aa24f35e1b516d23)
Number of updated assets reloaded before import = 0
Start importing Assets/ScriptTemplates/54-Mirror__Network Room Manager-NewNetworkRoomManager.cs.txt using Guid(2e5656107e61a93439544b91e5f541f6) Importer(2089858483,0ecaa5967403d082aa24f35e1b516d23)  -> (artifact id: 'dea4e497608eb16ffd498ee0ae9d8342') in 0.016583 seconds 
Number of asset objects unloaded after import = 1
========================================================================
Received Import Request.
  Time since last request: 0.000023 seconds.
  path: Assets/ScriptTemplates/55-Mirror__Network Room Player-NewNetworkRoomPlayer.cs.txt
  artifactKey: Guid(1ca8a6309173d4248bc7fa0c6ae001e0) Importer(2089858483,0ecaa5967403d082aa24f35e1b516d23)
Number of updated assets reloaded before import = 0
Start importing Assets/ScriptTemplates/55-Mirror__Network Room Player-NewNetworkRoomPlayer.cs.txt using Guid(1ca8a6309173d4248bc7fa0c6ae001e0) Importer(2089858483,0ecaa5967403d082aa24f35e1b516d23)  -> (artifact id: '368a96bc158f3fe3375515ba237f34dc') in 0.017084 seconds 
Number of asset objects unloaded after import = 1
========================================================================
Received Import Request.
  Time since last request: 0.000020 seconds.
  path: Assets/Animations/Enemy_1/Die_Left.anim
  artifactKey: Guid(165d025011a954e43a02541e8509c52b) Importer(2089858483,0ecaa5967403d082aa24f35e1b516d23)
Number of updated assets reloaded before import = 0
Start importing Assets/Animations/Enemy_1/Die_Left.anim using Guid(165d025011a954e43a02541e8509c52b) Importer(2089858483,0ecaa5967403d082aa24f35e1b516d23)  -> (artifact id: '684bd42badcf06622f0e1556d20bc942') in 0.011938 seconds 
Number of asset objects unloaded after import = 1
========================================================================
Received Import Request.
  Time since last request: 0.000020 seconds.
  path: Assets/Animations/Enemy_2/Attack_Right.anim
  artifactKey: Guid(725b0997faac48c49aa5402aab8b896e) Importer(2089858483,0ecaa5967403d082aa24f35e1b516d23)
Number of updated assets reloaded before import = 0
Start importing Assets/Animations/Enemy_2/Attack_Right.anim using Guid(725b0997faac48c49aa5402aab8b896e) Importer(2089858483,0ecaa5967403d082aa24f35e1b516d23)  -> (artifact id: 'efc9644edd2c44161c8fe50a50e2ff6c') in 0.011364 seconds 
Number of asset objects unloaded after import = 1
========================================================================
Received Import Request.
  Time since last request: 0.000018 seconds.
  path: Assets/ScriptTemplates/50-Mirror__Network Manager-NewNetworkManager.cs.txt
  artifactKey: Guid(ed73cc79a95879d4abd948a36043c798) Importer(2089858483,0ecaa5967403d082aa24f35e1b516d23)
Number of updated assets reloaded before import = 0
Start importing Assets/ScriptTemplates/50-Mirror__Network Manager-NewNetworkManager.cs.txt using Guid(ed73cc79a95879d4abd948a36043c798) Importer(2089858483,0ecaa5967403d082aa24f35e1b516d23)  -> (artifact id: '91448ee1b02a636c3ff652d144f273fa') in 0.015418 seconds 
Number of asset objects unloaded after import = 1
========================================================================
Received Import Request.
  Time since last request: 0.000033 seconds.
  path: Assets/Controllers/GearController.overrideController
  artifactKey: Guid(54a30e88b32f1154c80003741821148f) Importer(2089858483,0ecaa5967403d082aa24f35e1b516d23)
Number of updated assets reloaded before import = 0
Start importing Assets/Controllers/GearController.overrideController using Guid(54a30e88b32f1154c80003741821148f) Importer(2089858483,0ecaa5967403d082aa24f35e1b516d23)  -> (artifact id: 'ca43bbb7792e29404b51f32791f54eca') in 0.025414 seconds 
Number of asset objects unloaded after import = 36
========================================================================
Received Import Request.
  Time since last request: 0.000026 seconds.
  path: Assets/Animations/Ding.anim
  artifactKey: Guid(903004414737d044d9b536a58923e8c5) Importer(2089858483,0ecaa5967403d082aa24f35e1b516d23)
Number of updated assets reloaded before import = 0
Start importing Assets/Animations/Ding.anim using Guid(903004414737d044d9b536a58923e8c5) Importer(2089858483,0ecaa5967403d082aa24f35e1b516d23)  -> (artifact id: '9f75db562be894f981e896dfd5ece687') in 0.013525 seconds 
Number of asset objects unloaded after import = 1
========================================================================
Received Import Request.
  Time since last request: 0.000024 seconds.
  path: Assets/Animations/Enemy_2/Idle_Right.anim
  artifactKey: Guid(a2f3924e5a1a99547b97223065c318df) Importer(2089858483,0ecaa5967403d082aa24f35e1b516d23)
Number of updated assets reloaded before import = 0
Start importing Assets/Animations/Enemy_2/Idle_Right.anim using Guid(a2f3924e5a1a99547b97223065c318df) Importer(2089858483,0ecaa5967403d082aa24f35e1b516d23)  -> (artifact id: '59d531e63b886391cffd4f27fcc67490') in 0.011871 seconds 
Number of asset objects unloaded after import = 1
========================================================================
Received Import Request.
  Time since last request: 0.000022 seconds.
  path: Assets/Animations/Enemy_2/Attack_Left.anim
  artifactKey: Guid(60617889616a9164483106e09e300aff) Importer(2089858483,0ecaa5967403d082aa24f35e1b516d23)
Number of updated assets reloaded before import = 0
Start importing Assets/Animations/Enemy_2/Attack_Left.anim using Guid(60617889616a9164483106e09e300aff) Importer(2089858483,0ecaa5967403d082aa24f35e1b516d23)  -> (artifact id: 'f9855009c92f4f1677cea8034dbff2ad') in 0.011503 seconds 
Number of asset objects unloaded after import = 1
========================================================================
Received Import Request.
  Time since last request: 0.000021 seconds.
  path: Assets/Animations/Enemy_1/Attack_Up.anim
  artifactKey: Guid(ad64acd145e5f334f9366d32d31ce869) Importer(2089858483,0ecaa5967403d082aa24f35e1b516d23)
Number of updated assets reloaded before import = 0
Start importing Assets/Animations/Enemy_1/Attack_Up.anim using Guid(ad64acd145e5f334f9366d32d31ce869) Importer(2089858483,0ecaa5967403d082aa24f35e1b516d23)  -> (artifact id: '9ff35c7bc4afb29913ae4be725a3a715') in 0.012913 seconds 
Number of asset objects unloaded after import = 1
========================================================================
Received Import Request.
  Time since last request: 0.000025 seconds.
  path: Assets/Animations/Gear/Boots_Idle_Back.anim
  artifactKey: Guid(03aa1c727d000d94f9ff172dc561fe6d) Importer(2089858483,0ecaa5967403d082aa24f35e1b516d23)
Number of updated assets reloaded before import = 0
Start importing Assets/Animations/Gear/Boots_Idle_Back.anim using Guid(03aa1c727d000d94f9ff172dc561fe6d) Importer(2089858483,0ecaa5967403d082aa24f35e1b516d23)  -> (artifact id: '84f10f7120f54491b99e1ff9e2a9771e') in 0.012501 seconds 
Number of asset objects unloaded after import = 1
========================================================================
Received Import Request.
  Time since last request: 0.000044 seconds.
  path: Assets/Animations/Gear/Boots_Walk_Left.anim
  artifactKey: Guid(a2583802439910c47a52aa174aeb9854) Importer(2089858483,0ecaa5967403d082aa24f35e1b516d23)
Number of updated assets reloaded before import = 0
Start importing Assets/Animations/Gear/Boots_Walk_Left.anim using Guid(a2583802439910c47a52aa174aeb9854) Importer(2089858483,0ecaa5967403d082aa24f35e1b516d23)  -> (artifact id: '0ec726ed431939bdcf3077908903c67d') in 0.013737 seconds 
Number of asset objects unloaded after import = 1
========================================================================
Received Import Request.
  Time since last request: 0.000035 seconds.
  path: Assets/Animations/Gear/Hat_Walk_Front.anim
  artifactKey: Guid(f27f6669cda9e604d9e22b603813c9cf) Importer(2089858483,0ecaa5967403d082aa24f35e1b516d23)
Number of updated assets reloaded before import = 0
Start importing Assets/Animations/Gear/Hat_Walk_Front.anim using Guid(f27f6669cda9e604d9e22b603813c9cf) Importer(2089858483,0ecaa5967403d082aa24f35e1b516d23)  -> (artifact id: 'c5e1b090bf91880d7205812974c6fe42') in 0.014114 seconds 
Number of asset objects unloaded after import = 1
========================================================================
Received Import Request.
  Time since last request: 0.000023 seconds.
  path: Assets/Animations/Enemy_1/Walk_Down.anim
  artifactKey: Guid(e9e1d11e598fbc4428502fd54da785e1) Importer(2089858483,0ecaa5967403d082aa24f35e1b516d23)
Number of updated assets reloaded before import = 0
Start importing Assets/Animations/Enemy_1/Walk_Down.anim using Guid(e9e1d11e598fbc4428502fd54da785e1) Importer(2089858483,0ecaa5967403d082aa24f35e1b516d23)  -> (artifact id: '78fda9e4099abe233ae509cd7b46f826') in 0.012122 seconds 
Number of asset objects unloaded after import = 1
========================================================================
Received Import Request.
  Time since last request: 0.000023 seconds.
  path: Assets/Animations/Gear/Boots_Walk_Back.anim
  artifactKey: Guid(5ebbf9b334ace2c4b8d80d7e919e9254) Importer(2089858483,0ecaa5967403d082aa24f35e1b516d23)
Number of updated assets reloaded before import = 0
Start importing Assets/Animations/Gear/Boots_Walk_Back.anim using Guid(5ebbf9b334ace2c4b8d80d7e919e9254) Importer(2089858483,0ecaa5967403d082aa24f35e1b516d23)  -> (artifact id: 'c9862c61c9edddfc7c54389c17d68540') in 0.013135 seconds 
Number of asset objects unloaded after import = 1
========================================================================
Received Import Request.
  Time since last request: 0.000030 seconds.
  path: Assets/Animations/Enemy_1/Walk_Right.anim
  artifactKey: Guid(1efbd921c2d147c4196d277964faf2bc) Importer(2089858483,0ecaa5967403d082aa24f35e1b516d23)
Number of updated assets reloaded before import = 0
Start importing Assets/Animations/Enemy_1/Walk_Right.anim using Guid(1efbd921c2d147c4196d277964faf2bc) Importer(2089858483,0ecaa5967403d082aa24f35e1b516d23)  -> (artifact id: '3985708b1c33e3d1d9d2fc6e762bc77e') in 0.012090 seconds 
Number of asset objects unloaded after import = 1
========================================================================
Received Import Request.
  Time since last request: 0.000021 seconds.
  path: Assets/Animations/Gear/Hat_Walk_Left.anim
  artifactKey: Guid(9448febb779447a408c0e5b1b263795a) Importer(2089858483,0ecaa5967403d082aa24f35e1b516d23)
Number of updated assets reloaded before import = 0
Start importing Assets/Animations/Gear/Hat_Walk_Left.anim using Guid(9448febb779447a408c0e5b1b263795a) Importer(2089858483,0ecaa5967403d082aa24f35e1b516d23)  -> (artifact id: 'e030b760e830640d5099c03568f96a00') in 0.011401 seconds 
Number of asset objects unloaded after import = 1
========================================================================
Received Import Request.
  Time since last request: 0.000017 seconds.
  path: Assets/Animations/Enemy_1/Attack_Down.anim
  artifactKey: Guid(0559275448502c14c84118620d1867d7) Importer(2089858483,0ecaa5967403d082aa24f35e1b516d23)
Number of updated assets reloaded before import = 0
Start importing Assets/Animations/Enemy_1/Attack_Down.anim using Guid(0559275448502c14c84118620d1867d7) Importer(2089858483,0ecaa5967403d082aa24f35e1b516d23)  -> (artifact id: '6d4e87049db7d9e849f94e6a88282af6') in 0.014738 seconds 
Number of asset objects unloaded after import = 1
========================================================================
Received Import Request.
  Time since last request: 0.000022 seconds.
  path: Assets/Controllers/EnemyController.controller
  artifactKey: Guid(d8512f1fb6089034f9042076b3b4b7ad) Importer(2089858483,0ecaa5967403d082aa24f35e1b516d23)
Number of updated assets reloaded before import = 0
Start importing Assets/Controllers/EnemyController.controller using Guid(d8512f1fb6089034f9042076b3b4b7ad) Importer(2089858483,0ecaa5967403d082aa24f35e1b516d23)  -> (artifact id: '8c0d6eb6880d0614859f8a5b85edbffa') in 0.015644 seconds 
Number of asset objects unloaded after import = 35
========================================================================
Received Import Request.
  Time since last request: 0.000023 seconds.
  path: Assets/Animations/Enemy_2/Attack_Up.anim
  artifactKey: Guid(69acf14ed8f21444f84f8011babd5213) Importer(2089858483,0ecaa5967403d082aa24f35e1b516d23)
Number of updated assets reloaded before import = 0
Start importing Assets/Animations/Enemy_2/Attack_Up.anim using Guid(69acf14ed8f21444f84f8011babd5213) Importer(2089858483,0ecaa5967403d082aa24f35e1b516d23)  -> (artifact id: '111eecebc889bc1abaf8bb300fe215c3') in 0.010913 seconds 
Number of asset objects unloaded after import = 1
========================================================================
Received Import Request.
  Time since last request: 0.000024 seconds.
  path: Assets/Animations/Gear/Hat_Idle_Right.anim
  artifactKey: Guid(d9da9e7770548bf4c9bd61483b127302) Importer(2089858483,0ecaa5967403d082aa24f35e1b516d23)
Number of updated assets reloaded before import = 0
Start importing Assets/Animations/Gear/Hat_Idle_Right.anim using Guid(d9da9e7770548bf4c9bd61483b127302) Importer(2089858483,0ecaa5967403d082aa24f35e1b516d23)  -> (artifact id: '8ae6451c310a84728782d5ccc677e3e7') in 0.012057 seconds 
Number of asset objects unloaded after import = 1
========================================================================
Received Import Request.
  Time since last request: 0.000024 seconds.
  path: Assets/Animations/Enemy_1/Die_Up.anim
  artifactKey: Guid(f8696a45b4c8023458aa8e7534fbd220) Importer(2089858483,0ecaa5967403d082aa24f35e1b516d23)
Number of updated assets reloaded before import = 0
Start importing Assets/Animations/Enemy_1/Die_Up.anim using Guid(f8696a45b4c8023458aa8e7534fbd220) Importer(2089858483,0ecaa5967403d082aa24f35e1b516d23)  -> (artifact id: '1dffc26b1abd4651a345ed4f0f845161') in 0.012147 seconds 
Number of asset objects unloaded after import = 1
========================================================================
Received Import Request.
  Time since last request: 0.000020 seconds.
  path: Assets/Prefabs/TargetDebuff.prefab
  artifactKey: Guid(615abe6d9cf0017418471c1117a319e6) Importer(2089858483,0ecaa5967403d082aa24f35e1b516d23)
Number of updated assets reloaded before import = 0
Start importing Assets/Prefabs/TargetDebuff.prefab using Guid(615abe6d9cf0017418471c1117a319e6) Importer(2089858483,0ecaa5967403d082aa24f35e1b516d23)  -> (artifact id: 'fc77b45cd765e95d90affa87f49aebaf') in 0.038816 seconds 
Number of asset objects unloaded after import = 13
========================================================================
Received Import Request.
  Time since last request: 0.000024 seconds.
  path: Assets/Animations/Puff.anim
  artifactKey: Guid(db118ee3a70546a418862a460dc0c5d7) Importer(2089858483,0ecaa5967403d082aa24f35e1b516d23)
Number of updated assets reloaded before import = 0
Start importing Assets/Animations/Puff.anim using Guid(db118ee3a70546a418862a460dc0c5d7) Importer(2089858483,0ecaa5967403d082aa24f35e1b516d23)  -> (artifact id: '1d869c075c6210862a7963a7c273ea6f') in 0.011777 seconds 
Number of asset objects unloaded after import = 1
========================================================================
Received Import Request.
  Time since last request: 0.000022 seconds.
  path: Assets/Animations/Gear/Hat_Attack_Back.anim
  artifactKey: Guid(df3118ae5455cf048845cedfff6c917e) Importer(2089858483,0ecaa5967403d082aa24f35e1b516d23)
Number of updated assets reloaded before import = 0
Start importing Assets/Animations/Gear/Hat_Attack_Back.anim using Guid(df3118ae5455cf048845cedfff6c917e) Importer(2089858483,0ecaa5967403d082aa24f35e1b516d23)  -> (artifact id: '24e5853bc97b9518e35481761da51240') in 0.011069 seconds 
Number of asset objects unloaded after import = 1
========================================================================
Received Import Request.
  Time since last request: 0.000029 seconds.
  path: Assets/ScriptTemplates/56-Mirror__Network Discovery-NewNetworkDiscovery.cs.txt
  artifactKey: Guid(04337367db30af3459bf9e9f3f880734) Importer(2089858483,0ecaa5967403d082aa24f35e1b516d23)
Number of updated assets reloaded before import = 0
Start importing Assets/ScriptTemplates/56-Mirror__Network Discovery-NewNetworkDiscovery.cs.txt using Guid(04337367db30af3459bf9e9f3f880734) Importer(2089858483,0ecaa5967403d082aa24f35e1b516d23)  -> (artifact id: '028cb784993101919eff0052180ea554') in 0.015357 seconds 
Number of asset objects unloaded after import = 1
========================================================================
Received Import Request.
  Time since last request: 0.000016 seconds.
  path: Assets/Mirror/version.txt
  artifactKey: Guid(7382df86fc5989f4a9532717ef49e7c8) Importer(2089858483,0ecaa5967403d082aa24f35e1b516d23)
Number of updated assets reloaded before import = 0
Start importing Assets/Mirror/version.txt using Guid(7382df86fc5989f4a9532717ef49e7c8) Importer(2089858483,0ecaa5967403d082aa24f35e1b516d23)  -> (artifact id: '56d122dc61c1313b1f4b7795c6f9e3d4') in 0.015037 seconds 
Number of asset objects unloaded after import = 1
========================================================================
Received Import Request.
  Time since last request: 0.000020 seconds.
  path: Assets/ScriptTemplates/54-Mirror__Custom Interest Management-CustomInterestManagement.cs.txt
  artifactKey: Guid(fc1892bf5b3ab304a9be7b71d05b6ae8) Importer(2089858483,0ecaa5967403d082aa24f35e1b516d23)
Number of updated assets reloaded before import = 0
Start importing Assets/ScriptTemplates/54-Mirror__Custom Interest Management-CustomInterestManagement.cs.txt using Guid(fc1892bf5b3ab304a9be7b71d05b6ae8) Importer(2089858483,0ecaa5967403d082aa24f35e1b516d23)  -> (artifact id: '4ff95a585dcb5a8d96cbda36ed95d5b1') in 0.015665 seconds 
Number of asset objects unloaded after import = 1
========================================================================
Received Import Request.
  Time since last request: 0.000024 seconds.
  path: Assets/Animations/Enemy_1/Idle_Down.anim
  artifactKey: Guid(9191a19cf22f8b947828f8b8a45d2021) Importer(2089858483,0ecaa5967403d082aa24f35e1b516d23)
Number of updated assets reloaded before import = 0
Start importing Assets/Animations/Enemy_1/Idle_Down.anim using Guid(9191a19cf22f8b947828f8b8a45d2021) Importer(2089858483,0ecaa5967403d082aa24f35e1b516d23)  -> (artifact id: 'be63cc040053d814e7c1c47bd5b5c868') in 0.012285 seconds 
Number of asset objects unloaded after import = 1
========================================================================
Received Import Request.
  Time since last request: 0.000017 seconds.
  path: Assets/Animations/Enemy_2/Die_Left.anim
  artifactKey: Guid(8acbf0307b9e1a74789b6b3192f2ecb7) Importer(2089858483,0ecaa5967403d082aa24f35e1b516d23)
Number of updated assets reloaded before import = 0
Start importing Assets/Animations/Enemy_2/Die_Left.anim using Guid(8acbf0307b9e1a74789b6b3192f2ecb7) Importer(2089858483,0ecaa5967403d082aa24f35e1b516d23)  -> (artifact id: '353f87abb97d6b279173f075431fb0ec') in 0.010155 seconds 
Number of asset objects unloaded after import = 1
========================================================================
Received Import Request.
  Time since last request: 0.000021 seconds.
  path: Assets/ScriptTemplates/52-Mirror__Network Authenticator-NewNetworkAuthenticator.cs.txt
  artifactKey: Guid(12dc04aca2d89f744bef5a65622ba708) Importer(2089858483,0ecaa5967403d082aa24f35e1b516d23)
Number of updated assets reloaded before import = 0
Start importing Assets/ScriptTemplates/52-Mirror__Network Authenticator-NewNetworkAuthenticator.cs.txt using Guid(12dc04aca2d89f744bef5a65622ba708) Importer(2089858483,0ecaa5967403d082aa24f35e1b516d23)  -> (artifact id: '0c87776b8cd64b36806cd093afc29537') in 0.015197 seconds 
Number of asset objects unloaded after import = 1
========================================================================
Received Import Request.
  Time since last request: 0.000025 seconds.
  path: Assets/Animations/Gear/Hat_Idle_Left.anim
  artifactKey: Guid(4bfd0521f2be413429958a9ee969cd48) Importer(2089858483,0ecaa5967403d082aa24f35e1b516d23)
Number of updated assets reloaded before import = 0
Start importing Assets/Animations/Gear/Hat_Idle_Left.anim using Guid(4bfd0521f2be413429958a9ee969cd48) Importer(2089858483,0ecaa5967403d082aa24f35e1b516d23)  -> (artifact id: '93ef46724da6ecc5a6358cc00eb29597') in 0.015130 seconds 
Number of asset objects unloaded after import = 1
========================================================================
Received Import Request.
  Time since last request: 0.000022 seconds.
  path: Assets/Animations/Enemy_1/Idle_Right.anim
  artifactKey: Guid(a834c3cd1da8b70489d5c9916f615726) Importer(2089858483,0ecaa5967403d082aa24f35e1b516d23)
Number of updated assets reloaded before import = 0
Start importing Assets/Animations/Enemy_1/Idle_Right.anim using Guid(a834c3cd1da8b70489d5c9916f615726) Importer(2089858483,0ecaa5967403d082aa24f35e1b516d23)  -> (artifact id: '4cb1129e8463b65a312a317d38a1428c') in 0.012727 seconds 
Number of asset objects unloaded after import = 1
========================================================================
Received Import Request.
  Time since last request: 0.000021 seconds.
  path: Assets/Animations/Enemy_2/Walk_Left.anim
  artifactKey: Guid(21c93e8336688804dac2b8a3ca48b869) Importer(2089858483,0ecaa5967403d082aa24f35e1b516d23)
Number of updated assets reloaded before import = 0
Start importing Assets/Animations/Enemy_2/Walk_Left.anim using Guid(21c93e8336688804dac2b8a3ca48b869) Importer(2089858483,0ecaa5967403d082aa24f35e1b516d23)  -> (artifact id: 'c4fe096a11c7b214d667943effb61501') in 0.019044 seconds 
Number of asset objects unloaded after import = 1
========================================================================
Received Import Request.
  Time since last request: 0.000021 seconds.
  path: Assets/AssetStoreTools/AS_Checklist.asset
  artifactKey: Guid(e94c48c0a23db904a9a253be53c45374) Importer(2089858483,0ecaa5967403d082aa24f35e1b516d23)
Number of updated assets reloaded before import = 0
Start importing Assets/AssetStoreTools/AS_Checklist.asset using Guid(e94c48c0a23db904a9a253be53c45374) Importer(2089858483,0ecaa5967403d082aa24f35e1b516d23)  -> (artifact id: '92b5f9af8d0a57f81066382f1a0fb7d4') in 0.030411 seconds 
Number of asset objects unloaded after import = 21
========================================================================
Received Import Request.
  Time since last request: 0.000024 seconds.
  path: Assets/Animations/Enemy_2/Die_Up.anim
  artifactKey: Guid(932b13b10fa8ce04b9dc81485581cf08) Importer(2089858483,0ecaa5967403d082aa24f35e1b516d23)
Number of updated assets reloaded before import = 0
Start importing Assets/Animations/Enemy_2/Die_Up.anim using Guid(932b13b10fa8ce04b9dc81485581cf08) Importer(2089858483,0ecaa5967403d082aa24f35e1b516d23)  -> (artifact id: '17f630528f030b0b821c8c98eb0eea3b') in 0.012116 seconds 
Number of asset objects unloaded after import = 1
========================================================================
Received Import Request.
  Time since last request: 0.000018 seconds.
  path: Assets/Resources/ArmorDatabase.asset
  artifactKey: Guid(c21460e9861147afb5bf34772af38688) Importer(2089858483,0ecaa5967403d082aa24f35e1b516d23)
Number of updated assets reloaded before import = 0
Start importing Assets/Resources/ArmorDatabase.asset using Guid(c21460e9861147afb5bf34772af38688) Importer(2089858483,0ecaa5967403d082aa24f35e1b516d23)  -> (artifact id: '7458f2885009e11b42d030b65be355f6') in 0.032750 seconds 
Number of asset objects unloaded after import = 96
========================================================================
Received Import Request.
  Time since last request: 1.164939 seconds.
  path: Assets/Animations/Gear/Hat_Walk_Right.anim
  artifactKey: Guid(7718fc1194f95f240b1c4998c4585396) Importer(2089858483,0ecaa5967403d082aa24f35e1b516d23)
Number of updated assets reloaded before import = 0
Start importing Assets/Animations/Gear/Hat_Walk_Right.anim using Guid(7718fc1194f95f240b1c4998c4585396) Importer(2089858483,0ecaa5967403d082aa24f35e1b516d23)  -> (artifact id: '43020651bdfdb4b114307128dd54bf93') in 0.011534 seconds 
Number of asset objects unloaded after import = 1
========================================================================
Received Import Request.
  Time since last request: 0.000018 seconds.
  path: Assets/Animations/Player/Wizard_Idle_Right.anim
  artifactKey: Guid(5f98dcf6855d8944fb3b4e0ae2201fd2) Importer(2089858483,0ecaa5967403d082aa24f35e1b516d23)
Number of updated assets reloaded before import = 0
Start importing Assets/Animations/Player/Wizard_Idle_Right.anim using Guid(5f98dcf6855d8944fb3b4e0ae2201fd2) Importer(2089858483,0ecaa5967403d082aa24f35e1b516d23)  -> (artifact id: '6ead7df4e4b2604f901df644f3c00bb8') in 0.011310 seconds 
Number of asset objects unloaded after import = 1
========================================================================
Received Import Request.
  Time since last request: 0.000018 seconds.
  path: Assets/Mirror/Core/Messages.cs
  artifactKey: Guid(938f6f28a6c5b48a0bbd7782342d763b) Importer(2089858483,0ecaa5967403d082aa24f35e1b516d23)
Number of updated assets reloaded before import = 0
Start importing Assets/Mirror/Core/Messages.cs using Guid(938f6f28a6c5b48a0bbd7782342d763b) Importer(2089858483,0ecaa5967403d082aa24f35e1b516d23)  -> (artifact id: '14aa08b41fb5d60f4f765b6a67c2364f') in 0.013446 seconds 
Number of asset objects unloaded after import = 1
========================================================================
Received Import Request.
  Time since last request: 0.000021 seconds.
  path: Assets/Animations/Gear/Pants_Attack_Front.anim
  artifactKey: Guid(594f5fe2245d56f44b0c861dd772fc85) Importer(2089858483,0ecaa5967403d082aa24f35e1b516d23)
Number of updated assets reloaded before import = 0
Start importing Assets/Animations/Gear/Pants_Attack_Front.anim using Guid(594f5fe2245d56f44b0c861dd772fc85) Importer(2089858483,0ecaa5967403d082aa24f35e1b516d23)  -> (artifact id: 'ea52a4e35ceb296e61a0697fbca9eb32') in 0.012210 seconds 
Number of asset objects unloaded after import = 1
========================================================================
Received Import Request.
  Time since last request: 0.000020 seconds.
  path: Assets/Mirror/Core/ConnectionQuality.cs
  artifactKey: Guid(ff663b880e33e4606b545c8b497041c2) Importer(2089858483,0ecaa5967403d082aa24f35e1b516d23)
Number of updated assets reloaded before import = 0
Start importing Assets/Mirror/Core/ConnectionQuality.cs using Guid(ff663b880e33e4606b545c8b497041c2) Importer(2089858483,0ecaa5967403d082aa24f35e1b516d23)  -> (artifact id: '560f5884a366687d78c163acb16d9497') in 0.012112 seconds 
Number of asset objects unloaded after import = 1
========================================================================
Received Import Request.
  Time since last request: 0.000026 seconds.
  path: Assets/Animations/Gear/Weapon_Attack_Back.anim
  artifactKey: Guid(0d5eec8e044128145a119b928d2e241a) Importer(2089858483,0ecaa5967403d082aa24f35e1b516d23)
Number of updated assets reloaded before import = 0
Start importing Assets/Animations/Gear/Weapon_Attack_Back.anim using Guid(0d5eec8e044128145a119b928d2e241a) Importer(2089858483,0ecaa5967403d082aa24f35e1b516d23)  -> (artifact id: 'a2ae98dce0a68ec9f7b3ad1ea8b701d0') in 0.012188 seconds 
Number of asset objects unloaded after import = 1
========================================================================
Received Import Request.
  Time since last request: 0.000029 seconds.
  path: Assets/Animations/Gear/Shoulders_Attack_Front.anim
  artifactKey: Guid(52be91e5e4cbfbe41b16735d0859c021) Importer(2089858483,0ecaa5967403d082aa24f35e1b516d23)
Number of updated assets reloaded before import = 0
Start importing Assets/Animations/Gear/Shoulders_Attack_Front.anim using Guid(52be91e5e4cbfbe41b16735d0859c021) Importer(2089858483,0ecaa5967403d082aa24f35e1b516d23)  -> (artifact id: 'f82b6cab891904563723b456ec888833') in 0.012662 seconds 
Number of asset objects unloaded after import = 1
========================================================================
Received Import Request.
  Time since last request: 0.000022 seconds.
  path: Assets/Mirror/Core/Mirror.asmdef
  artifactKey: Guid(30817c1a0e6d646d99c048fc403f5979) Importer(2089858483,0ecaa5967403d082aa24f35e1b516d23)
Number of updated assets reloaded before import = 0
Start importing Assets/Mirror/Core/Mirror.asmdef using Guid(30817c1a0e6d646d99c048fc403f5979) Importer(2089858483,0ecaa5967403d082aa24f35e1b516d23)  -> (artifact id: 'c086ea481ddae77b2f733558ee2ce913') in 0.017067 seconds 
Number of asset objects unloaded after import = 1
========================================================================
Received Import Request.
  Time since last request: 0.000018 seconds.
  path: Assets/Animations/Player/Wizard_Idle_Back.anim
  artifactKey: Guid(7a3717e5f440c1d4196b40638e43ac34) Importer(2089858483,0ecaa5967403d082aa24f35e1b516d23)
Number of updated assets reloaded before import = 0
Start importing Assets/Animations/Player/Wizard_Idle_Back.anim using Guid(7a3717e5f440c1d4196b40638e43ac34) Importer(2089858483,0ecaa5967403d082aa24f35e1b516d23)  -> (artifact id: 'f1eef658413c0d45e81302c308e3e17c') in 0.013062 seconds 
Number of asset objects unloaded after import = 1
========================================================================
Received Import Request.
  Time since last request: 0.000018 seconds.
  path: Assets/Animations/Gear/Weapon_Attack_Right.anim
  artifactKey: Guid(350f91af2e6f4f4458f2c7c7f6c753bd) Importer(2089858483,0ecaa5967403d082aa24f35e1b516d23)
Number of updated assets reloaded before import = 0
Start importing Assets/Animations/Gear/Weapon_Attack_Right.anim using Guid(350f91af2e6f4f4458f2c7c7f6c753bd) Importer(2089858483,0ecaa5967403d082aa24f35e1b516d23)  -> (artifact id: '525b4c216ba9b496b31b1c224f838f64') in 0.011496 seconds 
Number of asset objects unloaded after import = 1
========================================================================
Received Import Request.
  Time since last request: 0.000022 seconds.
  path: Assets/Animations/Gear/Robe_Walk_Left.anim
  artifactKey: Guid(53fe075fe56e07f48b7637d9c65393cd) Importer(2089858483,0ecaa5967403d082aa24f35e1b516d23)
Number of updated assets reloaded before import = 0
Start importing Assets/Animations/Gear/Robe_Walk_Left.anim using Guid(53fe075fe56e07f48b7637d9c65393cd) Importer(2089858483,0ecaa5967403d082aa24f35e1b516d23)  -> (artifact id: '3f5381732f200b45c2f30465a90dfeb7') in 0.011375 seconds 
Number of asset objects unloaded after import = 1
========================================================================
Received Import Request.
  Time since last request: 0.000022 seconds.
  path: Assets/Animations/Gear/Pants_Walk_Front.anim
  artifactKey: Guid(1937f0d53a2455b4387b10e57dad1629) Importer(2089858483,0ecaa5967403d082aa24f35e1b516d23)
Number of updated assets reloaded before import = 0
Start importing Assets/Animations/Gear/Pants_Walk_Front.anim using Guid(1937f0d53a2455b4387b10e57dad1629) Importer(2089858483,0ecaa5967403d082aa24f35e1b516d23)  -> (artifact id: '6af847e7abd77c78b07c87107eaecfd4') in 0.011709 seconds 
Number of asset objects unloaded after import = 1
========================================================================
Received Import Request.
  Time since last request: 0.000020 seconds.
  path: Assets/Animations/Gear/Robe_Attack_Right.anim
  artifactKey: Guid(d3da72e4db888b54fa916f5cf9e518f5) Importer(2089858483,0ecaa5967403d082aa24f35e1b516d23)
Number of updated assets reloaded before import = 0
Start importing Assets/Animations/Gear/Robe_Attack_Right.anim using Guid(d3da72e4db888b54fa916f5cf9e518f5) Importer(2089858483,0ecaa5967403d082aa24f35e1b516d23)  -> (artifact id: '13dece3a3de654cd2c25bbd39681381d') in 0.012259 seconds 
Number of asset objects unloaded after import = 1
========================================================================
Received Import Request.
  Time since last request: 0.000024 seconds.
  path: Assets/Animations/Gear/Weapon_Walk_Left.anim
  artifactKey: Guid(49ec5cd7322d9014392f689e930690f9) Importer(2089858483,0ecaa5967403d082aa24f35e1b516d23)
Number of updated assets reloaded before import = 0
Start importing Assets/Animations/Gear/Weapon_Walk_Left.anim using Guid(49ec5cd7322d9014392f689e930690f9) Importer(2089858483,0ecaa5967403d082aa24f35e1b516d23)  -> (artifact id: 'aaeb86b7113ff3b5167b73306444e2ea') in 0.013547 seconds 
Number of asset objects unloaded after import = 1
========================================================================
Received Import Request.
  Time since last request: 0.000019 seconds.
  path: Assets/Mirror/Components/GUIConsole.cs
  artifactKey: Guid(9021b6cc314944290986ab6feb48db79) Importer(2089858483,0ecaa5967403d082aa24f35e1b516d23)
Number of updated assets reloaded before import = 0
Start importing Assets/Mirror/Components/GUIConsole.cs using Guid(9021b6cc314944290986ab6feb48db79) Importer(2089858483,0ecaa5967403d082aa24f35e1b516d23)  -> (artifact id: '3598e8559c97d8098c80f0764ec4d513') in 0.013029 seconds 
Number of asset objects unloaded after import = 1
========================================================================
Received Import Request.
  Time since last request: 0.000025 seconds.
  path: Assets/Animations/Gear/Weapon_Attack_Front.anim
  artifactKey: Guid(85f6a1cd60763714f96fd5fb87c9a171) Importer(2089858483,0ecaa5967403d082aa24f35e1b516d23)
Number of updated assets reloaded before import = 0
Start importing Assets/Animations/Gear/Weapon_Attack_Front.anim using Guid(85f6a1cd60763714f96fd5fb87c9a171) Importer(2089858483,0ecaa5967403d082aa24f35e1b516d23)  -> (artifact id: '6a39db2274859c24beb3c2cb6fe67419') in 0.013560 seconds 
Number of asset objects unloaded after import = 1
========================================================================
Received Import Request.
  Time since last request: 0.000022 seconds.
  path: Assets/Animations/Player/Wizard_Walk_Left.anim
  artifactKey: Guid(814d63e37cd148f4a8c19e0c5ea0feb1) Importer(2089858483,0ecaa5967403d082aa24f35e1b516d23)
Number of updated assets reloaded before import = 0
Start importing Assets/Animations/Player/Wizard_Walk_Left.anim using Guid(814d63e37cd148f4a8c19e0c5ea0feb1) Importer(2089858483,0ecaa5967403d082aa24f35e1b516d23)  -> (artifact id: '8f286711e2524d0c06c13f7bba9f99e2') in 0.019134 seconds 
Number of asset objects unloaded after import = 1
========================================================================
Received Import Request.
  Time since last request: 0.000027 seconds.
  path: Assets/Mirror/Components/RemoteStatistics.cs
  artifactKey: Guid(ba360e4ff6b44fc6898f56322b90c6c8) Importer(2089858483,0ecaa5967403d082aa24f35e1b516d23)
Number of updated assets reloaded before import = 0
Start importing Assets/Mirror/Components/RemoteStatistics.cs using Guid(ba360e4ff6b44fc6898f56322b90c6c8) Importer(2089858483,0ecaa5967403d082aa24f35e1b516d23)  -> (artifact id: 'e9386acb9ca717e504740ef04062ef6a') in 0.014637 seconds 
Number of asset objects unloaded after import = 1
========================================================================
Received Import Request.
  Time since last request: 0.000050 seconds.
  path: Assets/Animations/Player/Wizard_Attack_Left.anim
  artifactKey: Guid(9427c8e7922404a4ea1b211d22165de1) Importer(2089858483,0ecaa5967403d082aa24f35e1b516d23)
Number of updated assets reloaded before import = 0
Start importing Assets/Animations/Player/Wizard_Attack_Left.anim using Guid(9427c8e7922404a4ea1b211d22165de1) Importer(2089858483,0ecaa5967403d082aa24f35e1b516d23)  -> (artifact id: 'caef44b5f5beb484f5ced32d53b486d0') in 0.013286 seconds 
Number of asset objects unloaded after import = 1
========================================================================
Received Import Request.
  Time since last request: 0.000022 seconds.
  path: Assets/Animations/Player/Wizard_Attack_Front.anim
  artifactKey: Guid(b7f31ca58a409f14f84e5034dcd2afba) Importer(2089858483,0ecaa5967403d082aa24f35e1b516d23)
Number of updated assets reloaded before import = 0
Start importing Assets/Animations/Player/Wizard_Attack_Front.anim using Guid(b7f31ca58a409f14f84e5034dcd2afba) Importer(2089858483,0ecaa5967403d082aa24f35e1b516d23)  -> (artifact id: 'b16c1be12495578b125c7102040eb900') in 0.011990 seconds 
Number of asset objects unloaded after import = 1
========================================================================
Received Import Request.
  Time since last request: 0.000020 seconds.
  path: Assets/Animations/Gear/Pants_Attack_Right.anim
  artifactKey: Guid(54f1902cbf2311643b87d56776d033d4) Importer(2089858483,0ecaa5967403d082aa24f35e1b516d23)
Number of updated assets reloaded before import = 0
Start importing Assets/Animations/Gear/Pants_Attack_Right.anim using Guid(54f1902cbf2311643b87d56776d033d4) Importer(2089858483,0ecaa5967403d082aa24f35e1b516d23)  -> (artifact id: 'f6171a1f5ca8eadc7075271a2e2b5bb6') in 0.012629 seconds 
Number of asset objects unloaded after import = 1
========================================================================
Received Import Request.
  Time since last request: 0.000031 seconds.
  path: Assets/Animations/Gear/Pants_Walk_Back.anim
  artifactKey: Guid(8bb6f701214a9bd468a982c367ee4205) Importer(2089858483,0ecaa5967403d082aa24f35e1b516d23)
Number of updated assets reloaded before import = 0
Start importing Assets/Animations/Gear/Pants_Walk_Back.anim using Guid(8bb6f701214a9bd468a982c367ee4205) Importer(2089858483,0ecaa5967403d082aa24f35e1b516d23)  -> (artifact id: '80443f42c96f716542f899ccfcb31759') in 0.014548 seconds 
Number of asset objects unloaded after import = 1
========================================================================
Received Import Request.
  Time since last request: 0.000017 seconds.
  path: Assets/Animations/Gear/Shoulders_Attack_Right.anim
  artifactKey: Guid(4ead1810bd2f3e742a19da54c1ea574a) Importer(2089858483,0ecaa5967403d082aa24f35e1b516d23)
Number of updated assets reloaded before import = 0
Start importing Assets/Animations/Gear/Shoulders_Attack_Right.anim using Guid(4ead1810bd2f3e742a19da54c1ea574a) Importer(2089858483,0ecaa5967403d082aa24f35e1b516d23)  -> (artifact id: 'a2b8f4d82c7cd1d6d4efb737a2794925') in 0.015516 seconds 
Number of asset objects unloaded after import = 1
========================================================================
Received Import Request.
  Time since last request: 0.000019 seconds.
  path: Assets/Animations/Gear/Weapon_Walk_Front.anim
  artifactKey: Guid(8d6faa500329fd046935173b09e0297f) Importer(2089858483,0ecaa5967403d082aa24f35e1b516d23)
Number of updated assets reloaded before import = 0
Start importing Assets/Animations/Gear/Weapon_Walk_Front.anim using Guid(8d6faa500329fd046935173b09e0297f) Importer(2089858483,0ecaa5967403d082aa24f35e1b516d23)  -> (artifact id: 'dc56769679bf48f3c24bb3dba29ad7e2') in 0.014192 seconds 
Number of asset objects unloaded after import = 1
========================================================================
Received Import Request.
  Time since last request: 0.000023 seconds.
  path: Assets/Animations/Gear/Weapon_Idle_Front.anim
  artifactKey: Guid(b41dc365102e9b14e8ee40671378c67f) Importer(2089858483,0ecaa5967403d082aa24f35e1b516d23)
Number of updated assets reloaded before import = 0
Start importing Assets/Animations/Gear/Weapon_Idle_Front.anim using Guid(b41dc365102e9b14e8ee40671378c67f) Importer(2089858483,0ecaa5967403d082aa24f35e1b516d23)  -> (artifact id: '86510226dfbda4c3bc1d008a6ba46961') in 0.014743 seconds 
Number of asset objects unloaded after import = 1
========================================================================
Received Import Request.
  Time since last request: 0.000017 seconds.
  path: Assets/Animations/Gear/Robe_Walk_Right.anim
  artifactKey: Guid(02cb1bbb8c3515f43bd2734bbbbc30ed) Importer(2089858483,0ecaa5967403d082aa24f35e1b516d23)
Number of updated assets reloaded before import = 0
Start importing Assets/Animations/Gear/Robe_Walk_Right.anim using Guid(02cb1bbb8c3515f43bd2734bbbbc30ed) Importer(2089858483,0ecaa5967403d082aa24f35e1b516d23)  -> (artifact id: 'ec5263e28cad6dd13b4f82c2d90c9b79') in 0.011244 seconds 
Number of asset objects unloaded after import = 1
========================================================================
Received Import Request.
  Time since last request: 0.000022 seconds.
  path: Assets/Animations/TileAssets/sand_tile.asset
  artifactKey: Guid(6f3f0ad864d27354fa40553ae0906339) Importer(2089858483,0ecaa5967403d082aa24f35e1b516d23)
Number of updated assets reloaded before import = 0
Start importing Assets/Animations/TileAssets/sand_tile.asset using Guid(6f3f0ad864d27354fa40553ae0906339) Importer(2089858483,0ecaa5967403d082aa24f35e1b516d23)  -> (artifact id: '0a7aecf2ea61bfb5cce116ed48f20b83') in 0.012375 seconds 
Number of asset objects unloaded after import = 3
========================================================================
Received Import Request.
  Time since last request: 0.000030 seconds.
  path: Assets/Animations/Gear/Robe_Walk_Back.anim
  artifactKey: Guid(c59470ed4d8508c40a43895001969b07) Importer(2089858483,0ecaa5967403d082aa24f35e1b516d23)
Number of updated assets reloaded before import = 0
Start importing Assets/Animations/Gear/Robe_Walk_Back.anim using Guid(c59470ed4d8508c40a43895001969b07) Importer(2089858483,0ecaa5967403d082aa24f35e1b516d23)  -> (artifact id: 'c2d872df6bc0a937277a10ea18db620d') in 0.011706 seconds 
Number of asset objects unloaded after import = 1
========================================================================
Received Import Request.
  Time since last request: 0.000022 seconds.
  path: Assets/Animations/Gear/Robe_Idle_Front.anim
  artifactKey: Guid(a303a98e48d603c4093331faa3c660cc) Importer(2089858483,0ecaa5967403d082aa24f35e1b516d23)
Number of updated assets reloaded before import = 0
Start importing Assets/Animations/Gear/Robe_Idle_Front.anim using Guid(a303a98e48d603c4093331faa3c660cc) Importer(2089858483,0ecaa5967403d082aa24f35e1b516d23)  -> (artifact id: '60266f52af56ce157a05a84a5b2c8bce') in 0.014237 seconds 
Number of asset objects unloaded after import = 1
========================================================================
Received Import Request.
  Time since last request: 0.000039 seconds.
  path: Assets/Mirror/Core/Attributes.cs
  artifactKey: Guid(c04c722ee2ffd49c8a56ab33667b10b0) Importer(2089858483,0ecaa5967403d082aa24f35e1b516d23)
Number of updated assets reloaded before import = 0
Start importing Assets/Mirror/Core/Attributes.cs using Guid(c04c722ee2ffd49c8a56ab33667b10b0) Importer(2089858483,0ecaa5967403d082aa24f35e1b516d23)  -> (artifact id: 'a98d8bdf300a54a58885b1be7b1ca140') in 0.012548 seconds 
Number of asset objects unloaded after import = 1
========================================================================
Received Import Request.
  Time since last request: 0.000020 seconds.
  path: Assets/Mirror/Components/NetworkDiagnosticsDebugger.cs
  artifactKey: Guid(bc9f0a0fe4124424b8f9d4927795ee01) Importer(2089858483,0ecaa5967403d082aa24f35e1b516d23)
Number of updated assets reloaded before import = 0
Start importing Assets/Mirror/Components/NetworkDiagnosticsDebugger.cs using Guid(bc9f0a0fe4124424b8f9d4927795ee01) Importer(2089858483,0ecaa5967403d082aa24f35e1b516d23)  -> (artifact id: '494915d52a2af86726a8140b6f545b64') in 0.014745 seconds 
Number of asset objects unloaded after import = 1
========================================================================
Received Import Request.
  Time since last request: 0.000028 seconds.
  path: Assets/Animations/Gear/Pants_Walk_Right.anim
  artifactKey: Guid(332f3bbcf79ed2f4197bee4fc58ce7d8) Importer(2089858483,0ecaa5967403d082aa24f35e1b516d23)
Number of updated assets reloaded before import = 0
Start importing Assets/Animations/Gear/Pants_Walk_Right.anim using Guid(332f3bbcf79ed2f4197bee4fc58ce7d8) Importer(2089858483,0ecaa5967403d082aa24f35e1b516d23)  -> (artifact id: 'dc0a157ea9e1850d6dda3471ed861a6e') in 0.011730 seconds 
Number of asset objects unloaded after import = 1
========================================================================
Received Import Request.
  Time since last request: 0.000021 seconds.
  path: Assets/Animations/Gear/Shoulders_Idle_Left.anim
  artifactKey: Guid(3245fbc620c76774cb2aa5cd929648a5) Importer(2089858483,0ecaa5967403d082aa24f35e1b516d23)
Number of updated assets reloaded before import = 0
Start importing Assets/Animations/Gear/Shoulders_Idle_Left.anim using Guid(3245fbc620c76774cb2aa5cd929648a5) Importer(2089858483,0ecaa5967403d082aa24f35e1b516d23)  -> (artifact id: '714b6566ff5df18b5c077cafaec7f557') in 0.013146 seconds 
Number of asset objects unloaded after import = 1
========================================================================
Received Import Request.
  Time since last request: 0.000018 seconds.
  path: Assets/Animations/Gear/Weapon_Walk_Right.anim
  artifactKey: Guid(a41b77f49d7172a4389e21904029dfcd) Importer(2089858483,0ecaa5967403d082aa24f35e1b516d23)
Number of updated assets reloaded before import = 0
Start importing Assets/Animations/Gear/Weapon_Walk_Right.anim using Guid(a41b77f49d7172a4389e21904029dfcd) Importer(2089858483,0ecaa5967403d082aa24f35e1b516d23)  -> (artifact id: '11fd774c60f4d78c23b8761858f15234') in 0.013178 seconds 
Number of asset objects unloaded after import = 1
========================================================================
Received Import Request.
  Time since last request: 0.000024 seconds.
  path: Assets/Animations/Player/Wizard_Walk_Right.anim
  artifactKey: Guid(a3ba1c6dcac535e4e856626af0d3dcd3) Importer(2089858483,0ecaa5967403d082aa24f35e1b516d23)
Number of updated assets reloaded before import = 0
Start importing Assets/Animations/Player/Wizard_Walk_Right.anim using Guid(a3ba1c6dcac535e4e856626af0d3dcd3) Importer(2089858483,0ecaa5967403d082aa24f35e1b516d23)  -> (artifact id: '6055b6c67ee1573b9afa579673b8c997') in 0.014860 seconds 
Number of asset objects unloaded after import = 1
========================================================================
Received Import Request.
  Time since last request: 0.000024 seconds.
  path: Assets/Mirror/Core/InterestManagement.cs
  artifactKey: Guid(41d809934003479f97e992eebb7ed6af) Importer(2089858483,0ecaa5967403d082aa24f35e1b516d23)
Number of updated assets reloaded before import = 0
Start importing Assets/Mirror/Core/InterestManagement.cs using Guid(41d809934003479f97e992eebb7ed6af) Importer(2089858483,0ecaa5967403d082aa24f35e1b516d23)  -> (artifact id: '2984a9a2a659621f49cc36e042d4278b') in 0.012738 seconds 
Number of asset objects unloaded after import = 1
========================================================================
Received Import Request.
  Time since last request: 0.000044 seconds.
  path: Assets/Animations/TileAssets/TreeTile.asset
  artifactKey: Guid(a84e4db651e344640bd3c8cab632f4c7) Importer(2089858483,0ecaa5967403d082aa24f35e1b516d23)
Number of updated assets reloaded before import = 0
Start importing Assets/Animations/TileAssets/TreeTile.asset using Guid(a84e4db651e344640bd3c8cab632f4c7) Importer(2089858483,0ecaa5967403d082aa24f35e1b516d23)  -> (artifact id: '1f8b3bd9121ab0bc2cebfab613771d95') in 0.021963 seconds 
Number of asset objects unloaded after import = 29
========================================================================
Received Import Request.
  Time since last request: 0.000028 seconds.
  path: Assets/Mirror/Core/NetworkAuthenticator.cs
  artifactKey: Guid(407fc95d4a8257f448799f26cdde0c2a) Importer(2089858483,0ecaa5967403d082aa24f35e1b516d23)
Number of updated assets reloaded before import = 0
Start importing Assets/Mirror/Core/NetworkAuthenticator.cs using Guid(407fc95d4a8257f448799f26cdde0c2a) Importer(2089858483,0ecaa5967403d082aa24f35e1b516d23)  -> (artifact id: 'e063303437d8018936e9a574e0139a95') in 0.013723 seconds 
Number of asset objects unloaded after import = 1
========================================================================
Received Import Request.
  Time since last request: 0.000026 seconds.
  path: Assets/Mirror/Components/NetworkRoomManager.cs
  artifactKey: Guid(615e6c6589cf9e54cad646b5a11e0529) Importer(2089858483,0ecaa5967403d082aa24f35e1b516d23)
Number of updated assets reloaded before import = 0
Start importing Assets/Mirror/Components/NetworkRoomManager.cs using Guid(615e6c6589cf9e54cad646b5a11e0529) Importer(2089858483,0ecaa5967403d082aa24f35e1b516d23)  -> (artifact id: '3866844592c61f96faf37ca3437c39f5') in 0.012022 seconds 
Number of asset objects unloaded after import = 1
========================================================================
Received Import Request.
  Time since last request: 0.000028 seconds.
  path: Assets/Mirror/Core/LocalConnectionToServer.cs
  artifactKey: Guid(cdfff390c3504158a269e8b8662e2a40) Importer(2089858483,0ecaa5967403d082aa24f35e1b516d23)
Number of updated assets reloaded before import = 0
Start importing Assets/Mirror/Core/LocalConnectionToServer.cs using Guid(cdfff390c3504158a269e8b8662e2a40) Importer(2089858483,0ecaa5967403d082aa24f35e1b516d23)  -> (artifact id: 'b6827d6633b97236d5ee70dc4e0100ba') in 0.015194 seconds 
Number of asset objects unloaded after import = 1
========================================================================
Received Import Request.
  Time since last request: 0.000024 seconds.
  path: Assets/Mirror/Components/Mirror.Components.asmdef
  artifactKey: Guid(72872094b21c16e48b631b2224833d49) Importer(2089858483,0ecaa5967403d082aa24f35e1b516d23)
Number of updated assets reloaded before import = 0
Start importing Assets/Mirror/Components/Mirror.Components.asmdef using Guid(72872094b21c16e48b631b2224833d49) Importer(2089858483,0ecaa5967403d082aa24f35e1b516d23)  -> (artifact id: '50b3efb6cf0e6cf47646ec5c69474dbb') in 0.018804 seconds 
Number of asset objects unloaded after import = 1
========================================================================
Received Import Request.
  Time since last request: 0.000023 seconds.
  path: Assets/Animations/Gear/Shoulders_Idle_Right.anim
  artifactKey: Guid(59e4e6858fe66c94e92e1297cb98b352) Importer(2089858483,0ecaa5967403d082aa24f35e1b516d23)
Number of updated assets reloaded before import = 0
Start importing Assets/Animations/Gear/Shoulders_Idle_Right.anim using Guid(59e4e6858fe66c94e92e1297cb98b352) Importer(2089858483,0ecaa5967403d082aa24f35e1b516d23)  -> (artifact id: '477139423b01062feadd27b8c430ea7d') in 0.014082 seconds 
Number of asset objects unloaded after import = 1
========================================================================
Received Import Request.
  Time since last request: 0.000028 seconds.
  path: Assets/Animations/Gear/Weapon_Idle_Back.anim
  artifactKey: Guid(3283fe82c032eb242b02d802f3734950) Importer(2089858483,0ecaa5967403d082aa24f35e1b516d23)
Number of updated assets reloaded before import = 0
Start importing Assets/Animations/Gear/Weapon_Idle_Back.anim using Guid(3283fe82c032eb242b02d802f3734950) Importer(2089858483,0ecaa5967403d082aa24f35e1b516d23)  -> (artifact id: 'e6ef11b4bcd24a68ac4e309e777e697b') in 0.015147 seconds 
Number of asset objects unloaded after import = 1
========================================================================
Received Import Request.
  Time since last request: 0.000030 seconds.
  path: Assets/Mirror/CompilerSymbols/Mirror.CompilerSymbols.asmdef
  artifactKey: Guid(325984b52e4128546bc7558552f8b1d2) Importer(2089858483,0ecaa5967403d082aa24f35e1b516d23)
Number of updated assets reloaded before import = 0
Start importing Assets/Mirror/CompilerSymbols/Mirror.CompilerSymbols.asmdef using Guid(325984b52e4128546bc7558552f8b1d2) Importer(2089858483,0ecaa5967403d082aa24f35e1b516d23)  -> (artifact id: '51c508c0953584abbc014f7b99bcaa12') in 0.018114 seconds 
Number of asset objects unloaded after import = 1
========================================================================
Received Import Request.
  Time since last request: 0.000023 seconds.
  path: Assets/Animations/Player/Wizard_Walk_Front.anim
  artifactKey: Guid(c537f82358a3b5445a36dafccefda31a) Importer(2089858483,0ecaa5967403d082aa24f35e1b516d23)
Number of updated assets reloaded before import = 0
Start importing Assets/Animations/Player/Wizard_Walk_Front.anim using Guid(c537f82358a3b5445a36dafccefda31a) Importer(2089858483,0ecaa5967403d082aa24f35e1b516d23)  -> (artifact id: 'a8742e85db381e9b9949e9f19b830483') in 0.014469 seconds 
Number of asset objects unloaded after import = 1
========================================================================
Received Import Request.
  Time since last request: 0.000039 seconds.
  path: Assets/Mirror/Components/AssemblyInfo.cs
  artifactKey: Guid(a65b9283f7a724e70b8e17cb277f4c1e) Importer(2089858483,0ecaa5967403d082aa24f35e1b516d23)
Number of updated assets reloaded before import = 0
Start importing Assets/Mirror/Components/AssemblyInfo.cs using Guid(a65b9283f7a724e70b8e17cb277f4c1e) Importer(2089858483,0ecaa5967403d082aa24f35e1b516d23)  -> (artifact id: '32dc2ccf9566e577817bf6a0358eaed5') in 0.011347 seconds 
Number of asset objects unloaded after import = 1
========================================================================
Received Import Request.
  Time since last request: 0.000024 seconds.
  path: Assets/Mirror/Components/NetworkPingDisplay.cs
  artifactKey: Guid(bc654f29862fc2643b948f772ebb9e68) Importer(2089858483,0ecaa5967403d082aa24f35e1b516d23)
Number of updated assets reloaded before import = 0
Start importing Assets/Mirror/Components/NetworkPingDisplay.cs using Guid(bc654f29862fc2643b948f772ebb9e68) Importer(2089858483,0ecaa5967403d082aa24f35e1b516d23)  -> (artifact id: '641e676b57d1e12c192e9917d1679e53') in 0.015296 seconds 
Number of asset objects unloaded after import = 1
========================================================================
Received Import Request.
  Time since last request: 0.000024 seconds.
  path: Assets/Animations/Gear/Weapon_Attack_Left.anim
  artifactKey: Guid(031ee46a76be4d44aa81bb2eeec7d71a) Importer(2089858483,0ecaa5967403d082aa24f35e1b516d23)
Number of updated assets reloaded before import = 0
Start importing Assets/Animations/Gear/Weapon_Attack_Left.anim using Guid(031ee46a76be4d44aa81bb2eeec7d71a) Importer(2089858483,0ecaa5967403d082aa24f35e1b516d23)  -> (artifact id: '5e3d0ea3c57014b86887637add543460') in 0.013940 seconds 
Number of asset objects unloaded after import = 1
========================================================================
Received Import Request.
  Time since last request: 0.000024 seconds.
  path: Assets/Animations/Player/Wizard_Walk_Back.anim
  artifactKey: Guid(f240c3b112800994ca7afe8d695e698e) Importer(2089858483,0ecaa5967403d082aa24f35e1b516d23)
Number of updated assets reloaded before import = 0
Start importing Assets/Animations/Player/Wizard_Walk_Back.anim using Guid(f240c3b112800994ca7afe8d695e698e) Importer(2089858483,0ecaa5967403d082aa24f35e1b516d23)  -> (artifact id: 'ea4ff2d82ba268d57143b5e6e11f3194') in 0.019700 seconds 
Number of asset objects unloaded after import = 1
========================================================================
Received Import Request.
  Time since last request: 0.000028 seconds.
  path: Assets/Mirror/Core/HostMode.cs
  artifactKey: Guid(d27175a08d5341fc97645b49ee533d5a) Importer(2089858483,0ecaa5967403d082aa24f35e1b516d23)
Number of updated assets reloaded before import = 0
Start importing Assets/Mirror/Core/HostMode.cs using Guid(d27175a08d5341fc97645b49ee533d5a) Importer(2089858483,0ecaa5967403d082aa24f35e1b516d23)  -> (artifact id: '989da20a2fb3248a7a005b65d9aa2d71') in 0.011362 seconds 
Number of asset objects unloaded after import = 1
========================================================================
Received Import Request.
  Time since last request: 0.000036 seconds.
  path: Assets/Animations/TileAssets/GrassTile.asset
  artifactKey: Guid(b75949ca45c86c7468f3e6fc9a832ca2) Importer(2089858483,0ecaa5967403d082aa24f35e1b516d23)
Number of updated assets reloaded before import = 0
Start importing Assets/Animations/TileAssets/GrassTile.asset using Guid(b75949ca45c86c7468f3e6fc9a832ca2) Importer(2089858483,0ecaa5967403d082aa24f35e1b516d23)  -> (artifact id: 'c8c1d459a19fa7ceb3e966e7c36d9b4b') in 0.017095 seconds 
Number of asset objects unloaded after import = 6
========================================================================
Received Import Request.
  Time since last request: 1.229723 seconds.
  path: Assets/Mirror/Core/NetworkBehaviourSyncVar.cs
  artifactKey: Guid(b04fe7518657486089dfaf811db0b3ea) Importer(2089858483,0ecaa5967403d082aa24f35e1b516d23)
Number of updated assets reloaded before import = 0
Start importing Assets/Mirror/Core/NetworkBehaviourSyncVar.cs using Guid(b04fe7518657486089dfaf811db0b3ea) Importer(2089858483,0ecaa5967403d082aa24f35e1b516d23)  -> (artifact id: 'b56d8071ab80a4a7b5c8711bfd53ff49') in 0.011624 seconds 
Number of asset objects unloaded after import = 1
========================================================================
Received Import Request.
  Time since last request: 0.000029 seconds.
  path: Assets/Mirror/Core/PortTransport.cs
  artifactKey: Guid(f7c7c2820d7974cb28c7bfe9aae890a0) Importer(2089858483,0ecaa5967403d082aa24f35e1b516d23)
Number of updated assets reloaded before import = 0
Start importing Assets/Mirror/Core/PortTransport.cs using Guid(f7c7c2820d7974cb28c7bfe9aae890a0) Importer(2089858483,0ecaa5967403d082aa24f35e1b516d23)  -> (artifact id: '0df1af741dd1965637ea04bed44cd932') in 0.010968 seconds 
Number of asset objects unloaded after import = 1
========================================================================
Received Import Request.
  Time since last request: 0.000017 seconds.
  path: Assets/Mirror/Core/NetworkReader.cs
  artifactKey: Guid(1610f05ec5bd14d6882e689f7372596a) Importer(2089858483,0ecaa5967403d082aa24f35e1b516d23)
Number of updated assets reloaded before import = 0
Start importing Assets/Mirror/Core/NetworkReader.cs using Guid(1610f05ec5bd14d6882e689f7372596a) Importer(2089858483,0ecaa5967403d082aa24f35e1b516d23)  -> (artifact id: 'e29a3912d446ed5cc96caeb186257d43') in 0.009623 seconds 
Number of asset objects unloaded after import = 1
========================================================================
Received Import Request.
  Time since last request: 0.000020 seconds.
  path: Assets/Prefabs/Items/Pants.asset
  artifactKey: Guid(31ee887b97b5f07488c0801a7691409b) Importer(2089858483,0ecaa5967403d082aa24f35e1b516d23)
Number of updated assets reloaded before import = 0
Start importing Assets/Prefabs/Items/Pants.asset using Guid(31ee887b97b5f07488c0801a7691409b) Importer(2089858483,0ecaa5967403d082aa24f35e1b516d23)  -> (artifact id: '97f96b53c7f31787957902cb94159131') in 0.014778 seconds 
Number of asset objects unloaded after import = 15
========================================================================
Received Import Request.
  Time since last request: 0.000032 seconds.
  path: Assets/Scripts/CharacterRelated/CameraFollow.cs
  artifactKey: Guid(25626451195c8054db64401089e2d3e3) Importer(2089858483,0ecaa5967403d082aa24f35e1b516d23)
Number of updated assets reloaded before import = 0
Start importing Assets/Scripts/CharacterRelated/CameraFollow.cs using Guid(25626451195c8054db64401089e2d3e3) Importer(2089858483,0ecaa5967403d082aa24f35e1b516d23)  -> (artifact id: '8dc5c4614b64e943e02afff18b294a9d') in 0.009794 seconds 
Number of asset objects unloaded after import = 0
========================================================================
Received Import Request.
  Time since last request: 0.000024 seconds.
  path: Assets/Mirror/Core/NetworkManager.cs
  artifactKey: Guid(8aab4c8111b7c411b9b92cf3dbc5bd4e) Importer(2089858483,0ecaa5967403d082aa24f35e1b516d23)
Number of updated assets reloaded before import = 0
Start importing Assets/Mirror/Core/NetworkManager.cs using Guid(8aab4c8111b7c411b9b92cf3dbc5bd4e) Importer(2089858483,0ecaa5967403d082aa24f35e1b516d23)  -> (artifact id: 'a4806eaf879c6a657cb3b5a6f3a686f4') in 0.011030 seconds 
Number of asset objects unloaded after import = 1
========================================================================
Received Import Request.
  Time since last request: 0.000022 seconds.
  path: Assets/Prefabs/Inventory/Inventory.prefab
  artifactKey: Guid(b094b4490ad64384c9b8836953314da1) Importer(2089858483,0ecaa5967403d082aa24f35e1b516d23)
Number of updated assets reloaded before import = 0
Start importing Assets/Prefabs/Inventory/Inventory.prefab using Guid(b094b4490ad64384c9b8836953314da1) Importer(2089858483,0ecaa5967403d082aa24f35e1b516d23)  -> (artifact id: '43e1b5e59ee1f6f2ab753ca1ea6e4fbd') in 0.015633 seconds 
Number of asset objects unloaded after import = 7
========================================================================
Received Import Request.
  Time since last request: 0.000019 seconds.
  path: Assets/Prefabs/Items/GoldBar.asset
  artifactKey: Guid(360bdb63d6722bc4ab5d1d6e0b9c5c3b) Importer(2089858483,0ecaa5967403d082aa24f35e1b516d23)
Number of updated assets reloaded before import = 0
Start importing Assets/Prefabs/Items/GoldBar.asset using Guid(360bdb63d6722bc4ab5d1d6e0b9c5c3b) Importer(2089858483,0ecaa5967403d082aa24f35e1b516d23)  -> (artifact id: '683b9ea9a932abd79b0ea509b5adcff1') in 0.011384 seconds 
Number of asset objects unloaded after import = 2
========================================================================
Received Import Request.
  Time since last request: 0.000026 seconds.
  path: Assets/Scripts/CharacterRelated/Range.cs
  artifactKey: Guid(e8fbbc0dbac8a54499c726ea99878d33) Importer(2089858483,0ecaa5967403d082aa24f35e1b516d23)
Number of updated assets reloaded before import = 0
Start importing Assets/Scripts/CharacterRelated/Range.cs using Guid(e8fbbc0dbac8a54499c726ea99878d33) Importer(2089858483,0ecaa5967403d082aa24f35e1b516d23)  -> (artifact id: '30205a51a29252ede56dcd91449f0ccb') in 0.009356 seconds 
Number of asset objects unloaded after import = 0
========================================================================
Received Import Request.
  Time since last request: 0.000022 seconds.
  path: Assets/Scripts/CharacterRelated/NPC.cs
  artifactKey: Guid(dc069cd36b855fe4a9383e1704dccd9c) Importer(2089858483,0ecaa5967403d082aa24f35e1b516d23)
Number of updated assets reloaded before import = 0
Start importing Assets/Scripts/CharacterRelated/NPC.cs using Guid(dc069cd36b855fe4a9383e1704dccd9c) Importer(2089858483,0ecaa5967403d082aa24f35e1b516d23)  -> (artifact id: '660995f8a19585078ae616fce84b1778') in 0.009737 seconds 
Number of asset objects unloaded after import = 0
========================================================================
Received Import Request.
  Time since last request: 0.000021 seconds.
  path: Assets/Scripts/EnemyStates/EvadeState.cs
  artifactKey: Guid(c92ef558ff315ba4e9bbeefeef1d2f4b) Importer(2089858483,0ecaa5967403d082aa24f35e1b516d23)
Number of updated assets reloaded before import = 0
Start importing Assets/Scripts/EnemyStates/EvadeState.cs using Guid(c92ef558ff315ba4e9bbeefeef1d2f4b) Importer(2089858483,0ecaa5967403d082aa24f35e1b516d23)  -> (artifact id: '280d96262abc2dc2863ea916ddc6d496') in 0.009710 seconds 
Number of asset objects unloaded after import = 0
========================================================================
Received Import Request.
  Time since last request: 0.000020 seconds.
  path: Assets/Mirror/Editor/EditorHelper.cs
  artifactKey: Guid(dba787f167ff29c4288532af1ec3584c) Importer(2089858483,0ecaa5967403d082aa24f35e1b516d23)
Number of updated assets reloaded before import = 0
Start importing Assets/Mirror/Editor/EditorHelper.cs using Guid(dba787f167ff29c4288532af1ec3584c) Importer(2089858483,0ecaa5967403d082aa24f35e1b516d23)  -> (artifact id: '9dcb5298988013b377b59cffa3f27e99') in 0.009085 seconds 
Number of asset objects unloaded after import = 0
========================================================================
Received Import Request.
  Time since last request: 0.000022 seconds.
  path: Assets/Scripts/Inventory/BagScript.cs
  artifactKey: Guid(78b5e14b2645eac4ca61bfe98cdafd9c) Importer(2089858483,0ecaa5967403d082aa24f35e1b516d23)
Number of updated assets reloaded before import = 0
Start importing Assets/Scripts/Inventory/BagScript.cs using Guid(78b5e14b2645eac4ca61bfe98cdafd9c) Importer(2089858483,0ecaa5967403d082aa24f35e1b516d23)  -> (artifact id: '369bbb3afd7710483731c64c8ae3557f') in 0.010429 seconds 
Number of asset objects unloaded after import = 0
========================================================================
Received Import Request.
  Time since last request: 0.000021 seconds.
  path: Assets/Scripts/Login/LoginManager.cs
  artifactKey: Guid(ba6d76d8fee44093861cd82ee5fdf8ef) Importer(2089858483,0ecaa5967403d082aa24f35e1b516d23)
Number of updated assets reloaded before import = 0
Start importing Assets/Scripts/Login/LoginManager.cs using Guid(ba6d76d8fee44093861cd82ee5fdf8ef) Importer(2089858483,0ecaa5967403d082aa24f35e1b516d23)  -> (artifact id: '0743fe658bb87e8ddd3a31b6e81f7b10') in 0.010531 seconds 
Number of asset objects unloaded after import = 0
========================================================================
Received Import Request.
  Time since last request: 0.000026 seconds.
  path: Assets/Prefabs/Enviroment/GroundCollider.prefab
  artifactKey: Guid(d1bd0df672eaddd4d8c2c989b99eb55b) Importer(2089858483,0ecaa5967403d082aa24f35e1b516d23)
Number of updated assets reloaded before import = 0
Start importing Assets/Prefabs/Enviroment/GroundCollider.prefab using Guid(d1bd0df672eaddd4d8c2c989b99eb55b) Importer(2089858483,0ecaa5967403d082aa24f35e1b516d23)  -> (artifact id: 'b67bce534454d91350ca8ef8291a669c') in 0.013171 seconds 
Number of asset objects unloaded after import = 5
========================================================================
Received Import Request.
  Time since last request: 0.000036 seconds.
  path: Assets/Scripts/EnemyStates/StunnedState.cs
  artifactKey: Guid(a4d90ee8c8b804f43833b4ce871f49c8) Importer(2089858483,0ecaa5967403d082aa24f35e1b516d23)
Number of updated assets reloaded before import = 0
Start importing Assets/Scripts/EnemyStates/StunnedState.cs using Guid(a4d90ee8c8b804f43833b4ce871f49c8) Importer(2089858483,0ecaa5967403d082aa24f35e1b516d23)  -> (artifact id: '71b65d6ef5b55a2ecbb29dddb8a7b0b7') in 0.011150 seconds 
Number of asset objects unloaded after import = 0
========================================================================
Received Import Request.
  Time since last request: 0.000025 seconds.
  path: Assets/Scripts/CharacterPanel/GearSocket.cs
  artifactKey: Guid(bde1111324add9942a15f84e5dd181fe) Importer(2089858483,0ecaa5967403d082aa24f35e1b516d23)
Number of updated assets reloaded before import = 0
Start importing Assets/Scripts/CharacterPanel/GearSocket.cs using Guid(bde1111324add9942a15f84e5dd181fe) Importer(2089858483,0ecaa5967403d082aa24f35e1b516d23)  -> (artifact id: '89c94b5c7aa96dddf461c8afb6afa465') in 0.012705 seconds 
Number of asset objects unloaded after import = 0
========================================================================
Received Import Request.
  Time since last request: 0.000026 seconds.
  path: Assets/Scripts/Controls/TouchJoystick.cs
  artifactKey: Guid(f96d047e6debdfa4689382a13267f518) Importer(2089858483,0ecaa5967403d082aa24f35e1b516d23)
Number of updated assets reloaded before import = 0
Start importing Assets/Scripts/Controls/TouchJoystick.cs using Guid(f96d047e6debdfa4689382a13267f518) Importer(2089858483,0ecaa5967403d082aa24f35e1b516d23)  -> (artifact id: '075eb699a3374fe922d5ca85b2fae92f') in 0.013185 seconds 
Number of asset objects unloaded after import = 0
========================================================================
Received Import Request.
  Time since last request: 0.000022 seconds.
  path: Assets/Scripts/Loot/Drop.cs
  artifactKey: Guid(9f98569ed89627a4790964adff5ce894) Importer(2089858483,0ecaa5967403d082aa24f35e1b516d23)
Number of updated assets reloaded before import = 0
Start importing Assets/Scripts/Loot/Drop.cs using Guid(9f98569ed89627a4790964adff5ce894) Importer(2089858483,0ecaa5967403d082aa24f35e1b516d23)  -> (artifact id: '257124eab63de3b9324aca5e132c6476') in 0.012320 seconds 
Number of asset objects unloaded after import = 0
========================================================================
Received Import Request.
  Time since last request: 0.000057 seconds.
  path: Assets/Scripts/Items/Bag.cs
  artifactKey: Guid(0ebf223c9ab60c44681ae0f774ee1b21) Importer(2089858483,0ecaa5967403d082aa24f35e1b516d23)
Number of updated assets reloaded before import = 0
Start importing Assets/Scripts/Items/Bag.cs using Guid(0ebf223c9ab60c44681ae0f774ee1b21) Importer(2089858483,0ecaa5967403d082aa24f35e1b516d23)  -> (artifact id: 'b90d6333c0c0cd1340088a9c618b34f9') in 0.011699 seconds 
Number of asset objects unloaded after import = 0
========================================================================
Received Import Request.
  Time since last request: 0.000030 seconds.
  path: Assets/Mirror/Core/NetworkWriter.cs
  artifactKey: Guid(48d2207bcef1f4477b624725f075f9bd) Importer(2089858483,0ecaa5967403d082aa24f35e1b516d23)
Number of updated assets reloaded before import = 0
Start importing Assets/Mirror/Core/NetworkWriter.cs using Guid(48d2207bcef1f4477b624725f075f9bd) Importer(2089858483,0ecaa5967403d082aa24f35e1b516d23)  -> (artifact id: 'd532a1ba2837316a8073cafc19b80266') in 0.014634 seconds 
Number of asset objects unloaded after import = 1
========================================================================
Received Import Request.
  Time since last request: 0.000023 seconds.
  path: Assets/Mirror/Core/NetworkStartPosition.cs
  artifactKey: Guid(41f84591ce72545258ea98cb7518d8b9) Importer(2089858483,0ecaa5967403d082aa24f35e1b516d23)
Number of updated assets reloaded before import = 0
Start importing Assets/Mirror/Core/NetworkStartPosition.cs using Guid(41f84591ce72545258ea98cb7518d8b9) Importer(2089858483,0ecaa5967403d082aa24f35e1b516d23)  -> (artifact id: '887f597db5bb0d3f2250d050153ca1bc') in 0.012458 seconds 
Number of asset objects unloaded after import = 1
========================================================================
Received Import Request.
  Time since last request: 0.000024 seconds.
  path: Assets/Prefabs/Spells/Arrow.prefab
  artifactKey: Guid(ec65d81b7b3ece443a4a4ed10f7727f8) Importer(2089858483,0ecaa5967403d082aa24f35e1b516d23)
Number of updated assets reloaded before import = 0
Start importing Assets/Prefabs/Spells/Arrow.prefab using Guid(ec65d81b7b3ece443a4a4ed10f7727f8) Importer(2089858483,0ecaa5967403d082aa24f35e1b516d23)  -> (artifact id: '4b4d24110667d6ebff4c85ee0c4fc13f') in 0.024357 seconds 
Number of asset objects unloaded after import = 19
========================================================================
Received Import Request.
  Time since last request: 0.000027 seconds.
  path: Assets/Prefabs/Questing/QuestGiverQuest.prefab
  artifactKey: Guid(db6e82a8cae2e1c4d843063b784f2d5a) Importer(2089858483,0ecaa5967403d082aa24f35e1b516d23)
Number of updated assets reloaded before import = 0
Start importing Assets/Prefabs/Questing/QuestGiverQuest.prefab using Guid(db6e82a8cae2e1c4d843063b784f2d5a) Importer(2089858483,0ecaa5967403d082aa24f35e1b516d23)  -> (artifact id: '981757d493829c99c579ed3fa6cf6520') in 0.030868 seconds 
Number of asset objects unloaded after import = 11
========================================================================
Received Import Request.
  Time since last request: 0.000031 seconds.
  path: Assets/Scripts/CharacterRelated/RangedEnemy.cs
  artifactKey: Guid(ad9ebe7efad1a704cba4f244cb701445) Importer(2089858483,0ecaa5967403d082aa24f35e1b516d23)
Number of updated assets reloaded before import = 0
Start importing Assets/Scripts/CharacterRelated/RangedEnemy.cs using Guid(ad9ebe7efad1a704cba4f244cb701445) Importer(2089858483,0ecaa5967403d082aa24f35e1b516d23)  -> (artifact id: '76dabdac972998ce4d25ea17fcc359b9') in 0.018984 seconds 
Number of asset objects unloaded after import = 0
========================================================================
Received Import Request.
  Time since last request: 0.000031 seconds.
  path: Assets/Mirror/Core/NetworkWriterExtensions.cs
  artifactKey: Guid(94259792df2a404892c3e2377f58d0cb) Importer(2089858483,0ecaa5967403d082aa24f35e1b516d23)
Number of updated assets reloaded before import = 0
Start importing Assets/Mirror/Core/NetworkWriterExtensions.cs using Guid(94259792df2a404892c3e2377f58d0cb) Importer(2089858483,0ecaa5967403d082aa24f35e1b516d23)  -> (artifact id: '235bfac8319c40bc106321149f262470') in 0.012350 seconds 
Number of asset objects unloaded after import = 1
========================================================================
Received Import Request.
  Time since last request: 0.000022 seconds.
  path: Assets/Scripts/EnemyStates/FlollowState.cs
  artifactKey: Guid(0f1298cd55aa1b64ca6550af772c4a63) Importer(2089858483,0ecaa5967403d082aa24f35e1b516d23)
Number of updated assets reloaded before import = 0
Start importing Assets/Scripts/EnemyStates/FlollowState.cs using Guid(0f1298cd55aa1b64ca6550af772c4a63) Importer(2089858483,0ecaa5967403d082aa24f35e1b516d23)  -> (artifact id: 'c5c71bac5879b76daa5d08256fcffd02') in 0.012193 seconds 
Number of asset objects unloaded after import = 0
========================================================================
Received Import Request.
  Time since last request: 0.000039 seconds.
  path: Assets/Scripts/Items/GoldBar.cs
  artifactKey: Guid(e2ec65d44114c694d8e5dae8d80b8a90) Importer(2089858483,0ecaa5967403d082aa24f35e1b516d23)
Number of updated assets reloaded before import = 0
Start importing Assets/Scripts/Items/GoldBar.cs using Guid(e2ec65d44114c694d8e5dae8d80b8a90) Importer(2089858483,0ecaa5967403d082aa24f35e1b516d23)  -> (artifact id: '1f1861499c00cc266090ccd56b49ed5c') in 0.012231 seconds 
Number of asset objects unloaded after import = 0
========================================================================
Received Import Request.
  Time since last request: 0.000035 seconds.
  path: Assets/Prefabs/Questing/Quest.prefab
  artifactKey: Guid(7fdf632d824b1e740981b5f8ff319555) Importer(2089858483,0ecaa5967403d082aa24f35e1b516d23)
Number of updated assets reloaded before import = 0
Start importing Assets/Prefabs/Questing/Quest.prefab using Guid(7fdf632d824b1e740981b5f8ff319555) Importer(2089858483,0ecaa5967403d082aa24f35e1b516d23)  -> (artifact id: 'e43b9f5da6c0d12e1bb3b6a4d0b14983') in 0.016431 seconds 
Number of asset objects unloaded after import = 10
========================================================================
Received Import Request.
  Time since last request: 0.000018 seconds.
  path: Assets/Prefabs/Inventory/Bag.prefab
  artifactKey: Guid(2efe6e5f6e3fb954785dcf5c975a72c9) Importer(2089858483,0ecaa5967403d082aa24f35e1b516d23)
Number of updated assets reloaded before import = 0
Start importing Assets/Prefabs/Inventory/Bag.prefab using Guid(2efe6e5f6e3fb954785dcf5c975a72c9) Importer(2089858483,0ecaa5967403d082aa24f35e1b516d23)  -> (artifact id: '2baef35e382e3e9c32255a01c5dac421') in 0.023470 seconds 
Number of asset objects unloaded after import = 33
========================================================================
Received Import Request.
  Time since last request: 0.000028 seconds.
  path: Assets/Scripts/Buttons/CharButton.cs
  artifactKey: Guid(77c2fe78a1003514f8d08b60c72b4ea5) Importer(2089858483,0ecaa5967403d082aa24f35e1b516d23)
Number of updated assets reloaded before import = 0
Start importing Assets/Scripts/Buttons/CharButton.cs using Guid(77c2fe78a1003514f8d08b60c72b4ea5) Importer(2089858483,0ecaa5967403d082aa24f35e1b516d23)  -> (artifact id: 'd5aaff524e1bf0314d5ceee79f0010f2') in 0.011414 seconds 
Number of asset objects unloaded after import = 0
========================================================================
Received Import Request.
  Time since last request: 0.000028 seconds.
  path: Assets/Prefabs/Items/Boots.asset
  artifactKey: Guid(ed715989e5f4e904796216eb3a66f88b) Importer(2089858483,0ecaa5967403d082aa24f35e1b516d23)
Number of updated assets reloaded before import = 0
Start importing Assets/Prefabs/Items/Boots.asset using Guid(ed715989e5f4e904796216eb3a66f88b) Importer(2089858483,0ecaa5967403d082aa24f35e1b516d23)  -> (artifact id: '323a8bdba43ea86cea1d4b75ce5ebada') in 0.019196 seconds 
Number of asset objects unloaded after import = 15
========================================================================
Received Import Request.
  Time since last request: 0.000026 seconds.
  path: Assets/Prefabs/Spells/ChainLightningPrefab.prefab
  artifactKey: Guid(ec702c2107456844fb41f93abbfab4ea) Importer(2089858483,0ecaa5967403d082aa24f35e1b516d23)
Number of updated assets reloaded before import = 0
Start importing Assets/Prefabs/Spells/ChainLightningPrefab.prefab using Guid(ec702c2107456844fb41f93abbfab4ea) Importer(2089858483,0ecaa5967403d082aa24f35e1b516d23)  -> (artifact id: 'dfea1f4076f765edf161dbb442ebdcc5') in 0.020207 seconds 
Number of asset objects unloaded after import = 19
========================================================================
Received Import Request.
  Time since last request: 0.000026 seconds.
  path: Assets/Scripts/Enviroment/Chest.cs
  artifactKey: Guid(d21efe0d892b78745961964360e5ec4c) Importer(2089858483,0ecaa5967403d082aa24f35e1b516d23)
Number of updated assets reloaded before import = 0
Start importing Assets/Scripts/Enviroment/Chest.cs using Guid(d21efe0d892b78745961964360e5ec4c) Importer(2089858483,0ecaa5967403d082aa24f35e1b516d23)  -> (artifact id: '43d32c1b8730b35e3a969e908cd78df7') in 0.009030 seconds 
Number of asset objects unloaded after import = 0
========================================================================
Received Import Request.
  Time since last request: 0.000020 seconds.
  path: Assets/Scripts/Inventory/SlotScript.cs
  artifactKey: Guid(05658207c4532c048945a347b9928472) Importer(2089858483,0ecaa5967403d082aa24f35e1b516d23)
Number of updated assets reloaded before import = 0
Start importing Assets/Scripts/Inventory/SlotScript.cs using Guid(05658207c4532c048945a347b9928472) Importer(2089858483,0ecaa5967403d082aa24f35e1b516d23)  -> (artifact id: 'eea8946ae07360072a55b14002135599') in 0.011309 seconds 
Number of asset objects unloaded after import = 0
========================================================================
Received Import Request.
  Time since last request: 0.000022 seconds.
  path: Assets/Scripts/Items/QualityColor.cs
  artifactKey: Guid(7582bcaeae0ffe3448a8ab3b6c73bb6a) Importer(2089858483,0ecaa5967403d082aa24f35e1b516d23)
Number of updated assets reloaded before import = 0
Start importing Assets/Scripts/Items/QualityColor.cs using Guid(7582bcaeae0ffe3448a8ab3b6c73bb6a) Importer(2089858483,0ecaa5967403d082aa24f35e1b516d23)  -> (artifact id: '45d3aad6a9fd0f5c52fa75c8ff069146') in 0.010936 seconds 
Number of asset objects unloaded after import = 0
========================================================================
Received Import Request.
  Time since last request: 0.000031 seconds.
  path: Assets/Prefabs/Spells/RainOfFire.prefab
  artifactKey: Guid(f8ea2c74ebf891d4ba4d12c04af227db) Importer(2089858483,0ecaa5967403d082aa24f35e1b516d23)
Number of updated assets reloaded before import = 0
Start importing Assets/Prefabs/Spells/RainOfFire.prefab using Guid(f8ea2c74ebf891d4ba4d12c04af227db) Importer(2089858483,0ecaa5967403d082aa24f35e1b516d23)  -> (artifact id: 'd9d032674fe4b000e0916cce9342224d') in 0.025601 seconds 
Number of asset objects unloaded after import = 19
========================================================================
Received Import Request.
  Time since last request: 0.000025 seconds.
  path: Assets/Mirror/Core/NetworkConnectionToServer.cs
  artifactKey: Guid(761977cbf38a34ded9dd89de45445675) Importer(2089858483,0ecaa5967403d082aa24f35e1b516d23)
Number of updated assets reloaded before import = 0
Start importing Assets/Mirror/Core/NetworkConnectionToServer.cs using Guid(761977cbf38a34ded9dd89de45445675) Importer(2089858483,0ecaa5967403d082aa24f35e1b516d23)  -> (artifact id: '7fdb4ec4c390953a9c90242ba0bdad4f') in 0.014029 seconds 
Number of asset objects unloaded after import = 1
========================================================================
Received Import Request.
  Time since last request: 0.000025 seconds.
  path: Assets/Prefabs/Crafting/Material.prefab
  artifactKey: Guid(2a35c6af7e4fdf2468fe136384d62607) Importer(2089858483,0ecaa5967403d082aa24f35e1b516d23)
Number of updated assets reloaded before import = 0
Start importing Assets/Prefabs/Crafting/Material.prefab using Guid(2a35c6af7e4fdf2468fe136384d62607) Importer(2089858483,0ecaa5967403d082aa24f35e1b516d23)  -> (artifact id: 'f6d64dcd7a18a5ed452a833a2945ea53') in 0.017049 seconds 
Number of asset objects unloaded after import = 20
========================================================================
Received Import Request.
  Time since last request: 0.000030 seconds.
  path: Assets/Scripts/Dialogue/Dialogue.cs
  artifactKey: Guid(abb00767fe3f0bb4ebed94d1abe21854) Importer(2089858483,0ecaa5967403d082aa24f35e1b516d23)
Number of updated assets reloaded before import = 0
Start importing Assets/Scripts/Dialogue/Dialogue.cs using Guid(abb00767fe3f0bb4ebed94d1abe21854) Importer(2089858483,0ecaa5967403d082aa24f35e1b516d23)  -> (artifact id: 'f9fb3ede98594fc869c4bdafb7e880a1') in 0.011676 seconds 
Number of asset objects unloaded after import = 0
========================================================================
Received Import Request.
  Time since last request: 0.000028 seconds.
  path: Assets/Mirror/Editor/InspectorHelper.cs
  artifactKey: Guid(047c894c2a5ccc1438b7e59302f62744) Importer(2089858483,0ecaa5967403d082aa24f35e1b516d23)
Number of updated assets reloaded before import = 0
Start importing Assets/Mirror/Editor/InspectorHelper.cs using Guid(047c894c2a5ccc1438b7e59302f62744) Importer(2089858483,0ecaa5967403d082aa24f35e1b516d23)  -> (artifact id: 'fc62bb24459b8b23aaccdd7194f07636') in 0.012232 seconds 
Number of asset objects unloaded after import = 0
========================================================================
Received Import Request.
  Time since last request: 0.000036 seconds.
  path: Assets/Mirror/Hosting/Readme.txt
  artifactKey: Guid(ef0dbfbe63704f20b658e7726491f6ce) Importer(2089858483,0ecaa5967403d082aa24f35e1b516d23)
Number of updated assets reloaded before import = 0
Start importing Assets/Mirror/Hosting/Readme.txt using Guid(ef0dbfbe63704f20b658e7726491f6ce) Importer(2089858483,0ecaa5967403d082aa24f35e1b516d23)  -> (artifact id: '27c69dd6d76467a1626f886666ae2ea3') in 0.016799 seconds 
Number of asset objects unloaded after import = 1
========================================================================
Received Import Request.
  Time since last request: 0.000020 seconds.
  path: Assets/Scripts/Items/Armor.cs
  artifactKey: Guid(8c5e23b1150d13642bcafc8edae832dc) Importer(2089858483,0ecaa5967403d082aa24f35e1b516d23)
Number of updated assets reloaded before import = 0
Start importing Assets/Scripts/Items/Armor.cs using Guid(8c5e23b1150d13642bcafc8edae832dc) Importer(2089858483,0ecaa5967403d082aa24f35e1b516d23)  -> (artifact id: 'd80832f92d07e1db06d93f7762bd7a8f') in 0.011179 seconds 
Number of asset objects unloaded after import = 0
========================================================================
Received Import Request.
  Time since last request: 0.000022 seconds.
  path: Assets/Scripts/Items/Apple.cs
  artifactKey: Guid(3112c636749ae644c939824733cfdea7) Importer(2089858483,0ecaa5967403d082aa24f35e1b516d23)
Number of updated assets reloaded before import = 0
Start importing Assets/Scripts/Items/Apple.cs using Guid(3112c636749ae644c939824733cfdea7) Importer(2089858483,0ecaa5967403d082aa24f35e1b516d23)  -> (artifact id: 'bfd9d3610a3d5974479f1606c7290092') in 0.010024 seconds 
Number of asset objects unloaded after import = 0
========================================================================
Received Import Request.
  Time since last request: 0.000023 seconds.
  path: Assets/Prefabs/Questing/Message.prefab
  artifactKey: Guid(a066cf63d9384bc4f96ff2f05a953c6b) Importer(2089858483,0ecaa5967403d082aa24f35e1b516d23)
Number of updated assets reloaded before import = 0
Start importing Assets/Prefabs/Questing/Message.prefab using Guid(a066cf63d9384bc4f96ff2f05a953c6b) Importer(2089858483,0ecaa5967403d082aa24f35e1b516d23)  -> (artifact id: '0f5d11cb27ec20cd8f1e2a1bc978b36c') in 0.020964 seconds 
Number of asset objects unloaded after import = 10
========================================================================
Received Import Request.
  Time since last request: 0.000025 seconds.
  path: Assets/Prefabs/Crafting/Recipe.prefab
  artifactKey: Guid(358576547a5210745a90794df43bf754) Importer(2089858483,0ecaa5967403d082aa24f35e1b516d23)
Number of updated assets reloaded before import = 0
Start importing Assets/Prefabs/Crafting/Recipe.prefab using Guid(358576547a5210745a90794df43bf754) Importer(2089858483,0ecaa5967403d082aa24f35e1b516d23)  -> (artifact id: '438cd1039540c46d5970e76b16d7c92c') in 0.030734 seconds 
Number of asset objects unloaded after import = 18
========================================================================
Received Import Request.
  Time since last request: 0.000025 seconds.
  path: Assets/Prefabs/Dialgue/AnswerButton.prefab
  artifactKey: Guid(ba6d368ce84b0f44db16a76c014953e8) Importer(2089858483,0ecaa5967403d082aa24f35e1b516d23)
Number of updated assets reloaded before import = 0
Start importing Assets/Prefabs/Dialgue/AnswerButton.prefab using Guid(ba6d368ce84b0f44db16a76c014953e8) Importer(2089858483,0ecaa5967403d082aa24f35e1b516d23)  -> (artifact id: '9874e1b78b3e266f644df646114d03df') in 0.048411 seconds 
Number of asset objects unloaded after import = 17
========================================================================
Received Import Request.
  Time since last request: 0.000022 seconds.
  path: Assets/Prefabs/Characters/Enemy.prefab
  artifactKey: Guid(2ce506436045c9845a24165985931ca1) Importer(2089858483,0ecaa5967403d082aa24f35e1b516d23)
Number of updated assets reloaded before import = 0
Start importing Assets/Prefabs/Characters/Enemy.prefab using Guid(2ce506436045c9845a24165985931ca1) Importer(2089858483,0ecaa5967403d082aa24f35e1b516d23)  -> (artifact id: '094ac3adc60a8c6a021b9df31158f7e3') in 0.024311 seconds 
Number of asset objects unloaded after import = 32
========================================================================
Received Import Request.
  Time since last request: 0.000031 seconds.
  path: Assets/Scripts/CharacterRelated/LayerSorter.cs
  artifactKey: Guid(a873d9a923991674c8936c0fafa9360a) Importer(2089858483,0ecaa5967403d082aa24f35e1b516d23)
Number of updated assets reloaded before import = 0
Start importing Assets/Scripts/CharacterRelated/LayerSorter.cs using Guid(a873d9a923991674c8936c0fafa9360a) Importer(2089858483,0ecaa5967403d082aa24f35e1b516d23)  -> (artifact id: '7c842a708cad4fd6d3cfd8e81a87286c') in 0.011985 seconds 
Number of asset objects unloaded after import = 0
========================================================================
Received Import Request.
  Time since last request: 1.096265 seconds.
  path: Assets/Scripts/Loot/Loot.cs
  artifactKey: Guid(3a5df87a84799134fb2f87271bcc7960) Importer(2089858483,0ecaa5967403d082aa24f35e1b516d23)
Number of updated assets reloaded before import = 0
Start importing Assets/Scripts/Loot/Loot.cs using Guid(3a5df87a84799134fb2f87271bcc7960) Importer(2089858483,0ecaa5967403d082aa24f35e1b516d23)  -> (artifact id: 'f947e150194bc122aa7b055910bdd782') in 0.013316 seconds 
Number of asset objects unloaded after import = 0
========================================================================
Received Import Request.
  Time since last request: 0.000029 seconds.
  path: Assets/Scripts/TalentTree/ThundshockTalent.cs
  artifactKey: Guid(c0d528815ca6a7748a7ff872375b67ea) Importer(2089858483,0ecaa5967403d082aa24f35e1b516d23)
Number of updated assets reloaded before import = 0
Start importing Assets/Scripts/TalentTree/ThundshockTalent.cs using Guid(c0d528815ca6a7748a7ff872375b67ea) Importer(2089858483,0ecaa5967403d082aa24f35e1b516d23)  -> (artifact id: '9cdbce036226e77e3ac244407fa476fc') in 0.011326 seconds 
Number of asset objects unloaded after import = 0
========================================================================
Received Import Request.
  Time since last request: 0.000021 seconds.
  path: Assets/Sprites/Minimap/player.png
  artifactKey: Guid(d5c0fc1a8dfada24587cad458b2f7234) Importer(2089858483,0ecaa5967403d082aa24f35e1b516d23)
Number of updated assets reloaded before import = 0
Start importing Assets/Sprites/Minimap/player.png using Guid(d5c0fc1a8dfada24587cad458b2f7234) Importer(2089858483,0ecaa5967403d082aa24f35e1b516d23)  -> (artifact id: 'fb17557695bc266a9b85c8a8379dccf3') in 0.037233 seconds 
Number of asset objects unloaded after import = 3
========================================================================
Received Import Request.
  Time since last request: 0.000022 seconds.
  path: Assets/Sprites/Character panel/close_button.png
  artifactKey: Guid(cc32b2b659ed49541928ea1e85a83921) Importer(2089858483,0ecaa5967403d082aa24f35e1b516d23)
Number of updated assets reloaded before import = 0
Start importing Assets/Sprites/Character panel/close_button.png using Guid(cc32b2b659ed49541928ea1e85a83921) Importer(2089858483,0ecaa5967403d082aa24f35e1b516d23)  -> (artifact id: 'af8f1cf5a37f008dcec9ba40141dc297') in 0.018846 seconds 
Number of asset objects unloaded after import = 3
========================================================================
Received Import Request.
  Time since last request: 0.000029 seconds.
  path: Assets/Sprites/Materials/Stone_Ore.png
  artifactKey: Guid(b497026c7ca21c542a0bb2e5783f0458) Importer(2089858483,0ecaa5967403d082aa24f35e1b516d23)
Number of updated assets reloaded before import = 0
Start importing Assets/Sprites/Materials/Stone_Ore.png using Guid(b497026c7ca21c542a0bb2e5783f0458) Importer(2089858483,0ecaa5967403d082aa24f35e1b516d23)  -> (artifact id: '80b04f27aa5628940e614bd77276baac') in 0.027013 seconds 
Number of asset objects unloaded after import = 3
========================================================================
Received Import Request.
  Time since last request: 0.000027 seconds.
  path: Assets/Sprites/Quest log/frame_1.png
  artifactKey: Guid(b3aad3a5f4d996d4c8bca55a943f317b) Importer(2089858483,0ecaa5967403d082aa24f35e1b516d23)
Number of updated assets reloaded before import = 0
Start importing Assets/Sprites/Quest log/frame_1.png using Guid(b3aad3a5f4d996d4c8bca55a943f317b) Importer(2089858483,0ecaa5967403d082aa24f35e1b516d23)  -> (artifact id: 'f170b6515ab69e0b69f5c82a4b259484') in 0.023126 seconds 
Number of asset objects unloaded after import = 3
========================================================================
Received Import Request.
  Time since last request: 0.000023 seconds.
  path: Assets/Sprites/Portrait frame/wizards_face.png
  artifactKey: Guid(540a59b543fd2fc40ac681d61b328d55) Importer(2089858483,0ecaa5967403d082aa24f35e1b516d23)
Number of updated assets reloaded before import = 0
Start importing Assets/Sprites/Portrait frame/wizards_face.png using Guid(540a59b543fd2fc40ac681d61b328d55) Importer(2089858483,0ecaa5967403d082aa24f35e1b516d23)  -> (artifact id: '25d8233c6d70c65735f312aa5e2fdfe9') in 0.020384 seconds 
Number of asset objects unloaded after import = 3
========================================================================
Received Import Request.
  Time since last request: 0.000026 seconds.
  path: Assets/Sprites/Player/walk_right.png
  artifactKey: Guid(0dfcf9774f69c1243b7c82f61a466ad9) Importer(2089858483,0ecaa5967403d082aa24f35e1b516d23)
Number of updated assets reloaded before import = 0
Start importing Assets/Sprites/Player/walk_right.png using Guid(0dfcf9774f69c1243b7c82f61a466ad9) Importer(2089858483,0ecaa5967403d082aa24f35e1b516d23)  -> (artifact id: '9dbee8ebe94d531c58261b86c312d64f') in 0.057555 seconds 
Number of asset objects unloaded after import = 18
========================================================================
Received Import Request.
  Time since last request: 0.000034 seconds.
  path: Assets/Sprites/Minimap/ground.png
  artifactKey: Guid(54083989973b2724b8b6c43769a8dbbd) Importer(2089858483,0ecaa5967403d082aa24f35e1b516d23)
Number of updated assets reloaded before import = 0
Start importing Assets/Sprites/Minimap/ground.png using Guid(54083989973b2724b8b6c43769a8dbbd) Importer(2089858483,0ecaa5967403d082aa24f35e1b516d23)  -> (artifact id: '3a07c033b47272d3cdbb44d9cf1f9552') in 0.020470 seconds 
Number of asset objects unloaded after import = 3
========================================================================
Received Import Request.
  Time since last request: 0.000025 seconds.
  path: Assets/Sprites/Quest log/close_button_.png
  artifactKey: Guid(fcfd7a39c07ab8d459075eeddb3a1c15) Importer(2089858483,0ecaa5967403d082aa24f35e1b516d23)
Number of updated assets reloaded before import = 0
Start importing Assets/Sprites/Quest log/close_button_.png using Guid(fcfd7a39c07ab8d459075eeddb3a1c15) Importer(2089858483,0ecaa5967403d082aa24f35e1b516d23)  -> (artifact id: 'cdec769e36003c27e088521ffb0261d5') in 0.019901 seconds 
Number of asset objects unloaded after import = 3
========================================================================
Received Import Request.
  Time since last request: 0.000029 seconds.
  path: Assets/Scripts/Pathfinding/AStar.cs
  artifactKey: Guid(a276ead672389444988f8f8f3760e608) Importer(2089858483,0ecaa5967403d082aa24f35e1b516d23)
Number of updated assets reloaded before import = 0
Start importing Assets/Scripts/Pathfinding/AStar.cs using Guid(a276ead672389444988f8f8f3760e608) Importer(2089858483,0ecaa5967403d082aa24f35e1b516d23)  -> (artifact id: 'cfed2cfe94d2ee6f8934fb2b65337561') in 0.011423 seconds 
Number of asset objects unloaded after import = 0
========================================================================
Received Import Request.
  Time since last request: 0.000025 seconds.
  path: Assets/Scripts/Spells/SpellBook.cs
  artifactKey: Guid(eb416802f6aeb2a478144f008c3eec9b) Importer(2089858483,0ecaa5967403d082aa24f35e1b516d23)
Number of updated assets reloaded before import = 0
Start importing Assets/Scripts/Spells/SpellBook.cs using Guid(eb416802f6aeb2a478144f008c3eec9b) Importer(2089858483,0ecaa5967403d082aa24f35e1b516d23)  -> (artifact id: '2adab25df411dd8da2d1e5a56e04bca7') in 0.010589 seconds 
Number of asset objects unloaded after import = 0
========================================================================
Received Import Request.
  Time since last request: 0.000028 seconds.
  path: Assets/Sprites/Effects/Puff07.png
  artifactKey: Guid(89a840dba217d324ab10d95bbfe32e3b) Importer(2089858483,0ecaa5967403d082aa24f35e1b516d23)
Number of updated assets reloaded before import = 0
Start importing Assets/Sprites/Effects/Puff07.png using Guid(89a840dba217d324ab10d95bbfe32e3b) Importer(2089858483,0ecaa5967403d082aa24f35e1b516d23)  -> (artifact id: '06d69ab43fc1cd960a1a6ef061ed772a') in 0.032402 seconds 
Number of asset objects unloaded after import = 3
========================================================================
Received Import Request.
  Time since last request: 0.000030 seconds.
  path: Assets/Sprites/Quest log/button_2.png
  artifactKey: Guid(20217a9c84c56e6438631adc3b6da452) Importer(2089858483,0ecaa5967403d082aa24f35e1b516d23)
Number of updated assets reloaded before import = 0
Start importing Assets/Sprites/Quest log/button_2.png using Guid(20217a9c84c56e6438631adc3b6da452) Importer(2089858483,0ecaa5967403d082aa24f35e1b516d23)  -> (artifact id: '4d0f4d091bc944737c806ab5dca577d5') in 0.035030 seconds 
Number of asset objects unloaded after import = 3
========================================================================
Received Import Request.
  Time since last request: 0.000053 seconds.
  path: Assets/Sprites/Character panel/character_panel.png
  artifactKey: Guid(c5e861e2a90e94d4d8fe57fde619c249) Importer(2089858483,0ecaa5967403d082aa24f35e1b516d23)
Number of updated assets reloaded before import = 0
Start importing Assets/Sprites/Character panel/character_panel.png using Guid(c5e861e2a90e94d4d8fe57fde619c249) Importer(2089858483,0ecaa5967403d082aa24f35e1b516d23)  -> (artifact id: '7310495664bb44714bcf7d696c5e230d') in 0.030291 seconds 
Number of asset objects unloaded after import = 3
========================================================================
Received Import Request.
  Time since last request: 0.000055 seconds.
  path: Assets/Sprites/Character panel/shoulder.png
  artifactKey: Guid(ada397f9e501869418e533a482b1bfe2) Importer(2089858483,0ecaa5967403d082aa24f35e1b516d23)
Number of updated assets reloaded before import = 0
Start importing Assets/Sprites/Character panel/shoulder.png using Guid(ada397f9e501869418e533a482b1bfe2) Importer(2089858483,0ecaa5967403d082aa24f35e1b516d23)  -> (artifact id: '107b6251ff90e41c1ac3876dbd607726') in 0.024624 seconds 
Number of asset objects unloaded after import = 3
========================================================================
Received Import Request.
  Time since last request: 0.000022 seconds.
  path: Assets/Sprites/Quest log/frame_2.png
  artifactKey: Guid(ab669dd1b3b51a84b9dde691db35ea53) Importer(2089858483,0ecaa5967403d082aa24f35e1b516d23)
Number of updated assets reloaded before import = 0
Start importing Assets/Sprites/Quest log/frame_2.png using Guid(ab669dd1b3b51a84b9dde691db35ea53) Importer(2089858483,0ecaa5967403d082aa24f35e1b516d23)  -> (artifact id: '1d7db94b14e57ba238214319d3e9a8e4') in 0.022319 seconds 
Number of asset objects unloaded after import = 3
========================================================================
Received Import Request.
  Time since last request: 0.000028 seconds.
  path: Assets/Sprites/Character panel/play_button.png
  artifactKey: Guid(20a035dc5c3abe2469e1fa58fa841372) Importer(2089858483,0ecaa5967403d082aa24f35e1b516d23)
Number of updated assets reloaded before import = 0
Start importing Assets/Sprites/Character panel/play_button.png using Guid(20a035dc5c3abe2469e1fa58fa841372) Importer(2089858483,0ecaa5967403d082aa24f35e1b516d23)  -> (artifact id: 'bd61531f4921b9f8daeea9da671c51bb') in 0.022131 seconds 
Number of asset objects unloaded after import = 3
========================================================================
Received Import Request.
  Time since last request: 0.000039 seconds.
  path: Assets/Scripts/Other/TargetDebuff.cs
  artifactKey: Guid(f1d94c298165f1c46b144081dd3b1fd2) Importer(2089858483,0ecaa5967403d082aa24f35e1b516d23)
Number of updated assets reloaded before import = 0
Start importing Assets/Scripts/Other/TargetDebuff.cs using Guid(f1d94c298165f1c46b144081dd3b1fd2) Importer(2089858483,0ecaa5967403d082aa24f35e1b516d23)  -> (artifact id: '3c9afc6eddac8088956de05756d6fc66') in 0.010944 seconds 
Number of asset objects unloaded after import = 0
========================================================================
Received Import Request.
  Time since last request: 0.000024 seconds.
  path: Assets/Scripts/TalentTree/RainOfFire.cs
  artifactKey: Guid(84bbc957eb9a97942a96d794829596c0) Importer(2089858483,0ecaa5967403d082aa24f35e1b516d23)
Number of updated assets reloaded before import = 0
Start importing Assets/Scripts/TalentTree/RainOfFire.cs using Guid(84bbc957eb9a97942a96d794829596c0) Importer(2089858483,0ecaa5967403d082aa24f35e1b516d23)  -> (artifact id: 'f89d231ebc1c287a2ec6f8d78fc46316') in 0.010791 seconds 
Number of asset objects unloaded after import = 0
========================================================================
Received Import Request.
  Time since last request: 0.000039 seconds.
  path: Assets/Sprites/Effects/Puff04.png
  artifactKey: Guid(c6c91aac272c3064c8cac27afafadcc5) Importer(2089858483,0ecaa5967403d082aa24f35e1b516d23)
Number of updated assets reloaded before import = 0
Start importing Assets/Sprites/Effects/Puff04.png using Guid(c6c91aac272c3064c8cac27afafadcc5) Importer(2089858483,0ecaa5967403d082aa24f35e1b516d23)  -> (artifact id: 'd63cc436d8e2575ee9ce075eb94a0fbf') in 0.022498 seconds 
Number of asset objects unloaded after import = 3
========================================================================
Received Import Request.
  Time since last request: 0.000023 seconds.
  path: Assets/Scripts/Vendor/VendorWindow.cs
  artifactKey: Guid(ef7cb8cf8431da5409908273abd06bf1) Importer(2089858483,0ecaa5967403d082aa24f35e1b516d23)
Number of updated assets reloaded before import = 0
Start importing Assets/Scripts/Vendor/VendorWindow.cs using Guid(ef7cb8cf8431da5409908273abd06bf1) Importer(2089858483,0ecaa5967403d082aa24f35e1b516d23)  -> (artifact id: '7afa9f845e2acb0596e28bd297679286') in 0.012829 seconds 
Number of asset objects unloaded after import = 0
========================================================================
Received Import Request.
  Time since last request: 0.000021 seconds.
  path: Assets/Sprites/Materials/Gold_Nugget.png
  artifactKey: Guid(25645f07cd8e3794684e83280eed8960) Importer(2089858483,0ecaa5967403d082aa24f35e1b516d23)
Number of updated assets reloaded before import = 0
Start importing Assets/Sprites/Materials/Gold_Nugget.png using Guid(25645f07cd8e3794684e83280eed8960) Importer(2089858483,0ecaa5967403d082aa24f35e1b516d23)  -> (artifact id: '717733c3b4212e8226f984f29ef05c39') in 0.018759 seconds 
Number of asset objects unloaded after import = 3
========================================================================
Received Import Request.
  Time since last request: 0.000027 seconds.
  path: Assets/Sprites/Effects/Puff08.png
  artifactKey: Guid(67a8ed40e866bd34a92bcdf44dc288fb) Importer(2089858483,0ecaa5967403d082aa24f35e1b516d23)
Number of updated assets reloaded before import = 0
Start importing Assets/Sprites/Effects/Puff08.png using Guid(67a8ed40e866bd34a92bcdf44dc288fb) Importer(2089858483,0ecaa5967403d082aa24f35e1b516d23)  -> (artifact id: '8a0e2cbd690036b5d031b5d0b649d518') in 0.025375 seconds 
Number of asset objects unloaded after import = 3
========================================================================
Received Import Request.
  Time since last request: 0.000023 seconds.
  path: Assets/Scripts/SCT/CombatTextManager.cs
  artifactKey: Guid(88b09f0e9e61f6d4eb8bb7705e09749e) Importer(2089858483,0ecaa5967403d082aa24f35e1b516d23)
Number of updated assets reloaded before import = 0
Start importing Assets/Scripts/SCT/CombatTextManager.cs using Guid(88b09f0e9e61f6d4eb8bb7705e09749e) Importer(2089858483,0ecaa5967403d082aa24f35e1b516d23)  -> (artifact id: '02d04e620f0c971e61bc4cb2c49b773d') in 0.011171 seconds 
Number of asset objects unloaded after import = 0
========================================================================
Received Import Request.
  Time since last request: 0.000032 seconds.
  path: Assets/Scripts/TalentTree/TalentTree.cs
  artifactKey: Guid(86559d41ae4d2644abb0b369ec630172) Importer(2089858483,0ecaa5967403d082aa24f35e1b516d23)
Number of updated assets reloaded before import = 0
Start importing Assets/Scripts/TalentTree/TalentTree.cs using Guid(86559d41ae4d2644abb0b369ec630172) Importer(2089858483,0ecaa5967403d082aa24f35e1b516d23)  -> (artifact id: '345404977fe20a406d5a69f7b9426686') in 0.012182 seconds 
Number of asset objects unloaded after import = 0
========================================================================
Received Import Request.
  Time since last request: 0.000023 seconds.
  path: Assets/Scripts/Other/TouchInput.cs
  artifactKey: Guid(9c420ab2ab2d48b375dfe56f0f63e24f) Importer(2089858483,0ecaa5967403d082aa24f35e1b516d23)
Number of updated assets reloaded before import = 0
Start importing Assets/Scripts/Other/TouchInput.cs using Guid(9c420ab2ab2d48b375dfe56f0f63e24f) Importer(2089858483,0ecaa5967403d082aa24f35e1b516d23)  -> (artifact id: '35b72aa092eba4b51669d1a945906d4f') in 0.011401 seconds 
Number of asset objects unloaded after import = 0
========================================================================
Received Import Request.
  Time since last request: 0.000021 seconds.
  path: Assets/Sprites/Portrait frame/bar_2.png
  artifactKey: Guid(3bf029953e28a6f49830b696653dfd1f) Importer(2089858483,0ecaa5967403d082aa24f35e1b516d23)
Number of updated assets reloaded before import = 0
Start importing Assets/Sprites/Portrait frame/bar_2.png using Guid(3bf029953e28a6f49830b696653dfd1f) Importer(2089858483,0ecaa5967403d082aa24f35e1b516d23)  -> (artifact id: '8723796372a9ce674e7613892f63c28f') in 0.019257 seconds 
Number of asset objects unloaded after import = 3
========================================================================
Received Import Request.
  Time since last request: 0.000024 seconds.
  path: Assets/Sprites/Effects/Puff01.png
  artifactKey: Guid(a4c2c680685b5e7419e27cb0f68dab51) Importer(2089858483,0ecaa5967403d082aa24f35e1b516d23)
Number of updated assets reloaded before import = 0
Start importing Assets/Sprites/Effects/Puff01.png using Guid(a4c2c680685b5e7419e27cb0f68dab51) Importer(2089858483,0ecaa5967403d082aa24f35e1b516d23)  -> (artifact id: 'c9f0b6a1a5feed2e24d5f8364302a5f3') in 0.023999 seconds 
Number of asset objects unloaded after import = 3
========================================================================
Received Import Request.
  Time since last request: 0.000019 seconds.
  path: Assets/Scripts/Spells/SpellScript.cs
  artifactKey: Guid(6c7aeccf0067cc34ca433e65916fd868) Importer(2089858483,0ecaa5967403d082aa24f35e1b516d23)
Number of updated assets reloaded before import = 0
Start importing Assets/Scripts/Spells/SpellScript.cs using Guid(6c7aeccf0067cc34ca433e65916fd868) Importer(2089858483,0ecaa5967403d082aa24f35e1b516d23)  -> (artifact id: '5997a0090f5b956a97ac37df71c8469d') in 0.011092 seconds 
Number of asset objects unloaded after import = 0
========================================================================
Received Import Request.
  Time since last request: 0.000029 seconds.
  path: Assets/Sprites/Player/attack_back.png
  artifactKey: Guid(eb2576c7ae7371447adfe85a8cd90cc4) Importer(2089858483,0ecaa5967403d082aa24f35e1b516d23)
Number of updated assets reloaded before import = 0
Start importing Assets/Sprites/Player/attack_back.png using Guid(eb2576c7ae7371447adfe85a8cd90cc4) Importer(2089858483,0ecaa5967403d082aa24f35e1b516d23)  -> (artifact id: '2371dd8d24756a35da22b99ceb660da3') in 0.041998 seconds 
Number of asset objects unloaded after import = 10
========================================================================
Received Import Request.
  Time since last request: 0.000046 seconds.
  path: Assets/Sprites/Effects/Puff09.png
  artifactKey: Guid(950ee87fdc8be2f4096a2074208096c4) Importer(2089858483,0ecaa5967403d082aa24f35e1b516d23)
Number of updated assets reloaded before import = 0
Start importing Assets/Sprites/Effects/Puff09.png using Guid(950ee87fdc8be2f4096a2074208096c4) Importer(2089858483,0ecaa5967403d082aa24f35e1b516d23)  -> (artifact id: '8cfd9d6c543b44e14c682d094af47ace') in 0.028128 seconds 
Number of asset objects unloaded after import = 3
========================================================================
Received Import Request.
  Time since last request: 0.000025 seconds.
  path: Assets/Sprites/Minimap/mini_question.png
  artifactKey: Guid(0a5f07d338bb10a4692c8b0785b93458) Importer(2089858483,0ecaa5967403d082aa24f35e1b516d23)
Number of updated assets reloaded before import = 0
Start importing Assets/Sprites/Minimap/mini_question.png using Guid(0a5f07d338bb10a4692c8b0785b93458) Importer(2089858483,0ecaa5967403d082aa24f35e1b516d23)  -> (artifact id: '9180995bbb713889d4821e138a240fb0') in 0.022581 seconds 
Number of asset objects unloaded after import = 3
========================================================================
Received Import Request.
  Time since last request: 0.000019 seconds.
  path: Assets/Sprites/Effects/Shadown.png
  artifactKey: Guid(205e574a467fcf4419814765cd50fe9a) Importer(2089858483,0ecaa5967403d082aa24f35e1b516d23)
Number of updated assets reloaded before import = 0
Start importing Assets/Sprites/Effects/Shadown.png using Guid(205e574a467fcf4419814765cd50fe9a) Importer(2089858483,0ecaa5967403d082aa24f35e1b516d23)  -> (artifact id: 'ef2c87c7c4dc930d79fa9997d1d19c7a') in 0.026820 seconds 
Number of asset objects unloaded after import = 3
========================================================================
Received Import Request.
  Time since last request: 0.000026 seconds.
  path: Assets/Scripts/Pathfinding/CurrentTileScript.cs
  artifactKey: Guid(31ccdda2f52ed374daba1b9155ccbf71) Importer(2089858483,0ecaa5967403d082aa24f35e1b516d23)
Number of updated assets reloaded before import = 0
Start importing Assets/Scripts/Pathfinding/CurrentTileScript.cs using Guid(31ccdda2f52ed374daba1b9155ccbf71) Importer(2089858483,0ecaa5967403d082aa24f35e1b516d23)  -> (artifact id: '86527ae6be3bd3412cc39f6aecd371c2') in 0.010826 seconds 
Number of asset objects unloaded after import = 0
========================================================================
Received Import Request.
  Time since last request: 0.000021 seconds.
  path: Assets/Sprites/Effects/Cloud.png
  artifactKey: Guid(dcdf42d1565ce7744b947ab0191a2fa3) Importer(2089858483,0ecaa5967403d082aa24f35e1b516d23)
Number of updated assets reloaded before import = 0
Start importing Assets/Sprites/Effects/Cloud.png using Guid(dcdf42d1565ce7744b947ab0191a2fa3) Importer(2089858483,0ecaa5967403d082aa24f35e1b516d23)  -> (artifact id: 'ba208ca03629bb90ea8de3a445bcf404') in 0.022903 seconds 
Number of asset objects unloaded after import = 3
========================================================================
Received Import Request.
  Time since last request: 0.000022 seconds.
  path: Assets/Sprites/Effects/Puff02.png
  artifactKey: Guid(199ec761ee6fda04eadadad04663859f) Importer(2089858483,0ecaa5967403d082aa24f35e1b516d23)
Number of updated assets reloaded before import = 0
Start importing Assets/Sprites/Effects/Puff02.png using Guid(199ec761ee6fda04eadadad04663859f) Importer(2089858483,0ecaa5967403d082aa24f35e1b516d23)  -> (artifact id: '647c97f978b3d1a33c75735f2e5176f7') in 0.024006 seconds 
Number of asset objects unloaded after import = 3
========================================================================
Received Import Request.
  Time since last request: 0.000026 seconds.
  path: Assets/Sprites/Character panel/slot_2.png
  artifactKey: Guid(de369603c6d3a9c4cb000ab83d1ae2f3) Importer(2089858483,0ecaa5967403d082aa24f35e1b516d23)
Number of updated assets reloaded before import = 0
Start importing Assets/Sprites/Character panel/slot_2.png using Guid(de369603c6d3a9c4cb000ab83d1ae2f3) Importer(2089858483,0ecaa5967403d082aa24f35e1b516d23)  -> (artifact id: '1e9e5d5b514c4f0f1667a3137b707d04') in 0.020638 seconds 
Number of asset objects unloaded after import = 3
========================================================================
Received Import Request.
  Time since last request: 0.884790 seconds.
  path: Assets/Sprites/Quest log/quest_log.png
  artifactKey: Guid(88c1ba24507b84f41ab8c1a13a5257bd) Importer(2089858483,0ecaa5967403d082aa24f35e1b516d23)
Number of updated assets reloaded before import = 0
Start importing Assets/Sprites/Quest log/quest_log.png using Guid(88c1ba24507b84f41ab8c1a13a5257bd) Importer(2089858483,0ecaa5967403d082aa24f35e1b516d23)  -> (artifact id: '911992957cc7e64657427b4502fc7bfe') in 0.025917 seconds 
Number of asset objects unloaded after import = 3
========================================================================
Received Import Request.
  Time since last request: 0.000024 seconds.
  path: Assets/Sprites/Spells/castingBar.png
  artifactKey: Guid(314dff7a0c3597e4cb84ede4190724cf) Importer(2089858483,0ecaa5967403d082aa24f35e1b516d23)
Number of updated assets reloaded before import = 0
Start importing Assets/Sprites/Spells/castingBar.png using Guid(314dff7a0c3597e4cb84ede4190724cf) Importer(2089858483,0ecaa5967403d082aa24f35e1b516d23)  -> (artifact id: 'd88f696850f0dc0d220422ca24a5cb2c') in 0.024009 seconds 
Number of asset objects unloaded after import = 3
========================================================================
Received Import Request.
  Time since last request: 0.000032 seconds.
  path: Assets/Mirror/Examples/Snapshot Interpolation/ServerCube.cs
  artifactKey: Guid(9a53730695f274a8aaa7ffdcf50d1008) Importer(2089858483,0ecaa5967403d082aa24f35e1b516d23)
Number of updated assets reloaded before import = 0
Start importing Assets/Mirror/Examples/Snapshot Interpolation/ServerCube.cs using Guid(9a53730695f274a8aaa7ffdcf50d1008) Importer(2089858483,0ecaa5967403d082aa24f35e1b516d23)  -> (artifact id: '4e674b837cfd82df4ac3885d4a35788a') in 0.011608 seconds 
Number of asset objects unloaded after import = 0
========================================================================
Received Import Request.
  Time since last request: 0.000024 seconds.
  path: Assets/Mirror/Core/LagCompensation/Capture.cs
  artifactKey: Guid(347e831952e943a49095cadd39a5aeb2) Importer(2089858483,0ecaa5967403d082aa24f35e1b516d23)
Number of updated assets reloaded before import = 0
Start importing Assets/Mirror/Core/LagCompensation/Capture.cs using Guid(347e831952e943a49095cadd39a5aeb2) Importer(2089858483,0ecaa5967403d082aa24f35e1b516d23)  -> (artifact id: 'c46baf8217281c04eb16e11eb9be8ba3') in 0.012382 seconds 
Number of asset objects unloaded after import = 1
========================================================================
Received Import Request.
  Time since last request: 0.000022 seconds.
  path: Assets/Mirror/Examples/Snapshot Interpolation/ServerMaterial.mat
  artifactKey: Guid(163b909ba60cc435a95bb35396edda15) Importer(2089858483,0ecaa5967403d082aa24f35e1b516d23)
Number of updated assets reloaded before import = 0
Start importing Assets/Mirror/Examples/Snapshot Interpolation/ServerMaterial.mat using Guid(163b909ba60cc435a95bb35396edda15) Importer(2089858483,0ecaa5967403d082aa24f35e1b516d23)  -> (artifact id: '73d195e60e279610e7cc4720a9c309ae') in 0.043281 seconds 
Number of asset objects unloaded after import = 1
========================================================================
Received Import Request.
  Time since last request: 0.000030 seconds.
  path: Assets/Mirror/Examples/BenchmarkPrediction/NetworkManagerPredictionBenchmark.cs
  artifactKey: Guid(f96c236d30fd94a75a172a7642242637) Importer(2089858483,0ecaa5967403d082aa24f35e1b516d23)
Number of updated assets reloaded before import = 0
Start importing Assets/Mirror/Examples/BenchmarkPrediction/NetworkManagerPredictionBenchmark.cs using Guid(f96c236d30fd94a75a172a7642242637) Importer(2089858483,0ecaa5967403d082aa24f35e1b516d23)  -> (artifact id: 'c882edc2340f0aa95b9a05adc195f73a') in 0.011573 seconds 
Number of asset objects unloaded after import = 0
========================================================================
Received Import Request.
  Time since last request: 0.000030 seconds.
  path: Assets/Mirror/Examples/BenchmarkIdle/MirrorBenchmarkIdle.unity
  artifactKey: Guid(23a7fdebddb0e4caabec9f7777f799f0) Importer(2089858483,0ecaa5967403d082aa24f35e1b516d23)
Number of updated assets reloaded before import = 0
Start importing Assets/Mirror/Examples/BenchmarkIdle/MirrorBenchmarkIdle.unity using Guid(23a7fdebddb0e4caabec9f7777f799f0) Importer(2089858483,0ecaa5967403d082aa24f35e1b516d23)  -> (artifact id: 'c7610109969d1c4f5ea15ee5a6da4c26') in 0.011226 seconds 
Number of asset objects unloaded after import = 1
========================================================================
Received Import Request.
  Time since last request: 0.000048 seconds.
  path: Assets/Mirror/Core/SnapshotInterpolation/SnapshotInterpolation.cs
  artifactKey: Guid(72c16070d85334011853813488ab1431) Importer(2089858483,0ecaa5967403d082aa24f35e1b516d23)
Number of updated assets reloaded before import = 0
Start importing Assets/Mirror/Core/SnapshotInterpolation/SnapshotInterpolation.cs using Guid(72c16070d85334011853813488ab1431) Importer(2089858483,0ecaa5967403d082aa24f35e1b516d23)  -> (artifact id: '3cc7715d6bfb3384c13090bfa0d0c432') in 0.011589 seconds 
Number of asset objects unloaded after import = 1
========================================================================
Received Import Request.
  Time since last request: 0.000026 seconds.
  path: Assets/Mirror/Core/Threading/ConcurrentNetworkWriterPooled.cs
  artifactKey: Guid(9163d963b36b4e389318f312bfd8e488) Importer(2089858483,0ecaa5967403d082aa24f35e1b516d23)
Number of updated assets reloaded before import = 0
Start importing Assets/Mirror/Core/Threading/ConcurrentNetworkWriterPooled.cs using Guid(9163d963b36b4e389318f312bfd8e488) Importer(2089858483,0ecaa5967403d082aa24f35e1b516d23)  -> (artifact id: '15813f69c01a6d6f45e8c1219b5cdbd4') in 0.012150 seconds 
Number of asset objects unloaded after import = 0
========================================================================
Received Import Request.
  Time since last request: 0.000035 seconds.
  path: Assets/Mirror/Examples/LagCompensation/ServerMaterial.mat
  artifactKey: Guid(f83d36483f2c647d9a8385d3fbb9135b) Importer(2089858483,0ecaa5967403d082aa24f35e1b516d23)
Number of updated assets reloaded before import = 0
Start importing Assets/Mirror/Examples/LagCompensation/ServerMaterial.mat using Guid(f83d36483f2c647d9a8385d3fbb9135b) Importer(2089858483,0ecaa5967403d082aa24f35e1b516d23)  -> (artifact id: '373b81d2bfb43dfb1bfb24523938add4') in 0.019134 seconds 
Number of asset objects unloaded after import = 1
========================================================================
Received Import Request.
  Time since last request: 0.000039 seconds.
  path: Assets/Mirror/Examples/Snapshot Interpolation/ClientCube.cs
  artifactKey: Guid(51b244c3535d474aaf0a7a679f86185f) Importer(2089858483,0ecaa5967403d082aa24f35e1b516d23)
Number of updated assets reloaded before import = 0
Start importing Assets/Mirror/Examples/Snapshot Interpolation/ClientCube.cs using Guid(51b244c3535d474aaf0a7a679f86185f) Importer(2089858483,0ecaa5967403d082aa24f35e1b516d23)  -> (artifact id: 'd3763b417a845ed2842f445e243f713f') in 0.011214 seconds 
Number of asset objects unloaded after import = 0
========================================================================
Received Import Request.
  Time since last request: 0.000032 seconds.
  path: Assets/Sprites/Spells/ChainLightning.png
  artifactKey: Guid(ec209c80866fd73499e2307cfb596e2d) Importer(2089858483,0ecaa5967403d082aa24f35e1b516d23)
Number of updated assets reloaded before import = 0
Start importing Assets/Sprites/Spells/ChainLightning.png using Guid(ec209c80866fd73499e2307cfb596e2d) Importer(2089858483,0ecaa5967403d082aa24f35e1b516d23)  -> (artifact id: '345e8ce8f2ec408f1c5b5875ad0fe233') in 0.023379 seconds 
Number of asset objects unloaded after import = 3
========================================================================
Received Import Request.
  Time since last request: 0.000030 seconds.
  path: Assets/Mirror/Examples/AdditiveLevels/ReadMe.txt
  artifactKey: Guid(e0b006e68a5390c42a2ac1413c98e72f) Importer(2089858483,0ecaa5967403d082aa24f35e1b516d23)
Number of updated assets reloaded before import = 0
Start importing Assets/Mirror/Examples/AdditiveLevels/ReadMe.txt using Guid(e0b006e68a5390c42a2ac1413c98e72f) Importer(2089858483,0ecaa5967403d082aa24f35e1b516d23)  -> (artifact id: 'd4ec3b4e8b24ab97ef89f7f3327231b6') in 0.017464 seconds 
Number of asset objects unloaded after import = 1
========================================================================
Received Import Request.
  Time since last request: 0.000021 seconds.
  path: Assets/Sprites/Talent tree_XP Bar/arrow_2.png
  artifactKey: Guid(f147fc0382bade14bb7d1cb9d110e013) Importer(2089858483,0ecaa5967403d082aa24f35e1b516d23)
Number of updated assets reloaded before import = 0
Start importing Assets/Sprites/Talent tree_XP Bar/arrow_2.png using Guid(f147fc0382bade14bb7d1cb9d110e013) Importer(2089858483,0ecaa5967403d082aa24f35e1b516d23)  -> (artifact id: '4fd54f505cf0e6f411955c0dc1c12a06') in 0.022155 seconds 
Number of asset objects unloaded after import = 3
========================================================================
Received Import Request.
  Time since last request: 0.000030 seconds.
  path: Assets/TextMesh Pro/Documentation/TextMesh Pro User Guide 2016.pdf
  artifactKey: Guid(1b8d251f9af63b746bf2f7ffe00ebb9b) Importer(2089858483,0ecaa5967403d082aa24f35e1b516d23)
Number of updated assets reloaded before import = 0
Start importing Assets/TextMesh Pro/Documentation/TextMesh Pro User Guide 2016.pdf using Guid(1b8d251f9af63b746bf2f7ffe00ebb9b) Importer(2089858483,0ecaa5967403d082aa24f35e1b516d23)  -> (artifact id: '6771bcfb1de9946b71c15f0452fec551') in 0.017468 seconds 
Number of asset objects unloaded after import = 1
========================================================================
Received Import Request.
  Time since last request: 0.000020 seconds.
  path: Assets/Sprites/Questing/question.png
  artifactKey: Guid(64139f059c21d7445b6a6b79b332293c) Importer(2089858483,0ecaa5967403d082aa24f35e1b516d23)
Number of updated assets reloaded before import = 0
Start importing Assets/Sprites/Questing/question.png using Guid(64139f059c21d7445b6a6b79b332293c) Importer(2089858483,0ecaa5967403d082aa24f35e1b516d23)  -> (artifact id: 'e7cfd096686374eb18c8659735042afd') in 0.026039 seconds 
Number of asset objects unloaded after import = 3
========================================================================
Received Import Request.
  Time since last request: 0.000029 seconds.
  path: Assets/Mirror/Components/Profiling/BaseUIGraph.cs
  artifactKey: Guid(0f7dbe0fe96842f3b3ec76d05d2bb24a) Importer(2089858483,0ecaa5967403d082aa24f35e1b516d23)
Number of updated assets reloaded before import = 0
Start importing Assets/Mirror/Components/Profiling/BaseUIGraph.cs using Guid(0f7dbe0fe96842f3b3ec76d05d2bb24a) Importer(2089858483,0ecaa5967403d082aa24f35e1b516d23)  -> (artifact id: '0359018b996e006e84e5f880b0a1e1b4') in 0.015132 seconds 
Number of asset objects unloaded after import = 1
========================================================================
Received Import Request.
  Time since last request: 0.000029 seconds.
  path: Assets/Mirror/Editor/Weaver/TypeReferenceComparer.cs
  artifactKey: Guid(55eb9eb8794946f4da7ad39788c9920b) Importer(2089858483,0ecaa5967403d082aa24f35e1b516d23)
Number of updated assets reloaded before import = 0
Start importing Assets/Mirror/Editor/Weaver/TypeReferenceComparer.cs using Guid(55eb9eb8794946f4da7ad39788c9920b) Importer(2089858483,0ecaa5967403d082aa24f35e1b516d23)  -> (artifact id: '159cd31cf5c88fa28ec5a4bd9543c20b') in 0.012044 seconds 
Number of asset objects unloaded after import = 0
========================================================================
Received Import Request.
  Time since last request: 0.000030 seconds.
  path: Assets/Mirror/Editor/Weaver/Writers.cs
  artifactKey: Guid(a90060ad76ea044aba613080dd922709) Importer(2089858483,0ecaa5967403d082aa24f35e1b516d23)
Number of updated assets reloaded before import = 0
Start importing Assets/Mirror/Editor/Weaver/Writers.cs using Guid(a90060ad76ea044aba613080dd922709) Importer(2089858483,0ecaa5967403d082aa24f35e1b516d23)  -> (artifact id: 'f84857702c2557114dac7b95c5b7e769') in 0.011665 seconds 
Number of asset objects unloaded after import = 0
========================================================================
Received Import Request.
  Time since last request: 0.000031 seconds.
  path: Assets/TextMesh Pro/Shaders/TMPro_Surface.cginc
  artifactKey: Guid(d930090c0cd643c7b55f19a38538c162) Importer(2089858483,0ecaa5967403d082aa24f35e1b516d23)
Number of updated assets reloaded before import = 0
Start importing Assets/TextMesh Pro/Shaders/TMPro_Surface.cginc using Guid(d930090c0cd643c7b55f19a38538c162) Importer(2089858483,0ecaa5967403d082aa24f35e1b516d23)  -> (artifact id: '259fccd2e2e1a82aef9ca646692cd543') in 0.019556 seconds 
Number of asset objects unloaded after import = 1
========================================================================
Received Import Request.
  Time since last request: 0.000027 seconds.
  path: Assets/Sprites/Talent tree_XP Bar/fire_2.png
  artifactKey: Guid(0b26a284046616e46b0f38a2bd29b094) Importer(2089858483,0ecaa5967403d082aa24f35e1b516d23)
Number of updated assets reloaded before import = 0
Start importing Assets/Sprites/Talent tree_XP Bar/fire_2.png using Guid(0b26a284046616e46b0f38a2bd29b094) Importer(2089858483,0ecaa5967403d082aa24f35e1b516d23)  -> (artifact id: '438e2994d52faacdbad7cd3a14f12edd') in 0.023171 seconds 
Number of asset objects unloaded after import = 3
========================================================================
Received Import Request.
  Time since last request: 0.000034 seconds.
  path: Assets/Sprites/Quest log/text_frame_2.png
  artifactKey: Guid(7715efd56f4f79142b8f2dfc6e68f4b6) Importer(2089858483,0ecaa5967403d082aa24f35e1b516d23)
Number of updated assets reloaded before import = 0
Start importing Assets/Sprites/Quest log/text_frame_2.png using Guid(7715efd56f4f79142b8f2dfc6e68f4b6) Importer(2089858483,0ecaa5967403d082aa24f35e1b516d23)  -> (artifact id: '5b13255e153735cae6e82f7515bfb6b0') in 0.022091 seconds 
Number of asset objects unloaded after import = 3
========================================================================
Received Import Request.
  Time since last request: 0.000052 seconds.
  path: Assets/Sprites/Talent tree_XP Bar/sword_1.png
  artifactKey: Guid(db29f74e9d57a884cbe665596d5b850f) Importer(2089858483,0ecaa5967403d082aa24f35e1b516d23)
Number of updated assets reloaded before import = 0
Start importing Assets/Sprites/Talent tree_XP Bar/sword_1.png using Guid(db29f74e9d57a884cbe665596d5b850f) Importer(2089858483,0ecaa5967403d082aa24f35e1b516d23)  -> (artifact id: '0b329719091203bbe73cea80ede8c2c0') in 0.023313 seconds 
Number of asset objects unloaded after import = 3
========================================================================
Received Import Request.
  Time since last request: 0.000026 seconds.
  path: Assets/Mirror/Components/PredictedRigidbody/PredictedSyncData.cs
  artifactKey: Guid(f595f112a39e4634b670d56991b23823) Importer(2089858483,0ecaa5967403d082aa24f35e1b516d23)
Number of updated assets reloaded before import = 0
Start importing Assets/Mirror/Components/PredictedRigidbody/PredictedSyncData.cs using Guid(f595f112a39e4634b670d56991b23823) Importer(2089858483,0ecaa5967403d082aa24f35e1b516d23)  -> (artifact id: 'b39392f6d087e11e4d11456b7ab5dccb') in 0.013030 seconds 
Number of asset objects unloaded after import = 0
========================================================================
Received Import Request.
  Time since last request: 0.000029 seconds.
  path: Assets/TextMesh Pro/Shaders/TMP_SDF SSD.shader
  artifactKey: Guid(14eb328de4b8eb245bb7cea29e4ac00b) Importer(2089858483,0ecaa5967403d082aa24f35e1b516d23)
Number of updated assets reloaded before import = 0
Start importing Assets/TextMesh Pro/Shaders/TMP_SDF SSD.shader using Guid(14eb328de4b8eb245bb7cea29e4ac00b) Importer(2089858483,0ecaa5967403d082aa24f35e1b516d23)  -> (artifact id: 'b9aa5de308db49bb8434f9c8e0903c56') in 0.024651 seconds 
Number of asset objects unloaded after import = 1
========================================================================
Received Import Request.
  Time since last request: 0.000023 seconds.
  path: Assets/Sprites/Spells/fire_.png
  artifactKey: Guid(a3c6db65514256d41b86d282456688fa) Importer(2089858483,0ecaa5967403d082aa24f35e1b516d23)
Number of updated assets reloaded before import = 0
Start importing Assets/Sprites/Spells/fire_.png using Guid(a3c6db65514256d41b86d282456688fa) Importer(2089858483,0ecaa5967403d082aa24f35e1b516d23)  -> (artifact id: '50c97eb00c81dcff254952d1269290d7') in 0.022556 seconds 
Number of asset objects unloaded after import = 3
========================================================================
Received Import Request.
  Time since last request: 0.000026 seconds.
  path: Assets/Mirror/Examples/CCU/White.mat
  artifactKey: Guid(ae32f0609a5e9453b95ec3b9e28c2ac8) Importer(2089858483,0ecaa5967403d082aa24f35e1b516d23)
Number of updated assets reloaded before import = 0
Start importing Assets/Mirror/Examples/CCU/White.mat using Guid(ae32f0609a5e9453b95ec3b9e28c2ac8) Importer(2089858483,0ecaa5967403d082aa24f35e1b516d23)  -> (artifact id: '8f0c9075a2ca4fc799b58b7f3bd0d573') in 0.090696 seconds 
Number of asset objects unloaded after import = 1
========================================================================
Received Import Request.
  Time since last request: 0.000024 seconds.
  path: Assets/TextMesh Pro/Shaders/TMP_SDF-Surface.shader
  artifactKey: Guid(f7ada0af4f174f0694ca6a487b8f543d) Importer(2089858483,0ecaa5967403d082aa24f35e1b516d23)
Number of updated assets reloaded before import = 0
Start importing Assets/TextMesh Pro/Shaders/TMP_SDF-Surface.shader using Guid(f7ada0af4f174f0694ca6a487b8f543d) Importer(2089858483,0ecaa5967403d082aa24f35e1b516d23)  -> (artifact id: '1be9395a8471f51f79138386878f77da') in 0.018214 seconds 
Number of asset objects unloaded after import = 1
========================================================================
Received Import Request.
  Time since last request: 0.000025 seconds.
  path: Assets/Mirror/Examples/LagCompensation/Snapshot3D.cs
  artifactKey: Guid(78563da1b871d45b3a9f763a2a469b76) Importer(2089858483,0ecaa5967403d082aa24f35e1b516d23)
Number of updated assets reloaded before import = 0
Start importing Assets/Mirror/Examples/LagCompensation/Snapshot3D.cs using Guid(78563da1b871d45b3a9f763a2a469b76) Importer(2089858483,0ecaa5967403d082aa24f35e1b516d23)  -> (artifact id: 'e8e826e68cea35b3c6d27e9525de5405') in 0.010381 seconds 
Number of asset objects unloaded after import = 0
========================================================================
Received Import Request.
  Time since last request: 0.000032 seconds.
  path: Assets/Mirror/Core/Tools/AccurateInterval.cs
  artifactKey: Guid(c1b18064e25046f28b88db65a4012ec1) Importer(2089858483,0ecaa5967403d082aa24f35e1b516d23)
Number of updated assets reloaded before import = 0
Start importing Assets/Mirror/Core/Tools/AccurateInterval.cs using Guid(c1b18064e25046f28b88db65a4012ec1) Importer(2089858483,0ecaa5967403d082aa24f35e1b516d23)  -> (artifact id: '11ff53b9ba0955c888087c33bd0ded23') in 0.014119 seconds 
Number of asset objects unloaded after import = 1
========================================================================
Received Import Request.
  Time since last request: 0.000035 seconds.
  path: Assets/Mirror/Core/Tools/Mathd.cs
  artifactKey: Guid(5f74084b91c74df2839b426c4a381373) Importer(2089858483,0ecaa5967403d082aa24f35e1b516d23)
Number of updated assets reloaded before import = 0
Start importing Assets/Mirror/Core/Tools/Mathd.cs using Guid(5f74084b91c74df2839b426c4a381373) Importer(2089858483,0ecaa5967403d082aa24f35e1b516d23)  -> (artifact id: 'afd5b44b6354dbbc54a718f34d92fe71') in 0.013529 seconds 
Number of asset objects unloaded after import = 1
========================================================================
Received Import Request.
  Time since last request: 0.003796 seconds.
  path: Assets/Sprites/Talent tree_XP Bar/shield_3.png
  artifactKey: Guid(84008e79d55a6aa43a5fbfde93aad9b8) Importer(2089858483,0ecaa5967403d082aa24f35e1b516d23)
Number of updated assets reloaded before import = 0
Start importing Assets/Sprites/Talent tree_XP Bar/shield_3.png using Guid(84008e79d55a6aa43a5fbfde93aad9b8) Importer(2089858483,0ecaa5967403d082aa24f35e1b516d23)  -> (artifact id: '14f1dc0d8566b718fd312c5db592534e') in 0.022345 seconds 
Number of asset objects unloaded after import = 3
========================================================================
Received Import Request.
  Time since last request: 0.000028 seconds.
  path: Assets/TextMesh Pro/Shaders/TMPro_Mobile.cginc
  artifactKey: Guid(c334973cef89a9840b0b0c507e0377ab) Importer(2089858483,0ecaa5967403d082aa24f35e1b516d23)
Number of updated assets reloaded before import = 0
Start importing Assets/TextMesh Pro/Shaders/TMPro_Mobile.cginc using Guid(c334973cef89a9840b0b0c507e0377ab) Importer(2089858483,0ecaa5967403d082aa24f35e1b516d23)  -> (artifact id: '20a3ac7f8cf456dc94920ed6f9ed49c5') in 0.018905 seconds 
Number of asset objects unloaded after import = 1
========================================================================
Received Import Request.
  Time since last request: 0.000030 seconds.
  path: Assets/TextMesh Pro/Shaders/TMPro.cginc
  artifactKey: Guid(407bc68d299748449bbf7f48ee690f8d) Importer(2089858483,0ecaa5967403d082aa24f35e1b516d23)
Number of updated assets reloaded before import = 0
Start importing Assets/TextMesh Pro/Shaders/TMPro.cginc using Guid(407bc68d299748449bbf7f48ee690f8d) Importer(2089858483,0ecaa5967403d082aa24f35e1b516d23)  -> (artifact id: '91337d5b3f502b9c5343fae5f05642a4') in 0.017354 seconds 
Number of asset objects unloaded after import = 1
========================================================================
Received Import Request.
  Time since last request: 0.000030 seconds.
  path: Assets/Mirror/Components/PredictedRigidbody/RigidbodyState.cs
  artifactKey: Guid(ed0e1c0c874c4c9db6be2d5885bb7bee) Importer(2089858483,0ecaa5967403d082aa24f35e1b516d23)
Number of updated assets reloaded before import = 0
Start importing Assets/Mirror/Components/PredictedRigidbody/RigidbodyState.cs using Guid(ed0e1c0c874c4c9db6be2d5885bb7bee) Importer(2089858483,0ecaa5967403d082aa24f35e1b516d23)  -> (artifact id: 'cc0d88b0b60147af3b2bb5f461ebdaf7') in 0.011644 seconds 
Number of asset objects unloaded after import = 1
========================================================================
Received Import Request.
  Time since last request: 0.000027 seconds.
  path: Assets/Mirror/Examples/LagCompensation/_DISABLE VSYNC_
  artifactKey: Guid(8a02664e59ea04082ba401785fdf2a3f) Importer(2089858483,0ecaa5967403d082aa24f35e1b516d23)
Number of updated assets reloaded before import = 0
Start importing Assets/Mirror/Examples/LagCompensation/_DISABLE VSYNC_ using Guid(8a02664e59ea04082ba401785fdf2a3f) Importer(2089858483,0ecaa5967403d082aa24f35e1b516d23)  -> (artifact id: '23d2b5be9ec910543b1f6f4a9ceaad41') in 0.012153 seconds 
Number of asset objects unloaded after import = 1
========================================================================
Received Import Request.
  Time since last request: 0.000030 seconds.
  path: Assets/Mirror/Components/PredictedRigidbody/PredictedRigidbody.cs
  artifactKey: Guid(d38927cdc6024b9682b5fe9778b9ef99) Importer(2089858483,0ecaa5967403d082aa24f35e1b516d23)
Number of updated assets reloaded before import = 0
Start importing Assets/Mirror/Components/PredictedRigidbody/PredictedRigidbody.cs using Guid(d38927cdc6024b9682b5fe9778b9ef99) Importer(2089858483,0ecaa5967403d082aa24f35e1b516d23)  -> (artifact id: '786dd32ef5308195185839308f72ad34') in 0.014429 seconds 
Number of asset objects unloaded after import = 1
========================================================================
Received Import Request.
  Time since last request: 0.000024 seconds.
  path: Assets/Mirror/Core/Tools/DeltaCompression.cs
  artifactKey: Guid(6b8f3fffcb4754c15bc5ed4c33e2497b) Importer(2089858483,0ecaa5967403d082aa24f35e1b516d23)
Number of updated assets reloaded before import = 0
Start importing Assets/Mirror/Core/Tools/DeltaCompression.cs using Guid(6b8f3fffcb4754c15bc5ed4c33e2497b) Importer(2089858483,0ecaa5967403d082aa24f35e1b516d23)  -> (artifact id: 'ae61d52ba4c7bbd744ad0e77f061b957') in 0.017164 seconds 
Number of asset objects unloaded after import = 1
========================================================================
Received Import Request.
  Time since last request: 0.000030 seconds.
  path: Assets/Sprites/Talent tree_XP Bar/XP_Bar_3.png
  artifactKey: Guid(94c0e6cd21fa6654d970f6cc556774b0) Importer(2089858483,0ecaa5967403d082aa24f35e1b516d23)
Number of updated assets reloaded before import = 0
Start importing Assets/Sprites/Talent tree_XP Bar/XP_Bar_3.png using Guid(94c0e6cd21fa6654d970f6cc556774b0) Importer(2089858483,0ecaa5967403d082aa24f35e1b516d23)  -> (artifact id: '1d9dd58291c887365595366d1da6485d') in 0.031452 seconds 
Number of asset objects unloaded after import = 3
========================================================================
Received Import Request.
  Time since last request: 0.000027 seconds.
  path: Assets/Mirror/Examples/CharacterSelection/MirrorCharacterSelectionNoCharacter.unity
  artifactKey: Guid(a8a73128beb4248aca152ab0364c5abc) Importer(2089858483,0ecaa5967403d082aa24f35e1b516d23)
Number of updated assets reloaded before import = 0
Start importing Assets/Mirror/Examples/CharacterSelection/MirrorCharacterSelectionNoCharacter.unity using Guid(a8a73128beb4248aca152ab0364c5abc) Importer(2089858483,0ecaa5967403d082aa24f35e1b516d23)  -> (artifact id: '2504c4f1bec65ac185d3a84e29a6040e') in 0.010828 seconds 
Number of asset objects unloaded after import = 1
========================================================================
Received Import Request.
  Time since last request: 0.000022 seconds.
  path: Assets/TextMesh Pro/Shaders/TMP_Sprite.shader
  artifactKey: Guid(cf81c85f95fe47e1a27f6ae460cf182c) Importer(2089858483,0ecaa5967403d082aa24f35e1b516d23)
Number of updated assets reloaded before import = 0
Start importing Assets/TextMesh Pro/Shaders/TMP_Sprite.shader using Guid(cf81c85f95fe47e1a27f6ae460cf182c) Importer(2089858483,0ecaa5967403d082aa24f35e1b516d23)  -> (artifact id: 'ef64d4282b8be53e5f07126a014262da') in 0.014591 seconds 
Number of asset objects unloaded after import = 1
========================================================================
Received Import Request.
  Time since last request: 0.000035 seconds.
  path: Assets/Mirror/Examples/PlayerTest/PlayerTestScene.unity
  artifactKey: Guid(2eee477bd391ecc4ba9ca46b6f8b86e3) Importer(2089858483,0ecaa5967403d082aa24f35e1b516d23)
Number of updated assets reloaded before import = 0
Start importing Assets/Mirror/Examples/PlayerTest/PlayerTestScene.unity using Guid(2eee477bd391ecc4ba9ca46b6f8b86e3) Importer(2089858483,0ecaa5967403d082aa24f35e1b516d23)  -> (artifact id: 'b0ec57a14826af8cf0e83fdafcd163b4') in 0.011750 seconds 
Number of asset objects unloaded after import = 1
========================================================================
Received Import Request.
  Time since last request: 0.000056 seconds.
  path: Assets/Mirror/Core/Prediction/Prediction.cs
  artifactKey: Guid(216d494d910445ea8a7acc7c889212d5) Importer(2089858483,0ecaa5967403d082aa24f35e1b516d23)
Number of updated assets reloaded before import = 0
Start importing Assets/Mirror/Core/Prediction/Prediction.cs using Guid(216d494d910445ea8a7acc7c889212d5) Importer(2089858483,0ecaa5967403d082aa24f35e1b516d23)  -> (artifact id: 'a6ad9d19477b66fe8135be1906812297') in 0.014380 seconds 
Number of asset objects unloaded after import = 1
========================================================================
Received Import Request.
  Time since last request: 0.000045 seconds.
  path: Assets/Sprites/Talent tree_XP Bar/sword_2.png
  artifactKey: Guid(eee8f58d74eda314a99dbd9addf9ea09) Importer(2089858483,0ecaa5967403d082aa24f35e1b516d23)
Number of updated assets reloaded before import = 0
Start importing Assets/Sprites/Talent tree_XP Bar/sword_2.png using Guid(eee8f58d74eda314a99dbd9addf9ea09) Importer(2089858483,0ecaa5967403d082aa24f35e1b516d23)  -> (artifact id: 'cbee40e80d0b1b9b8d5f0737c9f14cbf') in 0.022595 seconds 
Number of asset objects unloaded after import = 3
========================================================================
Received Import Request.
  Time since last request: 0.000028 seconds.
  path: Assets/Mirror/Examples/StackedPrediction/PlayerForce.cs
  artifactKey: Guid(1a1438116a7f4afb89cf449850639d09) Importer(2089858483,0ecaa5967403d082aa24f35e1b516d23)
Number of updated assets reloaded before import = 0
Start importing Assets/Mirror/Examples/StackedPrediction/PlayerForce.cs using Guid(1a1438116a7f4afb89cf449850639d09) Importer(2089858483,0ecaa5967403d082aa24f35e1b516d23)  -> (artifact id: '3a4a7ab1d46f0d783cbddf1c8f341cd8') in 0.013911 seconds 
Number of asset objects unloaded after import = 0
========================================================================
Received Import Request.
  Time since last request: 0.000234 seconds.
  path: Assets/Mirror/Examples/StackedPrediction/CubeMaterial.physicMaterial
  artifactKey: Guid(7341570099774486d9de82fa640e73ab) Importer(2089858483,0ecaa5967403d082aa24f35e1b516d23)
Number of updated assets reloaded before import = 0
Start importing Assets/Mirror/Examples/StackedPrediction/CubeMaterial.physicMaterial using Guid(7341570099774486d9de82fa640e73ab) Importer(2089858483,0ecaa5967403d082aa24f35e1b516d23)  -> (artifact id: 'd655a6f1b67e4755d550949290ca9fd5') in 0.023992 seconds 
Number of asset objects unloaded after import = 1
========================================================================
Received Import Request.
  Time since last request: 0.000023 seconds.
  path: Assets/Mirror/Editor/Weaver/Unity.Mirror.CodeGen.asmdef
  artifactKey: Guid(1d0b9d21c3ff546a4aa32399dfd33474) Importer(2089858483,0ecaa5967403d082aa24f35e1b516d23)
Number of updated assets reloaded before import = 0
Start importing Assets/Mirror/Editor/Weaver/Unity.Mirror.CodeGen.asmdef using Guid(1d0b9d21c3ff546a4aa32399dfd33474) Importer(2089858483,0ecaa5967403d082aa24f35e1b516d23)  -> (artifact id: 'ad30e9088e5226ab66da3398659b6c51') in 0.019604 seconds 
Number of asset objects unloaded after import = 1
========================================================================
Received Import Request.
  Time since last request: 0.000040 seconds.
  path: Assets/Sprites/Talent tree_XP Bar/freeze_2.png
  artifactKey: Guid(8f0858034ab337f49ab90607a5ac29aa) Importer(2089858483,0ecaa5967403d082aa24f35e1b516d23)
Number of updated assets reloaded before import = 0
Start importing Assets/Sprites/Talent tree_XP Bar/freeze_2.png using Guid(8f0858034ab337f49ab90607a5ac29aa) Importer(2089858483,0ecaa5967403d082aa24f35e1b516d23)  -> (artifact id: '8bb7d6abf7d84c6728eeb6742995588b') in 0.028594 seconds 
Number of asset objects unloaded after import = 3
========================================================================
Received Import Request.
  Time since last request: 0.000027 seconds.
  path: Assets/Mirror/Examples/BenchmarkStinkySteak/BehaviourConfig.asset
  artifactKey: Guid(7d859fe3222918f4e9b2fe25afa82ced) Importer(2089858483,0ecaa5967403d082aa24f35e1b516d23)
Number of updated assets reloaded before import = 0
Start importing Assets/Mirror/Examples/BenchmarkStinkySteak/BehaviourConfig.asset using Guid(7d859fe3222918f4e9b2fe25afa82ced) Importer(2089858483,0ecaa5967403d082aa24f35e1b516d23)  -> (artifact id: 'b97c39a10e3c33b79259d51d8347b183') in 0.014790 seconds 
Number of asset objects unloaded after import = 1
========================================================================
Received Import Request.
  Time since last request: 0.000035 seconds.
  path: Assets/Sprites/Questing/exclamation.png
  artifactKey: Guid(125ae7d3ffee5e64aadecbe0be0204d9) Importer(2089858483,0ecaa5967403d082aa24f35e1b516d23)
Number of updated assets reloaded before import = 0
Start importing Assets/Sprites/Questing/exclamation.png using Guid(125ae7d3ffee5e64aadecbe0be0204d9) Importer(2089858483,0ecaa5967403d082aa24f35e1b516d23)  -> (artifact id: 'd9fcd8ba5e63c1bff5fdb6ba81e75da4') in 0.030199 seconds 
Number of asset objects unloaded after import = 3
========================================================================
Received Import Request.
  Time since last request: 0.000024 seconds.
  path: Assets/Sprites/Talent tree_XP Bar/freeze_3.png
  artifactKey: Guid(9c58111066ab8b045b4aa7184b05e58e) Importer(2089858483,0ecaa5967403d082aa24f35e1b516d23)
Number of updated assets reloaded before import = 0
Start importing Assets/Sprites/Talent tree_XP Bar/freeze_3.png using Guid(9c58111066ab8b045b4aa7184b05e58e) Importer(2089858483,0ecaa5967403d082aa24f35e1b516d23)  -> (artifact id: '53753b580e2ad329e3af1d08f68e6f4c') in 0.023602 seconds 
Number of asset objects unloaded after import = 3
========================================================================
Received Import Request.
  Time since last request: 0.000023 seconds.
  path: Assets/Sprites/Talent tree_XP Bar/popup.png
  artifactKey: Guid(92f61dd70cfe5794db5d76b155714bc7) Importer(2089858483,0ecaa5967403d082aa24f35e1b516d23)
Number of updated assets reloaded before import = 0
Start importing Assets/Sprites/Talent tree_XP Bar/popup.png using Guid(92f61dd70cfe5794db5d76b155714bc7) Importer(2089858483,0ecaa5967403d082aa24f35e1b516d23)  -> (artifact id: '95e85722c5096f8e0ce6bfabd899f8d9') in 0.019490 seconds 
Number of asset objects unloaded after import = 3
========================================================================
Received Import Request.
  Time since last request: 0.000021 seconds.
  path: Assets/Mirror/Examples/CCU/Player.cs
  artifactKey: Guid(2c936c3d1cc664f15a92190fc35fd7dd) Importer(2089858483,0ecaa5967403d082aa24f35e1b516d23)
Number of updated assets reloaded before import = 0
Start importing Assets/Mirror/Examples/CCU/Player.cs using Guid(2c936c3d1cc664f15a92190fc35fd7dd) Importer(2089858483,0ecaa5967403d082aa24f35e1b516d23)  -> (artifact id: '10154a3d44345c5c5cca5e5cddffda72') in 0.009722 seconds 
Number of asset objects unloaded after import = 0
========================================================================
Received Import Request.
  Time since last request: 0.000062 seconds.
  path: Assets/Mirror/Components/Discovery/NetworkDiscoveryBase.cs
  artifactKey: Guid(b9971d60ce61f4e39b07cd9e7e0c68fa) Importer(2089858483,0ecaa5967403d082aa24f35e1b516d23)
Number of updated assets reloaded before import = 0
Start importing Assets/Mirror/Components/Discovery/NetworkDiscoveryBase.cs using Guid(b9971d60ce61f4e39b07cd9e7e0c68fa) Importer(2089858483,0ecaa5967403d082aa24f35e1b516d23)  -> (artifact id: 'b058e8432a5ca320326c136ac741245f') in 0.013472 seconds 
Number of asset objects unloaded after import = 1
========================================================================
Received Import Request.
  Time since last request: 0.000024 seconds.
  path: Assets/Mirror/Components/Profiling/FpsMinMaxAvgGraph.cs
  artifactKey: Guid(73bc3b929ec94537a8dbd67eb9d0c2c6) Importer(2089858483,0ecaa5967403d082aa24f35e1b516d23)
Number of updated assets reloaded before import = 0
Start importing Assets/Mirror/Components/Profiling/FpsMinMaxAvgGraph.cs using Guid(73bc3b929ec94537a8dbd67eb9d0c2c6) Importer(2089858483,0ecaa5967403d082aa24f35e1b516d23)  -> (artifact id: '58dcd68d8aa19af0d35487746058d15a') in 0.013561 seconds 
Number of asset objects unloaded after import = 1
========================================================================
Received Import Request.
  Time since last request: 0.000022 seconds.
  path: Assets/Mirror/Examples/BenchmarkIdle/Npc.mat
  artifactKey: Guid(3ec830ed62de74cfe8c71892397c32ee) Importer(2089858483,0ecaa5967403d082aa24f35e1b516d23)
Number of updated assets reloaded before import = 0
Start importing Assets/Mirror/Examples/BenchmarkIdle/Npc.mat using Guid(3ec830ed62de74cfe8c71892397c32ee) Importer(2089858483,0ecaa5967403d082aa24f35e1b516d23)  -> (artifact id: 'd367ab59b7bfd9350381b654899e3dd6') in 0.020628 seconds 
Number of asset objects unloaded after import = 1
========================================================================
Received Import Request.
  Time since last request: 0.429453 seconds.
  path: Assets/Mirror/Examples/StackedPrediction/_Readme.txt
  artifactKey: Guid(e7924ec6d89741879d02199175867d57) Importer(2089858483,0ecaa5967403d082aa24f35e1b516d23)
Number of updated assets reloaded before import = 0
Start importing Assets/Mirror/Examples/StackedPrediction/_Readme.txt using Guid(e7924ec6d89741879d02199175867d57) Importer(2089858483,0ecaa5967403d082aa24f35e1b516d23)  -> (artifact id: '5c54fd7082c617f586cd038dd99a2277') in 0.016423 seconds 
Number of asset objects unloaded after import = 1
========================================================================
Received Import Request.
  Time since last request: 0.000019 seconds.
  path: Assets/Sprites/Enviroment/WaterTiles/32.png
  artifactKey: Guid(e099a60b6bb07f14fbbbdbdec81fb1d9) Importer(2089858483,0ecaa5967403d082aa24f35e1b516d23)
Number of updated assets reloaded before import = 0
Start importing Assets/Sprites/Enviroment/WaterTiles/32.png using Guid(e099a60b6bb07f14fbbbdbdec81fb1d9) Importer(2089858483,0ecaa5967403d082aa24f35e1b516d23)  -> (artifact id: '624204b3a014a29ac4d7913c34569f88') in 0.022766 seconds 
Number of asset objects unloaded after import = 3
========================================================================
Received Import Request.
  Time since last request: 0.000019 seconds.
  path: Assets/Sprites/Gear/hat/hat_attack_right.png
  artifactKey: Guid(f5d3a1fb49a5b8041a25a362b26fa90b) Importer(2089858483,0ecaa5967403d082aa24f35e1b516d23)
Number of updated assets reloaded before import = 0
Start importing Assets/Sprites/Gear/hat/hat_attack_right.png using Guid(f5d3a1fb49a5b8041a25a362b26fa90b) Importer(2089858483,0ecaa5967403d082aa24f35e1b516d23)  -> (artifact id: '2a17bd58fb511850a94dc88b01689fe0') in 0.038931 seconds 
Number of asset objects unloaded after import = 12
========================================================================
Received Import Request.
  Time since last request: 0.000027 seconds.
  path: Assets/Sprites/Gear/robe/robe_idle_left.png
  artifactKey: Guid(d42c792cf820d244d914f0b98dc60888) Importer(2089858483,0ecaa5967403d082aa24f35e1b516d23)
Number of updated assets reloaded before import = 0
Start importing Assets/Sprites/Gear/robe/robe_idle_left.png using Guid(d42c792cf820d244d914f0b98dc60888) Importer(2089858483,0ecaa5967403d082aa24f35e1b516d23)  -> (artifact id: '8b415a682a8d85df6c5677e470a4979b') in 0.040685 seconds 
Number of asset objects unloaded after import = 14
========================================================================
Received Import Request.
  Time since last request: 0.000019 seconds.
  path: Assets/Mirror/Transports/Telepathy/TelepathyTransport.cs
  artifactKey: Guid(c7424c1070fad4ba2a7a96b02fbeb4bb) Importer(2089858483,0ecaa5967403d082aa24f35e1b516d23)
Number of updated assets reloaded before import = 0
Start importing Assets/Mirror/Transports/Telepathy/TelepathyTransport.cs using Guid(c7424c1070fad4ba2a7a96b02fbeb4bb) Importer(2089858483,0ecaa5967403d082aa24f35e1b516d23)  -> (artifact id: 'd917ce65e9eb0a90cfae2580925c48ec') in 0.011732 seconds 
Number of asset objects unloaded after import = 1
========================================================================
Received Import Request.
  Time since last request: 0.000034 seconds.
  path: Assets/Mirror/Presets/Network Transform (Reliable)/ClientAuth-Balanced.preset
  artifactKey: Guid(d2265a8e4f13f4cabada48c26038cd61) Importer(2089858483,0ecaa5967403d082aa24f35e1b516d23)
Number of updated assets reloaded before import = 0
Start importing Assets/Mirror/Presets/Network Transform (Reliable)/ClientAuth-Balanced.preset using Guid(d2265a8e4f13f4cabada48c26038cd61) Importer(2089858483,0ecaa5967403d082aa24f35e1b516d23)  -> (artifact id: '1d5ef15b256d45c67d1218cc81159107') in 0.030645 seconds 
Number of asset objects unloaded after import = 1
========================================================================
Received Import Request.
  Time since last request: 0.000031 seconds.
  path: Assets/Sprites/skeleton_1/attack_right/attack_right_1_0002.png
  artifactKey: Guid(fbbed267218713b4da5f2bec2b6ef4d4) Importer(2089858483,0ecaa5967403d082aa24f35e1b516d23)
Number of updated assets reloaded before import = 0
Start importing Assets/Sprites/skeleton_1/attack_right/attack_right_1_0002.png using Guid(fbbed267218713b4da5f2bec2b6ef4d4) Importer(2089858483,0ecaa5967403d082aa24f35e1b516d23)  -> (artifact id: '5a81b5aac0dc889036df5efaac847503') in 0.018759 seconds 
Number of asset objects unloaded after import = 3
========================================================================
Received Import Request.
  Time since last request: 0.000021 seconds.
  path: Assets/Mirror/Transports/Encryption/EncryptionCredentials.cs
  artifactKey: Guid(af6ae5f74f9548588cba5731643fabaf) Importer(2089858483,0ecaa5967403d082aa24f35e1b516d23)
Number of updated assets reloaded before import = 0
Start importing Assets/Mirror/Transports/Encryption/EncryptionCredentials.cs using Guid(af6ae5f74f9548588cba5731643fabaf) Importer(2089858483,0ecaa5967403d082aa24f35e1b516d23)  -> (artifact id: '884713a19da9611018c60948cd6389cb') in 0.012515 seconds 
Number of asset objects unloaded after import = 0
========================================================================
Received Import Request.
  Time since last request: 0.000030 seconds.
  path: Assets/Mirror/Presets/Network Transform (Unreliable)/ClientAuth-Casual.preset
  artifactKey: Guid(11dbda2b964884128b2bd209f9e5cead) Importer(2089858483,0ecaa5967403d082aa24f35e1b516d23)
Number of updated assets reloaded before import = 0
Start importing Assets/Mirror/Presets/Network Transform (Unreliable)/ClientAuth-Casual.preset using Guid(11dbda2b964884128b2bd209f9e5cead) Importer(2089858483,0ecaa5967403d082aa24f35e1b516d23)  -> (artifact id: '26004bfd5979984b451a2c19584e2ecc') in 0.018344 seconds 
Number of asset objects unloaded after import = 1
========================================================================
Received Import Request.
  Time since last request: 0.000023 seconds.
  path: Assets/Sprites/skeleton_1/death_right/death_right_1_0001.png
  artifactKey: Guid(3b14cbb0a0acb4c4ba702f4b0bdef57d) Importer(2089858483,0ecaa5967403d082aa24f35e1b516d23)
Number of updated assets reloaded before import = 0
Start importing Assets/Sprites/skeleton_1/death_right/death_right_1_0001.png using Guid(3b14cbb0a0acb4c4ba702f4b0bdef57d) Importer(2089858483,0ecaa5967403d082aa24f35e1b516d23)  -> (artifact id: '39c15f2859e2b59ae7bc5ba6f3093d04') in 0.025813 seconds 
Number of asset objects unloaded after import = 3
========================================================================
Received Import Request.
  Time since last request: 0.000023 seconds.
  path: Assets/Sprites/skeleton_1/death_left/death_left_1_0001.png
  artifactKey: Guid(85b934e5a8abab74fbf11ff01505adae) Importer(2089858483,0ecaa5967403d082aa24f35e1b516d23)
Number of updated assets reloaded before import = 0
Start importing Assets/Sprites/skeleton_1/death_left/death_left_1_0001.png using Guid(85b934e5a8abab74fbf11ff01505adae) Importer(2089858483,0ecaa5967403d082aa24f35e1b516d23)  -> (artifact id: 'b200bdc09dcfd613e1b116c842633c0e') in 0.018490 seconds 
Number of asset objects unloaded after import = 3
========================================================================
Received Import Request.
  Time since last request: 0.000023 seconds.
  path: Assets/Mirror/Examples/Tanks/Readme.txt
  artifactKey: Guid(0f246189ee014e60a4f1b95f02d50888) Importer(2089858483,0ecaa5967403d082aa24f35e1b516d23)
Number of updated assets reloaded before import = 0
Start importing Assets/Mirror/Examples/Tanks/Readme.txt using Guid(0f246189ee014e60a4f1b95f02d50888) Importer(2089858483,0ecaa5967403d082aa24f35e1b516d23)  -> (artifact id: '2c76c7f3f4f7d41f4366ad9255f1da91') in 0.016606 seconds 
Number of asset objects unloaded after import = 1
========================================================================
Received Import Request.
  Time since last request: 0.000026 seconds.
  path: Assets/Mirror/Transports/Encryption/PubKeyInfo.cs
  artifactKey: Guid(e1e3744418024c02acf39f44c1d1bd20) Importer(2089858483,0ecaa5967403d082aa24f35e1b516d23)
Number of updated assets reloaded before import = 0
Start importing Assets/Mirror/Transports/Encryption/PubKeyInfo.cs using Guid(e1e3744418024c02acf39f44c1d1bd20) Importer(2089858483,0ecaa5967403d082aa24f35e1b516d23)  -> (artifact id: 'cc7c279af9020d7019adee06a5e5c76f') in 0.012501 seconds 
Number of asset objects unloaded after import = 0
========================================================================
Received Import Request.
  Time since last request: 0.000020 seconds.
  path: Assets/Sprites/skeleton_1/attack_down/attack_down_1_0005.png
  artifactKey: Guid(8f4938b9b11c76e4ca8c1307af6ba8bd) Importer(2089858483,0ecaa5967403d082aa24f35e1b516d23)
Number of updated assets reloaded before import = 0
Start importing Assets/Sprites/skeleton_1/attack_down/attack_down_1_0005.png using Guid(8f4938b9b11c76e4ca8c1307af6ba8bd) Importer(2089858483,0ecaa5967403d082aa24f35e1b516d23)  -> (artifact id: '2773f56d45829bcc8cb86b5bb8b8e019') in 0.021592 seconds 
Number of asset objects unloaded after import = 3
========================================================================
Received Import Request.
  Time since last request: 0.000024 seconds.
  path: Assets/Sprites/skeleton_1/death_right/death_right_1_0009.png
  artifactKey: Guid(9669e2589f08f504cadc647dc11b9618) Importer(2089858483,0ecaa5967403d082aa24f35e1b516d23)
Number of updated assets reloaded before import = 0
Start importing Assets/Sprites/skeleton_1/death_right/death_right_1_0009.png using Guid(9669e2589f08f504cadc647dc11b9618) Importer(2089858483,0ecaa5967403d082aa24f35e1b516d23)  -> (artifact id: 'eb8e11204ceff27136c799fd434d53a9') in 0.022267 seconds 
Number of asset objects unloaded after import = 3
========================================================================
Received Import Request.
  Time since last request: 0.000024 seconds.
  path: Assets/Sprites/Enviroment/Trees/AppleTree.png
  artifactKey: Guid(14349f54429daa540b2f8213c9f766bf) Importer(2089858483,0ecaa5967403d082aa24f35e1b516d23)
Number of updated assets reloaded before import = 0
Start importing Assets/Sprites/Enviroment/Trees/AppleTree.png using Guid(14349f54429daa540b2f8213c9f766bf) Importer(2089858483,0ecaa5967403d082aa24f35e1b516d23)  -> (artifact id: '9d46feb24f7e17afb79ecbd7a7bde1f4') in 0.021267 seconds 
Number of asset objects unloaded after import = 3
========================================================================
Received Import Request.
  Time since last request: 0.000028 seconds.
  path: Assets/Sprites/skeleton_1/death_down/death_down_1_0011.png
  artifactKey: Guid(dfc3aa720ebd8724c8207bf91a9f9947) Importer(2089858483,0ecaa5967403d082aa24f35e1b516d23)
Number of updated assets reloaded before import = 0
Start importing Assets/Sprites/skeleton_1/death_down/death_down_1_0011.png using Guid(dfc3aa720ebd8724c8207bf91a9f9947) Importer(2089858483,0ecaa5967403d082aa24f35e1b516d23)  -> (artifact id: 'c7b09452761e34c9d7ec2578ea807566') in 0.022856 seconds 
Number of asset objects unloaded after import = 3
========================================================================
Received Import Request.
  Time since last request: 0.000043 seconds.
  path: Assets/Sprites/skeleton_1/death_left/death_left_1_0010.png
  artifactKey: Guid(6cefe77de09babf458a4435f725538b9) Importer(2089858483,0ecaa5967403d082aa24f35e1b516d23)
Number of updated assets reloaded before import = 0
Start importing Assets/Sprites/skeleton_1/death_left/death_left_1_0010.png using Guid(6cefe77de09babf458a4435f725538b9) Importer(2089858483,0ecaa5967403d082aa24f35e1b516d23)  -> (artifact id: 'ef0c8f4deb50d20a44e428d5192f54ca') in 0.026729 seconds 
Number of asset objects unloaded after import = 3
========================================================================
Received Import Request.
  Time since last request: 0.000027 seconds.
  path: Assets/Sprites/Enviroment/WaterTiles/6.png
  artifactKey: Guid(156db17645345ad458594ecb2389184e) Importer(2089858483,0ecaa5967403d082aa24f35e1b516d23)
Number of updated assets reloaded before import = 0
Start importing Assets/Sprites/Enviroment/WaterTiles/6.png using Guid(156db17645345ad458594ecb2389184e) Importer(2089858483,0ecaa5967403d082aa24f35e1b516d23)  -> (artifact id: '3f73fd5c4911411681f4bcdfbead2ace') in 0.030086 seconds 
Number of asset objects unloaded after import = 3
========================================================================
Received Import Request.
  Time since last request: 0.000028 seconds.
  path: Assets/Sprites/Enviroment/WaterTiles/16.png
  artifactKey: Guid(278c371083bb9a54d93f5848f325db90) Importer(2089858483,0ecaa5967403d082aa24f35e1b516d23)
Number of updated assets reloaded before import = 0
Start importing Assets/Sprites/Enviroment/WaterTiles/16.png using Guid(278c371083bb9a54d93f5848f325db90) Importer(2089858483,0ecaa5967403d082aa24f35e1b516d23)  -> (artifact id: 'c085580e441daf151741bc8aa60ad763') in 0.024108 seconds 
Number of asset objects unloaded after import = 3
========================================================================
Received Import Request.
  Time since last request: 0.000027 seconds.
  path: Assets/Sprites/Gear/weapon/weapon_walk_right.png
  artifactKey: Guid(04ccff7cf429cd44b8d6466488fe271a) Importer(2089858483,0ecaa5967403d082aa24f35e1b516d23)
Number of updated assets reloaded before import = 0
Start importing Assets/Sprites/Gear/weapon/weapon_walk_right.png using Guid(04ccff7cf429cd44b8d6466488fe271a) Importer(2089858483,0ecaa5967403d082aa24f35e1b516d23)  -> (artifact id: '9753f63f8df3677f6ac0353bb9f648d5') in 0.075954 seconds 
Number of asset objects unloaded after import = 18
========================================================================
Received Import Request.
  Time since last request: 0.000028 seconds.
  path: Assets/Sprites/Enviroment/WaterTiles/43.png
  artifactKey: Guid(165f6c48e0266664bb97547284e29535) Importer(2089858483,0ecaa5967403d082aa24f35e1b516d23)
Number of updated assets reloaded before import = 0
Start importing Assets/Sprites/Enviroment/WaterTiles/43.png using Guid(165f6c48e0266664bb97547284e29535) Importer(2089858483,0ecaa5967403d082aa24f35e1b516d23)  -> (artifact id: '856a83f6b57d5898b53dfae30ebc62ea') in 0.045572 seconds 
Number of asset objects unloaded after import = 3
========================================================================
Received Import Request.
  Time since last request: 0.000030 seconds.
  path: Assets/Sprites/Gear/weapon/weapon_walk_left.png
  artifactKey: Guid(a8d6585aff631dc43ad613b5fe0e7c90) Importer(2089858483,0ecaa5967403d082aa24f35e1b516d23)
Number of updated assets reloaded before import = 0
Start importing Assets/Sprites/Gear/weapon/weapon_walk_left.png using Guid(a8d6585aff631dc43ad613b5fe0e7c90) Importer(2089858483,0ecaa5967403d082aa24f35e1b516d23)  -> (artifact id: '99f315b22951d3e6a536eff739960321') in 0.075695 seconds 
Number of asset objects unloaded after import = 18
========================================================================
Received Import Request.
  Time since last request: 0.000047 seconds.
  path: Assets/Sprites/skeleton_1/attack_up/attack_up_1_0002.png
  artifactKey: Guid(f5fb43b8774604c49a034725fe0c18b8) Importer(2089858483,0ecaa5967403d082aa24f35e1b516d23)
Number of updated assets reloaded before import = 0
Start importing Assets/Sprites/skeleton_1/attack_up/attack_up_1_0002.png using Guid(f5fb43b8774604c49a034725fe0c18b8) Importer(2089858483,0ecaa5967403d082aa24f35e1b516d23)  -> (artifact id: 'c3dfb8e63bdb87c50bc205164bb421a9') in 0.025075 seconds 
Number of asset objects unloaded after import = 3
========================================================================
Received Import Request.
  Time since last request: 0.000044 seconds.
  path: Assets/Sprites/Gear/hat/hat_walk_right.png
  artifactKey: Guid(7ca6f0de8227a8b44b2a5a681169388e) Importer(2089858483,0ecaa5967403d082aa24f35e1b516d23)
Number of updated assets reloaded before import = 0
Start importing Assets/Sprites/Gear/hat/hat_walk_right.png using Guid(7ca6f0de8227a8b44b2a5a681169388e) Importer(2089858483,0ecaa5967403d082aa24f35e1b516d23)  -> (artifact id: '62a7cc726f2aaf6df476fd1708d5cb5e') in 0.075731 seconds 
Number of asset objects unloaded after import = 18
========================================================================
Received Import Request.
  Time since last request: 0.000023 seconds.
  path: Assets/Mirror/Plugins/Mono.Cecil/Mono.CecilX.Pdb.dll
  artifactKey: Guid(534d998d93b238041bddcd864f7f1088) Importer(2089858483,0ecaa5967403d082aa24f35e1b516d23)
Number of updated assets reloaded before import = 0
Start importing Assets/Mirror/Plugins/Mono.Cecil/Mono.CecilX.Pdb.dll using Guid(534d998d93b238041bddcd864f7f1088) Importer(2089858483,0ecaa5967403d082aa24f35e1b516d23)  -> (artifact id: '9c9823c1703043be73c0d951887d6952') in 0.019982 seconds 
Number of asset objects unloaded after import = 1
========================================================================
Received Import Request.
  Time since last request: 0.000026 seconds.
  path: Assets/Sprites/skeleton_1/attack_down/attack_down_1_0004.png
  artifactKey: Guid(44065612546cc404ab5cffe1ee576b4b) Importer(2089858483,0ecaa5967403d082aa24f35e1b516d23)
Number of updated assets reloaded before import = 0
Start importing Assets/Sprites/skeleton_1/attack_down/attack_down_1_0004.png using Guid(44065612546cc404ab5cffe1ee576b4b) Importer(2089858483,0ecaa5967403d082aa24f35e1b516d23)  -> (artifact id: '0edede958b0798ec129de4016e03ef69') in 0.028050 seconds 
Number of asset objects unloaded after import = 3
========================================================================
Received Import Request.
  Time since last request: 0.000026 seconds.
  path: Assets/Sprites/skeleton_1/attack_right/attack_right_1_0003.png
  artifactKey: Guid(431640dcd8e623a489ba013ad501c84b) Importer(2089858483,0ecaa5967403d082aa24f35e1b516d23)
Number of updated assets reloaded before import = 0
Start importing Assets/Sprites/skeleton_1/attack_right/attack_right_1_0003.png using Guid(431640dcd8e623a489ba013ad501c84b) Importer(2089858483,0ecaa5967403d082aa24f35e1b516d23)  -> (artifact id: '24c19b4e1f5c8cb08fa6bd9f47e9604c') in 0.024359 seconds 
Number of asset objects unloaded after import = 3
========================================================================
Received Import Request.
  Time since last request: 0.000029 seconds.
  path: Assets/Sprites/Enviroment/WaterTiles/45.png
  artifactKey: Guid(5f55f55dccd59af40ba7cdec507e59d8) Importer(2089858483,0ecaa5967403d082aa24f35e1b516d23)
Number of updated assets reloaded before import = 0
Start importing Assets/Sprites/Enviroment/WaterTiles/45.png using Guid(5f55f55dccd59af40ba7cdec507e59d8) Importer(2089858483,0ecaa5967403d082aa24f35e1b516d23)  -> (artifact id: 'db0eccb63cb6799277f6c698c85f1ad0') in 0.023598 seconds 
Number of asset objects unloaded after import = 3
========================================================================
Received Import Request.
  Time since last request: 0.000032 seconds.
  path: Assets/Sprites/skeleton_1/death_left/death_left_1_0003.png
  artifactKey: Guid(edb5b0840bbfe7c47bfea8257fd13f8d) Importer(2089858483,0ecaa5967403d082aa24f35e1b516d23)
Number of updated assets reloaded before import = 0
Start importing Assets/Sprites/skeleton_1/death_left/death_left_1_0003.png using Guid(edb5b0840bbfe7c47bfea8257fd13f8d) Importer(2089858483,0ecaa5967403d082aa24f35e1b516d23)  -> (artifact id: '3f73a7332bb9963010b664b0c8823750') in 0.033693 seconds 
Number of asset objects unloaded after import = 3
========================================================================
Received Import Request.
  Time since last request: 0.000039 seconds.
  path: Assets/Sprites/Enviroment/WaterTiles/44.png
  artifactKey: Guid(3872bb3bb0963454196cae64a0ac8110) Importer(2089858483,0ecaa5967403d082aa24f35e1b516d23)
Number of updated assets reloaded before import = 0
Start importing Assets/Sprites/Enviroment/WaterTiles/44.png using Guid(3872bb3bb0963454196cae64a0ac8110) Importer(2089858483,0ecaa5967403d082aa24f35e1b516d23)  -> (artifact id: 'e2206a01488a6552a221189ae66b3e76') in 0.025890 seconds 
Number of asset objects unloaded after import = 3
========================================================================
Received Import Request.
  Time since last request: 0.000035 seconds.
  path: Assets/Sprites/Enviroment/WaterTiles/31.png
  artifactKey: Guid(963185fafd40b9441b1eda96daa58171) Importer(2089858483,0ecaa5967403d082aa24f35e1b516d23)
Number of updated assets reloaded before import = 0
Start importing Assets/Sprites/Enviroment/WaterTiles/31.png using Guid(963185fafd40b9441b1eda96daa58171) Importer(2089858483,0ecaa5967403d082aa24f35e1b516d23)  -> (artifact id: 'b2d8e265f3d3f2c9e78a2e254acf3c50') in 0.030945 seconds 
Number of asset objects unloaded after import = 3
========================================================================
Received Import Request.
  Time since last request: 0.000028 seconds.
  path: Assets/Sprites/skeleton_1/death_left/death_left_1_0008.png
  artifactKey: Guid(e9f4559d54f5ae44b807da57d487b25a) Importer(2089858483,0ecaa5967403d082aa24f35e1b516d23)
Number of updated assets reloaded before import = 0
Start importing Assets/Sprites/skeleton_1/death_left/death_left_1_0008.png using Guid(e9f4559d54f5ae44b807da57d487b25a) Importer(2089858483,0ecaa5967403d082aa24f35e1b516d23)  -> (artifact id: '6bd496a5ef6b5247efbb844071b71874') in 0.049888 seconds 
Number of asset objects unloaded after import = 3
========================================================================
Received Import Request.
  Time since last request: 0.000023 seconds.
  path: Assets/Sprites/Enviroment/WaterTiles/48.png
  artifactKey: Guid(d49893fe18b88fe46a7bc19adf7c23f4) Importer(2089858483,0ecaa5967403d082aa24f35e1b516d23)
Number of updated assets reloaded before import = 0
Start importing Assets/Sprites/Enviroment/WaterTiles/48.png using Guid(d49893fe18b88fe46a7bc19adf7c23f4) Importer(2089858483,0ecaa5967403d082aa24f35e1b516d23)  -> (artifact id: 'e738f2f45dbce442ea63947ab607f1ac') in 0.027061 seconds 
Number of asset objects unloaded after import = 3
========================================================================
Received Import Request.
  Time since last request: 0.000071 seconds.
  path: Assets/Sprites/Enviroment/WaterTiles/11.png
  artifactKey: Guid(fea6cdf55bff07044972c144f0452598) Importer(2089858483,0ecaa5967403d082aa24f35e1b516d23)
Number of updated assets reloaded before import = 0
Start importing Assets/Sprites/Enviroment/WaterTiles/11.png using Guid(fea6cdf55bff07044972c144f0452598) Importer(2089858483,0ecaa5967403d082aa24f35e1b516d23)  -> (artifact id: '182fea14a1c4f0180ab32eba109e1fa4') in 0.033532 seconds 
Number of asset objects unloaded after import = 3
========================================================================
Received Import Request.
  Time since last request: 0.000024 seconds.
  path: Assets/Sprites/Gear/weapon/weapon_attack_back.png
  artifactKey: Guid(c074ff2d72103cb47a940accd218576e) Importer(2089858483,0ecaa5967403d082aa24f35e1b516d23)
Number of updated assets reloaded before import = 0
Start importing Assets/Sprites/Gear/weapon/weapon_attack_back.png using Guid(c074ff2d72103cb47a940accd218576e) Importer(2089858483,0ecaa5967403d082aa24f35e1b516d23)  -> (artifact id: '49ec614a1770e691b123e737d2deec30') in 0.056678 seconds 
Number of asset objects unloaded after import = 10
========================================================================
Received Import Request.
  Time since last request: 0.000029 seconds.
  path: Assets/Sprites/Enviroment/WaterTiles/47.png
  artifactKey: Guid(10ca68d6ccae9b044834179e9abf4794) Importer(2089858483,0ecaa5967403d082aa24f35e1b516d23)
Number of updated assets reloaded before import = 0
Start importing Assets/Sprites/Enviroment/WaterTiles/47.png using Guid(10ca68d6ccae9b044834179e9abf4794) Importer(2089858483,0ecaa5967403d082aa24f35e1b516d23)  -> (artifact id: '1c7a09f96c7c7d2ab18b39b55bf96113') in 0.031508 seconds 
Number of asset objects unloaded after import = 3
========================================================================
Received Import Request.
  Time since last request: 0.000037 seconds.
  path: Assets/Sprites/skeleton_1/death_left/death_left_1_0006.png
  artifactKey: Guid(78e672ebc2f5c8545b504fcab05a14f9) Importer(2089858483,0ecaa5967403d082aa24f35e1b516d23)
Number of updated assets reloaded before import = 0
Start importing Assets/Sprites/skeleton_1/death_left/death_left_1_0006.png using Guid(78e672ebc2f5c8545b504fcab05a14f9) Importer(2089858483,0ecaa5967403d082aa24f35e1b516d23)  -> (artifact id: '39ce65693cb203491cd82cd1c6d50f64') in 0.024659 seconds 
Number of asset objects unloaded after import = 3
========================================================================
Received Import Request.
  Time since last request: 0.000037 seconds.
  path: Assets/Sprites/skeleton_1/death_down/death_down_1_0005.png
  artifactKey: Guid(53a1e9004a86a1943bc238f82ad6db00) Importer(2089858483,0ecaa5967403d082aa24f35e1b516d23)
Number of updated assets reloaded before import = 0
Start importing Assets/Sprites/skeleton_1/death_down/death_down_1_0005.png using Guid(53a1e9004a86a1943bc238f82ad6db00) Importer(2089858483,0ecaa5967403d082aa24f35e1b516d23)  -> (artifact id: 'a2602cc8bfb7cf1aa704ac5ebaa0ff45') in 0.022656 seconds 
Number of asset objects unloaded after import = 3
========================================================================
Received Import Request.
  Time since last request: 0.000022 seconds.
  path: Assets/Sprites/skeleton_1/attack_left/attack_left_1_0002.png
  artifactKey: Guid(7be8a623f4222c54db29ccba08251280) Importer(2089858483,0ecaa5967403d082aa24f35e1b516d23)
Number of updated assets reloaded before import = 0
Start importing Assets/Sprites/skeleton_1/attack_left/attack_left_1_0002.png using Guid(7be8a623f4222c54db29ccba08251280) Importer(2089858483,0ecaa5967403d082aa24f35e1b516d23)  -> (artifact id: '42afe7ae71ea13db5a73beb4c49841c6') in 0.023417 seconds 
Number of asset objects unloaded after import = 3
========================================================================
Received Import Request.
  Time since last request: 0.000031 seconds.
  path: Assets/Sprites/skeleton_1/death_left/death_left_1_0009.png
  artifactKey: Guid(776bb23361a3b4a4d8b3a4b76307c4b8) Importer(2089858483,0ecaa5967403d082aa24f35e1b516d23)
Number of updated assets reloaded before import = 0
Start importing Assets/Sprites/skeleton_1/death_left/death_left_1_0009.png using Guid(776bb23361a3b4a4d8b3a4b76307c4b8) Importer(2089858483,0ecaa5967403d082aa24f35e1b516d23)  -> (artifact id: '514a6794caa7000a354bd5542e70860a') in 0.025499 seconds 
Number of asset objects unloaded after import = 3
========================================================================
Received Import Request.
  Time since last request: 0.000029 seconds.
  path: Assets/Sprites/Enviroment/WaterTiles/42.png
  artifactKey: Guid(2aa71eb2aeff3f54caaf3b9903d9e3f7) Importer(2089858483,0ecaa5967403d082aa24f35e1b516d23)
Number of updated assets reloaded before import = 0
Start importing Assets/Sprites/Enviroment/WaterTiles/42.png using Guid(2aa71eb2aeff3f54caaf3b9903d9e3f7) Importer(2089858483,0ecaa5967403d082aa24f35e1b516d23)  -> (artifact id: 'd9799857fb82c06f2ea2b2b26fade164') in 0.028275 seconds 
Number of asset objects unloaded after import = 3
========================================================================
Received Import Request.
  Time since last request: 0.000021 seconds.
  path: Assets/Sprites/Gear/boots/boots_attack_left.png
  artifactKey: Guid(325e20d1ac8a94e408351ee0d04ce2cc) Importer(2089858483,0ecaa5967403d082aa24f35e1b516d23)
Number of updated assets reloaded before import = 0
Start importing Assets/Sprites/Gear/boots/boots_attack_left.png using Guid(325e20d1ac8a94e408351ee0d04ce2cc) Importer(2089858483,0ecaa5967403d082aa24f35e1b516d23)  -> (artifact id: 'df1e9e05a6e4534bb5f60c0e3847886e') in 0.049208 seconds 
Number of asset objects unloaded after import = 12
========================================================================
Received Import Request.
  Time since last request: 0.000022 seconds.
  path: Assets/Sprites/Enviroment/WaterTiles/13.png
  artifactKey: Guid(573b989f194374d4da5accffc4f0ae22) Importer(2089858483,0ecaa5967403d082aa24f35e1b516d23)
Number of updated assets reloaded before import = 0
Start importing Assets/Sprites/Enviroment/WaterTiles/13.png using Guid(573b989f194374d4da5accffc4f0ae22) Importer(2089858483,0ecaa5967403d082aa24f35e1b516d23)  -> (artifact id: 'e5ec10e757bac1b87d69f91764830d7a') in 0.021391 seconds 
Number of asset objects unloaded after import = 3
========================================================================
Received Import Request.
  Time since last request: 0.000028 seconds.
  path: Assets/Sprites/skeleton_2/attack_left/attack_left_2_0004.png
  artifactKey: Guid(f613ccbf5f0a0f04790601f8b638ba85) Importer(2089858483,0ecaa5967403d082aa24f35e1b516d23)
Number of updated assets reloaded before import = 0
Start importing Assets/Sprites/skeleton_2/attack_left/attack_left_2_0004.png using Guid(f613ccbf5f0a0f04790601f8b638ba85) Importer(2089858483,0ecaa5967403d082aa24f35e1b516d23)  -> (artifact id: '5839ea97a6e2e5c65c80d8ce6bbeee03') in 0.023294 seconds 
Number of asset objects unloaded after import = 3
========================================================================
Received Import Request.
  Time since last request: 0.000032 seconds.
  path: Assets/Sprites/skeleton_2/idle_right/idle_right_2_0001.png
  artifactKey: Guid(ed8ad56f9cd4e424ebe32545b565316c) Importer(2089858483,0ecaa5967403d082aa24f35e1b516d23)
Number of updated assets reloaded before import = 0
Start importing Assets/Sprites/skeleton_2/idle_right/idle_right_2_0001.png using Guid(ed8ad56f9cd4e424ebe32545b565316c) Importer(2089858483,0ecaa5967403d082aa24f35e1b516d23)  -> (artifact id: '1f00e102e8ae7a6da539533e4159bf7f') in 0.023477 seconds 
Number of asset objects unloaded after import = 3
========================================================================
Received Import Request.
  Time since last request: 0.000025 seconds.
  path: Assets/Sprites/skeleton_2/death_up/death_up_2_0006.png
  artifactKey: Guid(a2df1316fcd807248a1706795bcc35a8) Importer(2089858483,0ecaa5967403d082aa24f35e1b516d23)
Number of updated assets reloaded before import = 0
Start importing Assets/Sprites/skeleton_2/death_up/death_up_2_0006.png using Guid(a2df1316fcd807248a1706795bcc35a8) Importer(2089858483,0ecaa5967403d082aa24f35e1b516d23)  -> (artifact id: 'c901b6b41312bcc6df9024461ded729c') in 0.022280 seconds 
Number of asset objects unloaded after import = 3
========================================================================
Received Import Request.
  Time since last request: 0.000025 seconds.
  path: Assets/Sprites/skeleton_1/walk_right/walk_right_1_0002.png
  artifactKey: Guid(e4efa3ef4c7b33e429e8c4e3bf034f62) Importer(2089858483,0ecaa5967403d082aa24f35e1b516d23)
Number of updated assets reloaded before import = 0
Start importing Assets/Sprites/skeleton_1/walk_right/walk_right_1_0002.png using Guid(e4efa3ef4c7b33e429e8c4e3bf034f62) Importer(2089858483,0ecaa5967403d082aa24f35e1b516d23)  -> (artifact id: 'ec996cfbb4409665dc428058f13c8059') in 0.022185 seconds 
Number of asset objects unloaded after import = 3
========================================================================
Received Import Request.
  Time since last request: 0.000037 seconds.
  path: Assets/Sprites/skeleton_2/idle_down/idle_down_2_0008.png
  artifactKey: Guid(9db482e5adb93f24ebe01359dcf65994) Importer(2089858483,0ecaa5967403d082aa24f35e1b516d23)
Number of updated assets reloaded before import = 0
Start importing Assets/Sprites/skeleton_2/idle_down/idle_down_2_0008.png using Guid(9db482e5adb93f24ebe01359dcf65994) Importer(2089858483,0ecaa5967403d082aa24f35e1b516d23)  -> (artifact id: 'c61f56f0ccd994f92d9710e187559644') in 0.022660 seconds 
Number of asset objects unloaded after import = 3
========================================================================
Received Import Request.
  Time since last request: 0.000033 seconds.
  path: Assets/Sprites/skeleton_1/walk_right/walk_right_1_0004.png
  artifactKey: Guid(c6a7b8d1699150446bc2e248c11f94d8) Importer(2089858483,0ecaa5967403d082aa24f35e1b516d23)
Number of updated assets reloaded before import = 0
Start importing Assets/Sprites/skeleton_1/walk_right/walk_right_1_0004.png using Guid(c6a7b8d1699150446bc2e248c11f94d8) Importer(2089858483,0ecaa5967403d082aa24f35e1b516d23)  -> (artifact id: 'efdac259107218fbb29bb88d84ab07f5') in 0.024972 seconds 
Number of asset objects unloaded after import = 3
========================================================================
Received Import Request.
  Time since last request: 0.000025 seconds.
  path: Assets/Sprites/skeleton_1/walk_left/walk_left_1_0005.png
  artifactKey: Guid(713f7ab6992f202489e0fed8ef432659) Importer(2089858483,0ecaa5967403d082aa24f35e1b516d23)
Number of updated assets reloaded before import = 0
Start importing Assets/Sprites/skeleton_1/walk_left/walk_left_1_0005.png using Guid(713f7ab6992f202489e0fed8ef432659) Importer(2089858483,0ecaa5967403d082aa24f35e1b516d23)  -> (artifact id: 'a3468c175ee3b179ad6ce3d9e3987eb2') in 0.025254 seconds 
Number of asset objects unloaded after import = 3
========================================================================
Received Import Request.
  Time since last request: 0.000027 seconds.
  path: Assets/Sprites/skeleton_2/death_left/death_left_2_0001.png
  artifactKey: Guid(cd25dea172a407c4ab622f2017e895da) Importer(2089858483,0ecaa5967403d082aa24f35e1b516d23)
Number of updated assets reloaded before import = 0
Start importing Assets/Sprites/skeleton_2/death_left/death_left_2_0001.png using Guid(cd25dea172a407c4ab622f2017e895da) Importer(2089858483,0ecaa5967403d082aa24f35e1b516d23)  -> (artifact id: 'f81b391606a5677845eec9004ec3103f') in 0.024032 seconds 
Number of asset objects unloaded after import = 3
========================================================================
Received Import Request.
  Time since last request: 0.000028 seconds.
  path: Assets/Sprites/skeleton_2/walk_left/walk_left_2_0010.png
  artifactKey: Guid(efdd5af1e0abfe8458cfb896f7beefb1) Importer(2089858483,0ecaa5967403d082aa24f35e1b516d23)
Number of updated assets reloaded before import = 0
Start importing Assets/Sprites/skeleton_2/walk_left/walk_left_2_0010.png using Guid(efdd5af1e0abfe8458cfb896f7beefb1) Importer(2089858483,0ecaa5967403d082aa24f35e1b516d23)  -> (artifact id: '22ee8a37cded8c957f48a5bb2368b569') in 0.030220 seconds 
Number of asset objects unloaded after import = 3
========================================================================
Received Import Request.
  Time since last request: 0.000028 seconds.
  path: Assets/Sprites/skeleton_2/idle_left/idle_left_2_0003.png
  artifactKey: Guid(57cc221004adf7f40b743effc0ae2872) Importer(2089858483,0ecaa5967403d082aa24f35e1b516d23)
Number of updated assets reloaded before import = 0
Start importing Assets/Sprites/skeleton_2/idle_left/idle_left_2_0003.png using Guid(57cc221004adf7f40b743effc0ae2872) Importer(2089858483,0ecaa5967403d082aa24f35e1b516d23)  -> (artifact id: 'b204d8a80ff2650a7a1beae3b63e1625') in 0.023170 seconds 
Number of asset objects unloaded after import = 3
========================================================================
Received Import Request.
  Time since last request: 0.000037 seconds.
  path: Assets/Sprites/skeleton_2/walk_down/walk_down_2_0004.png
  artifactKey: Guid(eeaf13a063d3acd4c831c3e1aa85a118) Importer(2089858483,0ecaa5967403d082aa24f35e1b516d23)
Number of updated assets reloaded before import = 0
Start importing Assets/Sprites/skeleton_2/walk_down/walk_down_2_0004.png using Guid(eeaf13a063d3acd4c831c3e1aa85a118) Importer(2089858483,0ecaa5967403d082aa24f35e1b516d23)  -> (artifact id: '5afb317f768a821ebda619a569e5a386') in 0.024153 seconds 
Number of asset objects unloaded after import = 3
========================================================================
Received Import Request.
  Time since last request: 0.000026 seconds.
  path: Assets/Sprites/skeleton_2/idle_left/idle_left_2_0006.png
  artifactKey: Guid(3ca1278e735f5eb43895bb72f335f4fa) Importer(2089858483,0ecaa5967403d082aa24f35e1b516d23)
Number of updated assets reloaded before import = 0
Start importing Assets/Sprites/skeleton_2/idle_left/idle_left_2_0006.png using Guid(3ca1278e735f5eb43895bb72f335f4fa) Importer(2089858483,0ecaa5967403d082aa24f35e1b516d23)  -> (artifact id: 'bf963f6dc5a0b0b32261bc84f9feceaa') in 0.025039 seconds 
Number of asset objects unloaded after import = 3
========================================================================
Received Import Request.
  Time since last request: 0.000026 seconds.
  path: Assets/Sprites/skeleton_2/attack_left/attack_left_2_0001.png
  artifactKey: Guid(50a577fe42e63b24ea44eb1eb4832952) Importer(2089858483,0ecaa5967403d082aa24f35e1b516d23)
Number of updated assets reloaded before import = 0
Start importing Assets/Sprites/skeleton_2/attack_left/attack_left_2_0001.png using Guid(50a577fe42e63b24ea44eb1eb4832952) Importer(2089858483,0ecaa5967403d082aa24f35e1b516d23)  -> (artifact id: '0b27130e9b13a51e102a76c2f4abb47f') in 0.024561 seconds 
Number of asset objects unloaded after import = 3
========================================================================
Received Import Request.
  Time since last request: 0.000033 seconds.
  path: Assets/Sprites/skeleton_2/attack_up/attack_up_2_0003.png
  artifactKey: Guid(2cba001b6c2c9be41a6d6548462dd696) Importer(2089858483,0ecaa5967403d082aa24f35e1b516d23)
Number of updated assets reloaded before import = 0
Start importing Assets/Sprites/skeleton_2/attack_up/attack_up_2_0003.png using Guid(2cba001b6c2c9be41a6d6548462dd696) Importer(2089858483,0ecaa5967403d082aa24f35e1b516d23)  -> (artifact id: '9263cbac58aa99a439dbd52db7430568') in 0.023757 seconds 
Number of asset objects unloaded after import = 3
========================================================================
Received Import Request.
  Time since last request: 0.000023 seconds.
  path: Assets/Sprites/skeleton_1/walk_down/walk_down_1_0002.png
  artifactKey: Guid(db086f36f2330124abf68f0dac03d655) Importer(2089858483,0ecaa5967403d082aa24f35e1b516d23)
Number of updated assets reloaded before import = 0
Start importing Assets/Sprites/skeleton_1/walk_down/walk_down_1_0002.png using Guid(db086f36f2330124abf68f0dac03d655) Importer(2089858483,0ecaa5967403d082aa24f35e1b516d23)  -> (artifact id: 'c936c38e88c5a297bb2c9d3cf77f132f') in 0.020661 seconds 
Number of asset objects unloaded after import = 3
========================================================================
Received Import Request.
  Time since last request: 0.000024 seconds.
  path: Assets/Sprites/skeleton_1/walk_up/walk_up_1_0007.png
  artifactKey: Guid(0c964952f05cc9a45bd06d76043b291b) Importer(2089858483,0ecaa5967403d082aa24f35e1b516d23)
Number of updated assets reloaded before import = 0
Start importing Assets/Sprites/skeleton_1/walk_up/walk_up_1_0007.png using Guid(0c964952f05cc9a45bd06d76043b291b) Importer(2089858483,0ecaa5967403d082aa24f35e1b516d23)  -> (artifact id: 'ec7712751fef5e64c2756dd36661ce86') in 0.023421 seconds 
Number of asset objects unloaded after import = 3
========================================================================
Received Import Request.
  Time since last request: 0.000025 seconds.
  path: Assets/Sprites/skeleton_1/idle_left/idle_left_1_0004.png
  artifactKey: Guid(d10b2c8b472140346ae54376e31de075) Importer(2089858483,0ecaa5967403d082aa24f35e1b516d23)
Number of updated assets reloaded before import = 0
Start importing Assets/Sprites/skeleton_1/idle_left/idle_left_1_0004.png using Guid(d10b2c8b472140346ae54376e31de075) Importer(2089858483,0ecaa5967403d082aa24f35e1b516d23)  -> (artifact id: 'd1a50999133102adfbd36dcc5f97b8c2') in 0.021202 seconds 
Number of asset objects unloaded after import = 3
========================================================================
Received Import Request.
  Time since last request: 0.000051 seconds.
  path: Assets/Sprites/skeleton_2/death_left/death_left_2_0007.png
  artifactKey: Guid(5b2f52e1f3de16f4a8763549ea036fbb) Importer(2089858483,0ecaa5967403d082aa24f35e1b516d23)
Number of updated assets reloaded before import = 0
Start importing Assets/Sprites/skeleton_2/death_left/death_left_2_0007.png using Guid(5b2f52e1f3de16f4a8763549ea036fbb) Importer(2089858483,0ecaa5967403d082aa24f35e1b516d23)  -> (artifact id: 'd57303121e9bd9bb48a11950db5e9d6a') in 0.022984 seconds 
Number of asset objects unloaded after import = 3
========================================================================
Received Import Request.
  Time since last request: 0.000032 seconds.
  path: Assets/Sprites/skeleton_1/walk_down/walk_down_1_0007.png
  artifactKey: Guid(1c4770cb9fb51d14c820b316afc36566) Importer(2089858483,0ecaa5967403d082aa24f35e1b516d23)
Number of updated assets reloaded before import = 0
Start importing Assets/Sprites/skeleton_1/walk_down/walk_down_1_0007.png using Guid(1c4770cb9fb51d14c820b316afc36566) Importer(2089858483,0ecaa5967403d082aa24f35e1b516d23)  -> (artifact id: 'de51e5f9d940f7cbe434b01548eed2e7') in 0.032195 seconds 
Number of asset objects unloaded after import = 3
========================================================================
Received Import Request.
  Time since last request: 0.000048 seconds.
  path: Assets/Sprites/skeleton_1/idle_right/idle_right_1_0007.png
  artifactKey: Guid(44ff751d2a05ebf40918988b65887ef2) Importer(2089858483,0ecaa5967403d082aa24f35e1b516d23)
Number of updated assets reloaded before import = 0
Start importing Assets/Sprites/skeleton_1/idle_right/idle_right_1_0007.png using Guid(44ff751d2a05ebf40918988b65887ef2) Importer(2089858483,0ecaa5967403d082aa24f35e1b516d23)  -> (artifact id: '684852c7ec65bf3d182d3606eade1bae') in 0.023277 seconds 
Number of asset objects unloaded after import = 3
========================================================================
Received Import Request.
  Time since last request: 0.000031 seconds.
  path: Assets/Sprites/skeleton_2/attack_left/attack_left_2_0007.png
  artifactKey: Guid(6498e52843fe13b40aec7e081a7d0f32) Importer(2089858483,0ecaa5967403d082aa24f35e1b516d23)
Number of updated assets reloaded before import = 0
Start importing Assets/Sprites/skeleton_2/attack_left/attack_left_2_0007.png using Guid(6498e52843fe13b40aec7e081a7d0f32) Importer(2089858483,0ecaa5967403d082aa24f35e1b516d23)  -> (artifact id: 'f1f5c737b26613e91f77a69cb1e5624c') in 0.022698 seconds 
Number of asset objects unloaded after import = 3
========================================================================
Received Import Request.
  Time since last request: 0.000029 seconds.
  path: Assets/Sprites/skeleton_2/walk_down/walk_down_2_0010.png
  artifactKey: Guid(c516f9cd680acf54291f9dd12c466a8c) Importer(2089858483,0ecaa5967403d082aa24f35e1b516d23)
Number of updated assets reloaded before import = 0
Start importing Assets/Sprites/skeleton_2/walk_down/walk_down_2_0010.png using Guid(c516f9cd680acf54291f9dd12c466a8c) Importer(2089858483,0ecaa5967403d082aa24f35e1b516d23)  -> (artifact id: '49eb2123c36e26d85f7629bb4f825d00') in 0.031040 seconds 
Number of asset objects unloaded after import = 3
========================================================================
Received Import Request.
  Time since last request: 0.000027 seconds.
  path: Assets/Sprites/skeleton_1/idle_up/idle_up_1_0010.png
  artifactKey: Guid(ea10499b995d7674aaedeb8c5c8b3d4c) Importer(2089858483,0ecaa5967403d082aa24f35e1b516d23)
Number of updated assets reloaded before import = 0
Start importing Assets/Sprites/skeleton_1/idle_up/idle_up_1_0010.png using Guid(ea10499b995d7674aaedeb8c5c8b3d4c) Importer(2089858483,0ecaa5967403d082aa24f35e1b516d23)  -> (artifact id: '41679a7ffc238cfe2038d62d5e03e87a') in 0.022758 seconds 
Number of asset objects unloaded after import = 3
========================================================================
Received Import Request.
  Time since last request: 0.000024 seconds.
  path: Assets/Sprites/skeleton_2/walk_left/walk_left_2_0009.png
  artifactKey: Guid(c9e17f16176caa74686c112e48b3cdfd) Importer(2089858483,0ecaa5967403d082aa24f35e1b516d23)
Number of updated assets reloaded before import = 0
Start importing Assets/Sprites/skeleton_2/walk_left/walk_left_2_0009.png using Guid(c9e17f16176caa74686c112e48b3cdfd) Importer(2089858483,0ecaa5967403d082aa24f35e1b516d23)  -> (artifact id: 'b2b746608dd646deb3895220e27317d0') in 0.023930 seconds 
Number of asset objects unloaded after import = 3
========================================================================
Received Import Request.
  Time since last request: 0.000033 seconds.
  path: Assets/Sprites/skeleton_1/idle_down/idle_down_1_0005.png
  artifactKey: Guid(92a194d7c40c60c49b9e4fb32d6bea35) Importer(2089858483,0ecaa5967403d082aa24f35e1b516d23)
Number of updated assets reloaded before import = 0
Start importing Assets/Sprites/skeleton_1/idle_down/idle_down_1_0005.png using Guid(92a194d7c40c60c49b9e4fb32d6bea35) Importer(2089858483,0ecaa5967403d082aa24f35e1b516d23)  -> (artifact id: 'a3ab313d4823481b4437b54476756f1e') in 0.025142 seconds 
Number of asset objects unloaded after import = 3
========================================================================
Received Import Request.
  Time since last request: 0.000029 seconds.
  path: Assets/Sprites/skeleton_1/walk_right/walk_right_1_0011.png
  artifactKey: Guid(a944ae3f9ada6bd45b10e795ce3c0f63) Importer(2089858483,0ecaa5967403d082aa24f35e1b516d23)
Number of updated assets reloaded before import = 0
Start importing Assets/Sprites/skeleton_1/walk_right/walk_right_1_0011.png using Guid(a944ae3f9ada6bd45b10e795ce3c0f63) Importer(2089858483,0ecaa5967403d082aa24f35e1b516d23)  -> (artifact id: 'a0166118cfeb836d6cb9828113ad2c72') in 0.024604 seconds 
Number of asset objects unloaded after import = 3
========================================================================
Received Import Request.
  Time since last request: 0.000032 seconds.
  path: Assets/Sprites/skeleton_2/walk_left/walk_left_2_0002.png
  artifactKey: Guid(6dae3fd3e63328141bad603ecb9a4b84) Importer(2089858483,0ecaa5967403d082aa24f35e1b516d23)
Number of updated assets reloaded before import = 0
Start importing Assets/Sprites/skeleton_2/walk_left/walk_left_2_0002.png using Guid(6dae3fd3e63328141bad603ecb9a4b84) Importer(2089858483,0ecaa5967403d082aa24f35e1b516d23)  -> (artifact id: '7397d1ffd19a19ffbfe798eed8b3e3f0') in 0.024556 seconds 
Number of asset objects unloaded after import = 3
========================================================================
Received Import Request.
  Time since last request: 0.000041 seconds.
  path: Assets/Sprites/skeleton_2/walk_left/walk_left_2_0004.png
  artifactKey: Guid(e2583daebc12fac46a503bd7edc07a4a) Importer(2089858483,0ecaa5967403d082aa24f35e1b516d23)
Number of updated assets reloaded before import = 0
Start importing Assets/Sprites/skeleton_2/walk_left/walk_left_2_0004.png using Guid(e2583daebc12fac46a503bd7edc07a4a) Importer(2089858483,0ecaa5967403d082aa24f35e1b516d23)  -> (artifact id: 'f206df874be92fb765fd24690d27de49') in 0.022386 seconds 
Number of asset objects unloaded after import = 3
========================================================================
Received Import Request.
  Time since last request: 0.000040 seconds.
  path: Assets/Sprites/skeleton_2/idle_up/idle_up_2_0004.png
  artifactKey: Guid(debf0074f53f3da408e24a56797bdfb0) Importer(2089858483,0ecaa5967403d082aa24f35e1b516d23)
Number of updated assets reloaded before import = 0
Start importing Assets/Sprites/skeleton_2/idle_up/idle_up_2_0004.png using Guid(debf0074f53f3da408e24a56797bdfb0) Importer(2089858483,0ecaa5967403d082aa24f35e1b516d23)  -> (artifact id: '00ee900598015702cf5301a34a47c49d') in 0.028481 seconds 
Number of asset objects unloaded after import = 3
========================================================================
Received Import Request.
  Time since last request: 0.000030 seconds.
  path: Assets/Sprites/skeleton_2/death_right/death_right_2_0003.png
  artifactKey: Guid(899be0d274fa2704c8bf80037183a260) Importer(2089858483,0ecaa5967403d082aa24f35e1b516d23)
Number of updated assets reloaded before import = 0
Start importing Assets/Sprites/skeleton_2/death_right/death_right_2_0003.png using Guid(899be0d274fa2704c8bf80037183a260) Importer(2089858483,0ecaa5967403d082aa24f35e1b516d23)  -> (artifact id: 'f64d2783bc679de8c286c4435fe3c0f9') in 0.023689 seconds 
Number of asset objects unloaded after import = 3
========================================================================
Received Import Request.
  Time since last request: 0.000036 seconds.
  path: Assets/Sprites/skeleton_1/walk_down/walk_down_1_0012.png
  artifactKey: Guid(1423ef51ca3573f4eb90c2887d786db7) Importer(2089858483,0ecaa5967403d082aa24f35e1b516d23)
Number of updated assets reloaded before import = 0
Start importing Assets/Sprites/skeleton_1/walk_down/walk_down_1_0012.png using Guid(1423ef51ca3573f4eb90c2887d786db7) Importer(2089858483,0ecaa5967403d082aa24f35e1b516d23)  -> (artifact id: 'aefeb837fc7490d47b0906799cbd15af') in 0.027118 seconds 
Number of asset objects unloaded after import = 3
========================================================================
Received Import Request.
  Time since last request: 0.000031 seconds.
  path: Assets/Sprites/skeleton_2/walk_up/walk_up_2_0012.png
  artifactKey: Guid(5ee229f9b2e09c64c8b3c1dde209fcec) Importer(2089858483,0ecaa5967403d082aa24f35e1b516d23)
Number of updated assets reloaded before import = 0
Start importing Assets/Sprites/skeleton_2/walk_up/walk_up_2_0012.png using Guid(5ee229f9b2e09c64c8b3c1dde209fcec) Importer(2089858483,0ecaa5967403d082aa24f35e1b516d23)  -> (artifact id: 'd5869c7c99e86519a5d227cf4d96f97b') in 0.022531 seconds 
Number of asset objects unloaded after import = 3
========================================================================
Received Import Request.
  Time since last request: 0.000034 seconds.
  path: Assets/Sprites/skeleton_1/walk_right/walk_right_1_0006.png
  artifactKey: Guid(82c6092c6abf0de4fa2ff2a18bde2e71) Importer(2089858483,0ecaa5967403d082aa24f35e1b516d23)
Number of updated assets reloaded before import = 0
Start importing Assets/Sprites/skeleton_1/walk_right/walk_right_1_0006.png using Guid(82c6092c6abf0de4fa2ff2a18bde2e71) Importer(2089858483,0ecaa5967403d082aa24f35e1b516d23)  -> (artifact id: '147e87d16aff9dd54096a3197c710635') in 0.021532 seconds 
Number of asset objects unloaded after import = 3
========================================================================
Received Import Request.
  Time since last request: 0.000023 seconds.
  path: Assets/Sprites/skeleton_1/idle_right/idle_right_1_0010.png
  artifactKey: Guid(f5354ebd087c0ce46b3ce723f3ca55fb) Importer(2089858483,0ecaa5967403d082aa24f35e1b516d23)
Number of updated assets reloaded before import = 0
Start importing Assets/Sprites/skeleton_1/idle_right/idle_right_1_0010.png using Guid(f5354ebd087c0ce46b3ce723f3ca55fb) Importer(2089858483,0ecaa5967403d082aa24f35e1b516d23)  -> (artifact id: '494931d9b1d46e6dafb91599bd57a24d') in 0.022617 seconds 
Number of asset objects unloaded after import = 3
========================================================================
Received Import Request.
  Time since last request: 0.000042 seconds.
  path: Assets/Sprites/skeleton_1/walk_up/walk_up_1_0006.png
  artifactKey: Guid(22a20753a50dd604299d0ae992f75095) Importer(2089858483,0ecaa5967403d082aa24f35e1b516d23)
Number of updated assets reloaded before import = 0
Start importing Assets/Sprites/skeleton_1/walk_up/walk_up_1_0006.png using Guid(22a20753a50dd604299d0ae992f75095) Importer(2089858483,0ecaa5967403d082aa24f35e1b516d23)  -> (artifact id: 'e99ac1619df42273d63ac3e45c6f7a45') in 0.025125 seconds 
Number of asset objects unloaded after import = 3
========================================================================
Received Import Request.
  Time since last request: 0.000022 seconds.
  path: Assets/Sprites/skeleton_1/idle_up/idle_up_1_0005.png
  artifactKey: Guid(107b8cb50b0a9ef4ab4fdafa12c204ba) Importer(2089858483,0ecaa5967403d082aa24f35e1b516d23)
Number of updated assets reloaded before import = 0
Start importing Assets/Sprites/skeleton_1/idle_up/idle_up_1_0005.png using Guid(107b8cb50b0a9ef4ab4fdafa12c204ba) Importer(2089858483,0ecaa5967403d082aa24f35e1b516d23)  -> (artifact id: 'ebf3ffb60ee605fdd646a187de87049a') in 0.023919 seconds 
Number of asset objects unloaded after import = 3
========================================================================
Received Import Request.
  Time since last request: 0.000021 seconds.
  path: Assets/Sprites/skeleton_1/idle_left/idle_left_1_0001.png
  artifactKey: Guid(9ebdd44ffdec3ce4783319149c3a8a73) Importer(2089858483,0ecaa5967403d082aa24f35e1b516d23)
Number of updated assets reloaded before import = 0
Start importing Assets/Sprites/skeleton_1/idle_left/idle_left_1_0001.png using Guid(9ebdd44ffdec3ce4783319149c3a8a73) Importer(2089858483,0ecaa5967403d082aa24f35e1b516d23)  -> (artifact id: '8848110d0fcc291784a8c28c84ed8ebf') in 0.020302 seconds 
Number of asset objects unloaded after import = 3
========================================================================
Received Import Request.
  Time since last request: 0.000037 seconds.
  path: Assets/Sprites/skeleton_2/attack_right/attack_right_2_0003.png
  artifactKey: Guid(fb39fa04924824e4db19edc512324d13) Importer(2089858483,0ecaa5967403d082aa24f35e1b516d23)
Number of updated assets reloaded before import = 0
Start importing Assets/Sprites/skeleton_2/attack_right/attack_right_2_0003.png using Guid(fb39fa04924824e4db19edc512324d13) Importer(2089858483,0ecaa5967403d082aa24f35e1b516d23)  -> (artifact id: '693141454ae5fdf4e69b7ad1d60a7cee') in 0.023389 seconds 
Number of asset objects unloaded after import = 3
========================================================================
Received Import Request.
  Time since last request: 0.000018 seconds.
  path: Assets/Sprites/skeleton_2/idle_down/idle_down_2_0005.png
  artifactKey: Guid(660c476416b0708469f2f7f81e1d5f69) Importer(2089858483,0ecaa5967403d082aa24f35e1b516d23)
Number of updated assets reloaded before import = 0
Start importing Assets/Sprites/skeleton_2/idle_down/idle_down_2_0005.png using Guid(660c476416b0708469f2f7f81e1d5f69) Importer(2089858483,0ecaa5967403d082aa24f35e1b516d23)  -> (artifact id: 'a4565cc153427fd04e4f32ab24e486ac') in 0.017676 seconds 
Number of asset objects unloaded after import = 3
========================================================================
Received Import Request.
  Time since last request: 0.000023 seconds.
  path: Assets/Sprites/skeleton_1/walk_up/walk_up_1_0008.png
  artifactKey: Guid(6761ce97c89b9024097e3d6fa1d983ef) Importer(2089858483,0ecaa5967403d082aa24f35e1b516d23)
Number of updated assets reloaded before import = 0
Start importing Assets/Sprites/skeleton_1/walk_up/walk_up_1_0008.png using Guid(6761ce97c89b9024097e3d6fa1d983ef) Importer(2089858483,0ecaa5967403d082aa24f35e1b516d23)  -> (artifact id: 'b2041be548a0220dcd94402e9db6ebdb') in 0.026625 seconds 
Number of asset objects unloaded after import = 3
========================================================================
Received Import Request.
  Time since last request: 0.000037 seconds.
  path: Assets/Sprites/skeleton_1/walk_right/walk_right_1_0008.png
  artifactKey: Guid(92792f66ba662e749a00de0cb3de3af7) Importer(2089858483,0ecaa5967403d082aa24f35e1b516d23)
Number of updated assets reloaded before import = 0
Start importing Assets/Sprites/skeleton_1/walk_right/walk_right_1_0008.png using Guid(92792f66ba662e749a00de0cb3de3af7) Importer(2089858483,0ecaa5967403d082aa24f35e1b516d23)  -> (artifact id: 'b5515da2660915dfe6c2cf2a462f8a69') in 0.030001 seconds 
Number of asset objects unloaded after import = 3
========================================================================
Received Import Request.
  Time since last request: 0.000017 seconds.
  path: Assets/Sprites/skeleton_1/walk_up/walk_up_1_0002.png
  artifactKey: Guid(d4060b0e777ce214eb7946ea5fec2d1a) Importer(2089858483,0ecaa5967403d082aa24f35e1b516d23)
Number of updated assets reloaded before import = 0
Start importing Assets/Sprites/skeleton_1/walk_up/walk_up_1_0002.png using Guid(d4060b0e777ce214eb7946ea5fec2d1a) Importer(2089858483,0ecaa5967403d082aa24f35e1b516d23)  -> (artifact id: 'b237da6d9ccedca189b7e43176689866') in 0.022557 seconds 
Number of asset objects unloaded after import = 3
========================================================================
Received Import Request.
  Time since last request: 0.000027 seconds.
  path: Assets/Sprites/skeleton_2/idle_left/idle_left_2_0002.png
  artifactKey: Guid(7c70b56f11a58d74f807477c0a84c336) Importer(2089858483,0ecaa5967403d082aa24f35e1b516d23)
Number of updated assets reloaded before import = 0
Start importing Assets/Sprites/skeleton_2/idle_left/idle_left_2_0002.png using Guid(7c70b56f11a58d74f807477c0a84c336) Importer(2089858483,0ecaa5967403d082aa24f35e1b516d23)  -> (artifact id: 'cced9f92a171551d203a29aca72e30cc') in 0.044083 seconds 
Number of asset objects unloaded after import = 3
========================================================================
Received Import Request.
  Time since last request: 0.000021 seconds.
  path: Assets/Sprites/skeleton_2/attack_down/attack_down_2_0005.png
  artifactKey: Guid(a6af68fabb6f87b43b3bb294021ad53d) Importer(2089858483,0ecaa5967403d082aa24f35e1b516d23)
Number of updated assets reloaded before import = 0
Start importing Assets/Sprites/skeleton_2/attack_down/attack_down_2_0005.png using Guid(a6af68fabb6f87b43b3bb294021ad53d) Importer(2089858483,0ecaa5967403d082aa24f35e1b516d23)  -> (artifact id: '7fda6a5ff01533cbe380cd2e9d345385') in 0.021958 seconds 
Number of asset objects unloaded after import = 3
========================================================================
Received Import Request.
  Time since last request: 0.000030 seconds.
  path: Assets/Sprites/skeleton_1/idle_up/idle_up_1_0009.png
  artifactKey: Guid(4aef1eee700374e4f8101c4f4f8aec8e) Importer(2089858483,0ecaa5967403d082aa24f35e1b516d23)
Number of updated assets reloaded before import = 0
Start importing Assets/Sprites/skeleton_1/idle_up/idle_up_1_0009.png using Guid(4aef1eee700374e4f8101c4f4f8aec8e) Importer(2089858483,0ecaa5967403d082aa24f35e1b516d23)  -> (artifact id: '94152421c96fb956847360ddd1461511') in 0.023073 seconds 
Number of asset objects unloaded after import = 3
========================================================================
Received Import Request.
  Time since last request: 0.000024 seconds.
  path: Assets/Sprites/skeleton_2/attack_right/attack_right_2_0002.png
  artifactKey: Guid(7ca1e32ae7805694184f9bf7ee80864b) Importer(2089858483,0ecaa5967403d082aa24f35e1b516d23)
Number of updated assets reloaded before import = 0
Start importing Assets/Sprites/skeleton_2/attack_right/attack_right_2_0002.png using Guid(7ca1e32ae7805694184f9bf7ee80864b) Importer(2089858483,0ecaa5967403d082aa24f35e1b516d23)  -> (artifact id: '0070143d6f2e2cac89204336575d8770') in 0.021699 seconds 
Number of asset objects unloaded after import = 3
========================================================================
Received Import Request.
  Time since last request: 0.000046 seconds.
  path: Assets/Sprites/skeleton_2/attack_up/attack_up_2_0002.png
  artifactKey: Guid(5c22f384f44b9f248aaebfd11826147c) Importer(2089858483,0ecaa5967403d082aa24f35e1b516d23)
Number of updated assets reloaded before import = 0
Start importing Assets/Sprites/skeleton_2/attack_up/attack_up_2_0002.png using Guid(5c22f384f44b9f248aaebfd11826147c) Importer(2089858483,0ecaa5967403d082aa24f35e1b516d23)  -> (artifact id: '2f6f13809a45829a768bfad24a91f10f') in 0.023890 seconds 
Number of asset objects unloaded after import = 3
========================================================================
Received Import Request.
  Time since last request: 0.000028 seconds.
  path: Assets/Sprites/skeleton_1/death_up/death_up_1_0009.png
  artifactKey: Guid(3a15877f62ceb11449eeffeadacfacfd) Importer(2089858483,0ecaa5967403d082aa24f35e1b516d23)
Number of updated assets reloaded before import = 0
Start importing Assets/Sprites/skeleton_1/death_up/death_up_1_0009.png using Guid(3a15877f62ceb11449eeffeadacfacfd) Importer(2089858483,0ecaa5967403d082aa24f35e1b516d23)  -> (artifact id: 'e045214e321a6da613aa1c34a5188732') in 0.025117 seconds 
Number of asset objects unloaded after import = 3
========================================================================
Received Import Request.
  Time since last request: 0.000029 seconds.
  path: Assets/TextMesh Pro/Examples & Extras/Scripts/SkewTextExample.cs
  artifactKey: Guid(d412675cfb3441efa3bf8dcd9b7624dc) Importer(2089858483,0ecaa5967403d082aa24f35e1b516d23)
Number of updated assets reloaded before import = 0
Start importing Assets/TextMesh Pro/Examples & Extras/Scripts/SkewTextExample.cs using Guid(d412675cfb3441efa3bf8dcd9b7624dc) Importer(2089858483,0ecaa5967403d082aa24f35e1b516d23)  -> (artifact id: 'bb94dd04fc2645d50706d84955cc2f97') in 0.011644 seconds 
Number of asset objects unloaded after import = 0
========================================================================
Received Import Request.
  Time since last request: 0.000029 seconds.
  path: Assets/Mirror/Core/Tools/CustomStructs/Vector4Byte.cs
  artifactKey: Guid(025092301d25d6a4db38af82d632a7ea) Importer(2089858483,0ecaa5967403d082aa24f35e1b516d23)
Number of updated assets reloaded before import = 0
Start importing Assets/Mirror/Core/Tools/CustomStructs/Vector4Byte.cs using Guid(025092301d25d6a4db38af82d632a7ea) Importer(2089858483,0ecaa5967403d082aa24f35e1b516d23)  -> (artifact id: '254bc2ba7b567b33f0ca702ba454eba4') in 0.012696 seconds 
Number of asset objects unloaded after import = 1
========================================================================
Received Import Request.
  Time since last request: 0.000026 seconds.
  path: Assets/Mirror/Components/InterestManagement/SpatialHashing/Grid2D.cs
  artifactKey: Guid(7c5232a4d2854116a35d52b80ec07752) Importer(2089858483,0ecaa5967403d082aa24f35e1b516d23)
Number of updated assets reloaded before import = 0
Start importing Assets/Mirror/Components/InterestManagement/SpatialHashing/Grid2D.cs using Guid(7c5232a4d2854116a35d52b80ec07752) Importer(2089858483,0ecaa5967403d082aa24f35e1b516d23)  -> (artifact id: 'b7bb9d34e1316968b2dd7c4839fc07cc') in 0.013164 seconds 
Number of asset objects unloaded after import = 0
========================================================================
Received Import Request.
  Time since last request: 0.000028 seconds.
  path: Assets/Mirror/Components/Profiling/Prefabs/FPSMinMaxAvg.prefab
  artifactKey: Guid(9bdc42bca9b7109428d00fe33bdb5102) Importer(2089858483,0ecaa5967403d082aa24f35e1b516d23)
Number of updated assets reloaded before import = 0
Start importing Assets/Mirror/Components/Profiling/Prefabs/FPSMinMaxAvg.prefab using Guid(9bdc42bca9b7109428d00fe33bdb5102) Importer(2089858483,0ecaa5967403d082aa24f35e1b516d23)  -> (artifact id: '6c8ad83fd527a356aec78d04d3830bf6') in 0.026333 seconds 
Number of asset objects unloaded after import = 108
========================================================================
Received Import Request.
  Time since last request: 0.000024 seconds.
  path: Assets/Mirror/Core/Tools/CustomStructs/Vector2SByte.cs
  artifactKey: Guid(abf3fb0d420776442829176db3581a83) Importer(2089858483,0ecaa5967403d082aa24f35e1b516d23)
Number of updated assets reloaded before import = 0
Start importing Assets/Mirror/Core/Tools/CustomStructs/Vector2SByte.cs using Guid(abf3fb0d420776442829176db3581a83) Importer(2089858483,0ecaa5967403d082aa24f35e1b516d23)  -> (artifact id: 'ed2d14ea01246ea13a9a2f1c6098ed33') in 0.012242 seconds 
Number of asset objects unloaded after import = 1
========================================================================
Received Import Request.
  Time since last request: 0.000023 seconds.
  path: Assets/TextMesh Pro/Examples & Extras/Scenes/08 - Improved Text Alignment.unity
  artifactKey: Guid(5fe2257128d9401fad0790f581dc8a6f) Importer(2089858483,0ecaa5967403d082aa24f35e1b516d23)
Number of updated assets reloaded before import = 0
Start importing Assets/TextMesh Pro/Examples & Extras/Scenes/08 - Improved Text Alignment.unity using Guid(5fe2257128d9401fad0790f581dc8a6f) Importer(2089858483,0ecaa5967403d082aa24f35e1b516d23)  -> (artifact id: '9bb60045dcc6971e8f280bb9c1790f0b') in 0.010637 seconds 
Number of asset objects unloaded after import = 1
========================================================================
Received Import Request.
  Time since last request: 0.000034 seconds.
  path: Assets/TextMesh Pro/Resources/Fonts & Materials/LiberationSans SDF - Outline.mat
  artifactKey: Guid(79459efec17a4d00a321bdcc27bbc385) Importer(2089858483,0ecaa5967403d082aa24f35e1b516d23)
Number of updated assets reloaded before import = 0
Start importing Assets/TextMesh Pro/Resources/Fonts & Materials/LiberationSans SDF - Outline.mat using Guid(79459efec17a4d00a321bdcc27bbc385) Importer(2089858483,0ecaa5967403d082aa24f35e1b516d23)  -> (artifact id: 'db59bfd53f5da093e7748e74e7b7f667') in 0.034741 seconds 
Number of asset objects unloaded after import = 2
========================================================================
Received Import Request.
  Time since last request: 0.000024 seconds.
  path: Assets/TextMesh Pro/Examples & Extras/Scripts/EnvMapAnimator.cs
  artifactKey: Guid(a4b6f99e8bc54541bbd149b014ff441c) Importer(2089858483,0ecaa5967403d082aa24f35e1b516d23)
Number of updated assets reloaded before import = 0
Start importing Assets/TextMesh Pro/Examples & Extras/Scripts/EnvMapAnimator.cs using Guid(a4b6f99e8bc54541bbd149b014ff441c) Importer(2089858483,0ecaa5967403d082aa24f35e1b516d23)  -> (artifact id: 'cf31c893faf81a224b6051ad7ab8883b') in 0.011958 seconds 
Number of asset objects unloaded after import = 0
========================================================================
Received Import Request.
  Time since last request: 0.000029 seconds.
  path: Assets/Mirror/Components/InterestManagement/Team/NetworkTeam.cs
  artifactKey: Guid(2576730625b1632468cbcbfe5e721f88) Importer(2089858483,0ecaa5967403d082aa24f35e1b516d23)
Number of updated assets reloaded before import = 0
Start importing Assets/Mirror/Components/InterestManagement/Team/NetworkTeam.cs using Guid(2576730625b1632468cbcbfe5e721f88) Importer(2089858483,0ecaa5967403d082aa24f35e1b516d23)  -> (artifact id: '04585bc1f58a926b659cc895bedb0fd5') in 0.014720 seconds 
Number of asset objects unloaded after import = 1
========================================================================
Received Import Request.
  Time since last request: 0.000022 seconds.
  path: Assets/TextMesh Pro/Examples & Extras/Scripts/Benchmark03.cs
  artifactKey: Guid(a73109742c8d47ac822895a473300c29) Importer(2089858483,0ecaa5967403d082aa24f35e1b516d23)
Number of updated assets reloaded before import = 0
Start importing Assets/TextMesh Pro/Examples & Extras/Scripts/Benchmark03.cs using Guid(a73109742c8d47ac822895a473300c29) Importer(2089858483,0ecaa5967403d082aa24f35e1b516d23)  -> (artifact id: '16b93bc9b04c97f3fbb82d8618e71ab8') in 0.011861 seconds 
Number of asset objects unloaded after import = 0
========================================================================
Received Import Request.
  Time since last request: 0.000054 seconds.
  path: Assets/Mirror/Components/InterestManagement/Match/MatchInterestManagement.cs
  artifactKey: Guid(d09f5c8bf2f4747b7a9284ef5d9ce2a7) Importer(2089858483,0ecaa5967403d082aa24f35e1b516d23)
Number of updated assets reloaded before import = 0
Start importing Assets/Mirror/Components/InterestManagement/Match/MatchInterestManagement.cs using Guid(d09f5c8bf2f4747b7a9284ef5d9ce2a7) Importer(2089858483,0ecaa5967403d082aa24f35e1b516d23)  -> (artifact id: 'e79e51d4203fe76bff71bb64e1b3ec9c') in 0.014178 seconds 
Number of asset objects unloaded after import = 1
========================================================================
Received Import Request.
  Time since last request: 0.000034 seconds.
  path: Assets/Mirror/Editor/Weaver/Processors/MethodProcessor.cs
  artifactKey: Guid(661e1af528e3441f79e1552fb5ec4e0e) Importer(2089858483,0ecaa5967403d082aa24f35e1b516d23)
Number of updated assets reloaded before import = 0
Start importing Assets/Mirror/Editor/Weaver/Processors/MethodProcessor.cs using Guid(661e1af528e3441f79e1552fb5ec4e0e) Importer(2089858483,0ecaa5967403d082aa24f35e1b516d23)  -> (artifact id: 'c7b56661f884617db278eb7ebd5f0d58') in 0.012692 seconds 
Number of asset objects unloaded after import = 0
========================================================================
Received Import Request.
  Time since last request: 0.000027 seconds.
  path: Assets/TextMesh Pro/Examples & Extras/Scripts/TMP_UiFrameRateCounter.cs
  artifactKey: Guid(24b0dc2d1d494adbbec1f4db26b4cf83) Importer(2089858483,0ecaa5967403d082aa24f35e1b516d23)
Number of updated assets reloaded before import = 0
Start importing Assets/TextMesh Pro/Examples & Extras/Scripts/TMP_UiFrameRateCounter.cs using Guid(24b0dc2d1d494adbbec1f4db26b4cf83) Importer(2089858483,0ecaa5967403d082aa24f35e1b516d23)  -> (artifact id: 'ea50c34463fa55d3b9748d13142e1eeb') in 0.011546 seconds 
Number of asset objects unloaded after import = 0
========================================================================
Received Import Request.
  Time since last request: 0.000031 seconds.
  path: Assets/Mirror/Editor/Weaver/Processors/ReaderWriterProcessor.cs
  artifactKey: Guid(f3263602f0a374ecd8d08588b1fc2f76) Importer(2089858483,0ecaa5967403d082aa24f35e1b516d23)
Number of updated assets reloaded before import = 0
Start importing Assets/Mirror/Editor/Weaver/Processors/ReaderWriterProcessor.cs using Guid(f3263602f0a374ecd8d08588b1fc2f76) Importer(2089858483,0ecaa5967403d082aa24f35e1b516d23)  -> (artifact id: '84894fa05fdd18c5f93344c751168ac9') in 0.010820 seconds 
Number of asset objects unloaded after import = 0
========================================================================
Received Import Request.
  Time since last request: 0.000017 seconds.
  path: Assets/TextMesh Pro/Examples & Extras/Scripts/DropdownSample.cs
  artifactKey: Guid(ac1eb05af6d391b4eb0f4c070a99f1d0) Importer(2089858483,0ecaa5967403d082aa24f35e1b516d23)
Number of updated assets reloaded before import = 0
Start importing Assets/TextMesh Pro/Examples & Extras/Scripts/DropdownSample.cs using Guid(ac1eb05af6d391b4eb0f4c070a99f1d0) Importer(2089858483,0ecaa5967403d082aa24f35e1b516d23)  -> (artifact id: '16add9d9e68945ff07d61d71c8881bcb') in 0.012967 seconds 
Number of asset objects unloaded after import = 0
========================================================================
Received Import Request.
  Time since last request: 0.000026 seconds.
  path: Assets/TextMesh Pro/Examples & Extras/Scenes/06 - Extra Rich Text Examples.unity
  artifactKey: Guid(39a1fa96ad2a449b908fca29d4297a74) Importer(2089858483,0ecaa5967403d082aa24f35e1b516d23)
Number of updated assets reloaded before import = 0
Start importing Assets/TextMesh Pro/Examples & Extras/Scenes/06 - Extra Rich Text Examples.unity using Guid(39a1fa96ad2a449b908fca29d4297a74) Importer(2089858483,0ecaa5967403d082aa24f35e1b516d23)  -> (artifact id: 'c440b5b21746c3ff30aad35aed7278c1') in 0.012135 seconds 
Number of asset objects unloaded after import = 1
========================================================================
Received Import Request.
  Time since last request: 0.000023 seconds.
  path: Assets/TextMesh Pro/Examples & Extras/Fonts/Electronic Highway Sign.TTF
  artifactKey: Guid(8a2b9e2a607dd2143b58c44bc32410b4) Importer(2089858483,0ecaa5967403d082aa24f35e1b516d23)
Number of updated assets reloaded before import = 0
Start importing Assets/TextMesh Pro/Examples & Extras/Fonts/Electronic Highway Sign.TTF using Guid(8a2b9e2a607dd2143b58c44bc32410b4) Importer(2089858483,0ecaa5967403d082aa24f35e1b516d23)  -> (artifact id: '138bc477b313eb6c3c271f8fb295c82c') in 0.026321 seconds 
Number of asset objects unloaded after import = 3
========================================================================
Received Import Request.
  Time since last request: 0.000029 seconds.
  path: Assets/Mirror/Components/InterestManagement/Scene/SceneInterestManagement.cs
  artifactKey: Guid(b979f26c95d34324ba005bfacfa9c4fc) Importer(2089858483,0ecaa5967403d082aa24f35e1b516d23)
Number of updated assets reloaded before import = 0
Start importing Assets/Mirror/Components/InterestManagement/Scene/SceneInterestManagement.cs using Guid(b979f26c95d34324ba005bfacfa9c4fc) Importer(2089858483,0ecaa5967403d082aa24f35e1b516d23)  -> (artifact id: '33125a5e51d40cfe192d2a6d13047b8f') in 0.013353 seconds 
Number of asset objects unloaded after import = 1
========================================================================
Received Import Request.
  Time since last request: 0.000028 seconds.
  path: Assets/Mirror/Editor/Weaver/EntryPointILPostProcessor/ILPostProcessorAssemblyResolver.cs
  artifactKey: Guid(0b3e94696e22440ead0b3a42411bbe14) Importer(2089858483,0ecaa5967403d082aa24f35e1b516d23)
Number of updated assets reloaded before import = 0
Start importing Assets/Mirror/Editor/Weaver/EntryPointILPostProcessor/ILPostProcessorAssemblyResolver.cs using Guid(0b3e94696e22440ead0b3a42411bbe14) Importer(2089858483,0ecaa5967403d082aa24f35e1b516d23)  -> (artifact id: '2afc8c29459d4008b414454d742003fc') in 0.011235 seconds 
Number of asset objects unloaded after import = 0
========================================================================
Received Import Request.
  Time since last request: 0.000030 seconds.
  path: Assets/TextMesh Pro/Examples & Extras/Scripts/TextMeshProFloatingText.cs
  artifactKey: Guid(a4d4c76e63944cba8c7d00f56334b98c) Importer(2089858483,0ecaa5967403d082aa24f35e1b516d23)
Number of updated assets reloaded before import = 0
Start importing Assets/TextMesh Pro/Examples & Extras/Scripts/TextMeshProFloatingText.cs using Guid(a4d4c76e63944cba8c7d00f56334b98c) Importer(2089858483,0ecaa5967403d082aa24f35e1b516d23)  -> (artifact id: 'fbe206927c8da2082a9e4a66e7d1b9ff') in 0.012078 seconds 
Number of asset objects unloaded after import = 0
========================================================================
Received Import Request.
  Time since last request: 0.000045 seconds.
  path: Assets/Sprites/UI/Menus/MenuButtons.png
  artifactKey: Guid(dcd3dab128debf545af203d652cf2806) Importer(2089858483,0ecaa5967403d082aa24f35e1b516d23)
Number of updated assets reloaded before import = 0
Start importing Assets/Sprites/UI/Menus/MenuButtons.png using Guid(dcd3dab128debf545af203d652cf2806) Importer(2089858483,0ecaa5967403d082aa24f35e1b516d23)  -> (artifact id: 'ca2e5b56f380a9933bcce75dacaad633') in 0.029525 seconds 
Number of asset objects unloaded after import = 5
========================================================================
Received Import Request.
  Time since last request: 0.000024 seconds.
  path: Assets/Sprites/UI/Inventory/full_slot_bag.png
  artifactKey: Guid(598fd0fda54ee494e98120424ddf6caa) Importer(2089858483,0ecaa5967403d082aa24f35e1b516d23)
Number of updated assets reloaded before import = 0
Start importing Assets/Sprites/UI/Inventory/full_slot_bag.png using Guid(598fd0fda54ee494e98120424ddf6caa) Importer(2089858483,0ecaa5967403d082aa24f35e1b516d23)  -> (artifact id: '4931a9b922fdf234c804f9bf164aca63') in 0.025365 seconds 
Number of asset objects unloaded after import = 3
========================================================================
Received Import Request.
  Time since last request: 0.000027 seconds.
  path: Assets/Mirror/Editor/Weaver/EntryPoint/EnterPlayModeHook.cs
  artifactKey: Guid(b73d0f106ba84aa983baa5142b08a0a9) Importer(2089858483,0ecaa5967403d082aa24f35e1b516d23)
Number of updated assets reloaded before import = 0
Start importing Assets/Mirror/Editor/Weaver/EntryPoint/EnterPlayModeHook.cs using Guid(b73d0f106ba84aa983baa5142b08a0a9) Importer(2089858483,0ecaa5967403d082aa24f35e1b516d23)  -> (artifact id: '02b003e23f81eac7ad5bcf4fec4c1269') in 0.010516 seconds 
Number of asset objects unloaded after import = 0
========================================================================
Received Import Request.
  Time since last request: 0.000036 seconds.
  path: Assets/TextMesh Pro/Examples & Extras/Scenes/17 - Old Computer Terminal.unity
  artifactKey: Guid(3e2e4d7b0bed4cf9ab827e9f32448f69) Importer(2089858483,0ecaa5967403d082aa24f35e1b516d23)
Number of updated assets reloaded before import = 0
Start importing Assets/TextMesh Pro/Examples & Extras/Scenes/17 - Old Computer Terminal.unity using Guid(3e2e4d7b0bed4cf9ab827e9f32448f69) Importer(2089858483,0ecaa5967403d082aa24f35e1b516d23)  -> (artifact id: 'e5630220e79d83bdc13fc255a4cb5428') in 0.011224 seconds 
Number of asset objects unloaded after import = 1
========================================================================
Received Import Request.
  Time since last request: 0.000032 seconds.
  path: Assets/TextMesh Pro/Resources/Sprite Assets/EmojiOne.asset
  artifactKey: Guid(c41005c129ba4d66911b75229fd70b45) Importer(2089858483,0ecaa5967403d082aa24f35e1b516d23)
Number of updated assets reloaded before import = 0
Start importing Assets/TextMesh Pro/Resources/Sprite Assets/EmojiOne.asset using Guid(c41005c129ba4d66911b75229fd70b45) Importer(2089858483,0ecaa5967403d082aa24f35e1b516d23)  -> (artifact id: '392bf09ba0471518f246e9fb034156c6') in 0.018838 seconds 
Number of asset objects unloaded after import = 3
========================================================================
Received Import Request.
  Time since last request: 0.000031 seconds.
  path: Assets/Sprites/UI/Inventory/empty_slot_bagbar.png
  artifactKey: Guid(191c8971d944b11488263e998d763009) Importer(2089858483,0ecaa5967403d082aa24f35e1b516d23)
Number of updated assets reloaded before import = 0
Start importing Assets/Sprites/UI/Inventory/empty_slot_bagbar.png using Guid(191c8971d944b11488263e998d763009) Importer(2089858483,0ecaa5967403d082aa24f35e1b516d23)  -> (artifact id: '617c79edcd4d4b53f44cd4896486b1fb') in 0.023452 seconds 
Number of asset objects unloaded after import = 3
========================================================================
Received Import Request.
  Time since last request: 0.000026 seconds.
  path: Assets/TextMesh Pro/Examples & Extras/Scenes/01-  Single Line TextMesh Pro.unity
  artifactKey: Guid(2ac8cf212df6445e8aebbe3cb832e993) Importer(2089858483,0ecaa5967403d082aa24f35e1b516d23)
Number of updated assets reloaded before import = 0
Start importing Assets/TextMesh Pro/Examples & Extras/Scenes/01-  Single Line TextMesh Pro.unity using Guid(2ac8cf212df6445e8aebbe3cb832e993) Importer(2089858483,0ecaa5967403d082aa24f35e1b516d23)  -> (artifact id: 'f679e7989f2ac92d7dc2824b685ab343') in 0.013763 seconds 
Number of asset objects unloaded after import = 1
========================================================================
Received Import Request.
  Time since last request: 0.000022 seconds.
  path: Assets/TextMesh Pro/Examples & Extras/Sprites/DropCap Numbers.psd
  artifactKey: Guid(fd09957580ac4326916010f1f260975b) Importer(2089858483,0ecaa5967403d082aa24f35e1b516d23)
Number of updated assets reloaded before import = 0
Start importing Assets/TextMesh Pro/Examples & Extras/Sprites/DropCap Numbers.psd using Guid(fd09957580ac4326916010f1f260975b) Importer(2089858483,0ecaa5967403d082aa24f35e1b516d23)  -> (artifact id: '4ebb9df61e41563a5cf7ef165d06dd54') in 0.034006 seconds 
Number of asset objects unloaded after import = 1
========================================================================
Received Import Request.
  Time since last request: 0.000022 seconds.
  path: Assets/Sprites/UI/Quest log/text_frame_1.png
  artifactKey: Guid(96bf919a88ef44045aa95e71c6da1ebc) Importer(2089858483,0ecaa5967403d082aa24f35e1b516d23)
Number of updated assets reloaded before import = 0
Start importing Assets/Sprites/UI/Quest log/text_frame_1.png using Guid(96bf919a88ef44045aa95e71c6da1ebc) Importer(2089858483,0ecaa5967403d082aa24f35e1b516d23)  -> (artifact id: 'c9567f87db7ba7c121094f0434f86e02') in 0.020768 seconds 
Number of asset objects unloaded after import = 3
========================================================================
Received Import Request.
  Time since last request: 0.000029 seconds.
  path: Assets/Sprites/UI/Menus/MenuBackground.png
  artifactKey: Guid(dddb69c241d14f140984683e670304c0) Importer(2089858483,0ecaa5967403d082aa24f35e1b516d23)
Number of updated assets reloaded before import = 0
Start importing Assets/Sprites/UI/Menus/MenuBackground.png using Guid(dddb69c241d14f140984683e670304c0) Importer(2089858483,0ecaa5967403d082aa24f35e1b516d23)  -> (artifact id: 'a1267c2d0bd91048db3e180dc526a623') in 0.034914 seconds 
Number of asset objects unloaded after import = 3
========================================================================
Received Import Request.
  Time since last request: 0.000025 seconds.
  path: Assets/Mirror/Components/InterestManagement/Match/NetworkMatch.cs
  artifactKey: Guid(5d17e718851449a6879986e45c458fb7) Importer(2089858483,0ecaa5967403d082aa24f35e1b516d23)
Number of updated assets reloaded before import = 0
Start importing Assets/Mirror/Components/InterestManagement/Match/NetworkMatch.cs using Guid(5d17e718851449a6879986e45c458fb7) Importer(2089858483,0ecaa5967403d082aa24f35e1b516d23)  -> (artifact id: 'e20d0dcb475af8934a803da90d451bd4') in 0.014496 seconds 
Number of asset objects unloaded after import = 1
========================================================================
Received Import Request.
  Time since last request: 0.000027 seconds.
  path: Assets/TextMesh Pro/Examples & Extras/Scenes/03 - Line Justification.unity
  artifactKey: Guid(21a509e1d3cd49978623fa564adb6f02) Importer(2089858483,0ecaa5967403d082aa24f35e1b516d23)
Number of updated assets reloaded before import = 0
Start importing Assets/TextMesh Pro/Examples & Extras/Scenes/03 - Line Justification.unity using Guid(21a509e1d3cd49978623fa564adb6f02) Importer(2089858483,0ecaa5967403d082aa24f35e1b516d23)  -> (artifact id: '7ab951f2fd7c881e242cccfdf7943105') in 0.015971 seconds 
Number of asset objects unloaded after import = 1
========================================================================
Received Import Request.
  Time since last request: 0.000025 seconds.
  path: Assets/TextMesh Pro/Examples & Extras/Scenes/07 - Superscript & Subscript Example.unity
  artifactKey: Guid(03ec435d4b7140e9b2d87f79136d8374) Importer(2089858483,0ecaa5967403d082aa24f35e1b516d23)
Number of updated assets reloaded before import = 0
Start importing Assets/TextMesh Pro/Examples & Extras/Scenes/07 - Superscript & Subscript Example.unity using Guid(03ec435d4b7140e9b2d87f79136d8374) Importer(2089858483,0ecaa5967403d082aa24f35e1b516d23)  -> (artifact id: 'a175377c2703707ab2554fe80bf218c6') in 0.014038 seconds 
Number of asset objects unloaded after import = 1
========================================================================
Received Import Request.
  Time since last request: 0.000034 seconds.
  path: Assets/Sprites/UI/Other/epmtyFrame.png
  artifactKey: Guid(3c51047222cd63042ad8467e2c1fbd95) Importer(2089858483,0ecaa5967403d082aa24f35e1b516d23)
Number of updated assets reloaded before import = 0
Start importing Assets/Sprites/UI/Other/epmtyFrame.png using Guid(3c51047222cd63042ad8467e2c1fbd95) Importer(2089858483,0ecaa5967403d082aa24f35e1b516d23)  -> (artifact id: 'e64993f45eb9675d45adcc24cd4f82c8') in 0.025426 seconds 
Number of asset objects unloaded after import = 3
========================================================================
Received Import Request.
  Time since last request: 0.000045 seconds.
  path: Assets/TextMesh Pro/Examples & Extras/Scenes/23 - Animating Vertex Attributes.unity
  artifactKey: Guid(54e994244b4b467e8583cf2da6dcc716) Importer(2089858483,0ecaa5967403d082aa24f35e1b516d23)
Number of updated assets reloaded before import = 0
Start importing Assets/TextMesh Pro/Examples & Extras/Scenes/23 - Animating Vertex Attributes.unity using Guid(54e994244b4b467e8583cf2da6dcc716) Importer(2089858483,0ecaa5967403d082aa24f35e1b516d23)  -> (artifact id: '5ad228a26b44debf229d99f000e3b024') in 0.010504 seconds 
Number of asset objects unloaded after import = 1
========================================================================
Received Import Request.
  Time since last request: 0.000024 seconds.
  path: Assets/TextMesh Pro/Examples & Extras/Scenes/11 - The Style Tag.unity
  artifactKey: Guid(84ed36ad77dd4956b2ffe3769f759879) Importer(2089858483,0ecaa5967403d082aa24f35e1b516d23)
Number of updated assets reloaded before import = 0
Start importing Assets/TextMesh Pro/Examples & Extras/Scenes/11 - The Style Tag.unity using Guid(84ed36ad77dd4956b2ffe3769f759879) Importer(2089858483,0ecaa5967403d082aa24f35e1b516d23)  -> (artifact id: '27c2a95e818d9ef4fd23a6263b1eb030') in 0.010590 seconds 
Number of asset objects unloaded after import = 1
========================================================================
Received Import Request.
  Time since last request: 0.000029 seconds.
  path: Assets/Sprites/skeleton_2/walk_left/walk_left_2_0008.png
  artifactKey: Guid(3b7f22d1252dfe74da00e77611628438) Importer(2089858483,0ecaa5967403d082aa24f35e1b516d23)
Number of updated assets reloaded before import = 0
Start importing Assets/Sprites/skeleton_2/walk_left/walk_left_2_0008.png using Guid(3b7f22d1252dfe74da00e77611628438) Importer(2089858483,0ecaa5967403d082aa24f35e1b516d23)  -> (artifact id: 'b19a4c657e2598de2185efbe2fa9780a') in 0.023273 seconds 
Number of asset objects unloaded after import = 3
========================================================================
Received Import Request.
  Time since last request: 0.000030 seconds.
  path: Assets/Sprites/Enviroment/WaterTiles/25.png
  artifactKey: Guid(54d3ec235d58c5c40a9d7d06746421ee) Importer(2089858483,0ecaa5967403d082aa24f35e1b516d23)
Number of updated assets reloaded before import = 0
Start importing Assets/Sprites/Enviroment/WaterTiles/25.png using Guid(54d3ec235d58c5c40a9d7d06746421ee) Importer(2089858483,0ecaa5967403d082aa24f35e1b516d23)  -> (artifact id: '601d2f72b7203786e37b41457b197e56') in 0.022878 seconds 
Number of asset objects unloaded after import = 3
========================================================================
Received Import Request.
  Time since last request: 0.000029 seconds.
  path: Assets/Sprites/Enviroment/WaterTiles/38.png
  artifactKey: Guid(6212fc08d3012b24d9d571d3abef46a2) Importer(2089858483,0ecaa5967403d082aa24f35e1b516d23)
Number of updated assets reloaded before import = 0
Start importing Assets/Sprites/Enviroment/WaterTiles/38.png using Guid(6212fc08d3012b24d9d571d3abef46a2) Importer(2089858483,0ecaa5967403d082aa24f35e1b516d23)  -> (artifact id: '276491442ae906c912fb73be79ed7373') in 0.022699 seconds 
Number of asset objects unloaded after import = 3
========================================================================
Received Import Request.
  Time since last request: 0.000021 seconds.
  path: Assets/TextMesh Pro/Examples & Extras/Prefabs/Text Popup.prefab
  artifactKey: Guid(b06f0e6c1dfa4356ac918da1bb32c603) Importer(2089858483,0ecaa5967403d082aa24f35e1b516d23)
Number of updated assets reloaded before import = 0
Start importing Assets/TextMesh Pro/Examples & Extras/Prefabs/Text Popup.prefab using Guid(b06f0e6c1dfa4356ac918da1bb32c603) Importer(2089858483,0ecaa5967403d082aa24f35e1b516d23)  -> (artifact id: 'be6840d675a85c4ecb48db6aee5180f0') in 0.053630 seconds 
Number of asset objects unloaded after import = 21
========================================================================
Received Import Request.
  Time since last request: 0.000033 seconds.
  path: Assets/Sprites/Gear/robe/robe_walk_front.png
  artifactKey: Guid(53b50f41d5634cd4f9e0597020500c8e) Importer(2089858483,0ecaa5967403d082aa24f35e1b516d23)
Number of updated assets reloaded before import = 0
Start importing Assets/Sprites/Gear/robe/robe_walk_front.png using Guid(53b50f41d5634cd4f9e0597020500c8e) Importer(2089858483,0ecaa5967403d082aa24f35e1b516d23)  -> (artifact id: 'b7cdecd8a04a264c961fbfd4fb44ac1e') in 0.066805 seconds 
Number of asset objects unloaded after import = 18
========================================================================
Received Import Request.
  Time since last request: 0.000034 seconds.
  path: Assets/Sprites/Enviroment/WaterTiles/20.png
  artifactKey: Guid(11c1fb943d3ee6b4a9055b6824a866c0) Importer(2089858483,0ecaa5967403d082aa24f35e1b516d23)
Number of updated assets reloaded before import = 0
Start importing Assets/Sprites/Enviroment/WaterTiles/20.png using Guid(11c1fb943d3ee6b4a9055b6824a866c0) Importer(2089858483,0ecaa5967403d082aa24f35e1b516d23)  -> (artifact id: '0b0a57cf8b510a0b04786dc86d70509a') in 0.022644 seconds 
Number of asset objects unloaded after import = 3
========================================================================
Received Import Request.
  Time since last request: 0.000046 seconds.
  path: Assets/Sprites/skeleton_1/walk_right/walk_right_1_0012.png
  artifactKey: Guid(6f7102e7efbfde245a95f7d64257f502) Importer(2089858483,0ecaa5967403d082aa24f35e1b516d23)
Number of updated assets reloaded before import = 0
Start importing Assets/Sprites/skeleton_1/walk_right/walk_right_1_0012.png using Guid(6f7102e7efbfde245a95f7d64257f502) Importer(2089858483,0ecaa5967403d082aa24f35e1b516d23)  -> (artifact id: '26a47fa145512367872bab9f948045e5') in 0.022913 seconds 
Number of asset objects unloaded after import = 3
========================================================================
Received Import Request.
  Time since last request: 0.000023 seconds.
  path: Assets/TextMesh Pro/Examples & Extras/Textures/Gradient Horizontal (Color).jpg
  artifactKey: Guid(6eb184de103d4b3f812b38561065192f) Importer(2089858483,0ecaa5967403d082aa24f35e1b516d23)
Number of updated assets reloaded before import = 0
Start importing Assets/TextMesh Pro/Examples & Extras/Textures/Gradient Horizontal (Color).jpg using Guid(6eb184de103d4b3f812b38561065192f) Importer(2089858483,0ecaa5967403d082aa24f35e1b516d23)  -> (artifact id: '08dadc638235848e41884ebd7c7e5d26') in 0.025553 seconds 
Number of asset objects unloaded after import = 1
========================================================================
Received Import Request.
  Time since last request: 0.000022 seconds.
  path: Assets/Sprites/skeleton_1/walk_down/walk_down_1_0003.png
  artifactKey: Guid(38073c314d2b7dc438b5a32a829d39fb) Importer(2089858483,0ecaa5967403d082aa24f35e1b516d23)
Number of updated assets reloaded before import = 0
Start importing Assets/Sprites/skeleton_1/walk_down/walk_down_1_0003.png using Guid(38073c314d2b7dc438b5a32a829d39fb) Importer(2089858483,0ecaa5967403d082aa24f35e1b516d23)  -> (artifact id: '7a1fa8ccdea4715d92ae0391fd866885') in 0.023781 seconds 
Number of asset objects unloaded after import = 3
========================================================================
Received Import Request.
  Time since last request: 0.000037 seconds.
  path: Assets/Mirror/Core/Tools/CustomStructs/Vector4SByte.cs
  artifactKey: Guid(fce8a4768e87e6f429ac961c3c38ce5e) Importer(2089858483,0ecaa5967403d082aa24f35e1b516d23)
Number of updated assets reloaded before import = 0
Start importing Assets/Mirror/Core/Tools/CustomStructs/Vector4SByte.cs using Guid(fce8a4768e87e6f429ac961c3c38ce5e) Importer(2089858483,0ecaa5967403d082aa24f35e1b516d23)  -> (artifact id: 'a49da94499b892b857c139f478bf9d3e') in 0.013733 seconds 
Number of asset objects unloaded after import = 1
========================================================================
Received Import Request.
  Time since last request: 0.000022 seconds.
  path: Assets/Mirror/Examples/SyncDirection/Player.prefab
  artifactKey: Guid(c1affccc0b0c040a486023a5cff7fd46) Importer(2089858483,0ecaa5967403d082aa24f35e1b516d23)
Number of updated assets reloaded before import = 0
Start importing Assets/Mirror/Examples/SyncDirection/Player.prefab using Guid(c1affccc0b0c040a486023a5cff7fd46) Importer(2089858483,0ecaa5967403d082aa24f35e1b516d23)  -> (artifact id: '063ccb33be77933d5be924a29ac98390') in 0.035651 seconds 
Number of asset objects unloaded after import = 12
========================================================================
Received Import Request.
  Time since last request: 0.000020 seconds.
  path: Assets/Sprites/skeleton_1/idle_up/idle_up_1_0006.png
  artifactKey: Guid(30292a7e6fbf3564aa3b59ccef0d6650) Importer(2089858483,0ecaa5967403d082aa24f35e1b516d23)
Number of updated assets reloaded before import = 0
Start importing Assets/Sprites/skeleton_1/idle_up/idle_up_1_0006.png using Guid(30292a7e6fbf3564aa3b59ccef0d6650) Importer(2089858483,0ecaa5967403d082aa24f35e1b516d23)  -> (artifact id: 'd77676992755d24bb8dc91bd2c07bdc3') in 0.021441 seconds 
Number of asset objects unloaded after import = 3
========================================================================
Received Import Request.
  Time since last request: 0.000027 seconds.
  path: Assets/Sprites/Enviroment/WaterTiles/26.png
  artifactKey: Guid(5496d7dd2c1a0644b9aa1aa90ecf7512) Importer(2089858483,0ecaa5967403d082aa24f35e1b516d23)
Number of updated assets reloaded before import = 0
Start importing Assets/Sprites/Enviroment/WaterTiles/26.png using Guid(5496d7dd2c1a0644b9aa1aa90ecf7512) Importer(2089858483,0ecaa5967403d082aa24f35e1b516d23)  -> (artifact id: '451bd6f4d76014b1199a64e00680a454') in 0.022621 seconds 
Number of asset objects unloaded after import = 3
========================================================================
Received Import Request.
  Time since last request: 0.000121 seconds.
  path: Assets/Mirror/Examples/CharacterSelection/Materials/MaterialDesert.mat
  artifactKey: Guid(c563271c8eff8458a9d61b9a48b9cb12) Importer(2089858483,0ecaa5967403d082aa24f35e1b516d23)
Number of updated assets reloaded before import = 0
Start importing Assets/Mirror/Examples/CharacterSelection/Materials/MaterialDesert.mat using Guid(c563271c8eff8458a9d61b9a48b9cb12) Importer(2089858483,0ecaa5967403d082aa24f35e1b516d23)  -> (artifact id: 'eec59afdc84c175d85abe1a1fbe99ca5') in 0.049677 seconds 
Number of asset objects unloaded after import = 1
========================================================================
Received Import Request.
  Time since last request: 0.000027 seconds.
  path: Assets/Mirror/Examples/Benchmark/Prefabs/Monster.prefab
  artifactKey: Guid(30b8f251d03d84284b70601e691d474f) Importer(2089858483,0ecaa5967403d082aa24f35e1b516d23)
Number of updated assets reloaded before import = 0
Start importing Assets/Mirror/Examples/Benchmark/Prefabs/Monster.prefab using Guid(30b8f251d03d84284b70601e691d474f) Importer(2089858483,0ecaa5967403d082aa24f35e1b516d23)  -> (artifact id: '7b403a771c3b802bb15163e6d5ed25cc') in 0.036199 seconds 
Number of asset objects unloaded after import = 9
========================================================================
Received Import Request.
  Time since last request: 0.000050 seconds.
  path: Assets/Mirror/Examples/CouchCoop/Materials/MaterialPlayer.mat
  artifactKey: Guid(9b77d86bd031f46efa8887f0c4e8d79f) Importer(2089858483,0ecaa5967403d082aa24f35e1b516d23)
Number of updated assets reloaded before import = 0
Start importing Assets/Mirror/Examples/CouchCoop/Materials/MaterialPlayer.mat using Guid(9b77d86bd031f46efa8887f0c4e8d79f) Importer(2089858483,0ecaa5967403d082aa24f35e1b516d23)  -> (artifact id: 'cd062e96714538adc70b586904caab21') in 0.021206 seconds 
Number of asset objects unloaded after import = 1
========================================================================
Received Import Request.
  Time since last request: 0.000023 seconds.
  path: Assets/Mirror/Examples/Chat/Scripts/LoginUI.cs
  artifactKey: Guid(7a77ca56c9d91af4b81b73a9907d6112) Importer(2089858483,0ecaa5967403d082aa24f35e1b516d23)
Number of updated assets reloaded before import = 0
Start importing Assets/Mirror/Examples/Chat/Scripts/LoginUI.cs using Guid(7a77ca56c9d91af4b81b73a9907d6112) Importer(2089858483,0ecaa5967403d082aa24f35e1b516d23)  -> (artifact id: 'ca4a25713142f9c8ccfc3e373558c61e') in 0.010997 seconds 
Number of asset objects unloaded after import = 0
========================================================================
Received Import Request.
  Time since last request: 0.000022 seconds.
  path: Assets/Mirror/Examples/AdditiveLevels/Textures/Front_Tex.jpeg
  artifactKey: Guid(ca928ef0e269448ba82388eb41d48544) Importer(2089858483,0ecaa5967403d082aa24f35e1b516d23)
Number of updated assets reloaded before import = 0
Start importing Assets/Mirror/Examples/AdditiveLevels/Textures/Front_Tex.jpeg using Guid(ca928ef0e269448ba82388eb41d48544) Importer(2089858483,0ecaa5967403d082aa24f35e1b516d23)  -> (artifact id: '11b4d4432c9d778a851606cd94b6025c') in 0.023305 seconds 
Number of asset objects unloaded after import = 1
========================================================================
Received Import Request.
  Time since last request: 0.000026 seconds.
  path: Assets/Mirror/Examples/AssignAuthority/Materials/Object.mat
  artifactKey: Guid(07165e7cb1fb6c549ba5b339be715858) Importer(2089858483,0ecaa5967403d082aa24f35e1b516d23)
Number of updated assets reloaded before import = 0
Start importing Assets/Mirror/Examples/AssignAuthority/Materials/Object.mat using Guid(07165e7cb1fb6c549ba5b339be715858) Importer(2089858483,0ecaa5967403d082aa24f35e1b516d23)  -> (artifact id: '40bc759088caf1b8896a1c6f304161d5') in 0.021603 seconds 
Number of asset objects unloaded after import = 1
========================================================================
Received Import Request.
  Time since last request: 0.000022 seconds.
  path: Assets/Mirror/Examples/CharacterSelection/Textures/IconStickPerson.png
  artifactKey: Guid(9e7771f048fdf40839b6ee9dbacad67c) Importer(2089858483,0ecaa5967403d082aa24f35e1b516d23)
Number of updated assets reloaded before import = 0
Start importing Assets/Mirror/Examples/CharacterSelection/Textures/IconStickPerson.png using Guid(9e7771f048fdf40839b6ee9dbacad67c) Importer(2089858483,0ecaa5967403d082aa24f35e1b516d23)  -> (artifact id: '2a438df809e9eb068e83bc8cbef7a185') in 0.020284 seconds 
Number of asset objects unloaded after import = 3
========================================================================
Received Import Request.
  Time since last request: 0.000022 seconds.
  path: Assets/Mirror/Examples/CouchCoop/Prefabs/CouchPlayer.prefab
  artifactKey: Guid(c5eb745ce31f9439f9bb3fe7c091ad27) Importer(2089858483,0ecaa5967403d082aa24f35e1b516d23)
Number of updated assets reloaded before import = 0
Start importing Assets/Mirror/Examples/CouchCoop/Prefabs/CouchPlayer.prefab using Guid(c5eb745ce31f9439f9bb3fe7c091ad27) Importer(2089858483,0ecaa5967403d082aa24f35e1b516d23)  -> (artifact id: '0291b3fea3170f08fe12fdc664b90163') in 0.028960 seconds 
Number of asset objects unloaded after import = 29
========================================================================
Received Import Request.
  Time since last request: 0.000021 seconds.
  path: Assets/Mirror/Examples/CouchCoop/Scripts/CameraViewForAll.cs
  artifactKey: Guid(73edff93783204b298f805477ae30ecd) Importer(2089858483,0ecaa5967403d082aa24f35e1b516d23)
Number of updated assets reloaded before import = 0
Start importing Assets/Mirror/Examples/CouchCoop/Scripts/CameraViewForAll.cs using Guid(73edff93783204b298f805477ae30ecd) Importer(2089858483,0ecaa5967403d082aa24f35e1b516d23)  -> (artifact id: 'e6fc63cc9ec128f18b99b69120dbb05d') in 0.011864 seconds 
Number of asset objects unloaded after import = 0
========================================================================
Received Import Request.
  Time since last request: 0.000028 seconds.
  path: Assets/Mirror/Examples/HexSpatialHash/Scripts/Hex2DNetworkManager.cs
  artifactKey: Guid(43d8e3a03523cba438aea0b8e793b390) Importer(2089858483,0ecaa5967403d082aa24f35e1b516d23)
Number of updated assets reloaded before import = 0
Start importing Assets/Mirror/Examples/HexSpatialHash/Scripts/Hex2DNetworkManager.cs using Guid(43d8e3a03523cba438aea0b8e793b390) Importer(2089858483,0ecaa5967403d082aa24f35e1b516d23)  -> (artifact id: '6e492e3d72435f82b4cadefa01e01f1a') in 0.011683 seconds 
Number of asset objects unloaded after import = 0
========================================================================
Received Import Request.
  Time since last request: 0.000025 seconds.
  path: Assets/Mirror/Examples/EdgegapLobby/EdgegapLobbyTanks/NavMesh.asset
  artifactKey: Guid(810426bd131b7fd4dbf1366398224990) Importer(2089858483,0ecaa5967403d082aa24f35e1b516d23)
Number of updated assets reloaded before import = 0
Start importing Assets/Mirror/Examples/EdgegapLobby/EdgegapLobbyTanks/NavMesh.asset using Guid(810426bd131b7fd4dbf1366398224990) Importer(2089858483,0ecaa5967403d082aa24f35e1b516d23)  -> (artifact id: 'bf6029300e58a60013e04b073eac30bb') in 0.020533 seconds 
Number of asset objects unloaded after import = 1
========================================================================
Received Import Request.
  Time since last request: 0.000020 seconds.
  path: Assets/Mirror/Examples/Basic/Prefabs/Player.prefab
  artifactKey: Guid(dc2c4328591bef748abb8df795c17202) Importer(2089858483,0ecaa5967403d082aa24f35e1b516d23)
Number of updated assets reloaded before import = 0
Start importing Assets/Mirror/Examples/Basic/Prefabs/Player.prefab using Guid(dc2c4328591bef748abb8df795c17202) Importer(2089858483,0ecaa5967403d082aa24f35e1b516d23)  -> (artifact id: '5926f5929a3378e8b09c0fb8334c116f') in 0.021534 seconds 
Number of asset objects unloaded after import = 20
========================================================================
Received Import Request.
  Time since last request: 0.000033 seconds.
  path: Assets/Mirror/Examples/AdditiveScenes/Materials/Cylinder.mat
  artifactKey: Guid(439a10ee8f8d14040be9003239449741) Importer(2089858483,0ecaa5967403d082aa24f35e1b516d23)
Number of updated assets reloaded before import = 0
Start importing Assets/Mirror/Examples/AdditiveScenes/Materials/Cylinder.mat using Guid(439a10ee8f8d14040be9003239449741) Importer(2089858483,0ecaa5967403d082aa24f35e1b516d23)  -> (artifact id: '15a11f99b5f0ca39b0efdc2168787e96') in 0.020989 seconds 
Number of asset objects unloaded after import = 1
========================================================================
Received Import Request.
  Time since last request: 0.000029 seconds.
  path: Assets/Mirror/Examples/AdditiveScenes/Scripts/AdditiveNetworkManager.cs
  artifactKey: Guid(34d1daf9e7dbcb64aa647cb332054ea6) Importer(2089858483,0ecaa5967403d082aa24f35e1b516d23)
Number of updated assets reloaded before import = 0
Start importing Assets/Mirror/Examples/AdditiveScenes/Scripts/AdditiveNetworkManager.cs using Guid(34d1daf9e7dbcb64aa647cb332054ea6) Importer(2089858483,0ecaa5967403d082aa24f35e1b516d23)  -> (artifact id: 'bf7c78190873a3d9c432f2b1de12b873') in 0.012518 seconds 
Number of asset objects unloaded after import = 0
========================================================================
Received Import Request.
  Time since last request: 0.000022 seconds.
  path: Assets/Mirror/Examples/CharacterSelection/Materials/MaterialSilver.mat
  artifactKey: Guid(6a1d409bf7eea44168084517c7ee81cf) Importer(2089858483,0ecaa5967403d082aa24f35e1b516d23)
Number of updated assets reloaded before import = 0
Start importing Assets/Mirror/Examples/CharacterSelection/Materials/MaterialSilver.mat using Guid(6a1d409bf7eea44168084517c7ee81cf) Importer(2089858483,0ecaa5967403d082aa24f35e1b516d23)  -> (artifact id: '704825d5aa57379fe0a31cfa8728bac9') in 0.018756 seconds 
Number of asset objects unloaded after import = 1
========================================================================
Received Import Request.
  Time since last request: 0.000024 seconds.
  path: Assets/Mirror/Examples/Billiards/Ball/WhiteBall.cs
  artifactKey: Guid(22982698a2c944cf39e961e49e9cd00c) Importer(2089858483,0ecaa5967403d082aa24f35e1b516d23)
Number of updated assets reloaded before import = 0
Start importing Assets/Mirror/Examples/Billiards/Ball/WhiteBall.cs using Guid(22982698a2c944cf39e961e49e9cd00c) Importer(2089858483,0ecaa5967403d082aa24f35e1b516d23)  -> (artifact id: 'f192c2ee5c863131eaf001ee2ceeedca') in 0.011468 seconds 
Number of asset objects unloaded after import = 0
========================================================================
Received Import Request.
  Time since last request: 0.000025 seconds.
  path: Assets/Mirror/Examples/Chat/Scripts/ChatNetworkManager.cs
  artifactKey: Guid(d0cd72391a563461f88eb3ddf120efef) Importer(2089858483,0ecaa5967403d082aa24f35e1b516d23)
Number of updated assets reloaded before import = 0
Start importing Assets/Mirror/Examples/Chat/Scripts/ChatNetworkManager.cs using Guid(d0cd72391a563461f88eb3ddf120efef) Importer(2089858483,0ecaa5967403d082aa24f35e1b516d23)  -> (artifact id: 'c60dc6262c3253330e52bb36053bd493') in 0.011317 seconds 
Number of asset objects unloaded after import = 0
========================================================================
Received Import Request.
  Time since last request: 0.000033 seconds.
  path: Assets/Mirror/Examples/AutoLANClientController/Scripts/NetworkSceneScript.cs
  artifactKey: Guid(a92a11730bf0a4971a014a104eaa9a11) Importer(2089858483,0ecaa5967403d082aa24f35e1b516d23)
Number of updated assets reloaded before import = 0
Start importing Assets/Mirror/Examples/AutoLANClientController/Scripts/NetworkSceneScript.cs using Guid(a92a11730bf0a4971a014a104eaa9a11) Importer(2089858483,0ecaa5967403d082aa24f35e1b516d23)  -> (artifact id: '9595a73ffa906144a40bb4758b61cf3f') in 0.012417 seconds 
Number of asset objects unloaded after import = 0
========================================================================
Received Import Request.
  Time since last request: 0.000024 seconds.
  path: Assets/Mirror/Examples/MultipleAdditiveScenes/Prefabs/Icosphere.prefab
  artifactKey: Guid(a104de86221e66a48832c222471d4f1e) Importer(2089858483,0ecaa5967403d082aa24f35e1b516d23)
Number of updated assets reloaded before import = 0
Start importing Assets/Mirror/Examples/MultipleAdditiveScenes/Prefabs/Icosphere.prefab using Guid(a104de86221e66a48832c222471d4f1e) Importer(2089858483,0ecaa5967403d082aa24f35e1b516d23)  -> (artifact id: 'b5d489eaac8a50fe3287269d2ecd47a7') in 0.031236 seconds 
Number of asset objects unloaded after import = 15
========================================================================
Received Import Request.
  Time since last request: 0.000028 seconds.
  path: Assets/Mirror/Examples/AdditiveScenes/Prefabs/Sphere.prefab
  artifactKey: Guid(f6d08eb9a8e35d84fa30a7e3ae64181a) Importer(2089858483,0ecaa5967403d082aa24f35e1b516d23)
Number of updated assets reloaded before import = 0
Start importing Assets/Mirror/Examples/AdditiveScenes/Prefabs/Sphere.prefab using Guid(f6d08eb9a8e35d84fa30a7e3ae64181a) Importer(2089858483,0ecaa5967403d082aa24f35e1b516d23)  -> (artifact id: 'e739883d1f82ac2d0a388f27e256c178') in 0.020914 seconds 
Number of asset objects unloaded after import = 10
========================================================================
Received Import Request.
  Time since last request: 0.000030 seconds.
  path: Assets/Mirror/Examples/Benchmark/Materials/White.mat
  artifactKey: Guid(ff8f106e5c9e34da28ad9cee6edb2255) Importer(2089858483,0ecaa5967403d082aa24f35e1b516d23)
Number of updated assets reloaded before import = 0
Start importing Assets/Mirror/Examples/Benchmark/Materials/White.mat using Guid(ff8f106e5c9e34da28ad9cee6edb2255) Importer(2089858483,0ecaa5967403d082aa24f35e1b516d23)  -> (artifact id: '651da96bb6430f5a21c8d329669eb081') in 0.018323 seconds 
Number of asset objects unloaded after import = 1
========================================================================
Received Import Request.
  Time since last request: 0.000021 seconds.
  path: Assets/Mirror/Examples/Billiards/Table/Edge.mat
  artifactKey: Guid(7cfca2b6fd3df4580a0f098abfaf0c64) Importer(2089858483,0ecaa5967403d082aa24f35e1b516d23)
Number of updated assets reloaded before import = 0
Start importing Assets/Mirror/Examples/Billiards/Table/Edge.mat using Guid(7cfca2b6fd3df4580a0f098abfaf0c64) Importer(2089858483,0ecaa5967403d082aa24f35e1b516d23)  -> (artifact id: '4ce9248f9c93f4b75bfa514349200951') in 0.019430 seconds 
Number of asset objects unloaded after import = 1
========================================================================
Received Import Request.
  Time since last request: 0.000027 seconds.
  path: Assets/Mirror/Examples/CouchCoop/Scripts/PlatformMovement.cs
  artifactKey: Guid(19882c332836048ada1935c7fb20283b) Importer(2089858483,0ecaa5967403d082aa24f35e1b516d23)
Number of updated assets reloaded before import = 0
Start importing Assets/Mirror/Examples/CouchCoop/Scripts/PlatformMovement.cs using Guid(19882c332836048ada1935c7fb20283b) Importer(2089858483,0ecaa5967403d082aa24f35e1b516d23)  -> (artifact id: '4fe428ed220d7b12a2adbb232a9f7b99') in 0.011705 seconds 
Number of asset objects unloaded after import = 0
========================================================================
Received Import Request.
  Time since last request: 0.000023 seconds.
  path: Assets/Mirror/Examples/Benchmark/Scripts/MonsterMovement.cs
  artifactKey: Guid(9cddc2e496c474e538a494465be0192a) Importer(2089858483,0ecaa5967403d082aa24f35e1b516d23)
Number of updated assets reloaded before import = 0
Start importing Assets/Mirror/Examples/Benchmark/Scripts/MonsterMovement.cs using Guid(9cddc2e496c474e538a494465be0192a) Importer(2089858483,0ecaa5967403d082aa24f35e1b516d23)  -> (artifact id: '3ca30b41c570aa0c07c1c1d8fceba67b') in 0.012607 seconds 
Number of asset objects unloaded after import = 0
========================================================================
Received Import Request.
  Time since last request: 0.000023 seconds.
  path: Assets/Mirror/Examples/AdditiveLevels/Prefabs/Portal.prefab
  artifactKey: Guid(c624c75494b4d7d4086b9212f897e56a) Importer(2089858483,0ecaa5967403d082aa24f35e1b516d23)
Number of updated assets reloaded before import = 0
Start importing Assets/Mirror/Examples/AdditiveLevels/Prefabs/Portal.prefab using Guid(c624c75494b4d7d4086b9212f897e56a) Importer(2089858483,0ecaa5967403d082aa24f35e1b516d23)  -> (artifact id: '9e216e4977c8166e9c51f60974904468') in 0.024682 seconds 
Number of asset objects unloaded after import = 14
========================================================================
Received Import Request.
  Time since last request: 0.000033 seconds.
  path: Assets/Mirror/Examples/Discovery/Scenes/MirrorDiscovery.unity
  artifactKey: Guid(90fddc74fa21c423599167eb28b09dd1) Importer(2089858483,0ecaa5967403d082aa24f35e1b516d23)
Number of updated assets reloaded before import = 0
Start importing Assets/Mirror/Examples/Discovery/Scenes/MirrorDiscovery.unity using Guid(90fddc74fa21c423599167eb28b09dd1) Importer(2089858483,0ecaa5967403d082aa24f35e1b516d23)  -> (artifact id: '1d7da52d84f78dc1b0b84c85188d55b6') in 0.010882 seconds 
Number of asset objects unloaded after import = 1
========================================================================
Received Import Request.
  Time since last request: 0.000038 seconds.
  path: Assets/Mirror/Examples/AdditiveLevels/Prefabs/PlayerUnreliable.prefab
  artifactKey: Guid(bf7debf03638cd941a45060adab91cb2) Importer(2089858483,0ecaa5967403d082aa24f35e1b516d23)
Number of updated assets reloaded before import = 0
Start importing Assets/Mirror/Examples/AdditiveLevels/Prefabs/PlayerUnreliable.prefab using Guid(bf7debf03638cd941a45060adab91cb2) Importer(2089858483,0ecaa5967403d082aa24f35e1b516d23)  -> (artifact id: 'e6770f644b94192c2f741eae3c80986b') in 0.053581 seconds 
Number of asset objects unloaded after import = 164
========================================================================
Received Import Request.
  Time since last request: 0.000027 seconds.
  path: Assets/Mirror/Examples/BenchmarkStinkySteak/Prefabs/SphereMoveWander.prefab
  artifactKey: Guid(9925ea7d66c38ac48a88a572a9236cbe) Importer(2089858483,0ecaa5967403d082aa24f35e1b516d23)
Number of updated assets reloaded before import = 0
Start importing Assets/Mirror/Examples/BenchmarkStinkySteak/Prefabs/SphereMoveWander.prefab using Guid(9925ea7d66c38ac48a88a572a9236cbe) Importer(2089858483,0ecaa5967403d082aa24f35e1b516d23)  -> (artifact id: '2c09071b320740aed28b96697baf4e2e') in 0.019845 seconds 
Number of asset objects unloaded after import = 12
========================================================================
Received Import Request.
  Time since last request: 0.000029 seconds.
  path: Assets/Mirror/Examples/CharacterSelection/Scripts/StaticVariables.cs
  artifactKey: Guid(1d335b50444484132bf9affd60327c5f) Importer(2089858483,0ecaa5967403d082aa24f35e1b516d23)
Number of updated assets reloaded before import = 0
Start importing Assets/Mirror/Examples/CharacterSelection/Scripts/StaticVariables.cs using Guid(1d335b50444484132bf9affd60327c5f) Importer(2089858483,0ecaa5967403d082aa24f35e1b516d23)  -> (artifact id: '47c9d43b4dcc32c3bdb6c5fc204649a0') in 0.011407 seconds 
Number of asset objects unloaded after import = 0
========================================================================
Received Import Request.
  Time since last request: 0.000028 seconds.
  path: Assets/Mirror/Examples/BilliardsPredicted/Ball/RedBallPredicted.cs
  artifactKey: Guid(3c3384f4b0aaa417abfc3335d2d873c0) Importer(2089858483,0ecaa5967403d082aa24f35e1b516d23)
Number of updated assets reloaded before import = 0
Start importing Assets/Mirror/Examples/BilliardsPredicted/Ball/RedBallPredicted.cs using Guid(3c3384f4b0aaa417abfc3335d2d873c0) Importer(2089858483,0ecaa5967403d082aa24f35e1b516d23)  -> (artifact id: '9e1bf3592d71bb92ed73c634c4c66315') in 0.010876 seconds 
Number of asset objects unloaded after import = 0
========================================================================
Received Import Request.
  Time since last request: 0.000025 seconds.
  path: Assets/Mirror/Examples/Chat/Prefabs/Player.prefab
  artifactKey: Guid(e5905ffa27de84009b346b49d518ba03) Importer(2089858483,0ecaa5967403d082aa24f35e1b516d23)
Number of updated assets reloaded before import = 0
Start importing Assets/Mirror/Examples/Chat/Prefabs/Player.prefab using Guid(e5905ffa27de84009b346b49d518ba03) Importer(2089858483,0ecaa5967403d082aa24f35e1b516d23)  -> (artifact id: 'cd3f979bdb0649c9bb1aa3a8976d0d41') in 0.018220 seconds 
Number of asset objects unloaded after import = 6
========================================================================
Received Import Request.
  Time since last request: 0.000022 seconds.
  path: Assets/Mirror/Examples/CouchCoop/Scripts/CanvasScript.cs
  artifactKey: Guid(8b76e63e8ad5c42d59aa6ccdda8cddbf) Importer(2089858483,0ecaa5967403d082aa24f35e1b516d23)
Number of updated assets reloaded before import = 0
Start importing Assets/Mirror/Examples/CouchCoop/Scripts/CanvasScript.cs using Guid(8b76e63e8ad5c42d59aa6ccdda8cddbf) Importer(2089858483,0ecaa5967403d082aa24f35e1b516d23)  -> (artifact id: '0809cc21a84562254649209b5f288465') in 0.012429 seconds 
Number of asset objects unloaded after import = 0
========================================================================
Received Import Request.
  Time since last request: 0.000024 seconds.
  path: Assets/Mirror/Examples/EdgegapLobby/Scripts/UILobbyStatus.cs
  artifactKey: Guid(44d2f1170bbe4432bf6f388bcfabefee) Importer(2089858483,0ecaa5967403d082aa24f35e1b516d23)
Number of updated assets reloaded before import = 0
Start importing Assets/Mirror/Examples/EdgegapLobby/Scripts/UILobbyStatus.cs using Guid(44d2f1170bbe4432bf6f388bcfabefee) Importer(2089858483,0ecaa5967403d082aa24f35e1b516d23)  -> (artifact id: '7c754898feaaf9664a26295c38194d6f') in 0.011779 seconds 
Number of asset objects unloaded after import = 0
========================================================================
Received Import Request.
  Time since last request: 0.000028 seconds.
  path: Assets/Mirror/Examples/Billiards/Ball/White.mat
  artifactKey: Guid(e88ccd07dc10d443b808d53676994410) Importer(2089858483,0ecaa5967403d082aa24f35e1b516d23)
Number of updated assets reloaded before import = 0
Start importing Assets/Mirror/Examples/Billiards/Ball/White.mat using Guid(e88ccd07dc10d443b808d53676994410) Importer(2089858483,0ecaa5967403d082aa24f35e1b516d23)  -> (artifact id: 'ea622a3d3b982497fe9b68b1ae675cc3') in 0.019405 seconds 
Number of asset objects unloaded after import = 1
========================================================================
Received Import Request.
  Time since last request: 0.000021 seconds.
  path: Assets/Mirror/Examples/Chat/Scripts/ChatUI.cs
  artifactKey: Guid(2c102f62d739545269250f48327d4429) Importer(2089858483,0ecaa5967403d082aa24f35e1b516d23)
Number of updated assets reloaded before import = 0
Start importing Assets/Mirror/Examples/Chat/Scripts/ChatUI.cs using Guid(2c102f62d739545269250f48327d4429) Importer(2089858483,0ecaa5967403d082aa24f35e1b516d23)  -> (artifact id: '74391367f8f4ce4b9bc5dfb9cbb6754e') in 0.011258 seconds 
Number of asset objects unloaded after import = 0
========================================================================
Received Import Request.
  Time since last request: 0.000028 seconds.
  path: Assets/Mirror/Examples/AdditiveScenes/Materials/Sphere.mat
  artifactKey: Guid(58936713efca1ec488624ee297b5d687) Importer(2089858483,0ecaa5967403d082aa24f35e1b516d23)
Number of updated assets reloaded before import = 0
Start importing Assets/Mirror/Examples/AdditiveScenes/Materials/Sphere.mat using Guid(58936713efca1ec488624ee297b5d687) Importer(2089858483,0ecaa5967403d082aa24f35e1b516d23)  -> (artifact id: '79591fe964dea0754f92fa16a3dc4f84') in 0.018189 seconds 
Number of asset objects unloaded after import = 1
========================================================================
Received Import Request.
  Time since last request: 0.000053 seconds.
  path: Assets/Mirror/Examples/AdditiveLevels/Scenes/MirrorAdditiveLevelsOffline.unity
  artifactKey: Guid(9959d9d8e637be64dab77006a85135c1) Importer(2089858483,0ecaa5967403d082aa24f35e1b516d23)
Number of updated assets reloaded before import = 0
Start importing Assets/Mirror/Examples/AdditiveLevels/Scenes/MirrorAdditiveLevelsOffline.unity using Guid(9959d9d8e637be64dab77006a85135c1) Importer(2089858483,0ecaa5967403d082aa24f35e1b516d23)  -> (artifact id: '3aa56c326cc24682d57d6447da584b0f') in 0.011230 seconds 
Number of asset objects unloaded after import = 1
========================================================================
Received Import Request.
  Time since last request: 0.000029 seconds.
  path: Assets/Mirror/Examples/CharacterSelection/Materials/MaterialGold.mat
  artifactKey: Guid(4501a33f89e954d2aacce3ee73c43903) Importer(2089858483,0ecaa5967403d082aa24f35e1b516d23)
Number of updated assets reloaded before import = 0
Start importing Assets/Mirror/Examples/CharacterSelection/Materials/MaterialGold.mat using Guid(4501a33f89e954d2aacce3ee73c43903) Importer(2089858483,0ecaa5967403d082aa24f35e1b516d23)  -> (artifact id: 'aaa6251ffb8250066c12747c8f85e7ac') in 0.018217 seconds 
Number of asset objects unloaded after import = 1
========================================================================
Received Import Request.
  Time since last request: 0.000044 seconds.
  path: Assets/Mirror/Examples/EdgegapLobby/Scripts/UILobbyCreate.cs
  artifactKey: Guid(6d48c41753254160ac6a02c9585880f0) Importer(2089858483,0ecaa5967403d082aa24f35e1b516d23)
Number of updated assets reloaded before import = 0
Start importing Assets/Mirror/Examples/EdgegapLobby/Scripts/UILobbyCreate.cs using Guid(6d48c41753254160ac6a02c9585880f0) Importer(2089858483,0ecaa5967403d082aa24f35e1b516d23)  -> (artifact id: '62c629f6fea31cabb1528043bd01bc51') in 0.012014 seconds 
Number of asset objects unloaded after import = 0
========================================================================
Received Import Request.
  Time since last request: 0.000025 seconds.
  path: Assets/Mirror/Examples/AdditiveLevels/Materials/Skybox.mat
  artifactKey: Guid(81f714daf7144784b8a2f42f1cd30927) Importer(2089858483,0ecaa5967403d082aa24f35e1b516d23)
Number of updated assets reloaded before import = 0
Start importing Assets/Mirror/Examples/AdditiveLevels/Materials/Skybox.mat using Guid(81f714daf7144784b8a2f42f1cd30927) Importer(2089858483,0ecaa5967403d082aa24f35e1b516d23)  -> (artifact id: 'fe46003b9ec8effe56f5d58d4dd72e4f') in 0.029768 seconds 
Number of asset objects unloaded after import = 7
========================================================================
Received Import Request.
  Time since last request: 0.000036 seconds.
  path: Assets/Mirror/Examples/AdditiveLevels/Materials/Player.mat
  artifactKey: Guid(6b7039502d1528a4db29c4d43d159b01) Importer(2089858483,0ecaa5967403d082aa24f35e1b516d23)
Number of updated assets reloaded before import = 0
Start importing Assets/Mirror/Examples/AdditiveLevels/Materials/Player.mat using Guid(6b7039502d1528a4db29c4d43d159b01) Importer(2089858483,0ecaa5967403d082aa24f35e1b516d23)  -> (artifact id: '92adc8e3f6a1c2458a761a27d05af1a3') in 0.016632 seconds 
Number of asset objects unloaded after import = 1
========================================================================
Received Import Request.
  Time since last request: 0.000024 seconds.
  path: Assets/Mirror/Examples/CharacterSelection/Prefabs/CharacterData.prefab
  artifactKey: Guid(6acf49d76d0eb47c08e908da71d52859) Importer(2089858483,0ecaa5967403d082aa24f35e1b516d23)
Number of updated assets reloaded before import = 0
Start importing Assets/Mirror/Examples/CharacterSelection/Prefabs/CharacterData.prefab using Guid(6acf49d76d0eb47c08e908da71d52859) Importer(2089858483,0ecaa5967403d082aa24f35e1b516d23)  -> (artifact id: '81601b7fdd1e94321eec9566a992b0cd') in 0.049279 seconds 
Number of asset objects unloaded after import = 379
========================================================================
Received Import Request.
  Time since last request: 0.000031 seconds.
  path: Assets/Mirror/Examples/RigidbodyPhysics/Scripts/AddForce.cs
  artifactKey: Guid(c1b468aa0f3779f4b950b7651891cb8c) Importer(2089858483,0ecaa5967403d082aa24f35e1b516d23)
Number of updated assets reloaded before import = 0
Start importing Assets/Mirror/Examples/RigidbodyPhysics/Scripts/AddForce.cs using Guid(c1b468aa0f3779f4b950b7651891cb8c) Importer(2089858483,0ecaa5967403d082aa24f35e1b516d23)  -> (artifact id: '4922d547d08a37a04af69f7d28d494b9') in 0.010835 seconds 
Number of asset objects unloaded after import = 0
========================================================================
Received Import Request.
  Time since last request: 0.000029 seconds.
  path: Assets/Mirror/Examples/RigidbodyBenchmark/Scripts/RigidbodyBenchmarkNetworkManager.cs
  artifactKey: Guid(b21e2d778c62d40e69f03e5c9624ddf1) Importer(2089858483,0ecaa5967403d082aa24f35e1b516d23)
Number of updated assets reloaded before import = 0
Start importing Assets/Mirror/Examples/RigidbodyBenchmark/Scripts/RigidbodyBenchmarkNetworkManager.cs using Guid(b21e2d778c62d40e69f03e5c9624ddf1) Importer(2089858483,0ecaa5967403d082aa24f35e1b516d23)  -> (artifact id: '666ec5fac4eac21f1860a09ef0fdb7b4') in 0.011204 seconds 
Number of asset objects unloaded after import = 0
========================================================================
Received Import Request.
  Time since last request: 0.000028 seconds.
  path: Assets/Mirror/Examples/TankTheftAuto/Prefabs/TankReliable.prefab
  artifactKey: Guid(d502982feecd043d8bfc6a5c64cd09f9) Importer(2089858483,0ecaa5967403d082aa24f35e1b516d23)
Number of updated assets reloaded before import = 0
Start importing Assets/Mirror/Examples/TankTheftAuto/Prefabs/TankReliable.prefab using Guid(d502982feecd043d8bfc6a5c64cd09f9) Importer(2089858483,0ecaa5967403d082aa24f35e1b516d23) SendMessage cannot be called during Awake, CheckConsistency, or OnValidate (3D Model: OnMeshFilterChanged)
UnityEngine.StackTraceUtility:ExtractStackTrace ()
UnityEditor.AssetDatabase:LoadAssetAtPath<UnityEngine.GameObject> (string)
Mirror.Examples.Common.Controllers.Tank.TankTurretBase:Reset () (at Assets/Mirror/Examples/_Common/Controllers/TankController/TankTurretBase.cs:254)
Mirror.Examples.Common.Controllers.Tank.TankTurretReliable:Reset () (at Assets/Mirror/Examples/_Common/Controllers/TankController/TankTurretReliable.cs:16)
Mirror.Examples.Common.Controllers.Tank.TankTurretBase:OnValidate () (at Assets/Mirror/Examples/_Common/Controllers/TankController/TankTurretBase.cs:190)
UnityEditor.AssetDatabase:LoadAssetAtPath<UnityEngine.GameObject> (string)
UnityEditor.Search.AssetIndexer:IndexDocument (string,bool)
UnityEditor.Search.SearchIndexEntryImporter:OnImportAsset (UnityEditor.AssetImporters.AssetImportContext)
UnityEditor.AssetImporters.ScriptedImporter:GenerateAssetData (UnityEditor.AssetImporters.AssetImportContext)

[Assets/Mirror/Examples/_Common/Controllers/TankController/TankTurretBase.cs line 254]

 -> (artifact id: 'ba34da6fb9ca9c52ccfe90bab0b761e7') in 0.097917 seconds 
Number of asset objects unloaded after import = 289
========================================================================
Received Import Request.
  Time since last request: 0.000054 seconds.
  path: Assets/Mirror/Examples/MultipleMatches/Scripts/MatchNetworkManager.cs
  artifactKey: Guid(0b15c78bb8ab8da42a94aa0bc3081814) Importer(2089858483,0ecaa5967403d082aa24f35e1b516d23)
Number of updated assets reloaded before import = 0
Start importing Assets/Mirror/Examples/MultipleMatches/Scripts/MatchNetworkManager.cs using Guid(0b15c78bb8ab8da42a94aa0bc3081814) Importer(2089858483,0ecaa5967403d082aa24f35e1b516d23)  -> (artifact id: 'e94f0547f4b5c034596bb29d25411c4a') in 0.011403 seconds 
Number of asset objects unloaded after import = 0
========================================================================
Received Import Request.
  Time since last request: 0.000081 seconds.
  path: Assets/Mirror/Examples/Room/Scripts/Reward.cs
  artifactKey: Guid(a22f9eb8ebad79e47babf4c051a714ee) Importer(2089858483,0ecaa5967403d082aa24f35e1b516d23)
Number of updated assets reloaded before import = 0
Start importing Assets/Mirror/Examples/Room/Scripts/Reward.cs using Guid(a22f9eb8ebad79e47babf4c051a714ee) Importer(2089858483,0ecaa5967403d082aa24f35e1b516d23)  -> (artifact id: 'b06ab12daa9df2095fb77130fdebfebd') in 0.011240 seconds 
Number of asset objects unloaded after import = 0
========================================================================
Received Import Request.
  Time since last request: 0.000041 seconds.
  path: Assets/Mirror/Examples/TopDownShooter/Materials/EnemyHand2.mat
  artifactKey: Guid(c5a72dcb1af264b23b7dc1c164c73149) Importer(2089858483,0ecaa5967403d082aa24f35e1b516d23)
Number of updated assets reloaded before import = 0
Start importing Assets/Mirror/Examples/TopDownShooter/Materials/EnemyHand2.mat using Guid(c5a72dcb1af264b23b7dc1c164c73149) Importer(2089858483,0ecaa5967403d082aa24f35e1b516d23)  -> (artifact id: '708405b0cd58c1f55991f0141486f465') in 0.058900 seconds 
Number of asset objects unloaded after import = 2
========================================================================
Received Import Request.
  Time since last request: 0.000022 seconds.
  path: Assets/Mirror/Examples/RigidbodyBenchmark/Materials/Floor.mat
  artifactKey: Guid(85f7f8f287aab49ea8e679c9f50a195d) Importer(2089858483,0ecaa5967403d082aa24f35e1b516d23)
Number of updated assets reloaded before import = 0
Start importing Assets/Mirror/Examples/RigidbodyBenchmark/Materials/Floor.mat using Guid(85f7f8f287aab49ea8e679c9f50a195d) Importer(2089858483,0ecaa5967403d082aa24f35e1b516d23)  -> (artifact id: 'b03ad5287df0e12bbb005ec9782499b9') in 0.012446 seconds 
Number of asset objects unloaded after import = 1
========================================================================
Received Import Request.
  Time since last request: 0.000021 seconds.
  path: Assets/Mirror/Examples/MultipleMatches/Prefabs/MatchPlayer.prefab
  artifactKey: Guid(11d2414f1e120a14c98cba6866e5348f) Importer(2089858483,0ecaa5967403d082aa24f35e1b516d23)
Number of updated assets reloaded before import = 0
Start importing Assets/Mirror/Examples/MultipleMatches/Prefabs/MatchPlayer.prefab using Guid(11d2414f1e120a14c98cba6866e5348f) Importer(2089858483,0ecaa5967403d082aa24f35e1b516d23)  -> (artifact id: '7beb58221fb602441f4b8d6a3c779136') in 0.020275 seconds 
Number of asset objects unloaded after import = 6
========================================================================
Received Import Request.
  Time since last request: 0.000023 seconds.
  path: Assets/Mirror/Examples/RigidbodyBenchmark/PhysicMaterials/Floor.physicMaterial
  artifactKey: Guid(f5079c2dafd704093a8f8c67707e13db) Importer(2089858483,0ecaa5967403d082aa24f35e1b516d23)
Number of updated assets reloaded before import = 0
Start importing Assets/Mirror/Examples/RigidbodyBenchmark/PhysicMaterials/Floor.physicMaterial using Guid(f5079c2dafd704093a8f8c67707e13db) Importer(2089858483,0ecaa5967403d082aa24f35e1b516d23)  -> (artifact id: '4400268ce74d679a37bc778af6db8b49') in 0.016012 seconds 
Number of asset objects unloaded after import = 1
========================================================================
Received Import Request.
  Time since last request: 0.000026 seconds.
  path: Assets/Mirror/Examples/TopDownShooter/Materials/HitPoint.mat
  artifactKey: Guid(59a0b70a9ba8142de911aac4b56faebc) Importer(2089858483,0ecaa5967403d082aa24f35e1b516d23)
Number of updated assets reloaded before import = 0
Start importing Assets/Mirror/Examples/TopDownShooter/Materials/HitPoint.mat using Guid(59a0b70a9ba8142de911aac4b56faebc) Importer(2089858483,0ecaa5967403d082aa24f35e1b516d23)  -> (artifact id: '7944ba9a80c691c8ca29e2f2465a2fcd') in 0.020472 seconds 
Number of asset objects unloaded after import = 2
========================================================================
Received Import Request.
  Time since last request: 0.000032 seconds.
  path: Assets/Mirror/Examples/Pong/Scripts/NetworkManagerPong.cs
  artifactKey: Guid(0aa3018bb284840d6a6d0acee29ab098) Importer(2089858483,0ecaa5967403d082aa24f35e1b516d23)
Number of updated assets reloaded before import = 0
Start importing Assets/Mirror/Examples/Pong/Scripts/NetworkManagerPong.cs using Guid(0aa3018bb284840d6a6d0acee29ab098) Importer(2089858483,0ecaa5967403d082aa24f35e1b516d23)  -> (artifact id: 'b21accc0b57631b30a91a6af2a268c70') in 0.011980 seconds 
Number of asset objects unloaded after import = 0
========================================================================
Received Import Request.
  Time since last request: 0.000029 seconds.
  path: Assets/Mirror/Examples/Pong/Sprites/WallVertical.png
  artifactKey: Guid(0f2833a292a197d4fb0385a8efa1dc91) Importer(2089858483,0ecaa5967403d082aa24f35e1b516d23)
Number of updated assets reloaded before import = 0
Start importing Assets/Mirror/Examples/Pong/Sprites/WallVertical.png using Guid(0f2833a292a197d4fb0385a8efa1dc91) Importer(2089858483,0ecaa5967403d082aa24f35e1b516d23)  -> (artifact id: 'd3b74088d77a9bb810ef19541459992f') in 0.023859 seconds 
Number of asset objects unloaded after import = 3
========================================================================
Received Import Request.
  Time since last request: 0.000027 seconds.
  path: Assets/Mirror/Examples/Pong/Prefabs/Racket.prefab
  artifactKey: Guid(b1651eaf8c7564a1c86031dfbb8a7b28) Importer(2089858483,0ecaa5967403d082aa24f35e1b516d23)
Number of updated assets reloaded before import = 0
Start importing Assets/Mirror/Examples/Pong/Prefabs/Racket.prefab using Guid(b1651eaf8c7564a1c86031dfbb8a7b28) Importer(2089858483,0ecaa5967403d082aa24f35e1b516d23)  -> (artifact id: 'eb0a6919b087c45ee44fc9db38878f14') in 0.026973 seconds 
Number of asset objects unloaded after import = 12
========================================================================
Received Import Request.
  Time since last request: 0.000028 seconds.
  path: Assets/Mirror/Examples/Tanks/Prefabs/Projectile.prefab
  artifactKey: Guid(b7dd46dbf38c643f09e206f9fa4be008) Importer(2089858483,0ecaa5967403d082aa24f35e1b516d23)
Number of updated assets reloaded before import = 0
Start importing Assets/Mirror/Examples/Tanks/Prefabs/Projectile.prefab using Guid(b7dd46dbf38c643f09e206f9fa4be008) Importer(2089858483,0ecaa5967403d082aa24f35e1b516d23)  -> (artifact id: 'fd1708edd77705d40d994d3a39da8890') in 0.020733 seconds 
Number of asset objects unloaded after import = 12
========================================================================
Received Import Request.
  Time since last request: 0.000037 seconds.
  path: Assets/Mirror/Examples/TankTheftAuto/Materials/MaterialTrigger.mat
  artifactKey: Guid(bbc6c3dc6bc474215a1c3e71d9392225) Importer(2089858483,0ecaa5967403d082aa24f35e1b516d23)
Number of updated assets reloaded before import = 0
Start importing Assets/Mirror/Examples/TankTheftAuto/Materials/MaterialTrigger.mat using Guid(bbc6c3dc6bc474215a1c3e71d9392225) Importer(2089858483,0ecaa5967403d082aa24f35e1b516d23)  -> (artifact id: '90eb33367edc64bf99b1778494d808c2') in 0.055809 seconds 
Number of asset objects unloaded after import = 1
========================================================================
Received Import Request.
  Time since last request: 0.000024 seconds.
  path: Assets/Mirror/Examples/RigidbodyBenchmark/Materials/Server.mat
  artifactKey: Guid(afbd8e57822694fa38e586483925e61c) Importer(2089858483,0ecaa5967403d082aa24f35e1b516d23)
Number of updated assets reloaded before import = 0
Start importing Assets/Mirror/Examples/RigidbodyBenchmark/Materials/Server.mat using Guid(afbd8e57822694fa38e586483925e61c) Importer(2089858483,0ecaa5967403d082aa24f35e1b516d23)  -> (artifact id: '667dd675597c01e6536176f799d9d862') in 0.019023 seconds 
Number of asset objects unloaded after import = 1
========================================================================
Received Import Request.
  Time since last request: 0.000027 seconds.
  path: Assets/Mirror/Examples/TankTheftAuto/MirrorTankTheftAuto/LightingData.asset
  artifactKey: Guid(ae3f8dd37358a144982900f20863f2fd) Importer(2089858483,0ecaa5967403d082aa24f35e1b516d23)
Number of updated assets reloaded before import = 0
Start importing Assets/Mirror/Examples/TankTheftAuto/MirrorTankTheftAuto/LightingData.asset using Guid(ae3f8dd37358a144982900f20863f2fd) Importer(2089858483,0ecaa5967403d082aa24f35e1b516d23)  -> (artifact id: '9e5ae5ecfdf0fc261478d10a7b974f53') in 0.017167 seconds 
Number of asset objects unloaded after import = 2
========================================================================
Received Import Request.
  Time since last request: 0.000022 seconds.
  path: Assets/Mirror/Examples/RigidbodyBenchmark/Prefabs/Server Ball.prefab
  artifactKey: Guid(d61a7422206054cc8974b0d32ffebef5) Importer(2089858483,0ecaa5967403d082aa24f35e1b516d23)
Number of updated assets reloaded before import = 0
Start importing Assets/Mirror/Examples/RigidbodyBenchmark/Prefabs/Server Ball.prefab using Guid(d61a7422206054cc8974b0d32ffebef5) Importer(2089858483,0ecaa5967403d082aa24f35e1b516d23)  -> (artifact id: '028cbbd8252f9f5b71d5b63f3374bfca') in 0.030353 seconds 
Number of asset objects unloaded after import = 12
========================================================================
Received Import Request.
  Time since last request: 0.000031 seconds.
  path: Assets/Mirror/Examples/TopDownShooter/Textures/HitPoint.png
  artifactKey: Guid(6ebc4dc2a6c0c4ccd925714e03d2eef6) Importer(2089858483,0ecaa5967403d082aa24f35e1b516d23)
Number of updated assets reloaded before import = 0
Start importing Assets/Mirror/Examples/TopDownShooter/Textures/HitPoint.png using Guid(6ebc4dc2a6c0c4ccd925714e03d2eef6) Importer(2089858483,0ecaa5967403d082aa24f35e1b516d23)  -> (artifact id: '90adcc8f0eae28e5d991ab1ef832724b') in 0.021007 seconds 
Number of asset objects unloaded after import = 1
========================================================================
Received Import Request.
  Time since last request: 0.000020 seconds.
  path: Assets/Mirror/Examples/TanksHybrid/Prefabs/Tank.prefab
  artifactKey: Guid(c40046c86ca624e6d81e675eb121a8d1) Importer(2089858483,0ecaa5967403d082aa24f35e1b516d23)
Number of updated assets reloaded before import = 0
Start importing Assets/Mirror/Examples/TanksHybrid/Prefabs/Tank.prefab using Guid(c40046c86ca624e6d81e675eb121a8d1) Importer(2089858483,0ecaa5967403d082aa24f35e1b516d23)  -> (artifact id: '610b8fdf29fd836ae74e54d5a076b69d') in 0.040054 seconds 
Number of asset objects unloaded after import = 68
========================================================================
Received Import Request.
  Time since last request: 0.000028 seconds.
  path: Assets/Mirror/Examples/PickupsDropsChilds/Scripts/SceneObject.cs
  artifactKey: Guid(5ce6433915d7fc64cb9ffa753e73bf14) Importer(2089858483,0ecaa5967403d082aa24f35e1b516d23)
Number of updated assets reloaded before import = 0
Start importing Assets/Mirror/Examples/PickupsDropsChilds/Scripts/SceneObject.cs using Guid(5ce6433915d7fc64cb9ffa753e73bf14) Importer(2089858483,0ecaa5967403d082aa24f35e1b516d23)  -> (artifact id: 'e35e4cda4db16e70c9c2c883fec4bd75') in 0.012021 seconds 
Number of asset objects unloaded after import = 1
========================================================================
Received Import Request.
  Time since last request: 0.000024 seconds.
  path: Assets/Mirror/Examples/MultipleAdditiveScenes/Scenes/MirrorMultipleAdditiveScenesMain.unity
  artifactKey: Guid(0fa8b7965660de64f8aefd6b64f18a08) Importer(2089858483,0ecaa5967403d082aa24f35e1b516d23)
Number of updated assets reloaded before import = 0
Start importing Assets/Mirror/Examples/MultipleAdditiveScenes/Scenes/MirrorMultipleAdditiveScenesMain.unity using Guid(0fa8b7965660de64f8aefd6b64f18a08) Importer(2089858483,0ecaa5967403d082aa24f35e1b516d23)  -> (artifact id: '7ed0893e71a065d14686e969ae76c4a2') in 0.010901 seconds 
Number of asset objects unloaded after import = 1
========================================================================
Received Import Request.
  Time since last request: 0.000033 seconds.
  path: Assets/Mirror/Examples/Pong/Sprites/Ball.png
  artifactKey: Guid(4b66f21097323d44ab40669b2fb9c53d) Importer(2089858483,0ecaa5967403d082aa24f35e1b516d23)
Number of updated assets reloaded before import = 0
Start importing Assets/Mirror/Examples/Pong/Sprites/Ball.png using Guid(4b66f21097323d44ab40669b2fb9c53d) Importer(2089858483,0ecaa5967403d082aa24f35e1b516d23)  -> (artifact id: 'feee1895ef826ad0900d2e0802e01e51') in 0.021818 seconds 
Number of asset objects unloaded after import = 3
========================================================================
Received Import Request.
  Time since last request: 0.000025 seconds.
  path: Assets/Mirror/Examples/RigidbodyPhysics/PhysicMaterials/Floor.physicMaterial
  artifactKey: Guid(df195ce493ed09b4c929f832263ba617) Importer(2089858483,0ecaa5967403d082aa24f35e1b516d23)
Number of updated assets reloaded before import = 0
Start importing Assets/Mirror/Examples/RigidbodyPhysics/PhysicMaterials/Floor.physicMaterial using Guid(df195ce493ed09b4c929f832263ba617) Importer(2089858483,0ecaa5967403d082aa24f35e1b516d23)  -> (artifact id: 'e6fb56e1285ca189a8ea84bffa550c93') in 0.011125 seconds 
Number of asset objects unloaded after import = 1
========================================================================
Received Import Request.
  Time since last request: 0.000030 seconds.
  path: Assets/Mirror/Examples/TopDownShooter/Materials/Flash.mat
  artifactKey: Guid(f4e35105077cb4e63878d5f8f1536004) Importer(2089858483,0ecaa5967403d082aa24f35e1b516d23)
Number of updated assets reloaded before import = 0
Start importing Assets/Mirror/Examples/TopDownShooter/Materials/Flash.mat using Guid(f4e35105077cb4e63878d5f8f1536004) Importer(2089858483,0ecaa5967403d082aa24f35e1b516d23)  -> (artifact id: '245c7b2320cbd6edc1914497ea4d4a4c') in 0.020510 seconds 
Number of asset objects unloaded after import = 2
========================================================================
Received Import Request.
  Time since last request: 0.000023 seconds.
  path: Assets/Mirror/Examples/TopDownShooter/Textures/PlayerFootRight.png
  artifactKey: Guid(344b135deed0943308d86ea232b9b35f) Importer(2089858483,0ecaa5967403d082aa24f35e1b516d23)
Number of updated assets reloaded before import = 0
Start importing Assets/Mirror/Examples/TopDownShooter/Textures/PlayerFootRight.png using Guid(344b135deed0943308d86ea232b9b35f) Importer(2089858483,0ecaa5967403d082aa24f35e1b516d23)  -> (artifact id: 'a5dfdb22a3a7bf6779d7e1f2eadcc37a') in 0.024427 seconds 
Number of asset objects unloaded after import = 1
========================================================================
Received Import Request.
  Time since last request: 0.000019 seconds.
  path: Assets/Mirror/Examples/RigidbodyPhysics/Scenes/MirrorBounceScene.unity
  artifactKey: Guid(b42449e4a64f03a42b999b0c118df11b) Importer(2089858483,0ecaa5967403d082aa24f35e1b516d23)
Number of updated assets reloaded before import = 0
Start importing Assets/Mirror/Examples/RigidbodyPhysics/Scenes/MirrorBounceScene.unity using Guid(b42449e4a64f03a42b999b0c118df11b) Importer(2089858483,0ecaa5967403d082aa24f35e1b516d23)  -> (artifact id: '19c4365bc880d6c783ea113e0d91cddd') in 0.011850 seconds 
Number of asset objects unloaded after import = 1
========================================================================
Received Import Request.
  Time since last request: 0.000018 seconds.
  path: Assets/Mirror/Examples/_Common/OpenGameArt/License.txt
  artifactKey: Guid(66ac5ce307b2d4bdc92012b90285ac0b) Importer(2089858483,0ecaa5967403d082aa24f35e1b516d23)
Number of updated assets reloaded before import = 0
Start importing Assets/Mirror/Examples/_Common/OpenGameArt/License.txt using Guid(66ac5ce307b2d4bdc92012b90285ac0b) Importer(2089858483,0ecaa5967403d082aa24f35e1b516d23)  -> (artifact id: 'f9071c52c7e8c6176aa6cc19d5a968eb') in 0.016849 seconds 
Number of asset objects unloaded after import = 1
========================================================================
Received Import Request.
  Time since last request: 0.000041 seconds.
  path: Assets/Mirror/Transports/Telepathy/Telepathy/Client.cs
  artifactKey: Guid(a5b95294cc4ec4b15aacba57531c7985) Importer(2089858483,0ecaa5967403d082aa24f35e1b516d23)
Number of updated assets reloaded before import = 0
Start importing Assets/Mirror/Transports/Telepathy/Telepathy/Client.cs using Guid(a5b95294cc4ec4b15aacba57531c7985) Importer(2089858483,0ecaa5967403d082aa24f35e1b516d23)  -> (artifact id: 'e396f55b81013b0e3d16307ecdf1a57d') in 0.013288 seconds 
Number of asset objects unloaded after import = 0
========================================================================
Received Import Request.
  Time since last request: 0.000051 seconds.
  path: Assets/Mirror/Hosting/Edgegap/Editor/EdgegapWindowV2.cs
  artifactKey: Guid(1c3d4497250ad3e4aa500d4c599b30fe) Importer(2089858483,0ecaa5967403d082aa24f35e1b516d23)
Number of updated assets reloaded before import = 0
Start importing Assets/Mirror/Hosting/Edgegap/Editor/EdgegapWindowV2.cs using Guid(1c3d4497250ad3e4aa500d4c599b30fe) Importer(2089858483,0ecaa5967403d082aa24f35e1b516d23)  -> (artifact id: '9e66e9a343d4ea251b5e642bc91f9703') in 0.013492 seconds 
Number of asset objects unloaded after import = 0
========================================================================
Received Import Request.
  Time since last request: 0.000020 seconds.
  path: Assets/TextMesh Pro/Examples & Extras/Resources/Fonts & Materials/Bangers SDF Logo.mat
  artifactKey: Guid(f4e195ac1e204eff960149d1cb34e18c) Importer(2089858483,0ecaa5967403d082aa24f35e1b516d23)
Number of updated assets reloaded before import = 0
Start importing Assets/TextMesh Pro/Examples & Extras/Resources/Fonts & Materials/Bangers SDF Logo.mat using Guid(f4e195ac1e204eff960149d1cb34e18c) Importer(2089858483,0ecaa5967403d082aa24f35e1b516d23)  -> (artifact id: '9d3495099828fa48517086944cadbcac') in 0.033364 seconds 
Number of asset objects unloaded after import = 4
========================================================================
Received Import Request.
  Time since last request: 0.000032 seconds.
  path: Assets/Mirror/Examples/_Common/Scripts/PlayerCamera.cs
  artifactKey: Guid(71ac1e35462ffad469e77d1c2fe6c9f3) Importer(2089858483,0ecaa5967403d082aa24f35e1b516d23)
Number of updated assets reloaded before import = 0
Start importing Assets/Mirror/Examples/_Common/Scripts/PlayerCamera.cs using Guid(71ac1e35462ffad469e77d1c2fe6c9f3) Importer(2089858483,0ecaa5967403d082aa24f35e1b516d23)  -> (artifact id: '61bc461e6eada4ebb8392a3e0f1b834b') in 0.013706 seconds 
Number of asset objects unloaded after import = 1
========================================================================
Received Import Request.
  Time since last request: 0.000023 seconds.
  path: Assets/Mirror/Transports/SimpleWeb/SimpleWeb/SimpleWebTransport.asmdef
  artifactKey: Guid(3b5390adca4e2bb4791cb930316d6f3e) Importer(2089858483,0ecaa5967403d082aa24f35e1b516d23)
Number of updated assets reloaded before import = 0
Start importing Assets/Mirror/Transports/SimpleWeb/SimpleWeb/SimpleWebTransport.asmdef using Guid(3b5390adca4e2bb4791cb930316d6f3e) Importer(2089858483,0ecaa5967403d082aa24f35e1b516d23)  -> (artifact id: 'decb569aa0d29254e8db0bdd690453e4') in 0.017195 seconds 
Number of asset objects unloaded after import = 1
========================================================================
Received Import Request.
  Time since last request: 0.000032 seconds.
  path: Assets/Mirror/Transports/Edgegap/EdgegapRelay/RelayCredentialsFromArgs.cs
  artifactKey: Guid(e9ec7091b26c4d3882f4b42f10f9b8c1) Importer(2089858483,0ecaa5967403d082aa24f35e1b516d23)
Number of updated assets reloaded before import = 0
Start importing Assets/Mirror/Transports/Edgegap/EdgegapRelay/RelayCredentialsFromArgs.cs using Guid(e9ec7091b26c4d3882f4b42f10f9b8c1) Importer(2089858483,0ecaa5967403d082aa24f35e1b516d23)  -> (artifact id: '75f4a4a922d1dcdffcd3bcda18ea935a') in 0.013851 seconds 
Number of asset objects unloaded after import = 1
========================================================================
Received Import Request.
  Time since last request: 0.000071 seconds.
  path: Assets/TextMesh Pro/Examples & Extras/Resources/Fonts & Materials/Anton SDF.asset
  artifactKey: Guid(8a89fa14b10d46a99122fd4f73fca9a2) Importer(2089858483,0ecaa5967403d082aa24f35e1b516d23)
Number of updated assets reloaded before import = 0
Start importing Assets/TextMesh Pro/Examples & Extras/Resources/Fonts & Materials/Anton SDF.asset using Guid(8a89fa14b10d46a99122fd4f73fca9a2) Importer(2089858483,0ecaa5967403d082aa24f35e1b516d23)  -> (artifact id: 'e0aa6007a811e2a27b9c1c049ae7d668') in 0.049827 seconds 
Number of asset objects unloaded after import = 5
========================================================================
Received Import Request.
  Time since last request: 0.000023 seconds.
  path: Assets/Mirror/Examples/AdditiveScenes/Scenes/MirrorAdditiveScenesMain/LightingData.asset
  artifactKey: Guid(df141818507db234cb3ca8bf3ab28a3f) Importer(2089858483,0ecaa5967403d082aa24f35e1b516d23)
Number of updated assets reloaded before import = 0
Start importing Assets/Mirror/Examples/AdditiveScenes/Scenes/MirrorAdditiveScenesMain/LightingData.asset using Guid(df141818507db234cb3ca8bf3ab28a3f) Importer(2089858483,0ecaa5967403d082aa24f35e1b516d23)  -> (artifact id: 'ded1d9a1ccaf6a4a8abc83ed58f2574c') in 0.027932 seconds 
Number of asset objects unloaded after import = 5
========================================================================
Received Import Request.
  Time since last request: 0.000025 seconds.
  path: Assets/Mirror/Examples/_Common/Textures/Wall01_n.jpg
  artifactKey: Guid(443ac4c51c1c54ef08982799fce45637) Importer(2089858483,0ecaa5967403d082aa24f35e1b516d23)
Number of updated assets reloaded before import = 0
Start importing Assets/Mirror/Examples/_Common/Textures/Wall01_n.jpg using Guid(443ac4c51c1c54ef08982799fce45637) Importer(2089858483,0ecaa5967403d082aa24f35e1b516d23)  -> (artifact id: '78f03bc5f0896fb08cfe0754798e60fb') in 0.022084 seconds 
Number of asset objects unloaded after import = 1
========================================================================
Received Import Request.
  Time since last request: 0.000023 seconds.
  path: Assets/Mirror/Examples/AdditiveLevels/Scenes/MirrorAdditiveLevelsOnline/LightingData.asset
  artifactKey: Guid(71d66be797c1eb44bab0797662b33cbc) Importer(2089858483,0ecaa5967403d082aa24f35e1b516d23)
Number of updated assets reloaded before import = 0
Start importing Assets/Mirror/Examples/AdditiveLevels/Scenes/MirrorAdditiveLevelsOnline/LightingData.asset using Guid(71d66be797c1eb44bab0797662b33cbc) Importer(2089858483,0ecaa5967403d082aa24f35e1b516d23)  -> (artifact id: '1104efc44b7c6bab6edec4749693e144') in 0.015044 seconds 
Number of asset objects unloaded after import = 7
========================================================================
Received Import Request.
  Time since last request: 0.000025 seconds.
  path: Assets/Mirror/Transports/Edgegap/EdgegapRelay/EdgegapKcpServer.cs
  artifactKey: Guid(fd8551078397248b0848950352c208ee) Importer(2089858483,0ecaa5967403d082aa24f35e1b516d23)
Number of updated assets reloaded before import = 0
Start importing Assets/Mirror/Transports/Edgegap/EdgegapRelay/EdgegapKcpServer.cs using Guid(fd8551078397248b0848950352c208ee) Importer(2089858483,0ecaa5967403d082aa24f35e1b516d23)  -> (artifact id: 'f6ce0bd94ece71e7c83f3cbb3ca95f41') in 0.012813 seconds 
Number of asset objects unloaded after import = 1
========================================================================
Received Import Request.
  Time since last request: 0.000046 seconds.
  path: Assets/Mirror/Transports/KCP/kcp2k/KCP.asmdef
  artifactKey: Guid(6806a62c384838046a3c66c44f06d75f) Importer(2089858483,0ecaa5967403d082aa24f35e1b516d23)
Number of updated assets reloaded before import = 0
Start importing Assets/Mirror/Transports/KCP/kcp2k/KCP.asmdef using Guid(6806a62c384838046a3c66c44f06d75f) Importer(2089858483,0ecaa5967403d082aa24f35e1b516d23)  -> (artifact id: '639e5fdbb6f020cb9d02283c480f775e') in 0.021735 seconds 
Number of asset objects unloaded after import = 1
========================================================================
Received Import Request.
  Time since last request: 0.000030 seconds.
  path: Assets/Mirror/Examples/_Common/TankModel/BasePrefab.prefab
  artifactKey: Guid(dad07e68d3659e6439279d0d4110cf4c) Importer(2089858483,0ecaa5967403d082aa24f35e1b516d23)
Number of updated assets reloaded before import = 0
Start importing Assets/Mirror/Examples/_Common/TankModel/BasePrefab.prefab using Guid(dad07e68d3659e6439279d0d4110cf4c) Importer(2089858483,0ecaa5967403d082aa24f35e1b516d23)  -> (artifact id: 'a973536a98af5aa5ac580413781ae207') in 0.039163 seconds 
Number of asset objects unloaded after import = 91
========================================================================
Received Import Request.
  Time since last request: 0.000021 seconds.
  path: Assets/Mirror/Examples/_Common/Scripts/FaceCamera.cs
  artifactKey: Guid(afa2d590c474413d9fc183551385ed85) Importer(2089858483,0ecaa5967403d082aa24f35e1b516d23)
Number of updated assets reloaded before import = 0
Start importing Assets/Mirror/Examples/_Common/Scripts/FaceCamera.cs using Guid(afa2d590c474413d9fc183551385ed85) Importer(2089858483,0ecaa5967403d082aa24f35e1b516d23)  -> (artifact id: '4dd7e9c1966e261b8e080b21f251f47c') in 0.015349 seconds 
Number of asset objects unloaded after import = 1
========================================================================
Received Import Request.
  Time since last request: 0.000025 seconds.
  path: Assets/Mirror/Examples/BenchmarkStinkySteak/Dependencies/netcode-benchmarker-util/LICENSE.md
  artifactKey: Guid(449c20116b4724976879aadb9b214c25) Importer(2089858483,0ecaa5967403d082aa24f35e1b516d23)
Number of updated assets reloaded before import = 0
Start importing Assets/Mirror/Examples/BenchmarkStinkySteak/Dependencies/netcode-benchmarker-util/LICENSE.md using Guid(449c20116b4724976879aadb9b214c25) Importer(2089858483,0ecaa5967403d082aa24f35e1b516d23)  -> (artifact id: '919469f89f581cbe400e71ac3ab33198') in 0.012430 seconds 
Number of asset objects unloaded after import = 1
========================================================================
Received Import Request.
  Time since last request: 0.000035 seconds.
  path: Assets/Mirror/Examples/BenchmarkStinkySteak/Dependencies/Unity-Simulation-Timer/README.md
  artifactKey: Guid(ee0478529536d0c4982dac64c0021021) Importer(2089858483,0ecaa5967403d082aa24f35e1b516d23)
Number of updated assets reloaded before import = 0
Start importing Assets/Mirror/Examples/BenchmarkStinkySteak/Dependencies/Unity-Simulation-Timer/README.md using Guid(ee0478529536d0c4982dac64c0021021) Importer(2089858483,0ecaa5967403d082aa24f35e1b516d23)  -> (artifact id: '3ca71d13f57c8e09fbddcf426c1e1014') in 0.016553 seconds 
Number of asset objects unloaded after import = 1
========================================================================
Received Import Request.
  Time since last request: 0.000026 seconds.
  path: Assets/TextMesh Pro/Examples & Extras/Resources/Color Gradient Presets/Yellow to Orange - Vertical.asset
  artifactKey: Guid(69a525efa7e6472eab268f6ea605f06e) Importer(2089858483,0ecaa5967403d082aa24f35e1b516d23)
Number of updated assets reloaded before import = 0
Start importing Assets/TextMesh Pro/Examples & Extras/Resources/Color Gradient Presets/Yellow to Orange - Vertical.asset using Guid(69a525efa7e6472eab268f6ea605f06e) Importer(2089858483,0ecaa5967403d082aa24f35e1b516d23)  -> (artifact id: '12d4739893506d5921442f841d9b2b64') in 0.015074 seconds 
Number of asset objects unloaded after import = 1
========================================================================
Received Import Request.
  Time since last request: 0.000027 seconds.
  path: Assets/Mirror/Transports/Edgegap/EdgegapLobby/LobbyTransportInspector.cs
  artifactKey: Guid(7d7cc53263184754a4682335440df515) Importer(2089858483,0ecaa5967403d082aa24f35e1b516d23)
Number of updated assets reloaded before import = 0
Start importing Assets/Mirror/Transports/Edgegap/EdgegapLobby/LobbyTransportInspector.cs using Guid(7d7cc53263184754a4682335440df515) Importer(2089858483,0ecaa5967403d082aa24f35e1b516d23)  -> (artifact id: 'c1423ec36a074519dbd608b40dfcd214') in 0.014257 seconds 
Number of asset objects unloaded after import = 1
========================================================================
Received Import Request.
  Time since last request: 0.000018 seconds.
  path: Assets/Mirror/Transports/Telepathy/Telepathy/Common.cs
  artifactKey: Guid(c4d56322cf0e248a89103c002a505dab) Importer(2089858483,0ecaa5967403d082aa24f35e1b516d23)
Number of updated assets reloaded before import = 0
Start importing Assets/Mirror/Transports/Telepathy/Telepathy/Common.cs using Guid(c4d56322cf0e248a89103c002a505dab) Importer(2089858483,0ecaa5967403d082aa24f35e1b516d23)  -> (artifact id: '1a9d8c42c04f93a1fb271c70f326cba6') in 0.011938 seconds 
Number of asset objects unloaded after import = 0
========================================================================
Received Import Request.
  Time since last request: 0.000019 seconds.
  path: Assets/TextMesh Pro/Examples & Extras/Resources/Fonts & Materials/LiberationSans SDF - Metalic Green.mat
  artifactKey: Guid(8b29aaa3eec7468097ff07adfcf29ac9) Importer(2089858483,0ecaa5967403d082aa24f35e1b516d23)
Number of updated assets reloaded before import = 0
Start importing Assets/TextMesh Pro/Examples & Extras/Resources/Fonts & Materials/LiberationSans SDF - Metalic Green.mat using Guid(8b29aaa3eec7468097ff07adfcf29ac9) Importer(2089858483,0ecaa5967403d082aa24f35e1b516d23)  -> (artifact id: '7938cb2b22b3e59272e8f241c856bcc1') in 0.036835 seconds 
Number of asset objects unloaded after import = 4
========================================================================
Received Import Request.
  Time since last request: 0.000022 seconds.
  path: Assets/TextMesh Pro/Examples & Extras/Resources/Fonts & Materials/Anton SDF - Sunny Days.mat
  artifactKey: Guid(6522f30e342599e4e9dd4cc2cc03c830) Importer(2089858483,0ecaa5967403d082aa24f35e1b516d23)
Number of updated assets reloaded before import = 0
Start importing Assets/TextMesh Pro/Examples & Extras/Resources/Fonts & Materials/Anton SDF - Sunny Days.mat using Guid(6522f30e342599e4e9dd4cc2cc03c830) Importer(2089858483,0ecaa5967403d082aa24f35e1b516d23)  -> (artifact id: '3283de32139cf29a9aa6725740b40c16') in 0.032485 seconds 
Number of asset objects unloaded after import = 4
========================================================================
Received Import Request.
  Time since last request: 0.000038 seconds.
  path: Assets/Mirror/Transports/Edgegap/EdgegapRelay/EdgegapKcpTransport.cs
  artifactKey: Guid(c2d1e0e17f753449798fa27474d6b86b) Importer(2089858483,0ecaa5967403d082aa24f35e1b516d23)
Number of updated assets reloaded before import = 0
Start importing Assets/Mirror/Transports/Edgegap/EdgegapRelay/EdgegapKcpTransport.cs using Guid(c2d1e0e17f753449798fa27474d6b86b) Importer(2089858483,0ecaa5967403d082aa24f35e1b516d23)  -> (artifact id: '0f36a6023333340e20f31d79b6a3b68d') in 0.013682 seconds 
Number of asset objects unloaded after import = 1
========================================================================
Received Import Request.
  Time since last request: 0.000020 seconds.
  path: Assets/TextMesh Pro/Examples & Extras/Resources/Fonts & Materials/Anton SDF - Drop Shadow.mat
  artifactKey: Guid(749b9069dc4742c5bfa5c74644049926) Importer(2089858483,0ecaa5967403d082aa24f35e1b516d23)
Number of updated assets reloaded before import = 0
Start importing Assets/TextMesh Pro/Examples & Extras/Resources/Fonts & Materials/Anton SDF - Drop Shadow.mat using Guid(749b9069dc4742c5bfa5c74644049926) Importer(2089858483,0ecaa5967403d082aa24f35e1b516d23)  -> (artifact id: '114efc1183d6c0ede24146d8191efeab') in 0.033266 seconds 
Number of asset objects unloaded after import = 2
========================================================================
Received Import Request.
  Time since last request: 0.000024 seconds.
  path: Assets/Mirror/Examples/TopDownShooter/Materials/DeathSplatter.mat
  artifactKey: Guid(903ecffecba3f46c09b2277b64c59abd) Importer(2089858483,0ecaa5967403d082aa24f35e1b516d23)
Number of updated assets reloaded before import = 0
Start importing Assets/Mirror/Examples/TopDownShooter/Materials/DeathSplatter.mat using Guid(903ecffecba3f46c09b2277b64c59abd) Importer(2089858483,0ecaa5967403d082aa24f35e1b516d23)  -> (artifact id: '67a1295a409980455240a8aecf50385e') in 0.021166 seconds 
Number of asset objects unloaded after import = 2
========================================================================
Received Import Request.
  Time since last request: 0.000029 seconds.
  path: Assets/Mirror/Transports/Telepathy/Telepathy/ThreadFunctions.cs
  artifactKey: Guid(d01598bf851164dc48a24c26913460b9) Importer(2089858483,0ecaa5967403d082aa24f35e1b516d23)
Number of updated assets reloaded before import = 0
Start importing Assets/Mirror/Transports/Telepathy/Telepathy/ThreadFunctions.cs using Guid(d01598bf851164dc48a24c26913460b9) Importer(2089858483,0ecaa5967403d082aa24f35e1b516d23)  -> (artifact id: '6898ad172bcc450e5719d6f49968328e') in 0.012574 seconds 
Number of asset objects unloaded after import = 0
========================================================================
Received Import Request.
  Time since last request: 0.000040 seconds.
  path: Assets/Mirror/Examples/BenchmarkStinkySteak/Dependencies/Unity-Simulation-Timer/package.json
  artifactKey: Guid(eb3de65e983cc7f4caaed498f0a300ff) Importer(2089858483,0ecaa5967403d082aa24f35e1b516d23)
Number of updated assets reloaded before import = 0
Start importing Assets/Mirror/Examples/BenchmarkStinkySteak/Dependencies/Unity-Simulation-Timer/package.json using Guid(eb3de65e983cc7f4caaed498f0a300ff) Importer(2089858483,0ecaa5967403d082aa24f35e1b516d23)  -> (artifact id: 'f8a732178036b7aaaa86665fc3215e17') in 0.016807 seconds 
Number of asset objects unloaded after import = 1
========================================================================
Received Import Request.
  Time since last request: 0.000021 seconds.
  path: Assets/Mirror/Examples/TopDownShooter/Scenes/MirrorTopDownShooter/LightingData.asset
  artifactKey: Guid(104e4838c7ef6a441a546bb94af41b1e) Importer(2089858483,0ecaa5967403d082aa24f35e1b516d23)
Number of updated assets reloaded before import = 0
Start importing Assets/Mirror/Examples/TopDownShooter/Scenes/MirrorTopDownShooter/LightingData.asset using Guid(104e4838c7ef6a441a546bb94af41b1e) Importer(2089858483,0ecaa5967403d082aa24f35e1b516d23)  -> (artifact id: 'a8980c6ffdf00fcf8f24fc51b905bf77') in 0.010632 seconds 
Number of asset objects unloaded after import = 2
========================================================================
Received Import Request.
  Time since last request: 0.000023 seconds.
  path: Assets/Mirror/Examples/_Common/Controllers/FlyerController/FlyerControllerUI.prefab
  artifactKey: Guid(493615025d304c144bacfb91f6aac90e) Importer(2089858483,0ecaa5967403d082aa24f35e1b516d23)
Number of updated assets reloaded before import = 0
Start importing Assets/Mirror/Examples/_Common/Controllers/FlyerController/FlyerControllerUI.prefab using Guid(493615025d304c144bacfb91f6aac90e) Importer(2089858483,0ecaa5967403d082aa24f35e1b516d23)  -> (artifact id: '10c55667957d94c8a40833535ce21999') in 0.032912 seconds 
Number of asset objects unloaded after import = 216
========================================================================
Received Import Request.
  Time since last request: 0.000035 seconds.
  path: Assets/Mirror/Examples/_Common/OpenGameArt/Sounds/Light Switch Click On Sfx.mp3
  artifactKey: Guid(968b16c2c06274a4d83fc6853a3278e2) Importer(2089858483,0ecaa5967403d082aa24f35e1b516d23)
Number of updated assets reloaded before import = 0
Start importing Assets/Mirror/Examples/_Common/OpenGameArt/Sounds/Light Switch Click On Sfx.mp3 using Guid(968b16c2c06274a4d83fc6853a3278e2) Importer(2089858483,0ecaa5967403d082aa24f35e1b516d23)  -> (artifact id: 'ca9f05d29761507fbde4287073645e3f') in 0.091591 seconds 
Number of asset objects unloaded after import = 1
========================================================================
Received Import Request.
  Time since last request: 0.000029 seconds.
  path: Assets/Mirror/Examples/_Common/Projectiles/TankProjectile/TankProjectile.mat
  artifactKey: Guid(cba1b63a0bccc4b12ac25f05d0ae2dd1) Importer(2089858483,0ecaa5967403d082aa24f35e1b516d23)
Number of updated assets reloaded before import = 0
Start importing Assets/Mirror/Examples/_Common/Projectiles/TankProjectile/TankProjectile.mat using Guid(cba1b63a0bccc4b12ac25f05d0ae2dd1) Importer(2089858483,0ecaa5967403d082aa24f35e1b516d23)  -> (artifact id: '5de0831aba46ba0a6100a33561a097b4') in 0.019209 seconds 
Number of asset objects unloaded after import = 1
========================================================================
Received Import Request.
  Time since last request: 0.000047 seconds.
  path: Assets/Mirror/Examples/_Common/TankModel/(Public Domain) Recon_Tank/Controller.controller
  artifactKey: Guid(a7211483bbd794b6d85ed88576e7d85c) Importer(2089858483,0ecaa5967403d082aa24f35e1b516d23)
Number of updated assets reloaded before import = 0
Start importing Assets/Mirror/Examples/_Common/TankModel/(Public Domain) Recon_Tank/Controller.controller using Guid(a7211483bbd794b6d85ed88576e7d85c) Importer(2089858483,0ecaa5967403d082aa24f35e1b516d23)  -> (artifact id: '1e1b862eab2aa96b8fd6966b907cf1fd') in 0.012514 seconds 
Number of asset objects unloaded after import = 13
========================================================================
Received Import Request.
  Time since last request: 0.000028 seconds.
  path: Assets/Mirror/Examples/_Common/Projectiles/TankProjectile/TankProjectile.prefab
  artifactKey: Guid(aec853915cd4f4477ba1532b5fe05488) Importer(2089858483,0ecaa5967403d082aa24f35e1b516d23)
Number of updated assets reloaded before import = 0
Start importing Assets/Mirror/Examples/_Common/Projectiles/TankProjectile/TankProjectile.prefab using Guid(aec853915cd4f4477ba1532b5fe05488) Importer(2089858483,0ecaa5967403d082aa24f35e1b516d23)  -> (artifact id: '003f133f82f4059b6c1e085ba755eb40') in 0.013676 seconds 
Number of asset objects unloaded after import = 11
========================================================================
Received Import Request.
  Time since last request: 0.000039 seconds.
  path: Assets/Mirror/Examples/PickupsDropsChilds/Scripts/Interfaces/EquippedBox.cs
  artifactKey: Guid(5712a4d15653a184cb34b9c1e044563d) Importer(2089858483,0ecaa5967403d082aa24f35e1b516d23)
Number of updated assets reloaded before import = 0
Start importing Assets/Mirror/Examples/PickupsDropsChilds/Scripts/Interfaces/EquippedBox.cs using Guid(5712a4d15653a184cb34b9c1e044563d) Importer(2089858483,0ecaa5967403d082aa24f35e1b516d23)  -> (artifact id: '0bd6f8f4fc30fb2cebe5e63493e0d7cc') in 0.012814 seconds 
Number of asset objects unloaded after import = 0
========================================================================
Received Import Request.
  Time since last request: 0.000048 seconds.
  path: Assets/Mirror/Examples/_Common/Controllers/TankController/TankControllerBase.cs
  artifactKey: Guid(047024b2ae9afb74485837a482ea4175) Importer(2089858483,0ecaa5967403d082aa24f35e1b516d23)
Number of updated assets reloaded before import = 0
Start importing Assets/Mirror/Examples/_Common/Controllers/TankController/TankControllerBase.cs using Guid(047024b2ae9afb74485837a482ea4175) Importer(2089858483,0ecaa5967403d082aa24f35e1b516d23)  -> (artifact id: '104dda3c1725753a91062f0c5da34737') in 0.014324 seconds 
Number of asset objects unloaded after import = 1
========================================================================
Received Import Request.
  Time since last request: 0.000030 seconds.
  path: Assets/Mirror/Examples/_Common/KenneyAssets/kenney_kenney-fonts/License.txt
  artifactKey: Guid(3590209a79a25424184c0d150f85656c) Importer(2089858483,0ecaa5967403d082aa24f35e1b516d23)
Number of updated assets reloaded before import = 0
Start importing Assets/Mirror/Examples/_Common/KenneyAssets/kenney_kenney-fonts/License.txt using Guid(3590209a79a25424184c0d150f85656c) Importer(2089858483,0ecaa5967403d082aa24f35e1b516d23)  -> (artifact id: 'df689748fe2d2a541b141a1eea05173d') in 0.016053 seconds 
Number of asset objects unloaded after import = 1
========================================================================
Received Import Request.
  Time since last request: 0.000025 seconds.
  path: Assets/Mirror/Examples/_Common/Controllers/TankController/TankControllerUnreliable.cs
  artifactKey: Guid(54174134d990edc4b8d3ba4242a9a61a) Importer(2089858483,0ecaa5967403d082aa24f35e1b516d23)
Number of updated assets reloaded before import = 0
Start importing Assets/Mirror/Examples/_Common/Controllers/TankController/TankControllerUnreliable.cs using Guid(54174134d990edc4b8d3ba4242a9a61a) Importer(2089858483,0ecaa5967403d082aa24f35e1b516d23)  -> (artifact id: 'd405b4f84acee4d8fa5a3efd4f1bca83') in 0.012163 seconds 
Number of asset objects unloaded after import = 1
========================================================================
Received Import Request.
  Time since last request: 0.000022 seconds.
  path: Assets/Mirror/Examples/_Common/Projectiles/TankProjectile/TankProjectile.cs
  artifactKey: Guid(9b0798e773349420dbdf4ee305445d6b) Importer(2089858483,0ecaa5967403d082aa24f35e1b516d23)
Number of updated assets reloaded before import = 0
Start importing Assets/Mirror/Examples/_Common/Projectiles/TankProjectile/TankProjectile.cs using Guid(9b0798e773349420dbdf4ee305445d6b) Importer(2089858483,0ecaa5967403d082aa24f35e1b516d23)  -> (artifact id: 'c6b97dc717e5a8b8d10f6bfd3086adf0') in 0.010834 seconds 
Number of asset objects unloaded after import = 1
========================================================================
Received Import Request.
  Time since last request: 0.000020 seconds.
  path: Assets/Mirror/Examples/MultipleAdditiveScenes/Scenes/MirrorMultipleAdditiveScenesMain/LightingData.asset
  artifactKey: Guid(21b3a9f85913f2a4dbfaff18018db43a) Importer(2089858483,0ecaa5967403d082aa24f35e1b516d23)
Number of updated assets reloaded before import = 0
Start importing Assets/Mirror/Examples/MultipleAdditiveScenes/Scenes/MirrorMultipleAdditiveScenesMain/LightingData.asset using Guid(21b3a9f85913f2a4dbfaff18018db43a) Importer(2089858483,0ecaa5967403d082aa24f35e1b516d23)  -> (artifact id: 'd4bf31b88cf6d9e9dbe4d66deb68968c') in 0.009670 seconds 
Number of asset objects unloaded after import = 2
========================================================================
Received Import Request.
  Time since last request: 0.000025 seconds.
  path: Assets/Mirror/Hosting/Edgegap/Editor/Api/EdgegapWizardApi.cs
  artifactKey: Guid(f6986ee67361f0b45928ccd70c7ab12c) Importer(2089858483,0ecaa5967403d082aa24f35e1b516d23)
Number of updated assets reloaded before import = 0
Start importing Assets/Mirror/Hosting/Edgegap/Editor/Api/EdgegapWizardApi.cs using Guid(f6986ee67361f0b45928ccd70c7ab12c) Importer(2089858483,0ecaa5967403d082aa24f35e1b516d23)  -> (artifact id: '64936d18f2c6c7da8a5871d797208c98') in 0.010716 seconds 
Number of asset objects unloaded after import = 0
========================================================================
Received Import Request.
  Time since last request: 0.000026 seconds.
  path: Assets/Mirror/Examples/Tanks/Scenes/MirrorTanks/NavMesh.asset
  artifactKey: Guid(c772aa575956c59478e2d55eb019e17a) Importer(2089858483,0ecaa5967403d082aa24f35e1b516d23)
Number of updated assets reloaded before import = 0
Start importing Assets/Mirror/Examples/Tanks/Scenes/MirrorTanks/NavMesh.asset using Guid(c772aa575956c59478e2d55eb019e17a) Importer(2089858483,0ecaa5967403d082aa24f35e1b516d23)  -> (artifact id: 'cd09689de029fd0aefa63fdb5469f634') in 0.011614 seconds 
Number of asset objects unloaded after import = 1
========================================================================
Received Import Request.
  Time since last request: 0.000020 seconds.
  path: Assets/Mirror/Examples/PickupsDropsChilds/Scripts/Interfaces/IEquipped.cs
  artifactKey: Guid(b85cf93aed753aa448c8cf58ae3bb79d) Importer(2089858483,0ecaa5967403d082aa24f35e1b516d23)
Number of updated assets reloaded before import = 0
Start importing Assets/Mirror/Examples/PickupsDropsChilds/Scripts/Interfaces/IEquipped.cs using Guid(b85cf93aed753aa448c8cf58ae3bb79d) Importer(2089858483,0ecaa5967403d082aa24f35e1b516d23)  -> (artifact id: '42ee02a5403b73c50e71ccc40915b2f3') in 0.012051 seconds 
Number of asset objects unloaded after import = 0
========================================================================
Received Import Request.
  Time since last request: 0.000043 seconds.
  path: Assets/Mirror/Examples/_Common/Controllers/TankController/TankControllerHybrid.cs
  artifactKey: Guid(74a242534e86bfe409459946bee3afd0) Importer(2089858483,0ecaa5967403d082aa24f35e1b516d23)
Number of updated assets reloaded before import = 0
Start importing Assets/Mirror/Examples/_Common/Controllers/TankController/TankControllerHybrid.cs using Guid(74a242534e86bfe409459946bee3afd0) Importer(2089858483,0ecaa5967403d082aa24f35e1b516d23)  -> (artifact id: '25aa8dbe43de81ffb4b84c05bd09c213') in 0.014727 seconds 
Number of asset objects unloaded after import = 1
========================================================================
Received Import Request.
  Time since last request: 0.000023 seconds.
  path: Assets/Mirror/Examples/MultipleAdditiveScenes/Materials/Render/PlayArea.mat
  artifactKey: Guid(42fe0bcfbb65da3429ae2c289686e024) Importer(2089858483,0ecaa5967403d082aa24f35e1b516d23)
Number of updated assets reloaded before import = 0
Start importing Assets/Mirror/Examples/MultipleAdditiveScenes/Materials/Render/PlayArea.mat using Guid(42fe0bcfbb65da3429ae2c289686e024) Importer(2089858483,0ecaa5967403d082aa24f35e1b516d23)  -> (artifact id: '0b6da36beb2d1b0a3f449bcc68c117a0') in 0.021410 seconds 
Number of asset objects unloaded after import = 3
========================================================================
Received Import Request.
  Time since last request: 0.000025 seconds.
  path: Assets/Mirror/Examples/_Common/TankModel/(Public Domain) Recon_Tank/TankMaterial.mat
  artifactKey: Guid(2e67e42170aa64aa9a33424f8045ac89) Importer(2089858483,0ecaa5967403d082aa24f35e1b516d23)
Number of updated assets reloaded before import = 0
Start importing Assets/Mirror/Examples/_Common/TankModel/(Public Domain) Recon_Tank/TankMaterial.mat using Guid(2e67e42170aa64aa9a33424f8045ac89) Importer(2089858483,0ecaa5967403d082aa24f35e1b516d23)  -> (artifact id: '942b305fcce74e0c6d96a1dba12c8851') in 0.056983 seconds 
Number of asset objects unloaded after import = 5
========================================================================
Received Import Request.
  Time since last request: 0.000029 seconds.
  path: Assets/Mirror/Examples/MultipleAdditiveScenes/Scenes/MirrorMultipleAdditiveScenesMain/ReflectionProbe-0.exr
  artifactKey: Guid(eb20d63193149d64b8ea05f8d742c345) Importer(2089858483,0ecaa5967403d082aa24f35e1b516d23)
Number of updated assets reloaded before import = 0
Start importing Assets/Mirror/Examples/MultipleAdditiveScenes/Scenes/MirrorMultipleAdditiveScenesMain/ReflectionProbe-0.exr using Guid(eb20d63193149d64b8ea05f8d742c345) Importer(2089858483,0ecaa5967403d082aa24f35e1b516d23)  -> (artifact id: '590af76acadbc005586e25d18d6f200d') in 0.022890 seconds 
Number of asset objects unloaded after import = 1
========================================================================
Received Import Request.
  Time since last request: 0.000038 seconds.
  path: Assets/Mirror/Examples/_Common/RobotKyle/Textures/Robot_Color.jpeg
  artifactKey: Guid(fa652271323864a648c14b00ef5c677b) Importer(2089858483,0ecaa5967403d082aa24f35e1b516d23)
Number of updated assets reloaded before import = 0
Start importing Assets/Mirror/Examples/_Common/RobotKyle/Textures/Robot_Color.jpeg using Guid(fa652271323864a648c14b00ef5c677b) Importer(2089858483,0ecaa5967403d082aa24f35e1b516d23)  -> (artifact id: '782ff2700b37b2d84bee44aa29978083') in 0.019647 seconds 
Number of asset objects unloaded after import = 1
========================================================================
Received Import Request.
  Time since last request: 0.000031 seconds.
  path: Assets/Mirror/Examples/_Common/OpenGameArt/Sounds/The Good Fight (just intro).mp3
  artifactKey: Guid(c4c910e818f6f499a922e8ba4a20fb0f) Importer(2089858483,0ecaa5967403d082aa24f35e1b516d23)
Number of updated assets reloaded before import = 0
Start importing Assets/Mirror/Examples/_Common/OpenGameArt/Sounds/The Good Fight (just intro).mp3 using Guid(c4c910e818f6f499a922e8ba4a20fb0f) Importer(2089858483,0ecaa5967403d082aa24f35e1b516d23)  -> (artifact id: 'acaeef1a9213c5db008220046eca1d8b') in 0.089220 seconds 
Number of asset objects unloaded after import = 1
========================================================================
Received Import Request.
  Time since last request: 0.000019 seconds.
  path: Assets/Mirror/Hosting/Edgegap/Models/SDK/AppVersionUpdateSessionConfig.cs
  artifactKey: Guid(48101a3efe2b64c49a3aa4def2246393) Importer(2089858483,0ecaa5967403d082aa24f35e1b516d23)
Number of updated assets reloaded before import = 0
Start importing Assets/Mirror/Hosting/Edgegap/Models/SDK/AppVersionUpdateSessionConfig.cs using Guid(48101a3efe2b64c49a3aa4def2246393) Importer(2089858483,0ecaa5967403d082aa24f35e1b516d23)  -> (artifact id: 'a6ecf9cdd42638ef593888554bcc9281') in 0.012063 seconds 
Number of asset objects unloaded after import = 0
========================================================================
Received Import Request.
  Time since last request: 0.000020 seconds.
  path: Assets/Mirror/Hosting/Edgegap/Models/SDK/MatchmakerCreate.cs
  artifactKey: Guid(2503ca17d24577242b06815cc5bafd3d) Importer(2089858483,0ecaa5967403d082aa24f35e1b516d23)
Number of updated assets reloaded before import = 0
Start importing Assets/Mirror/Hosting/Edgegap/Models/SDK/MatchmakerCreate.cs using Guid(2503ca17d24577242b06815cc5bafd3d) Importer(2089858483,0ecaa5967403d082aa24f35e1b516d23)  -> (artifact id: 'f024f320f6f31ba0c8e981c73eae2b72') in 0.012050 seconds 
Number of asset objects unloaded after import = 0
========================================================================
Received Import Request.
  Time since last request: 0.000032 seconds.
  path: Assets/Mirror/Hosting/Edgegap/Models/SDK/MatchmakerManagedReleaseCreate.cs
  artifactKey: Guid(bdbdbaf8d85f440488f1724dc5cbb4ba) Importer(2089858483,0ecaa5967403d082aa24f35e1b516d23)
Number of updated assets reloaded before import = 0
Start importing Assets/Mirror/Hosting/Edgegap/Models/SDK/MatchmakerManagedReleaseCreate.cs using Guid(bdbdbaf8d85f440488f1724dc5cbb4ba) Importer(2089858483,0ecaa5967403d082aa24f35e1b516d23)  -> (artifact id: '4a4c105b24bb6ea6709ae10a9c4fd93a') in 0.015166 seconds 
Number of asset objects unloaded after import = 0
========================================================================
Received Import Request.
  Time since last request: 0.000036 seconds.
  path: Assets/Mirror/Hosting/Edgegap/Models/SDK/MatchmakerManagedReleaseResponse.cs
  artifactKey: Guid(ebabc33f41765ee43af4e9b7bcbdbdab) Importer(2089858483,0ecaa5967403d082aa24f35e1b516d23)
Number of updated assets reloaded before import = 0
Start importing Assets/Mirror/Hosting/Edgegap/Models/SDK/MatchmakerManagedReleaseResponse.cs using Guid(ebabc33f41765ee43af4e9b7bcbdbdab) Importer(2089858483,0ecaa5967403d082aa24f35e1b516d23)  -> (artifact id: 'd2dcd3bbf3eb06c1d27fb2615d9e14a3') in 0.012184 seconds 
Number of asset objects unloaded after import = 0
========================================================================
Received Import Request.
  Time since last request: 0.000028 seconds.
  path: Assets/Mirror/Hosting/Edgegap/Models/SDK/ApplicationPost.cs
  artifactKey: Guid(3e081dfd085dbbc4898bbcd0029b7a6a) Importer(2089858483,0ecaa5967403d082aa24f35e1b516d23)
Number of updated assets reloaded before import = 0
Start importing Assets/Mirror/Hosting/Edgegap/Models/SDK/ApplicationPost.cs using Guid(3e081dfd085dbbc4898bbcd0029b7a6a) Importer(2089858483,0ecaa5967403d082aa24f35e1b516d23)  -> (artifact id: 'f83a1ad5ee7e7f33ab4d43c803330c4a') in 0.013094 seconds 
Number of asset objects unloaded after import = 0
========================================================================
Received Import Request.
  Time since last request: 0.000047 seconds.
  path: Assets/Mirror/Hosting/Edgegap/Models/SDK/MatchmakerReleaseConfigCreate.cs
  artifactKey: Guid(0f2364938e6032246a55ad1c8dee81d6) Importer(2089858483,0ecaa5967403d082aa24f35e1b516d23)
Number of updated assets reloaded before import = 0
Start importing Assets/Mirror/Hosting/Edgegap/Models/SDK/MatchmakerReleaseConfigCreate.cs using Guid(0f2364938e6032246a55ad1c8dee81d6) Importer(2089858483,0ecaa5967403d082aa24f35e1b516d23)  -> (artifact id: '669b065670bff5e61688e666894f5e99') in 0.012799 seconds 
Number of asset objects unloaded after import = 0
========================================================================
Received Import Request.
  Time since last request: 0.000022 seconds.
  path: Assets/Mirror/Hosting/Edgegap/Models/SDK/MatchmakerComponentUpdate.cs
  artifactKey: Guid(4f16d9af510c47a4b8827226aff401fc) Importer(2089858483,0ecaa5967403d082aa24f35e1b516d23)
Number of updated assets reloaded before import = 0
Start importing Assets/Mirror/Hosting/Edgegap/Models/SDK/MatchmakerComponentUpdate.cs using Guid(4f16d9af510c47a4b8827226aff401fc) Importer(2089858483,0ecaa5967403d082aa24f35e1b516d23)  -> (artifact id: '3c1e9780ef799463b97f3414d2389995') in 0.013562 seconds 
Number of asset objects unloaded after import = 0
========================================================================
Received Import Request.
  Time since last request: 0.000049 seconds.
  path: Assets/Mirror/Hosting/Edgegap/Models/SDK/CustomBulkSessionsModel.cs
  artifactKey: Guid(a8b8fef93e7235545a31f603476f6cd9) Importer(2089858483,0ecaa5967403d082aa24f35e1b516d23)
Number of updated assets reloaded before import = 0
Start importing Assets/Mirror/Hosting/Edgegap/Models/SDK/CustomBulkSessionsModel.cs using Guid(a8b8fef93e7235545a31f603476f6cd9) Importer(2089858483,0ecaa5967403d082aa24f35e1b516d23)  -> (artifact id: '81fc8185797e667b3dd8702d5df2c7dd') in 0.011943 seconds 
Number of asset objects unloaded after import = 0
========================================================================
Received Import Request.
  Time since last request: 0.000028 seconds.
  path: Assets/Mirror/Hosting/Edgegap/Models/SDK/MetricsResponse.cs
  artifactKey: Guid(2ab2ca82bcea21f49a0ba0c923bf190f) Importer(2089858483,0ecaa5967403d082aa24f35e1b516d23)
Number of updated assets reloaded before import = 0
Start importing Assets/Mirror/Hosting/Edgegap/Models/SDK/MetricsResponse.cs using Guid(2ab2ca82bcea21f49a0ba0c923bf190f) Importer(2089858483,0ecaa5967403d082aa24f35e1b516d23)  -> (artifact id: '05adab2401181e67e6432400e9a66574') in 0.012556 seconds 
Number of asset objects unloaded after import = 0
========================================================================
Received Import Request.
  Time since last request: 0.000020 seconds.
  path: Assets/Mirror/Hosting/Edgegap/Models/SDK/MatchmakerComponentEnvsCreate.cs
  artifactKey: Guid(029b29c7464afa547ad8c4cd09c34c9c) Importer(2089858483,0ecaa5967403d082aa24f35e1b516d23)
Number of updated assets reloaded before import = 0
Start importing Assets/Mirror/Hosting/Edgegap/Models/SDK/MatchmakerComponentEnvsCreate.cs using Guid(029b29c7464afa547ad8c4cd09c34c9c) Importer(2089858483,0ecaa5967403d082aa24f35e1b516d23)  -> (artifact id: 'abde24fd1ea912b87c7d0e95d49e6c30') in 0.014116 seconds 
Number of asset objects unloaded after import = 0
========================================================================
Received Import Request.
  Time since last request: 0.000020 seconds.
  path: Assets/Mirror/Hosting/Edgegap/Models/SDK/CustomBulkSessionModel.cs
  artifactKey: Guid(5749cb98bffa9524381bd3552b7960bb) Importer(2089858483,0ecaa5967403d082aa24f35e1b516d23)
Number of updated assets reloaded before import = 0
Start importing Assets/Mirror/Hosting/Edgegap/Models/SDK/CustomBulkSessionModel.cs using Guid(5749cb98bffa9524381bd3552b7960bb) Importer(2089858483,0ecaa5967403d082aa24f35e1b516d23)  -> (artifact id: '52bd146a1bc32d06e556db3860bdb86d') in 0.013690 seconds 
Number of asset objects unloaded after import = 0
========================================================================
Received Import Request.
  Time since last request: 0.000031 seconds.
  path: Assets/Mirror/Hosting/Edgegap/Models/SDK/Location.cs
  artifactKey: Guid(4508021f9d8200a459f27753078ffccd) Importer(2089858483,0ecaa5967403d082aa24f35e1b516d23)
Number of updated assets reloaded before import = 0
Start importing Assets/Mirror/Hosting/Edgegap/Models/SDK/Location.cs using Guid(4508021f9d8200a459f27753078ffccd) Importer(2089858483,0ecaa5967403d082aa24f35e1b516d23)  -> (artifact id: 'b7c427a58724bb272df1e9200c161fb0') in 0.013754 seconds 
Number of asset objects unloaded after import = 0
========================================================================
Received Import Request.
  Time since last request: 0.000030 seconds.
  path: Assets/Mirror/Hosting/Edgegap/Models/SDK/MatchmakerReleaseConfigUpdate.cs
  artifactKey: Guid(35bbadf8064b92148be8215e6b8becd3) Importer(2089858483,0ecaa5967403d082aa24f35e1b516d23)
Number of updated assets reloaded before import = 0
Start importing Assets/Mirror/Hosting/Edgegap/Models/SDK/MatchmakerReleaseConfigUpdate.cs using Guid(35bbadf8064b92148be8215e6b8becd3) Importer(2089858483,0ecaa5967403d082aa24f35e1b516d23)  -> (artifact id: '2a36ffd747c3b66c282d79f7b76890f0') in 0.012360 seconds 
Number of asset objects unloaded after import = 0
========================================================================
Received Import Request.
  Time since last request: 0.000034 seconds.
  path: Assets/Mirror/Hosting/Edgegap/Models/SDK/LocationModel.cs
  artifactKey: Guid(23ccc7c1d174b454eb7154d2e7a67662) Importer(2089858483,0ecaa5967403d082aa24f35e1b516d23)
Number of updated assets reloaded before import = 0
Start importing Assets/Mirror/Hosting/Edgegap/Models/SDK/LocationModel.cs using Guid(23ccc7c1d174b454eb7154d2e7a67662) Importer(2089858483,0ecaa5967403d082aa24f35e1b516d23)  -> (artifact id: '11e764af6477fafe2f759737e4f6b8db') in 0.012942 seconds 
Number of asset objects unloaded after import = 0
========================================================================
Received Import Request.
  Time since last request: 0.000025 seconds.
  path: Assets/Mirror/Hosting/Edgegap/Models/SDK/ContainerLogStorageModel.cs
  artifactKey: Guid(c242b19f23fce03459abad5816ec5370) Importer(2089858483,0ecaa5967403d082aa24f35e1b516d23)
Number of updated assets reloaded before import = 0
Start importing Assets/Mirror/Hosting/Edgegap/Models/SDK/ContainerLogStorageModel.cs using Guid(c242b19f23fce03459abad5816ec5370) Importer(2089858483,0ecaa5967403d082aa24f35e1b516d23)  -> (artifact id: '9702bdb976b02feb0317e432e11a6bbf') in 0.013855 seconds 
Number of asset objects unloaded after import = 0
========================================================================
Received Import Request.
  Time since last request: 0.000026 seconds.
  path: Assets/Mirror/Transports/Telepathy/Telepathy/EventType.cs
  artifactKey: Guid(49f1a330755814803be5f27f493e1910) Importer(2089858483,0ecaa5967403d082aa24f35e1b516d23)
Number of updated assets reloaded before import = 0
Start importing Assets/Mirror/Transports/Telepathy/Telepathy/EventType.cs using Guid(49f1a330755814803be5f27f493e1910) Importer(2089858483,0ecaa5967403d082aa24f35e1b516d23)  -> (artifact id: 'ef130b7237d83610c0c984b377b3ad27') in 0.012920 seconds 
Number of asset objects unloaded after import = 0
========================================================================
Received Import Request.
  Time since last request: 0.000057 seconds.
  path: Assets/Mirror/Transports/KCP/kcp2k/VERSION.txt
  artifactKey: Guid(ed3f2cf1bbf1b4d53a6f2c103d311f71) Importer(2089858483,0ecaa5967403d082aa24f35e1b516d23)
Number of updated assets reloaded before import = 0
Start importing Assets/Mirror/Transports/KCP/kcp2k/VERSION.txt using Guid(ed3f2cf1bbf1b4d53a6f2c103d311f71) Importer(2089858483,0ecaa5967403d082aa24f35e1b516d23)  -> (artifact id: 'eeda7de14f9115f3ce612a3c95a722ac') in 0.019173 seconds 
Number of asset objects unloaded after import = 1
========================================================================
Received Import Request.
  Time since last request: 0.000025 seconds.
  path: Assets/Mirror/Examples/_Common/Controllers/TankController/TankTurretReliable.cs
  artifactKey: Guid(fbb0b0f4ce2fede4f95abe4cf1737365) Importer(2089858483,0ecaa5967403d082aa24f35e1b516d23)
Number of updated assets reloaded before import = 0
Start importing Assets/Mirror/Examples/_Common/Controllers/TankController/TankTurretReliable.cs using Guid(fbb0b0f4ce2fede4f95abe4cf1737365) Importer(2089858483,0ecaa5967403d082aa24f35e1b516d23)  -> (artifact id: 'b8da8705f7e20934b1ca9f159597b2e2') in 0.013208 seconds 
Number of asset objects unloaded after import = 1
========================================================================
Received Import Request.
  Time since last request: 0.000029 seconds.
  path: Assets/Mirror/Examples/PlayerTest/PlayerTestScene/Lightmap-0_comp_light.exr
  artifactKey: Guid(ce1797143a1525f42bebcfe5398a5600) Importer(2089858483,0ecaa5967403d082aa24f35e1b516d23)
Number of updated assets reloaded before import = 0
Start importing Assets/Mirror/Examples/PlayerTest/PlayerTestScene/Lightmap-0_comp_light.exr using Guid(ce1797143a1525f42bebcfe5398a5600) Importer(2089858483,0ecaa5967403d082aa24f35e1b516d23)  -> (artifact id: '5745b09cc966a76cc3750dc95f935ada') in 0.023766 seconds 
Number of asset objects unloaded after import = 1
========================================================================
Received Import Request.
  Time since last request: 0.000032 seconds.
  path: Assets/Mirror/Hosting/Edgegap/Editor/Api/EdgegapAppApi.cs
  artifactKey: Guid(3b0b3b865abe64b49a4000294c4e9593) Importer(2089858483,0ecaa5967403d082aa24f35e1b516d23)
Number of updated assets reloaded before import = 0
Start importing Assets/Mirror/Hosting/Edgegap/Editor/Api/EdgegapAppApi.cs using Guid(3b0b3b865abe64b49a4000294c4e9593) Importer(2089858483,0ecaa5967403d082aa24f35e1b516d23)  -> (artifact id: '7bf3ff9a9af1842d5af6877a1b848258') in 0.012974 seconds 
Number of asset objects unloaded after import = 0
========================================================================
Received Import Request.
  Time since last request: 0.000052 seconds.
  path: Assets/Mirror/Examples/Pong/PhysicsMaterials/BallMaterial.physicsMaterial2D
  artifactKey: Guid(97a3e4cddb8635c4eba1265f44d106bf) Importer(2089858483,0ecaa5967403d082aa24f35e1b516d23)
Number of updated assets reloaded before import = 0
Start importing Assets/Mirror/Examples/Pong/PhysicsMaterials/BallMaterial.physicsMaterial2D using Guid(97a3e4cddb8635c4eba1265f44d106bf) Importer(2089858483,0ecaa5967403d082aa24f35e1b516d23)  -> (artifact id: '6e63bbec23f2f87931329aec4ccb1579') in 0.014762 seconds 
Number of asset objects unloaded after import = 1
========================================================================
Received Import Request.
  Time since last request: 0.000039 seconds.
  path: Assets/Mirror/Examples/PickupsDropsChilds/Prefabs/Box.prefab
  artifactKey: Guid(a4076fff9676bc243ae6d7d6c08341f3) Importer(2089858483,0ecaa5967403d082aa24f35e1b516d23)
Number of updated assets reloaded before import = 0
Start importing Assets/Mirror/Examples/PickupsDropsChilds/Prefabs/Box.prefab using Guid(a4076fff9676bc243ae6d7d6c08341f3) Importer(2089858483,0ecaa5967403d082aa24f35e1b516d23)  -> (artifact id: '748a0c74b46c78e1ba147a4dfdfc807a') in 0.015749 seconds 
Number of asset objects unloaded after import = 9
========================================================================
Received Import Request.
  Time since last request: 0.000027 seconds.
  path: Assets/Mirror/Hosting/Edgegap/Editor/EdgegapBuildUtils.cs
  artifactKey: Guid(97dadab2a073d8b47bf9a270401f0a8f) Importer(2089858483,0ecaa5967403d082aa24f35e1b516d23)
Number of updated assets reloaded before import = 0
Start importing Assets/Mirror/Hosting/Edgegap/Editor/EdgegapBuildUtils.cs using Guid(97dadab2a073d8b47bf9a270401f0a8f) Importer(2089858483,0ecaa5967403d082aa24f35e1b516d23)  -> (artifact id: 'da9c2a998d0317c1efe6f2194ec506ea') in 0.011694 seconds 
Number of asset objects unloaded after import = 0
========================================================================
Received Import Request.
  Time since last request: 0.000023 seconds.
  path: Assets/Mirror/Examples/Basic/Scripts/CanvasUI.cs
  artifactKey: Guid(266fac335be17a243af86e88de84766d) Importer(2089858483,0ecaa5967403d082aa24f35e1b516d23)
Number of updated assets reloaded before import = 0
Start importing Assets/Mirror/Examples/Basic/Scripts/CanvasUI.cs using Guid(266fac335be17a243af86e88de84766d) Importer(2089858483,0ecaa5967403d082aa24f35e1b516d23)  -> (artifact id: 'ac8dc39f6b63f6154ef79921091ba06c') in 0.011033 seconds 
Number of asset objects unloaded after import = 0
========================================================================
Received Import Request.
  Time since last request: 0.000030 seconds.
  path: Assets/TextMesh Pro/Examples & Extras/Scenes/12a - Text Interactions.unity
  artifactKey: Guid(08572ab7713642c8a60789750f0bce5c) Importer(2089858483,0ecaa5967403d082aa24f35e1b516d23)
Number of updated assets reloaded before import = 0
Start importing Assets/TextMesh Pro/Examples & Extras/Scenes/12a - Text Interactions.unity using Guid(08572ab7713642c8a60789750f0bce5c) Importer(2089858483,0ecaa5967403d082aa24f35e1b516d23)  -> (artifact id: '04229209f5c34ca7918086bc5640dd7d') in 0.011309 seconds 
Number of asset objects unloaded after import = 1
========================================================================
Received Import Request.
  Time since last request: 0.000022 seconds.
  path: Assets/Sprites/Enviroment/WaterTiles/23.png
  artifactKey: Guid(923c504d69bdeba43b7230dd918851a2) Importer(2089858483,0ecaa5967403d082aa24f35e1b516d23)
Number of updated assets reloaded before import = 0
Start importing Assets/Sprites/Enviroment/WaterTiles/23.png using Guid(923c504d69bdeba43b7230dd918851a2) Importer(2089858483,0ecaa5967403d082aa24f35e1b516d23)  -> (artifact id: 'f4d9ce1dd505e79f54346d98a753913e') in 0.021341 seconds 
Number of asset objects unloaded after import = 3
========================================================================
Received Import Request.
  Time since last request: 0.000037 seconds.
  path: Assets/TextMesh Pro/Examples & Extras/Scripts/TMP_DigitValidator.cs
  artifactKey: Guid(1a7eb92a01ed499a987bde9def05fbce) Importer(2089858483,0ecaa5967403d082aa24f35e1b516d23)
Number of updated assets reloaded before import = 0
Start importing Assets/TextMesh Pro/Examples & Extras/Scripts/TMP_DigitValidator.cs using Guid(1a7eb92a01ed499a987bde9def05fbce) Importer(2089858483,0ecaa5967403d082aa24f35e1b516d23)  -> (artifact id: 'b55d971e47937bace1daa908b453fe5e') in 0.013012 seconds 
Number of asset objects unloaded after import = 0
========================================================================
Received Import Request.
  Time since last request: 0.000024 seconds.
  path: Assets/Sprites/Enviroment/WaterTiles/7.png
  artifactKey: Guid(59be1b17d88f67541bb097fe48b68005) Importer(2089858483,0ecaa5967403d082aa24f35e1b516d23)
Number of updated assets reloaded before import = 0
Start importing Assets/Sprites/Enviroment/WaterTiles/7.png using Guid(59be1b17d88f67541bb097fe48b68005) Importer(2089858483,0ecaa5967403d082aa24f35e1b516d23)  -> (artifact id: '0f7bd44e203b6a7933c689dc1a761788') in 0.024127 seconds 
Number of asset objects unloaded after import = 3
========================================================================
Received Import Request.
  Time since last request: 0.000026 seconds.
  path: Assets/Mirror/Examples/MultipleMatches/Prefabs/PlayerGUI.prefab
  artifactKey: Guid(504f86497324bc040be44f6f88b6cc73) Importer(2089858483,0ecaa5967403d082aa24f35e1b516d23)
Number of updated assets reloaded before import = 0
Start importing Assets/Mirror/Examples/MultipleMatches/Prefabs/PlayerGUI.prefab using Guid(504f86497324bc040be44f6f88b6cc73) Importer(2089858483,0ecaa5967403d082aa24f35e1b516d23)  -> (artifact id: '7b42209e074b298d846ff2491d7a9cba') in 0.023040 seconds 
Number of asset objects unloaded after import = 12
========================================================================
Received Import Request.
  Time since last request: 0.000023 seconds.
  path: Assets/Mirror/Examples/_Common/Controllers/PlayerControllerRB/PlayerControllerRBHybrid.cs
  artifactKey: Guid(56a0c5bf67ad39b42a0faee0585bab6a) Importer(2089858483,0ecaa5967403d082aa24f35e1b516d23)
Number of updated assets reloaded before import = 0
Start importing Assets/Mirror/Examples/_Common/Controllers/PlayerControllerRB/PlayerControllerRBHybrid.cs using Guid(56a0c5bf67ad39b42a0faee0585bab6a) Importer(2089858483,0ecaa5967403d082aa24f35e1b516d23)  -> (artifact id: 'cb122b9dc034a677f3c115451bfdaac6') in 0.012564 seconds 
Number of asset objects unloaded after import = 1
========================================================================
Received Import Request.
  Time since last request: 0.000022 seconds.
  path: Assets/Mirror/Transports/SimpleWeb/SimpleWeb/Common/Log.cs
  artifactKey: Guid(3cf1521098e04f74fbea0fe2aa0439f8) Importer(2089858483,0ecaa5967403d082aa24f35e1b516d23)
Number of updated assets reloaded before import = 0
Start importing Assets/Mirror/Transports/SimpleWeb/SimpleWeb/Common/Log.cs using Guid(3cf1521098e04f74fbea0fe2aa0439f8) Importer(2089858483,0ecaa5967403d082aa24f35e1b516d23)  -> (artifact id: 'ddcae542e5ec5ec6528d4be13de18cfa') in 0.010809 seconds 
Number of asset objects unloaded after import = 0
========================================================================
Received Import Request.
  Time since last request: 0.000018 seconds.
  path: Assets/Mirror/Transports/SimpleWeb/SimpleWeb/Client/StandAlone/WebSocketClientStandAlone.cs
  artifactKey: Guid(05a9c87dea309e241a9185e5aa0d72ab) Importer(2089858483,0ecaa5967403d082aa24f35e1b516d23)
Number of updated assets reloaded before import = 0
Start importing Assets/Mirror/Transports/SimpleWeb/SimpleWeb/Client/StandAlone/WebSocketClientStandAlone.cs using Guid(05a9c87dea309e241a9185e5aa0d72ab) Importer(2089858483,0ecaa5967403d082aa24f35e1b516d23)  -> (artifact id: '635436abf8cbd9828fd4292a0ad7acb2') in 0.012045 seconds 
Number of asset objects unloaded after import = 0
========================================================================
Received Import Request.
  Time since last request: 0.000022 seconds.
  path: Assets/Mirror/Hosting/Edgegap/Models/SDK/SessionDelete.cs
  artifactKey: Guid(d49ffc8fe921fbe4bbae2e694a7d83c4) Importer(2089858483,0ecaa5967403d082aa24f35e1b516d23)
Number of updated assets reloaded before import = 0
Start importing Assets/Mirror/Hosting/Edgegap/Models/SDK/SessionDelete.cs using Guid(d49ffc8fe921fbe4bbae2e694a7d83c4) Importer(2089858483,0ecaa5967403d082aa24f35e1b516d23)  -> (artifact id: '1aabd9027968990b20503b8f9fb8aa35') in 0.011612 seconds 
Number of asset objects unloaded after import = 0
========================================================================
Received Import Request.
  Time since last request: 0.000023 seconds.
  path: Assets/Mirror/Transports/KCP/kcp2k/kcp/Segment.cs
  artifactKey: Guid(fc58706a05dd3442c8fde858d5266855) Importer(2089858483,0ecaa5967403d082aa24f35e1b516d23)
Number of updated assets reloaded before import = 0
Start importing Assets/Mirror/Transports/KCP/kcp2k/kcp/Segment.cs using Guid(fc58706a05dd3442c8fde858d5266855) Importer(2089858483,0ecaa5967403d082aa24f35e1b516d23)  -> (artifact id: 'ea6fe7a6a5d8f7865a31ba056327bc08') in 0.011121 seconds 
Number of asset objects unloaded after import = 0
========================================================================
Received Import Request.
  Time since last request: 0.000026 seconds.
  path: Assets/Mirror/Transports/KCP/kcp2k/highlevel/KcpConfig.cs
  artifactKey: Guid(99692f99c45c4b47b0500e7abbfd12da) Importer(2089858483,0ecaa5967403d082aa24f35e1b516d23)
Number of updated assets reloaded before import = 0
Start importing Assets/Mirror/Transports/KCP/kcp2k/highlevel/KcpConfig.cs using Guid(99692f99c45c4b47b0500e7abbfd12da) Importer(2089858483,0ecaa5967403d082aa24f35e1b516d23)  -> (artifact id: 'a9f5a5f0346d6eb6f18d29e03200cd93') in 0.011990 seconds 
Number of asset objects unloaded after import = 0
========================================================================
Received Import Request.
  Time since last request: 0.000047 seconds.
  path: Assets/Mirror/Transports/SimpleWeb/SimpleWeb/Common/EventType.cs
  artifactKey: Guid(2d9cd7d2b5229ab42a12e82ae17d0347) Importer(2089858483,0ecaa5967403d082aa24f35e1b516d23)
Number of updated assets reloaded before import = 0
Start importing Assets/Mirror/Transports/SimpleWeb/SimpleWeb/Common/EventType.cs using Guid(2d9cd7d2b5229ab42a12e82ae17d0347) Importer(2089858483,0ecaa5967403d082aa24f35e1b516d23)  -> (artifact id: 'ae75edb578909758da288f46bf029c3f') in 0.022254 seconds 
Number of asset objects unloaded after import = 0
========================================================================
Received Import Request.
  Time since last request: 0.000053 seconds.
  path: Assets/Mirror/Transports/KCP/kcp2k/highlevel/KcpServer.cs
  artifactKey: Guid(9759159c6589494a9037f5e130a867ed) Importer(2089858483,0ecaa5967403d082aa24f35e1b516d23)
Number of updated assets reloaded before import = 0
Start importing Assets/Mirror/Transports/KCP/kcp2k/highlevel/KcpServer.cs using Guid(9759159c6589494a9037f5e130a867ed) Importer(2089858483,0ecaa5967403d082aa24f35e1b516d23)  -> (artifact id: 'b3e7ff182a282be3169c3a2b38b306b4') in 0.013888 seconds 
Number of asset objects unloaded after import = 0
========================================================================
Received Import Request.
  Time since last request: 0.000039 seconds.
  path: Assets/Mirror/Transports/SimpleWeb/SimpleWeb/Common/ReceiveLoop.cs
  artifactKey: Guid(a26c2815f58431c4a98c158c8b655ffd) Importer(2089858483,0ecaa5967403d082aa24f35e1b516d23)
Number of updated assets reloaded before import = 0
Start importing Assets/Mirror/Transports/SimpleWeb/SimpleWeb/Common/ReceiveLoop.cs using Guid(a26c2815f58431c4a98c158c8b655ffd) Importer(2089858483,0ecaa5967403d082aa24f35e1b516d23)  -> (artifact id: '6521c089e0f415eafefb8226f5b33430') in 0.012730 seconds 
Number of asset objects unloaded after import = 0
========================================================================
Received Import Request.
  Time since last request: 0.000032 seconds.
  path: Assets/Mirror/Transports/SimpleWeb/SimpleWeb/Common/Connection.cs
  artifactKey: Guid(a13073c2b49d39943888df45174851bd) Importer(2089858483,0ecaa5967403d082aa24f35e1b516d23)
Number of updated assets reloaded before import = 0
Start importing Assets/Mirror/Transports/SimpleWeb/SimpleWeb/Common/Connection.cs using Guid(a13073c2b49d39943888df45174851bd) Importer(2089858483,0ecaa5967403d082aa24f35e1b516d23)  -> (artifact id: 'b8e161e23e4401e3cbf24b2f8792b1b0') in 0.012682 seconds 
Number of asset objects unloaded after import = 0
========================================================================
Received Import Request.
  Time since last request: 0.000036 seconds.
  path: Assets/Mirror/Hosting/Edgegap/Editor/Api/Models/SessionData.cs
  artifactKey: Guid(5f9024e4ca5438e4788e461387313531) Importer(2089858483,0ecaa5967403d082aa24f35e1b516d23)
Number of updated assets reloaded before import = 0
Start importing Assets/Mirror/Hosting/Edgegap/Editor/Api/Models/SessionData.cs using Guid(5f9024e4ca5438e4788e461387313531) Importer(2089858483,0ecaa5967403d082aa24f35e1b516d23)  -> (artifact id: '900542c28949619ee632087cc935e56b') in 0.011986 seconds 
Number of asset objects unloaded after import = 0
========================================================================
Received Import Request.
  Time since last request: 0.000028 seconds.
  path: Assets/Mirror/Examples/_Common/KenneyAssets/kenney_kenney-fonts/Fonts/Kenney Mini.ttf
  artifactKey: Guid(d5190545d289c45069540614d598068b) Importer(2089858483,0ecaa5967403d082aa24f35e1b516d23)
Number of updated assets reloaded before import = 0
Start importing Assets/Mirror/Examples/_Common/KenneyAssets/kenney_kenney-fonts/Fonts/Kenney Mini.ttf using Guid(d5190545d289c45069540614d598068b) Importer(2089858483,0ecaa5967403d082aa24f35e1b516d23)  -> (artifact id: 'd16a37b90c9d1081ee52d61efec9c129') in 0.019154 seconds 
Number of asset objects unloaded after import = 3
========================================================================
Received Import Request.
  Time since last request: 0.000024 seconds.
  path: Assets/Mirror/Transports/SimpleWeb/SimpleWeb/Server/SimpleWebServer.cs
  artifactKey: Guid(bd51d7896f55a5e48b41a4b526562b0e) Importer(2089858483,0ecaa5967403d082aa24f35e1b516d23)
Number of updated assets reloaded before import = 0
Start importing Assets/Mirror/Transports/SimpleWeb/SimpleWeb/Server/SimpleWebServer.cs using Guid(bd51d7896f55a5e48b41a4b526562b0e) Importer(2089858483,0ecaa5967403d082aa24f35e1b516d23)  -> (artifact id: '351e4f043b50c9d85b38590f0f7b622f') in 0.013257 seconds 
Number of asset objects unloaded after import = 0
========================================================================
Received Import Request.
  Time since last request: 0.000027 seconds.
  path: Assets/Mirror/Hosting/Edgegap/Editor/Fonts/Src/UbuntuMono-R.ttf
  artifactKey: Guid(891349ed6c370194a8c6135995d27d32) Importer(2089858483,0ecaa5967403d082aa24f35e1b516d23)
Number of updated assets reloaded before import = 0
Start importing Assets/Mirror/Hosting/Edgegap/Editor/Fonts/Src/UbuntuMono-R.ttf using Guid(891349ed6c370194a8c6135995d27d32) Importer(2089858483,0ecaa5967403d082aa24f35e1b516d23)  -> (artifact id: '9f62fc5f5b29bb7e6076f430f392621a') in 0.018707 seconds 
Number of asset objects unloaded after import = 3
========================================================================
Received Import Request.
  Time since last request: 0.000024 seconds.
  path: Assets/Mirror/Transports/SimpleWeb/SimpleWeb/Client/Webgl/SimpleWebJSLib.cs
  artifactKey: Guid(97b96a0b65c104443977473323c2ff35) Importer(2089858483,0ecaa5967403d082aa24f35e1b516d23)
Number of updated assets reloaded before import = 0
Start importing Assets/Mirror/Transports/SimpleWeb/SimpleWeb/Client/Webgl/SimpleWebJSLib.cs using Guid(97b96a0b65c104443977473323c2ff35) Importer(2089858483,0ecaa5967403d082aa24f35e1b516d23)  -> (artifact id: '5cedff0e70fca7f9b894ed97f57ad287') in 0.012046 seconds 
Number of asset objects unloaded after import = 0
========================================================================
Received Import Request.
  Time since last request: 0.000029 seconds.
  path: Assets/Mirror/Transports/SimpleWeb/SimpleWeb/Common/Message.cs
  artifactKey: Guid(f5d05d71b09d2714b96ffe80bc3d2a77) Importer(2089858483,0ecaa5967403d082aa24f35e1b516d23)
Number of updated assets reloaded before import = 0
Start importing Assets/Mirror/Transports/SimpleWeb/SimpleWeb/Common/Message.cs using Guid(f5d05d71b09d2714b96ffe80bc3d2a77) Importer(2089858483,0ecaa5967403d082aa24f35e1b516d23)  -> (artifact id: '16917574bd78a50572598725ead892f4') in 0.011015 seconds 
Number of asset objects unloaded after import = 0
========================================================================
Received Import Request.
  Time since last request: 0.000036 seconds.
  path: Assets/Mirror/Transports/KCP/kcp2k/highlevel/KcpState.cs
  artifactKey: Guid(81a02c141a88d45d4a2f5ef68c6da75f) Importer(2089858483,0ecaa5967403d082aa24f35e1b516d23)
Number of updated assets reloaded before import = 0
Start importing Assets/Mirror/Transports/KCP/kcp2k/highlevel/KcpState.cs using Guid(81a02c141a88d45d4a2f5ef68c6da75f) Importer(2089858483,0ecaa5967403d082aa24f35e1b516d23)  -> (artifact id: '7323f289f114cd66f92bd21dce1e3ab3') in 0.013911 seconds 
Number of asset objects unloaded after import = 0
========================================================================
Received Import Request.
  Time since last request: 0.000031 seconds.
  path: Assets/Mirror/Transports/KCP/kcp2k/highlevel/KcpHeader.cs
  artifactKey: Guid(91b5edac31224a49bd76f960ae018942) Importer(2089858483,0ecaa5967403d082aa24f35e1b516d23)
Number of updated assets reloaded before import = 0
Start importing Assets/Mirror/Transports/KCP/kcp2k/highlevel/KcpHeader.cs using Guid(91b5edac31224a49bd76f960ae018942) Importer(2089858483,0ecaa5967403d082aa24f35e1b516d23)  -> (artifact id: 'f241f72f552cab462642598399135925') in 0.015885 seconds 
Number of asset objects unloaded after import = 0
========================================================================
Received Import Request.
  Time since last request: 0.000032 seconds.
  path: Assets/Mirror/Transports/KCP/kcp2k/highlevel/KcpPeer.cs
  artifactKey: Guid(3915c7c62b72d4dc2a9e4e76c94fc484) Importer(2089858483,0ecaa5967403d082aa24f35e1b516d23)
Number of updated assets reloaded before import = 0
Start importing Assets/Mirror/Transports/KCP/kcp2k/highlevel/KcpPeer.cs using Guid(3915c7c62b72d4dc2a9e4e76c94fc484) Importer(2089858483,0ecaa5967403d082aa24f35e1b516d23)  -> (artifact id: '2bf76b71807090cc56ae23922a793b5d') in 0.013128 seconds 
Number of asset objects unloaded after import = 0
========================================================================
Received Import Request.
  Time since last request: 0.000025 seconds.
  path: Assets/Mirror/Hosting/Edgegap/Editor/Api/Models/Requests/CreateDeploymentRequest.cs
  artifactKey: Guid(aae7b317093230e419bc0f8be1097ea6) Importer(2089858483,0ecaa5967403d082aa24f35e1b516d23)
Number of updated assets reloaded before import = 0
Start importing Assets/Mirror/Hosting/Edgegap/Editor/Api/Models/Requests/CreateDeploymentRequest.cs using Guid(aae7b317093230e419bc0f8be1097ea6) Importer(2089858483,0ecaa5967403d082aa24f35e1b516d23)  -> (artifact id: '6a4f58361e16c94bdd812b24f6c461b3') in 0.011930 seconds 
Number of asset objects unloaded after import = 0
========================================================================
Received Import Request.
  Time since last request: 0.000043 seconds.
  path: Assets/Mirror/Transports/SimpleWeb/SimpleWeb/Common/Request.cs
  artifactKey: Guid(50b41ad63d4956a42a073bad5158fe09) Importer(2089858483,0ecaa5967403d082aa24f35e1b516d23)
Number of updated assets reloaded before import = 0
Start importing Assets/Mirror/Transports/SimpleWeb/SimpleWeb/Common/Request.cs using Guid(50b41ad63d4956a42a073bad5158fe09) Importer(2089858483,0ecaa5967403d082aa24f35e1b516d23)  -> (artifact id: 'f40d1823ae0d84c7de83bea54fe83206') in 0.010606 seconds 
Number of asset objects unloaded after import = 0
========================================================================
Received Import Request.
  Time since last request: 0.000026 seconds.
  path: Assets/Mirror/Hosting/Edgegap/Editor/Api/Models/LocationData.cs
  artifactKey: Guid(57eed0dbd556e074c992cf6599a1f6bd) Importer(2089858483,0ecaa5967403d082aa24f35e1b516d23)
Number of updated assets reloaded before import = 0
Start importing Assets/Mirror/Hosting/Edgegap/Editor/Api/Models/LocationData.cs using Guid(57eed0dbd556e074c992cf6599a1f6bd) Importer(2089858483,0ecaa5967403d082aa24f35e1b516d23)  -> (artifact id: 'b31b21689c3d6cb3edea91bd57b932a0') in 0.012040 seconds 
Number of asset objects unloaded after import = 0
========================================================================
Received Import Request.
  Time since last request: 0.000032 seconds.
  path: Assets/Mirror/Hosting/Edgegap/Editor/Api/Models/Results/StopActiveDeploymentResult.cs
  artifactKey: Guid(9e2e4d9424ca8f7459803e631acf912f) Importer(2089858483,0ecaa5967403d082aa24f35e1b516d23)
Number of updated assets reloaded before import = 0
Start importing Assets/Mirror/Hosting/Edgegap/Editor/Api/Models/Results/StopActiveDeploymentResult.cs using Guid(9e2e4d9424ca8f7459803e631acf912f) Importer(2089858483,0ecaa5967403d082aa24f35e1b516d23)  -> (artifact id: '0811e16769d462cb6c4e0e59267fdd85') in 0.012058 seconds 
Number of asset objects unloaded after import = 0
========================================================================
Received Import Request.
  Time since last request: 0.000036 seconds.
  path: Assets/Mirror/Examples/BenchmarkStinkySteak/Dependencies/Unity-Simulation-Timer/Runtime/PauseableSimulationTimer.cs
  artifactKey: Guid(b1ad3772cd6fb4848a960ac3a397aaa0) Importer(2089858483,0ecaa5967403d082aa24f35e1b516d23)
Number of updated assets reloaded before import = 0
Start importing Assets/Mirror/Examples/BenchmarkStinkySteak/Dependencies/Unity-Simulation-Timer/Runtime/PauseableSimulationTimer.cs using Guid(b1ad3772cd6fb4848a960ac3a397aaa0) Importer(2089858483,0ecaa5967403d082aa24f35e1b516d23)  -> (artifact id: 'f4083357fdaeac531fd679a41ce43947') in 0.012190 seconds 
Number of asset objects unloaded after import = 0
========================================================================
Received Import Request.
  Time since last request: 0.000028 seconds.
  path: Assets/Mirror/Hosting/Edgegap/Models/SDK/SessionUser.cs
  artifactKey: Guid(a7771817a477c264eacd0e5a7492d662) Importer(2089858483,0ecaa5967403d082aa24f35e1b516d23)
Number of updated assets reloaded before import = 0
Start importing Assets/Mirror/Hosting/Edgegap/Models/SDK/SessionUser.cs using Guid(a7771817a477c264eacd0e5a7492d662) Importer(2089858483,0ecaa5967403d082aa24f35e1b516d23)  -> (artifact id: '1feab195216c231a2fd62aaa0ad5c567') in 0.012568 seconds 
Number of asset objects unloaded after import = 0
========================================================================
Received Import Request.
  Time since last request: 0.000030 seconds.
  path: Assets/Mirror/Hosting/Edgegap/Models/SDK/SessionGet.cs
  artifactKey: Guid(f51316ca2656bc84e918d4612bd31a3d) Importer(2089858483,0ecaa5967403d082aa24f35e1b516d23)
Number of updated assets reloaded before import = 0
Start importing Assets/Mirror/Hosting/Edgegap/Models/SDK/SessionGet.cs using Guid(f51316ca2656bc84e918d4612bd31a3d) Importer(2089858483,0ecaa5967403d082aa24f35e1b516d23)  -> (artifact id: '8ff19a4088e46f43e02e768988ac69e1') in 0.012182 seconds 
Number of asset objects unloaded after import = 0
========================================================================
Received Import Request.
  Time since last request: 0.000023 seconds.
  path: Assets/Mirror/Transports/KCP/kcp2k/highlevel/KcpChannel.cs
  artifactKey: Guid(9e852b2532fb248d19715cfebe371db3) Importer(2089858483,0ecaa5967403d082aa24f35e1b516d23)
Number of updated assets reloaded before import = 0
Start importing Assets/Mirror/Transports/KCP/kcp2k/highlevel/KcpChannel.cs using Guid(9e852b2532fb248d19715cfebe371db3) Importer(2089858483,0ecaa5967403d082aa24f35e1b516d23)  -> (artifact id: 'd4cc4cdc63c5c68e4b94d282c7d75d41') in 0.011477 seconds 
Number of asset objects unloaded after import = 0
========================================================================
Received Import Request.
  Time since last request: 0.000028 seconds.
  path: Assets/Mirror/Hosting/Edgegap/Models/SDK/StaticSitesList.cs
  artifactKey: Guid(628328aae2b318d42ae119daa9d29380) Importer(2089858483,0ecaa5967403d082aa24f35e1b516d23)
Number of updated assets reloaded before import = 0
Start importing Assets/Mirror/Hosting/Edgegap/Models/SDK/StaticSitesList.cs using Guid(628328aae2b318d42ae119daa9d29380) Importer(2089858483,0ecaa5967403d082aa24f35e1b516d23)  -> (artifact id: 'c81d68e6965475bc77591ad1286a412b') in 0.012441 seconds 
Number of asset objects unloaded after import = 0
========================================================================
Received Import Request.
  Time since last request: 0.000026 seconds.
  path: Assets/Mirror/Transports/SimpleWeb/SimpleWeb/Server/WebSocketServer.cs
  artifactKey: Guid(5c434db044777d2439bae5a57d4e8ee7) Importer(2089858483,0ecaa5967403d082aa24f35e1b516d23)
Number of updated assets reloaded before import = 0
Start importing Assets/Mirror/Transports/SimpleWeb/SimpleWeb/Server/WebSocketServer.cs using Guid(5c434db044777d2439bae5a57d4e8ee7) Importer(2089858483,0ecaa5967403d082aa24f35e1b516d23)  -> (artifact id: 'd31cafc8e06bf974f8ece4425fd64805') in 0.013104 seconds 
Number of asset objects unloaded after import = 0
========================================================================
Received Import Request.
  Time since last request: 0.000027 seconds.
  path: Assets/Mirror/Hosting/Edgegap/Editor/Api/Models/Results/EdgegapErrorResult.cs
  artifactKey: Guid(5b29093cb10cf3040b76f4fbe77a435d) Importer(2089858483,0ecaa5967403d082aa24f35e1b516d23)
Number of updated assets reloaded before import = 0
Start importing Assets/Mirror/Hosting/Edgegap/Editor/Api/Models/Results/EdgegapErrorResult.cs using Guid(5b29093cb10cf3040b76f4fbe77a435d) Importer(2089858483,0ecaa5967403d082aa24f35e1b516d23)  -> (artifact id: '971ee43dd559cd6ea01047726c9e4861') in 0.013029 seconds 
Number of asset objects unloaded after import = 0
========================================================================
Received Import Request.
  Time since last request: 0.000027 seconds.
  path: Assets/Mirror/Hosting/Edgegap/Editor/Api/Models/Results/GetYourPublicIpResult.cs
  artifactKey: Guid(73c9651ef0fdfcb449ec0120016963a0) Importer(2089858483,0ecaa5967403d082aa24f35e1b516d23)
Number of updated assets reloaded before import = 0
Start importing Assets/Mirror/Hosting/Edgegap/Editor/Api/Models/Results/GetYourPublicIpResult.cs using Guid(73c9651ef0fdfcb449ec0120016963a0) Importer(2089858483,0ecaa5967403d082aa24f35e1b516d23)  -> (artifact id: '563d97cf8d09df315fa4ef78cb2f1dbf') in 0.012897 seconds 
Number of asset objects unloaded after import = 0
========================================================================
Received Import Request.
  Time since last request: 0.000023 seconds.
  path: Assets/Mirror/Transports/SimpleWeb/SimpleWeb/Client/SimpleWebClient.cs
  artifactKey: Guid(13131761a0bf5a64dadeccd700fe26e5) Importer(2089858483,0ecaa5967403d082aa24f35e1b516d23)
Number of updated assets reloaded before import = 0
Start importing Assets/Mirror/Transports/SimpleWeb/SimpleWeb/Client/SimpleWebClient.cs using Guid(13131761a0bf5a64dadeccd700fe26e5) Importer(2089858483,0ecaa5967403d082aa24f35e1b516d23)  -> (artifact id: '9220684c97dead629bd858562e8816ae') in 0.012259 seconds 
Number of asset objects unloaded after import = 0
========================================================================
Received Import Request.
  Time since last request: 0.000030 seconds.
  path: Assets/Mirror/Hosting/Edgegap/Editor/Api/Models/AppPortsData.cs
  artifactKey: Guid(b6d4864ea3706574fb35920c6fab46fa) Importer(2089858483,0ecaa5967403d082aa24f35e1b516d23)
Number of updated assets reloaded before import = 0
Start importing Assets/Mirror/Hosting/Edgegap/Editor/Api/Models/AppPortsData.cs using Guid(b6d4864ea3706574fb35920c6fab46fa) Importer(2089858483,0ecaa5967403d082aa24f35e1b516d23)  -> (artifact id: '03640c443d4d2db102672d867b5d3170') in 0.011158 seconds 
Number of asset objects unloaded after import = 0
========================================================================
Received Import Request.
  Time since last request: 0.000024 seconds.
  path: Assets/Mirror/Hosting/Edgegap/Editor/Api/Models/Results/GetCreateAppResult.cs
  artifactKey: Guid(a66c935238edd8846b1e9e9e19cfab70) Importer(2089858483,0ecaa5967403d082aa24f35e1b516d23)
Number of updated assets reloaded before import = 0
Start importing Assets/Mirror/Hosting/Edgegap/Editor/Api/Models/Results/GetCreateAppResult.cs using Guid(a66c935238edd8846b1e9e9e19cfab70) Importer(2089858483,0ecaa5967403d082aa24f35e1b516d23)  -> (artifact id: '59d1a3d44d797ba3040fc2377e918858') in 0.014077 seconds 
Number of asset objects unloaded after import = 0
========================================================================
Received Import Request.
  Time since last request: 0.000027 seconds.
  path: Assets/Mirror/Hosting/Edgegap/Editor/Images/discord-brands-solid-64px.png
  artifactKey: Guid(63ea01afe23d1364780a447d738b7ebd) Importer(2089858483,0ecaa5967403d082aa24f35e1b516d23)
Number of updated assets reloaded before import = 0
Start importing Assets/Mirror/Hosting/Edgegap/Editor/Images/discord-brands-solid-64px.png using Guid(63ea01afe23d1364780a447d738b7ebd) Importer(2089858483,0ecaa5967403d082aa24f35e1b516d23)  -> (artifact id: '195697cf8e44b143b761e2078431ff5f') in 0.024027 seconds 
Number of asset objects unloaded after import = 1
========================================================================
Received Import Request.
  Time since last request: 0.000035 seconds.
  path: Assets/Mirror/Examples/BenchmarkStinkySteak/Dependencies/netcode-benchmarker-util/Runtime/Scripts/UI/BaseGUIGame.cs
  artifactKey: Guid(0f64aeea8d696ff4fbb80a37fad8ebd8) Importer(2089858483,0ecaa5967403d082aa24f35e1b516d23)
Number of updated assets reloaded before import = 0
Start importing Assets/Mirror/Examples/BenchmarkStinkySteak/Dependencies/netcode-benchmarker-util/Runtime/Scripts/UI/BaseGUIGame.cs using Guid(0f64aeea8d696ff4fbb80a37fad8ebd8) Importer(2089858483,0ecaa5967403d082aa24f35e1b516d23)  -> (artifact id: '84da76189b8ca3bedc534b069effbd38') in 0.021993 seconds 
Number of asset objects unloaded after import = 0
========================================================================
Received Import Request.
  Time since last request: 0.000041 seconds.
  path: Assets/Sprites/skeleton_1/attack_up/attack_up_1_0005.png
  artifactKey: Guid(52ac6b5816e1fc34eafa457d7c4394dd) Importer(2089858483,0ecaa5967403d082aa24f35e1b516d23)
Number of updated assets reloaded before import = 0
Start importing Assets/Sprites/skeleton_1/attack_up/attack_up_1_0005.png using Guid(52ac6b5816e1fc34eafa457d7c4394dd) Importer(2089858483,0ecaa5967403d082aa24f35e1b516d23)  -> (artifact id: 'bc72b0c22887f6cc1ee9fafc545283bd') in 0.025639 seconds 
Number of asset objects unloaded after import = 3
========================================================================
Received Import Request.
  Time since last request: 0.000018 seconds.
  path: Assets/Mirror/Transports/Telepathy/Telepathy/Server.cs
  artifactKey: Guid(fb98a16841ccc4338a7e0b4e59136563) Importer(2089858483,0ecaa5967403d082aa24f35e1b516d23)
Number of updated assets reloaded before import = 0
Start importing Assets/Mirror/Transports/Telepathy/Telepathy/Server.cs using Guid(fb98a16841ccc4338a7e0b4e59136563) Importer(2089858483,0ecaa5967403d082aa24f35e1b516d23)  -> (artifact id: '21d4ca093f4b581d333b8d3f8241ee26') in 0.011335 seconds 
Number of asset objects unloaded after import = 0
========================================================================
Received Import Request.
  Time since last request: 0.000021 seconds.
  path: Assets/Mirror/Editor/Weaver/EntryPointILPostProcessor/ILPostProcessorFromFile.cs
  artifactKey: Guid(2a4b115486b74d27a9540f3c39ae2d46) Importer(2089858483,0ecaa5967403d082aa24f35e1b516d23)
Number of updated assets reloaded before import = 0
Start importing Assets/Mirror/Editor/Weaver/EntryPointILPostProcessor/ILPostProcessorFromFile.cs using Guid(2a4b115486b74d27a9540f3c39ae2d46) Importer(2089858483,0ecaa5967403d082aa24f35e1b516d23)  -> (artifact id: '205d556e4f933b6c7aba593f37272db1') in 0.011863 seconds 
Number of asset objects unloaded after import = 0
========================================================================
Received Import Request.
  Time since last request: 0.000024 seconds.
  path: Assets/Mirror/Presets/Network Transform (Unreliable)/ClientAuth-Balanced.preset
  artifactKey: Guid(0a20d07504f3744079937213136ef7a3) Importer(2089858483,0ecaa5967403d082aa24f35e1b516d23)
Number of updated assets reloaded before import = 0
Start importing Assets/Mirror/Presets/Network Transform (Unreliable)/ClientAuth-Balanced.preset using Guid(0a20d07504f3744079937213136ef7a3) Importer(2089858483,0ecaa5967403d082aa24f35e1b516d23)  -> (artifact id: '6015ae2a6eddbffc01da6db3489369f8') in 0.021785 seconds 
Number of asset objects unloaded after import = 1
========================================================================
Received Import Request.
  Time since last request: 0.000021 seconds.
  path: Assets/Mirror/Examples/_Common/Controllers/TankController/TurretUI.cs
  artifactKey: Guid(727f1d4c7bded434bb0a729ba0dcbc51) Importer(2089858483,0ecaa5967403d082aa24f35e1b516d23)
Number of updated assets reloaded before import = 0
Start importing Assets/Mirror/Examples/_Common/Controllers/TankController/TurretUI.cs using Guid(727f1d4c7bded434bb0a729ba0dcbc51) Importer(2089858483,0ecaa5967403d082aa24f35e1b516d23)  -> (artifact id: '8bbaef69c7df56ec5186e543f2467def') in 0.011785 seconds 
Number of asset objects unloaded after import = 1
========================================================================
Received Import Request.
  Time since last request: 0.000031 seconds.
  path: Assets/Mirror/Examples/_Common/OpenGameArt/Sounds/mutantdie.mp3
  artifactKey: Guid(2dca47b728a1b4471b826a66c8b19485) Importer(2089858483,0ecaa5967403d082aa24f35e1b516d23)
Number of updated assets reloaded before import = 0
Start importing Assets/Mirror/Examples/_Common/OpenGameArt/Sounds/mutantdie.mp3 using Guid(2dca47b728a1b4471b826a66c8b19485) Importer(2089858483,0ecaa5967403d082aa24f35e1b516d23)  -> (artifact id: '83234cb95af74798324b060401c5570a') in 0.074403 seconds 
Number of asset objects unloaded after import = 1
========================================================================
Received Import Request.
  Time since last request: 0.000032 seconds.
  path: Assets/Mirror/Transports/Edgegap/EdgegapRelay/EdgegapKcpClient.cs
  artifactKey: Guid(a0d6fba7098f4ea3949d0195e8276adc) Importer(2089858483,0ecaa5967403d082aa24f35e1b516d23)
Number of updated assets reloaded before import = 0
Start importing Assets/Mirror/Transports/Edgegap/EdgegapRelay/EdgegapKcpClient.cs using Guid(a0d6fba7098f4ea3949d0195e8276adc) Importer(2089858483,0ecaa5967403d082aa24f35e1b516d23)  -> (artifact id: 'e06e648bcab738aa41e3999909abaef3') in 0.013400 seconds 
Number of asset objects unloaded after import = 1
========================================================================
Received Import Request.
  Time since last request: 0.000037 seconds.
  path: Assets/Sprites/skeleton_1/death_left/death_left_1_0002.png
  artifactKey: Guid(68ecdb0049554e14783ecd35c8ee01e5) Importer(2089858483,0ecaa5967403d082aa24f35e1b516d23)
Number of updated assets reloaded before import = 0
Start importing Assets/Sprites/skeleton_1/death_left/death_left_1_0002.png using Guid(68ecdb0049554e14783ecd35c8ee01e5) Importer(2089858483,0ecaa5967403d082aa24f35e1b516d23)  -> (artifact id: '79a604cbd5e73480c8edcee0937b702c') in 0.022662 seconds 
Number of asset objects unloaded after import = 3
========================================================================
Received Import Request.
  Time since last request: 0.000024 seconds.
  path: Assets/Mirror/Hosting/Edgegap/Editor/EdgegapWindow.uxml
  artifactKey: Guid(8f6d8a95cd8228e468ad40dbec5ca478) Importer(2089858483,0ecaa5967403d082aa24f35e1b516d23)
Number of updated assets reloaded before import = 0
Start importing Assets/Mirror/Hosting/Edgegap/Editor/EdgegapWindow.uxml using Guid(8f6d8a95cd8228e468ad40dbec5ca478) Importer(2089858483,0ecaa5967403d082aa24f35e1b516d23)  -> (artifact id: '1824dc02b64ce2baa2d1551d11fae066') in 0.063134 seconds 
Number of asset objects unloaded after import = 10
========================================================================
Received Import Request.
  Time since last request: 0.000039 seconds.
  path: Assets/Mirror/Examples/BilliardsPredicted/Ball/Pockets.cs
  artifactKey: Guid(f17c923d118b941fb90a834d87e9ff27) Importer(2089858483,0ecaa5967403d082aa24f35e1b516d23)
Number of updated assets reloaded before import = 0
Start importing Assets/Mirror/Examples/BilliardsPredicted/Ball/Pockets.cs using Guid(f17c923d118b941fb90a834d87e9ff27) Importer(2089858483,0ecaa5967403d082aa24f35e1b516d23)  -> (artifact id: '476327d8927b895fc3c437f0f1f6078a') in 0.011412 seconds 
Number of asset objects unloaded after import = 0
========================================================================
Received Import Request.
  Time since last request: 0.000028 seconds.
  path: Assets/TextMesh Pro/Examples & Extras/Resources/Color Gradient Presets/Dark to Light Green - Vertical.asset
  artifactKey: Guid(4c86a3366cd840348ebe8dc438570ee4) Importer(2089858483,0ecaa5967403d082aa24f35e1b516d23)
Number of updated assets reloaded before import = 0
Start importing Assets/TextMesh Pro/Examples & Extras/Resources/Color Gradient Presets/Dark to Light Green - Vertical.asset using Guid(4c86a3366cd840348ebe8dc438570ee4) Importer(2089858483,0ecaa5967403d082aa24f35e1b516d23)  -> (artifact id: '42acbdd3cbfa3c935ea29d863d8793f0') in 0.013698 seconds 
Number of asset objects unloaded after import = 1
========================================================================
Received Import Request.
  Time since last request: 0.000023 seconds.
  path: Assets/Mirror/Examples/CharacterSelection/Scripts/CharacterData.cs
  artifactKey: Guid(f5fc49087bdc848b2aefe5c91858c7b1) Importer(2089858483,0ecaa5967403d082aa24f35e1b516d23)
Number of updated assets reloaded before import = 0
Start importing Assets/Mirror/Examples/CharacterSelection/Scripts/CharacterData.cs using Guid(f5fc49087bdc848b2aefe5c91858c7b1) Importer(2089858483,0ecaa5967403d082aa24f35e1b516d23)  -> (artifact id: 'da61d31481d598dd61833c9b94733aed') in 0.012674 seconds 
Number of asset objects unloaded after import = 0
========================================================================
Received Import Request.
  Time since last request: 0.000028 seconds.
  path: Assets/TextMesh Pro/Examples & Extras/Resources/Fonts & Materials/Bangers SDF Glow.mat
  artifactKey: Guid(d75b8f41e959450c84ac6e967084d3e1) Importer(2089858483,0ecaa5967403d082aa24f35e1b516d23)
Number of updated assets reloaded before import = 0
Start importing Assets/TextMesh Pro/Examples & Extras/Resources/Fonts & Materials/Bangers SDF Glow.mat using Guid(d75b8f41e959450c84ac6e967084d3e1) Importer(2089858483,0ecaa5967403d082aa24f35e1b516d23)  -> (artifact id: 'b5c27d920977639a41d0a90f349081ac') in 0.031360 seconds 
Number of asset objects unloaded after import = 3
========================================================================
Received Import Request.
  Time since last request: 0.000022 seconds.
  path: Assets/Sprites/skeleton_2/walk_right/walk_right_2_0005.png
  artifactKey: Guid(a78e1f12388fc5d49853c69aaaaa1be6) Importer(2089858483,0ecaa5967403d082aa24f35e1b516d23)
Number of updated assets reloaded before import = 0
Start importing Assets/Sprites/skeleton_2/walk_right/walk_right_2_0005.png using Guid(a78e1f12388fc5d49853c69aaaaa1be6) Importer(2089858483,0ecaa5967403d082aa24f35e1b516d23)  -> (artifact id: 'b5ef42bc3aa26721e16ae50a44809467') in 0.022406 seconds 
Number of asset objects unloaded after import = 3
========================================================================
Received Import Request.
  Time since last request: 0.000048 seconds.
  path: Assets/Mirror/Components/Profiling/Prefabs/BandwidthGraph.prefab
  artifactKey: Guid(3c7a97355c25a2b4da731b53876f8a8b) Importer(2089858483,0ecaa5967403d082aa24f35e1b516d23)
Number of updated assets reloaded before import = 0
Start importing Assets/Mirror/Components/Profiling/Prefabs/BandwidthGraph.prefab using Guid(3c7a97355c25a2b4da731b53876f8a8b) Importer(2089858483,0ecaa5967403d082aa24f35e1b516d23)  -> (artifact id: 'e8f2a6b924dd6f1fc653ff2f4339a1bd') in 0.024243 seconds 
Number of asset objects unloaded after import = 97
========================================================================
Received Import Request.
  Time since last request: 0.000024 seconds.
  path: Assets/Mirror/Examples/PickupsDropsChilds/Scripts/Interfaces/EquippedBat.cs
  artifactKey: Guid(35ca3b53a1e608f46ae9195e9d8cae83) Importer(2089858483,0ecaa5967403d082aa24f35e1b516d23)
Number of updated assets reloaded before import = 0
Start importing Assets/Mirror/Examples/PickupsDropsChilds/Scripts/Interfaces/EquippedBat.cs using Guid(35ca3b53a1e608f46ae9195e9d8cae83) Importer(2089858483,0ecaa5967403d082aa24f35e1b516d23)  -> (artifact id: '5dfda22be02abf7a38e8bc4dfbe04a7c') in 0.010563 seconds 
Number of asset objects unloaded after import = 0
========================================================================
Received Import Request.
  Time since last request: 0.000028 seconds.
  path: Assets/Sprites/skeleton_2/walk_right/walk_right_2_0007.png
  artifactKey: Guid(d0b74e8a3dd81bd47b5832f9807ad178) Importer(2089858483,0ecaa5967403d082aa24f35e1b516d23)
Number of updated assets reloaded before import = 0
Start importing Assets/Sprites/skeleton_2/walk_right/walk_right_2_0007.png using Guid(d0b74e8a3dd81bd47b5832f9807ad178) Importer(2089858483,0ecaa5967403d082aa24f35e1b516d23)  -> (artifact id: '4a6d60defa04858c776d9943faddfdfb') in 0.023525 seconds 
Number of asset objects unloaded after import = 3
========================================================================
Received Import Request.
  Time since last request: 0.000022 seconds.
  path: Assets/Sprites/Enviroment/WaterTiles/46.png
  artifactKey: Guid(5595cbe7794fde64c92264fdbcca6494) Importer(2089858483,0ecaa5967403d082aa24f35e1b516d23)
Number of updated assets reloaded before import = 0
Start importing Assets/Sprites/Enviroment/WaterTiles/46.png using Guid(5595cbe7794fde64c92264fdbcca6494) Importer(2089858483,0ecaa5967403d082aa24f35e1b516d23)  -> (artifact id: '95bf845071be83d5c865ba19a0ed1245') in 0.022484 seconds 
Number of asset objects unloaded after import = 3
========================================================================
Received Import Request.
  Time since last request: 0.000026 seconds.
  path: Assets/Mirror/Hosting/Edgegap/Models/SDK/MatchmakerComponentEnvsUpdate.cs
  artifactKey: Guid(6348531b7894bff4eb4a5a66fbad3ecc) Importer(2089858483,0ecaa5967403d082aa24f35e1b516d23)
Number of updated assets reloaded before import = 0
Start importing Assets/Mirror/Hosting/Edgegap/Models/SDK/MatchmakerComponentEnvsUpdate.cs using Guid(6348531b7894bff4eb4a5a66fbad3ecc) Importer(2089858483,0ecaa5967403d082aa24f35e1b516d23)  -> (artifact id: '984622bda3724441d0afa7148dcb53ac') in 0.011799 seconds 
Number of asset objects unloaded after import = 0
========================================================================
Received Import Request.
  Time since last request: 0.000023 seconds.
  path: Assets/Mirror/Transports/SimpleWeb/SimpleWeb/Common/BufferPool.cs
  artifactKey: Guid(94ae50f3ec35667469b861b12cd72f92) Importer(2089858483,0ecaa5967403d082aa24f35e1b516d23)
Number of updated assets reloaded before import = 0
Start importing Assets/Mirror/Transports/SimpleWeb/SimpleWeb/Common/BufferPool.cs using Guid(94ae50f3ec35667469b861b12cd72f92) Importer(2089858483,0ecaa5967403d082aa24f35e1b516d23)  -> (artifact id: '4b7187ee1e478ec2f42452f176c355d6') in 0.010811 seconds 
Number of asset objects unloaded after import = 0
========================================================================
Received Import Request.
  Time since last request: 0.000026 seconds.
  path: Assets/Mirror/Plugins/Mono.Cecil/Mono.CecilX.Mdb.dll
  artifactKey: Guid(a078fc7c0dc14d047a28dea9c93fd259) Importer(2089858483,0ecaa5967403d082aa24f35e1b516d23)
Number of updated assets reloaded before import = 0
Start importing Assets/Mirror/Plugins/Mono.Cecil/Mono.CecilX.Mdb.dll using Guid(a078fc7c0dc14d047a28dea9c93fd259) Importer(2089858483,0ecaa5967403d082aa24f35e1b516d23)  -> (artifact id: '5bd387ba27dea9b9554427a308ea2586') in 0.015856 seconds 
Number of asset objects unloaded after import = 1
========================================================================
Received Import Request.
  Time since last request: 0.000032 seconds.
  path: Assets/Mirror/Examples/MultipleMatches/Prefabs/MatchGUI.prefab
  artifactKey: Guid(df3727c2222378b4ca786485a8b09981) Importer(2089858483,0ecaa5967403d082aa24f35e1b516d23)
Number of updated assets reloaded before import = 0
Start importing Assets/Mirror/Examples/MultipleMatches/Prefabs/MatchGUI.prefab using Guid(df3727c2222378b4ca786485a8b09981) Importer(2089858483,0ecaa5967403d082aa24f35e1b516d23)  -> (artifact id: '8fa296162060144c7b16ceada6d82a96') in 0.028680 seconds 
Number of asset objects unloaded after import = 16
========================================================================
Received Import Request.
  Time since last request: 0.000024 seconds.
  path: Assets/Sprites/skeleton_1/death_down/death_down_1_0008.png
  artifactKey: Guid(bbc4e496ae6b8574baca32b57ae28dd2) Importer(2089858483,0ecaa5967403d082aa24f35e1b516d23)
Number of updated assets reloaded before import = 0
Start importing Assets/Sprites/skeleton_1/death_down/death_down_1_0008.png using Guid(bbc4e496ae6b8574baca32b57ae28dd2) Importer(2089858483,0ecaa5967403d082aa24f35e1b516d23)  -> (artifact id: 'def2dbbdddf958dcdeaf980eb4b334f3') in 0.022950 seconds 
Number of asset objects unloaded after import = 3
========================================================================
Received Import Request.
  Time since last request: 0.000032 seconds.
  path: Assets/Mirror/Components/InterestManagement/SpatialHashing/HexGrid3D.cs
  artifactKey: Guid(9c4fe05752c9a85458b8e44611fe832b) Importer(2089858483,0ecaa5967403d082aa24f35e1b516d23)
Number of updated assets reloaded before import = 0
Start importing Assets/Mirror/Components/InterestManagement/SpatialHashing/HexGrid3D.cs using Guid(9c4fe05752c9a85458b8e44611fe832b) Importer(2089858483,0ecaa5967403d082aa24f35e1b516d23)  -> (artifact id: 'f958b8453a2536d06692e506b5d71b57') in 0.011126 seconds 
Number of asset objects unloaded after import = 0
========================================================================
Received Import Request.
  Time since last request: 0.000040 seconds.
  path: Assets/Mirror/Hosting/Edgegap/Enums/ToolState.cs
  artifactKey: Guid(a6d6b357e2b245e4fb9758d8175a6554) Importer(2089858483,0ecaa5967403d082aa24f35e1b516d23)
Number of updated assets reloaded before import = 0
Start importing Assets/Mirror/Hosting/Edgegap/Enums/ToolState.cs using Guid(a6d6b357e2b245e4fb9758d8175a6554) Importer(2089858483,0ecaa5967403d082aa24f35e1b516d23)  -> (artifact id: '60298bf07f9568b377fca40226e5f9b1') in 0.010994 seconds 
Number of asset objects unloaded after import = 0
========================================================================
Received Import Request.
  Time since last request: 0.000033 seconds.
  path: Assets/TextMesh Pro/Examples & Extras/Sprites/Default Sprites.png
  artifactKey: Guid(a0fc465d6cf04254a2938578735e2383) Importer(2089858483,0ecaa5967403d082aa24f35e1b516d23)
Number of updated assets reloaded before import = 0
Start importing Assets/TextMesh Pro/Examples & Extras/Sprites/Default Sprites.png using Guid(a0fc465d6cf04254a2938578735e2383) Importer(2089858483,0ecaa5967403d082aa24f35e1b516d23)  -> (artifact id: 'a265c10c7798544451e4ba1a870ee0ff') in 0.034066 seconds 
Number of asset objects unloaded after import = 1
========================================================================
Received Import Request.
  Time since last request: 0.000028 seconds.
  path: Assets/Mirror/Examples/_Common/Controllers/PlayerController/PlayerControllerBase.cs
  artifactKey: Guid(22ac0cecaad969041bfd6a297fc5f2cd) Importer(2089858483,0ecaa5967403d082aa24f35e1b516d23)
Number of updated assets reloaded before import = 0
Start importing Assets/Mirror/Examples/_Common/Controllers/PlayerController/PlayerControllerBase.cs using Guid(22ac0cecaad969041bfd6a297fc5f2cd) Importer(2089858483,0ecaa5967403d082aa24f35e1b516d23)  -> (artifact id: 'ac25f6e5b069b9c38b056ed7da7592e0') in 0.012573 seconds 
Number of asset objects unloaded after import = 1
========================================================================
Received Import Request.
  Time since last request: 0.000022 seconds.
  path: Assets/Sprites/Gear/boots/boots_walk_right.png
  artifactKey: Guid(cea715e7e85f51b4786e48badbece314) Importer(2089858483,0ecaa5967403d082aa24f35e1b516d23)
Number of updated assets reloaded before import = 0
Start importing Assets/Sprites/Gear/boots/boots_walk_right.png using Guid(cea715e7e85f51b4786e48badbece314) Importer(2089858483,0ecaa5967403d082aa24f35e1b516d23)  -> (artifact id: '8ad143c05f074c76a57beb172c9c1aae') in 0.077767 seconds 
Number of asset objects unloaded after import = 18
========================================================================
Received Import Request.
  Time since last request: 0.000030 seconds.
  path: Assets/TextMesh Pro/Examples & Extras/Scripts/TMP_FrameRateCounter.cs
  artifactKey: Guid(686ec78b56aa445795335fbadafcfaa4) Importer(2089858483,0ecaa5967403d082aa24f35e1b516d23)
Number of updated assets reloaded before import = 0
Start importing Assets/TextMesh Pro/Examples & Extras/Scripts/TMP_FrameRateCounter.cs using Guid(686ec78b56aa445795335fbadafcfaa4) Importer(2089858483,0ecaa5967403d082aa24f35e1b516d23)  -> (artifact id: '90b5322ba465a764e0eb16b1be7167da') in 0.011144 seconds 
Number of asset objects unloaded after import = 0
========================================================================
Received Import Request.
  Time since last request: 0.000038 seconds.
  path: Assets/TextMesh Pro/Examples & Extras/Resources/Color Gradient Presets/Light to Dark Green - Vertical.asset
  artifactKey: Guid(5cf8ae092ca54931b443bec5148f3c59) Importer(2089858483,0ecaa5967403d082aa24f35e1b516d23)
Number of updated assets reloaded before import = 0
Start importing Assets/TextMesh Pro/Examples & Extras/Resources/Color Gradient Presets/Light to Dark Green - Vertical.asset using Guid(5cf8ae092ca54931b443bec5148f3c59) Importer(2089858483,0ecaa5967403d082aa24f35e1b516d23)  -> (artifact id: 'dff7abb547be17f1d4e518c4da3dae44') in 0.012303 seconds 
Number of asset objects unloaded after import = 1
========================================================================
Received Import Request.
  Time since last request: 0.000025 seconds.
  path: Assets/Mirror/Examples/BenchmarkStinkySteak/Dependencies/Unity-Simulation-Timer/LICENSE.md
  artifactKey: Guid(b0c6073310113462d96a86bea89ec4ea) Importer(2089858483,0ecaa5967403d082aa24f35e1b516d23)
Number of updated assets reloaded before import = 0
Start importing Assets/Mirror/Examples/BenchmarkStinkySteak/Dependencies/Unity-Simulation-Timer/LICENSE.md using Guid(b0c6073310113462d96a86bea89ec4ea) Importer(2089858483,0ecaa5967403d082aa24f35e1b516d23)  -> (artifact id: '68002e37d911fd55fde0ce82cf2701a7') in 0.009817 seconds 
Number of asset objects unloaded after import = 1
========================================================================
Received Import Request.
  Time since last request: 0.000018 seconds.
  path: Assets/Mirror/Transports/Telepathy/Telepathy/Telepathy.asmdef
  artifactKey: Guid(725ee7191c021de4dbf9269590ded755) Importer(2089858483,0ecaa5967403d082aa24f35e1b516d23)
Number of updated assets reloaded before import = 0
Start importing Assets/Mirror/Transports/Telepathy/Telepathy/Telepathy.asmdef using Guid(725ee7191c021de4dbf9269590ded755) Importer(2089858483,0ecaa5967403d082aa24f35e1b516d23)  -> (artifact id: 'b1b264b9f56c092da36b5d0b96231c59') in 0.017712 seconds 
Number of asset objects unloaded after import = 1
========================================================================
Received Import Request.
  Time since last request: 0.000033 seconds.
  path: Assets/Mirror/Examples/TanksHybrid/Scenes/MirrorTanksHybrid.unity
  artifactKey: Guid(124987c1fcd8c4fa9b37726b1103c16a) Importer(2089858483,0ecaa5967403d082aa24f35e1b516d23)
Number of updated assets reloaded before import = 0
Start importing Assets/Mirror/Examples/TanksHybrid/Scenes/MirrorTanksHybrid.unity using Guid(124987c1fcd8c4fa9b37726b1103c16a) Importer(2089858483,0ecaa5967403d082aa24f35e1b516d23)  -> (artifact id: '51d63d65e844bc3d9802ebfde94a739d') in 0.012270 seconds 
Number of asset objects unloaded after import = 1
========================================================================
Received Import Request.
  Time since last request: 0.000021 seconds.
  path: Assets/Mirror/Examples/TanksHybrid/Scenes/MirrorTanksHybrid/NavMesh.asset
  artifactKey: Guid(de74e811bae1141f08e0f364f424f0a5) Importer(2089858483,0ecaa5967403d082aa24f35e1b516d23)
Number of updated assets reloaded before import = 0
Start importing Assets/Mirror/Examples/TanksHybrid/Scenes/MirrorTanksHybrid/NavMesh.asset using Guid(de74e811bae1141f08e0f364f424f0a5) Importer(2089858483,0ecaa5967403d082aa24f35e1b516d23)  -> (artifact id: '9ecf0502bafc0ca8a09846a77437a418') in 0.014331 seconds 
Number of asset objects unloaded after import = 1
========================================================================
Received Import Request.
  Time since last request: 0.000035 seconds.
  path: Assets/Sprites/Enviroment/WaterTiles/8.png
  artifactKey: Guid(8ded63c64f1a92842956711d6453ef89) Importer(2089858483,0ecaa5967403d082aa24f35e1b516d23)
Number of updated assets reloaded before import = 0
Start importing Assets/Sprites/Enviroment/WaterTiles/8.png using Guid(8ded63c64f1a92842956711d6453ef89) Importer(2089858483,0ecaa5967403d082aa24f35e1b516d23)  -> (artifact id: '68cc3d2dab618e7cca99175020194cfb') in 0.024591 seconds 
Number of asset objects unloaded after import = 3
========================================================================
Received Import Request.
  Time since last request: 0.000019 seconds.
  path: Assets/Mirror/Examples/Billiards/Table/BilliardTable.mtl
  artifactKey: Guid(5d94495d573e34a16bff9b52dd3ad7e5) Importer(2089858483,0ecaa5967403d082aa24f35e1b516d23)
Number of updated assets reloaded before import = 0
Start importing Assets/Mirror/Examples/Billiards/Table/BilliardTable.mtl using Guid(5d94495d573e34a16bff9b52dd3ad7e5) Importer(2089858483,0ecaa5967403d082aa24f35e1b516d23)  -> (artifact id: '0b34a2cbdd14020b9651dbb71b38f048') in 0.014169 seconds 
Number of asset objects unloaded after import = 1
========================================================================
Received Import Request.
  Time since last request: 0.000018 seconds.
  path: Assets/Sprites/skeleton_2/walk_up/walk_up_2_0007.png
  artifactKey: Guid(e7e0eb7a278281844a7d6443378345bf) Importer(2089858483,0ecaa5967403d082aa24f35e1b516d23)
Number of updated assets reloaded before import = 0
Start importing Assets/Sprites/skeleton_2/walk_up/walk_up_2_0007.png using Guid(e7e0eb7a278281844a7d6443378345bf) Importer(2089858483,0ecaa5967403d082aa24f35e1b516d23)  -> (artifact id: 'e0385ff6e564a2f7ce774f9e716daec4') in 0.024209 seconds 
Number of asset objects unloaded after import = 3
========================================================================
Received Import Request.
  Time since last request: 0.000025 seconds.
  path: Assets/Mirror/Transports/Encryption/EncryptedConnection.cs
  artifactKey: Guid(28f3ac4ff1d346a895d0b4ff714fb57b) Importer(2089858483,0ecaa5967403d082aa24f35e1b516d23)
Number of updated assets reloaded before import = 0
Start importing Assets/Mirror/Transports/Encryption/EncryptedConnection.cs using Guid(28f3ac4ff1d346a895d0b4ff714fb57b) Importer(2089858483,0ecaa5967403d082aa24f35e1b516d23)  -> (artifact id: '8a90b33e99d387451eda30f2d78c7133') in 0.013202 seconds 
Number of asset objects unloaded after import = 0
========================================================================
Received Import Request.
  Time since last request: 0.000029 seconds.
  path: Assets/TextMesh Pro/Examples & Extras/Scenes/21 - Script Example.unity
  artifactKey: Guid(50f52f9274434ecfb34dd87f0836f323) Importer(2089858483,0ecaa5967403d082aa24f35e1b516d23)
Number of updated assets reloaded before import = 0
Start importing Assets/TextMesh Pro/Examples & Extras/Scenes/21 - Script Example.unity using Guid(50f52f9274434ecfb34dd87f0836f323) Importer(2089858483,0ecaa5967403d082aa24f35e1b516d23)  -> (artifact id: '69e6a8a010a6d8a05208457e284a2773') in 0.011321 seconds 
Number of asset objects unloaded after import = 1
========================================================================
Received Import Request.
  Time since last request: 0.000027 seconds.
  path: Assets/Mirror/Hosting/Edgegap/Edgegap.asmdef
  artifactKey: Guid(58ff3a2ca929d114eaf0ca373ff1e07a) Importer(2089858483,0ecaa5967403d082aa24f35e1b516d23)
Number of updated assets reloaded before import = 0
Start importing Assets/Mirror/Hosting/Edgegap/Edgegap.asmdef using Guid(58ff3a2ca929d114eaf0ca373ff1e07a) Importer(2089858483,0ecaa5967403d082aa24f35e1b516d23)  -> (artifact id: 'a07219f40a77d05b548f4ef28e7e5d44') in 0.018333 seconds 
Number of asset objects unloaded after import = 1
========================================================================
Received Import Request.
  Time since last request: 0.000022 seconds.
  path: Assets/Sprites/skeleton_2/walk_up/walk_up_2_0001.png
  artifactKey: Guid(7f7b5d83d00dadd4195b49119f6f1d44) Importer(2089858483,0ecaa5967403d082aa24f35e1b516d23)
Number of updated assets reloaded before import = 0
Start importing Assets/Sprites/skeleton_2/walk_up/walk_up_2_0001.png using Guid(7f7b5d83d00dadd4195b49119f6f1d44) Importer(2089858483,0ecaa5967403d082aa24f35e1b516d23)  -> (artifact id: '8ba361fe628c50bd67da54c4fa02818d') in 0.021182 seconds 
Number of asset objects unloaded after import = 3
========================================================================
Received Import Request.
  Time since last request: 0.000022 seconds.
  path: Assets/Mirror/Examples/Room/Prefabs/GamePlayerReliable.prefab
  artifactKey: Guid(21daf89214c6ee443ad6875b73083c60) Importer(2089858483,0ecaa5967403d082aa24f35e1b516d23)
Number of updated assets reloaded before import = 0
Start importing Assets/Mirror/Examples/Room/Prefabs/GamePlayerReliable.prefab using Guid(21daf89214c6ee443ad6875b73083c60) Importer(2089858483,0ecaa5967403d082aa24f35e1b516d23)  -> (artifact id: '305da8b5805ca0f8b056f441b3ecaa79') in 0.055269 seconds 
Number of asset objects unloaded after import = 165
========================================================================
Received Import Request.
  Time since last request: 0.000060 seconds.
  path: Assets/Mirror/Transports/Multiplex/MultiplexTransport.cs
  artifactKey: Guid(929e3234c7db540b899f00183fc2b1fe) Importer(2089858483,0ecaa5967403d082aa24f35e1b516d23)
Number of updated assets reloaded before import = 0
Start importing Assets/Mirror/Transports/Multiplex/MultiplexTransport.cs using Guid(929e3234c7db540b899f00183fc2b1fe) Importer(2089858483,0ecaa5967403d082aa24f35e1b516d23)  -> (artifact id: '3cbcf7df4f1b2b40e546f71f8c9dfc21') in 0.016689 seconds 
Number of asset objects unloaded after import = 1
========================================================================
Received Import Request.
  Time since last request: 0.000059 seconds.
  path: Assets/Mirror/Examples/AdditiveLevels/Textures/Left_Tex.jpeg
  artifactKey: Guid(e5a0eeef6a2514a78b267405d686fe09) Importer(2089858483,0ecaa5967403d082aa24f35e1b516d23)
Number of updated assets reloaded before import = 0
Start importing Assets/Mirror/Examples/AdditiveLevels/Textures/Left_Tex.jpeg using Guid(e5a0eeef6a2514a78b267405d686fe09) Importer(2089858483,0ecaa5967403d082aa24f35e1b516d23)  -> (artifact id: '084db163a263eb4f5e9c6117db198f3f') in 0.025042 seconds 
Number of asset objects unloaded after import = 1
========================================================================
Received Import Request.
  Time since last request: 0.000026 seconds.
  path: Assets/Sprites/Enviroment/WaterTiles/12.png
  artifactKey: Guid(5c5cc53e2f729244c90e40973a1f60c2) Importer(2089858483,0ecaa5967403d082aa24f35e1b516d23)
Number of updated assets reloaded before import = 0
Start importing Assets/Sprites/Enviroment/WaterTiles/12.png using Guid(5c5cc53e2f729244c90e40973a1f60c2) Importer(2089858483,0ecaa5967403d082aa24f35e1b516d23)  -> (artifact id: '34ae41b377c063bd4a590c63d528da39') in 0.026086 seconds 
Number of asset objects unloaded after import = 3
========================================================================
Received Import Request.
  Time since last request: 0.000026 seconds.
  path: Assets/Sprites/skeleton_1/idle_down/idle_down_1_0007.png
  artifactKey: Guid(721c2de9b94ac75428db7ffb3324afa1) Importer(2089858483,0ecaa5967403d082aa24f35e1b516d23)
Number of updated assets reloaded before import = 0
Start importing Assets/Sprites/skeleton_1/idle_down/idle_down_1_0007.png using Guid(721c2de9b94ac75428db7ffb3324afa1) Importer(2089858483,0ecaa5967403d082aa24f35e1b516d23)  -> (artifact id: 'a373aa38622d123690ceea92f15a56eb') in 0.025935 seconds 
Number of asset objects unloaded after import = 3
========================================================================
Received Import Request.
  Time since last request: 0.000031 seconds.
  path: Assets/Sprites/skeleton_2/death_down/death_down_2_0011.png
  artifactKey: Guid(2d862389c9e9b534e9dd75d28cf543e2) Importer(2089858483,0ecaa5967403d082aa24f35e1b516d23)
Number of updated assets reloaded before import = 0
Start importing Assets/Sprites/skeleton_2/death_down/death_down_2_0011.png using Guid(2d862389c9e9b534e9dd75d28cf543e2) Importer(2089858483,0ecaa5967403d082aa24f35e1b516d23)  -> (artifact id: '748872f0052938b68c1660fa784f75e9') in 0.023442 seconds 
Number of asset objects unloaded after import = 3
========================================================================
Received Import Request.
  Time since last request: 0.000026 seconds.
  path: Assets/Sprites/skeleton_1/idle_down/idle_down_1_0002.png
  artifactKey: Guid(7aab04b419a8ff0429e5349ce66c1127) Importer(2089858483,0ecaa5967403d082aa24f35e1b516d23)
Number of updated assets reloaded before import = 0
Start importing Assets/Sprites/skeleton_1/idle_down/idle_down_1_0002.png using Guid(7aab04b419a8ff0429e5349ce66c1127) Importer(2089858483,0ecaa5967403d082aa24f35e1b516d23)  -> (artifact id: 'e58ce311531a83f6ffeeb797ddaf271b') in 0.024296 seconds 
Number of asset objects unloaded after import = 3
========================================================================
Received Import Request.
  Time since last request: 0.000024 seconds.
  path: Assets/Sprites/Gear/weapon/weapon_walk_front.png
  artifactKey: Guid(5b888fc93fe68964dbbc7df88296444f) Importer(2089858483,0ecaa5967403d082aa24f35e1b516d23)
Number of updated assets reloaded before import = 0
Start importing Assets/Sprites/Gear/weapon/weapon_walk_front.png using Guid(5b888fc93fe68964dbbc7df88296444f) Importer(2089858483,0ecaa5967403d082aa24f35e1b516d23)  -> (artifact id: '4eaa2d332cabd8182e390bcfd3af59ea') in 0.080607 seconds 
Number of asset objects unloaded after import = 18
========================================================================
Received Import Request.
  Time since last request: 0.000067 seconds.
  path: Assets/Sprites/skeleton_1/death_down/death_down_1_0004.png
  artifactKey: Guid(bac04e25627d07c4187200824a3a5335) Importer(2089858483,0ecaa5967403d082aa24f35e1b516d23)
Number of updated assets reloaded before import = 0
Start importing Assets/Sprites/skeleton_1/death_down/death_down_1_0004.png using Guid(bac04e25627d07c4187200824a3a5335) Importer(2089858483,0ecaa5967403d082aa24f35e1b516d23)  -> (artifact id: '5444a1c19478419461096b8fcd266d1e') in 0.028441 seconds 
Number of asset objects unloaded after import = 3
========================================================================
Received Import Request.
  Time since last request: 0.000031 seconds.
  path: Assets/Sprites/Gear/weapon/weapon_idle_back.png
  artifactKey: Guid(2f8071e473888b34abde6e0923d1735c) Importer(2089858483,0ecaa5967403d082aa24f35e1b516d23)
Number of updated assets reloaded before import = 0
Start importing Assets/Sprites/Gear/weapon/weapon_idle_back.png using Guid(2f8071e473888b34abde6e0923d1735c) Importer(2089858483,0ecaa5967403d082aa24f35e1b516d23)  -> (artifact id: '0e31ecb9abc904e6802cebadcfbd4880') in 0.053739 seconds 
Number of asset objects unloaded after import = 14
========================================================================
Received Prepare
Refreshing native plugins compatible for Editor in 12.10 ms, found 2 plugins.
Preloading 0 native plugins for Editor in 0.00 ms.
Unloading 49 Unused Serialized files (Serialized files now loaded: 0)
Unloading 263 unused Assets / (202.0 KB). Loaded Objects now: 3708.
Memory consumption went from 62.2 MB to 62.0 MB.
Total: 10.549000 ms (FindLiveObjects: 0.294300 ms CreateObjectMapping: 0.102600 ms MarkObjects: 9.692000 ms  DeleteObjects: 0.458300 ms)

AssetImportParameters requested are different than current active one (requested -> active):
  custom:video-decoder-ogg-theora: a1e56fd34408186e4bbccfd4996cb3dc -> 
  custom:container-muxer-webm: aa71ff27fc2769a1b78a27578f13a17b -> 
  custom:container-demuxer-webm: 4f35f7cbe854078d1ac9338744f61a02 -> 
  custom:video-encoder-webm-vp8: eb34c28f22e8b96e1ab97ce403110664 -> 
  custom:CustomObjectIndexerAttribute: bc11b3a6c3213fcdd17b65e7da85e133 -> 
  custom:audio-encoder-webm-vorbis: bf7c407c2cedff20999df2af8eb42d56 -> 
  custom:framework-win-MediaFoundation: 216162199b28c13a410421893ffa2e32 -> 
  custom:SearchIndexIgnoredProperties: e643bd26f0fe6173181afceb89e7c659 -> 
  custom:container-demuxer-ogg: 62fdf1f143b41e24485cea50d1cbac27 -> 
  custom:video-decoder-webm-vp8: 9c59270c3fd7afecdb556c50c9e8de78 -> 
  custom:audio-decoder-ogg-vorbis: bf7c407c2cedff20999df2af8eb42d56 -> 
========================================================================
Received Prepare
Refreshing native plugins compatible for Editor in 9.58 ms, found 2 plugins.
Preloading 0 native plugins for Editor in 0.00 ms.
Unloading 49 Unused Serialized files (Serialized files now loaded: 0)
Unloading 49 unused Assets / (23.0 KB). Loaded Objects now: 3708.
Memory consumption went from 61.6 MB to 61.6 MB.
Total: 8.490900 ms (FindLiveObjects: 0.483500 ms CreateObjectMapping: 0.134100 ms MarkObjects: 7.837000 ms  DeleteObjects: 0.035200 ms)

AssetImportParameters requested are different than current active one (requested -> active):
  custom:video-decoder-ogg-theora: a1e56fd34408186e4bbccfd4996cb3dc -> 
  custom:container-muxer-webm: aa71ff27fc2769a1b78a27578f13a17b -> 
  custom:container-demuxer-webm: 4f35f7cbe854078d1ac9338744f61a02 -> 
  custom:video-encoder-webm-vp8: eb34c28f22e8b96e1ab97ce403110664 -> 
  custom:CustomObjectIndexerAttribute: bc11b3a6c3213fcdd17b65e7da85e133 -> 
  custom:audio-encoder-webm-vorbis: bf7c407c2cedff20999df2af8eb42d56 -> 
  custom:framework-win-MediaFoundation: 216162199b28c13a410421893ffa2e32 -> 
  custom:SearchIndexIgnoredProperties: e643bd26f0fe6173181afceb89e7c659 -> 
  custom:container-demuxer-ogg: 62fdf1f143b41e24485cea50d1cbac27 -> 
  custom:video-decoder-webm-vp8: 9c59270c3fd7afecdb556c50c9e8de78 -> 
  custom:audio-decoder-ogg-vorbis: bf7c407c2cedff20999df2af8eb42d56 -> 
========================================================================
Received Prepare
Registering precompiled user dll's ...
Registered in 0.005916 seconds.
Begin MonoManager ReloadAssembly
Symbol file LoadedFromMemory is not a mono symbol file
Native extension for UWP target not found
Native extension for WindowsStandalone target not found
Native extension for Android target not found
Native extension for WebGL target not found
Refreshing native plugins compatible for Editor in 1.31 ms, found 2 plugins.
Preloading 0 native plugins for Editor in 0.00 ms.
[Package Manager] Server::EnsureServerProcessIsRunning -- launch failed, reason: Unity was launched with the -noUpm command-line argument
[Package Manager] Cannot connect to Unity Package Manager local server
Mono: successfully reloaded assembly
- Completed reload, in  1.737 seconds
Domain Reload Profiling:
	ReloadAssembly (1738ms)
		BeginReloadAssembly (140ms)
			ExecutionOrderSort (0ms)
			DisableScriptedObjects (5ms)
			BackupInstance (0ms)
			ReleaseScriptingObjects (0ms)
			CreateAndSetChildDomain (47ms)
		EndReloadAssembly (1481ms)
			LoadAssemblies (106ms)
			RebuildTransferFunctionScriptingTraits (0ms)
			SetupTypeCache (285ms)
			ReleaseScriptCaches (2ms)
			RebuildScriptCaches (51ms)
			SetupLoadedEditorAssemblies (956ms)
				LogAssemblyErrors (0ms)
				InitializePlatformSupportModulesInManaged (23ms)
				SetLoadedEditorAssemblies (0ms)
				RefreshPlugins (1ms)
				BeforeProcessingInitializeOnLoad (70ms)
				ProcessInitializeOnLoadAttributes (671ms)
				ProcessInitializeOnLoadMethodAttributes (178ms)
				AfterProcessingInitializeOnLoad (11ms)
				EditorAssembliesLoaded (0ms)
			ExecutionOrderSort2 (0ms)
			AwakeInstancesAfterBackupRestoration (9ms)
Platform modules already initialized, skipping
Refreshing native plugins compatible for Editor in 1.48 ms, found 2 plugins.
Preloading 0 native plugins for Editor in 0.00 ms.
Unloading 3101 Unused Serialized files (Serialized files now loaded: 0)
Unloading 51 unused Assets / (23.0 KB). Loaded Objects now: 3711.
Memory consumption went from 121.5 MB to 121.4 MB.
Total: 12.456600 ms (FindLiveObjects: 0.346000 ms CreateObjectMapping: 0.087900 ms MarkObjects: 11.943200 ms  DeleteObjects: 0.077500 ms)

AssetImportParameters requested are different than current active one (requested -> active):
  custom:video-decoder-ogg-theora: a1e56fd34408186e4bbccfd4996cb3dc -> 
  custom:container-muxer-webm: aa71ff27fc2769a1b78a27578f13a17b -> 
  custom:container-demuxer-webm: 4f35f7cbe854078d1ac9338744f61a02 -> 
  custom:video-encoder-webm-vp8: eb34c28f22e8b96e1ab97ce403110664 -> 
  custom:CustomObjectIndexerAttribute: bc11b3a6c3213fcdd17b65e7da85e133 -> 
  custom:audio-encoder-webm-vorbis: bf7c407c2cedff20999df2af8eb42d56 -> 
  custom:framework-win-MediaFoundation: 216162199b28c13a410421893ffa2e32 -> 
  custom:SearchIndexIgnoredProperties: e643bd26f0fe6173181afceb89e7c659 -> 
  custom:container-demuxer-ogg: 62fdf1f143b41e24485cea50d1cbac27 -> 
  custom:video-decoder-webm-vp8: 9c59270c3fd7afecdb556c50c9e8de78 -> 
  custom:audio-decoder-ogg-vorbis: bf7c407c2cedff20999df2af8eb42d56 -> 
========================================================================
Received Prepare
Refreshing native plugins compatible for Editor in 11.47 ms, found 2 plugins.
Preloading 0 native plugins for Editor in 0.00 ms.
Unloading 49 Unused Serialized files (Serialized files now loaded: 0)
Unloading 49 unused Assets / (23.0 KB). Loaded Objects now: 3711.
Memory consumption went from 59.5 MB to 59.5 MB.
Total: 9.469600 ms (FindLiveObjects: 0.425700 ms CreateObjectMapping: 0.246400 ms MarkObjects: 8.742000 ms  DeleteObjects: 0.054400 ms)

AssetImportParameters requested are different than current active one (requested -> active):
  custom:video-decoder-ogg-theora: a1e56fd34408186e4bbccfd4996cb3dc -> 
  custom:container-muxer-webm: aa71ff27fc2769a1b78a27578f13a17b -> 
  custom:container-demuxer-webm: 4f35f7cbe854078d1ac9338744f61a02 -> 
  custom:video-encoder-webm-vp8: eb34c28f22e8b96e1ab97ce403110664 -> 
  custom:CustomObjectIndexerAttribute: bc11b3a6c3213fcdd17b65e7da85e133 -> 
  custom:audio-encoder-webm-vorbis: bf7c407c2cedff20999df2af8eb42d56 -> 
  custom:framework-win-MediaFoundation: 216162199b28c13a410421893ffa2e32 -> 
  custom:SearchIndexIgnoredProperties: e643bd26f0fe6173181afceb89e7c659 -> 
  custom:container-demuxer-ogg: 62fdf1f143b41e24485cea50d1cbac27 -> 
  custom:video-decoder-webm-vp8: 9c59270c3fd7afecdb556c50c9e8de78 -> 
  custom:audio-decoder-ogg-vorbis: bf7c407c2cedff20999df2af8eb42d56 -> 
========================================================================
Received Prepare
Refreshing native plugins compatible for Editor in 9.91 ms, found 2 plugins.
Preloading 0 native plugins for Editor in 0.00 ms.
Unloading 49 Unused Serialized files (Serialized files now loaded: 0)
Unloading 49 unused Assets / (23.1 KB). Loaded Objects now: 3711.
Memory consumption went from 59.3 MB to 59.2 MB.
Total: 8.661500 ms (FindLiveObjects: 0.431400 ms CreateObjectMapping: 0.156400 ms MarkObjects: 8.025000 ms  DeleteObjects: 0.047800 ms)

AssetImportParameters requested are different than current active one (requested -> active):
  custom:video-decoder-ogg-theora: a1e56fd34408186e4bbccfd4996cb3dc -> 
  custom:container-muxer-webm: aa71ff27fc2769a1b78a27578f13a17b -> 
  custom:container-demuxer-webm: 4f35f7cbe854078d1ac9338744f61a02 -> 
  custom:video-encoder-webm-vp8: eb34c28f22e8b96e1ab97ce403110664 -> 
  custom:CustomObjectIndexerAttribute: bc11b3a6c3213fcdd17b65e7da85e133 -> 
  custom:audio-encoder-webm-vorbis: bf7c407c2cedff20999df2af8eb42d56 -> 
  custom:framework-win-MediaFoundation: 216162199b28c13a410421893ffa2e32 -> 
  custom:SearchIndexIgnoredProperties: e643bd26f0fe6173181afceb89e7c659 -> 
  custom:container-demuxer-ogg: 62fdf1f143b41e24485cea50d1cbac27 -> 
  custom:video-decoder-webm-vp8: 9c59270c3fd7afecdb556c50c9e8de78 -> 
  custom:audio-decoder-ogg-vorbis: bf7c407c2cedff20999df2af8eb42d56 -> 
========================================================================
Received Prepare
Refreshing native plugins compatible for Editor in 10.49 ms, found 2 plugins.
Preloading 0 native plugins for Editor in 0.00 ms.
Unloading 49 Unused Serialized files (Serialized files now loaded: 0)
Unloading 49 unused Assets / (23.1 KB). Loaded Objects now: 3711.
Memory consumption went from 59.3 MB to 59.2 MB.
Total: 7.625400 ms (FindLiveObjects: 0.443200 ms CreateObjectMapping: 0.154400 ms MarkObjects: 6.989400 ms  DeleteObjects: 0.037700 ms)

AssetImportParameters requested are different than current active one (requested -> active):
  custom:video-decoder-ogg-theora: a1e56fd34408186e4bbccfd4996cb3dc -> 
  custom:container-muxer-webm: aa71ff27fc2769a1b78a27578f13a17b -> 
  custom:container-demuxer-webm: 4f35f7cbe854078d1ac9338744f61a02 -> 
  custom:video-encoder-webm-vp8: eb34c28f22e8b96e1ab97ce403110664 -> 
  custom:CustomObjectIndexerAttribute: bc11b3a6c3213fcdd17b65e7da85e133 -> 
  custom:audio-encoder-webm-vorbis: bf7c407c2cedff20999df2af8eb42d56 -> 
  custom:framework-win-MediaFoundation: 216162199b28c13a410421893ffa2e32 -> 
  custom:SearchIndexIgnoredProperties: e643bd26f0fe6173181afceb89e7c659 -> 
  custom:container-demuxer-ogg: 62fdf1f143b41e24485cea50d1cbac27 -> 
  custom:video-decoder-webm-vp8: 9c59270c3fd7afecdb556c50c9e8de78 -> 
  custom:audio-decoder-ogg-vorbis: bf7c407c2cedff20999df2af8eb42d56 -> 
========================================================================
Received Prepare
Registering precompiled user dll's ...
Registered in 0.010354 seconds.
Begin MonoManager ReloadAssembly
Symbol file LoadedFromMemory is not a mono symbol file
Native extension for UWP target not found
Native extension for WindowsStandalone target not found
Native extension for Android target not found
Native extension for WebGL target not found
Refreshing native plugins compatible for Editor in 1.51 ms, found 2 plugins.
Preloading 0 native plugins for Editor in 0.00 ms.
[Package Manager] Server::EnsureServerProcessIsRunning -- launch failed, reason: Unity was launched with the -noUpm command-line argument
[Package Manager] Cannot connect to Unity Package Manager local server
Mono: successfully reloaded assembly
- Completed reload, in  1.692 seconds
Domain Reload Profiling:
	ReloadAssembly (1692ms)
		BeginReloadAssembly (178ms)
			ExecutionOrderSort (0ms)
			DisableScriptedObjects (7ms)
			BackupInstance (0ms)
			ReleaseScriptingObjects (0ms)
			CreateAndSetChildDomain (50ms)
		EndReloadAssembly (1398ms)
			LoadAssemblies (131ms)
			RebuildTransferFunctionScriptingTraits (0ms)
			SetupTypeCache (266ms)
			ReleaseScriptCaches (1ms)
			RebuildScriptCaches (49ms)
			SetupLoadedEditorAssemblies (910ms)
				LogAssemblyErrors (0ms)
				InitializePlatformSupportModulesInManaged (20ms)
				SetLoadedEditorAssemblies (0ms)
				RefreshPlugins (2ms)
				BeforeProcessingInitializeOnLoad (57ms)
				ProcessInitializeOnLoadAttributes (656ms)
				ProcessInitializeOnLoadMethodAttributes (166ms)
				AfterProcessingInitializeOnLoad (9ms)
				EditorAssembliesLoaded (0ms)
			ExecutionOrderSort2 (0ms)
			AwakeInstancesAfterBackupRestoration (9ms)
Platform modules already initialized, skipping
Refreshing native plugins compatible for Editor in 1.47 ms, found 2 plugins.
Preloading 0 native plugins for Editor in 0.00 ms.
Unloading 3101 Unused Serialized files (Serialized files now loaded: 0)
Unloading 51 unused Assets / (23.0 KB). Loaded Objects now: 3714.
Memory consumption went from 121.5 MB to 121.5 MB.
Total: 7.190700 ms (FindLiveObjects: 0.264500 ms CreateObjectMapping: 0.168600 ms MarkObjects: 6.716700 ms  DeleteObjects: 0.040000 ms)

AssetImportParameters requested are different than current active one (requested -> active):
  custom:video-decoder-ogg-theora: a1e56fd34408186e4bbccfd4996cb3dc -> 
  custom:container-muxer-webm: aa71ff27fc2769a1b78a27578f13a17b -> 
  custom:container-demuxer-webm: 4f35f7cbe854078d1ac9338744f61a02 -> 
  custom:video-encoder-webm-vp8: eb34c28f22e8b96e1ab97ce403110664 -> 
  custom:CustomObjectIndexerAttribute: bc11b3a6c3213fcdd17b65e7da85e133 -> 
  custom:audio-encoder-webm-vorbis: bf7c407c2cedff20999df2af8eb42d56 -> 
  custom:framework-win-MediaFoundation: 216162199b28c13a410421893ffa2e32 -> 
  custom:SearchIndexIgnoredProperties: e643bd26f0fe6173181afceb89e7c659 -> 
  custom:container-demuxer-ogg: 62fdf1f143b41e24485cea50d1cbac27 -> 
  custom:video-decoder-webm-vp8: 9c59270c3fd7afecdb556c50c9e8de78 -> 
  custom:audio-decoder-ogg-vorbis: bf7c407c2cedff20999df2af8eb42d56 -> 
========================================================================
Received Prepare
Refreshing native plugins compatible for Editor in 9.39 ms, found 2 plugins.
Preloading 0 native plugins for Editor in 0.00 ms.
Unloading 49 Unused Serialized files (Serialized files now loaded: 0)
Unloading 49 unused Assets / (23.0 KB). Loaded Objects now: 3714.
Memory consumption went from 59.6 MB to 59.6 MB.
Total: 6.101400 ms (FindLiveObjects: 0.283000 ms CreateObjectMapping: 0.081200 ms MarkObjects: 5.694100 ms  DeleteObjects: 0.042300 ms)

AssetImportParameters requested are different than current active one (requested -> active):
  custom:video-decoder-ogg-theora: a1e56fd34408186e4bbccfd4996cb3dc -> 
  custom:container-muxer-webm: aa71ff27fc2769a1b78a27578f13a17b -> 
  custom:container-demuxer-webm: 4f35f7cbe854078d1ac9338744f61a02 -> 
  custom:video-encoder-webm-vp8: eb34c28f22e8b96e1ab97ce403110664 -> 
  custom:CustomObjectIndexerAttribute: bc11b3a6c3213fcdd17b65e7da85e133 -> 
  custom:audio-encoder-webm-vorbis: bf7c407c2cedff20999df2af8eb42d56 -> 
  custom:framework-win-MediaFoundation: 216162199b28c13a410421893ffa2e32 -> 
  custom:SearchIndexIgnoredProperties: e643bd26f0fe6173181afceb89e7c659 -> 
  custom:container-demuxer-ogg: 62fdf1f143b41e24485cea50d1cbac27 -> 
  custom:video-decoder-webm-vp8: 9c59270c3fd7afecdb556c50c9e8de78 -> 
  custom:audio-decoder-ogg-vorbis: bf7c407c2cedff20999df2af8eb42d56 -> 
========================================================================
Received Prepare
Registering precompiled user dll's ...
Registered in 0.010259 seconds.
Begin MonoManager ReloadAssembly
Symbol file LoadedFromMemory is not a mono symbol file
Native extension for UWP target not found
Native extension for WindowsStandalone target not found
Native extension for Android target not found
Native extension for WebGL target not found
Refreshing native plugins compatible for Editor in 0.93 ms, found 2 plugins.
Preloading 0 native plugins for Editor in 0.00 ms.
[Package Manager] Server::EnsureServerProcessIsRunning -- launch failed, reason: Unity was launched with the -noUpm command-line argument
[Package Manager] Cannot connect to Unity Package Manager local server
Mono: successfully reloaded assembly
- Completed reload, in  1.354 seconds
Domain Reload Profiling:
	ReloadAssembly (1355ms)
		BeginReloadAssembly (166ms)
			ExecutionOrderSort (0ms)
			DisableScriptedObjects (6ms)
			BackupInstance (0ms)
			ReleaseScriptingObjects (0ms)
			CreateAndSetChildDomain (49ms)
		EndReloadAssembly (1093ms)
			LoadAssemblies (113ms)
			RebuildTransferFunctionScriptingTraits (0ms)
			SetupTypeCache (187ms)
			ReleaseScriptCaches (1ms)
			RebuildScriptCaches (33ms)
			SetupLoadedEditorAssemblies (749ms)
				LogAssemblyErrors (0ms)
				InitializePlatformSupportModulesInManaged (14ms)
				SetLoadedEditorAssemblies (0ms)
				RefreshPlugins (1ms)
				BeforeProcessingInitializeOnLoad (41ms)
				ProcessInitializeOnLoadAttributes (572ms)
				ProcessInitializeOnLoadMethodAttributes (113ms)
				AfterProcessingInitializeOnLoad (7ms)
				EditorAssembliesLoaded (0ms)
			ExecutionOrderSort2 (0ms)
			AwakeInstancesAfterBackupRestoration (6ms)
Platform modules already initialized, skipping
Refreshing native plugins compatible for Editor in 0.90 ms, found 2 plugins.
Preloading 0 native plugins for Editor in 0.00 ms.
Unloading 3101 Unused Serialized files (Serialized files now loaded: 0)
Unloading 51 unused Assets / (23.0 KB). Loaded Objects now: 3717.
Memory consumption went from 121.5 MB to 121.5 MB.
Total: 6.515900 ms (FindLiveObjects: 0.271800 ms CreateObjectMapping: 0.090700 ms MarkObjects: 6.112200 ms  DeleteObjects: 0.039600 ms)

AssetImportParameters requested are different than current active one (requested -> active):
  custom:video-decoder-ogg-theora: a1e56fd34408186e4bbccfd4996cb3dc -> 
  custom:container-muxer-webm: aa71ff27fc2769a1b78a27578f13a17b -> 
  custom:container-demuxer-webm: 4f35f7cbe854078d1ac9338744f61a02 -> 
  custom:video-encoder-webm-vp8: eb34c28f22e8b96e1ab97ce403110664 -> 
  custom:CustomObjectIndexerAttribute: bc11b3a6c3213fcdd17b65e7da85e133 -> 
  custom:audio-encoder-webm-vorbis: bf7c407c2cedff20999df2af8eb42d56 -> 
  custom:framework-win-MediaFoundation: 216162199b28c13a410421893ffa2e32 -> 
  custom:SearchIndexIgnoredProperties: e643bd26f0fe6173181afceb89e7c659 -> 
  custom:container-demuxer-ogg: 62fdf1f143b41e24485cea50d1cbac27 -> 
  custom:video-decoder-webm-vp8: 9c59270c3fd7afecdb556c50c9e8de78 -> 
  custom:audio-decoder-ogg-vorbis: bf7c407c2cedff20999df2af8eb42d56 -> 
========================================================================
Received Prepare
Refreshing native plugins compatible for Editor in 12.03 ms, found 2 plugins.
Preloading 0 native plugins for Editor in 0.00 ms.
Unloading 49 Unused Serialized files (Serialized files now loaded: 0)
Unloading 49 unused Assets / (22.9 KB). Loaded Objects now: 3717.
Memory consumption went from 59.6 MB to 59.6 MB.
Total: 7.198700 ms (FindLiveObjects: 0.286400 ms CreateObjectMapping: 0.086700 ms MarkObjects: 6.782700 ms  DeleteObjects: 0.042000 ms)

AssetImportParameters requested are different than current active one (requested -> active):
  custom:video-decoder-ogg-theora: a1e56fd34408186e4bbccfd4996cb3dc -> 
  custom:container-muxer-webm: aa71ff27fc2769a1b78a27578f13a17b -> 
  custom:container-demuxer-webm: 4f35f7cbe854078d1ac9338744f61a02 -> 
  custom:video-encoder-webm-vp8: eb34c28f22e8b96e1ab97ce403110664 -> 
  custom:CustomObjectIndexerAttribute: bc11b3a6c3213fcdd17b65e7da85e133 -> 
  custom:audio-encoder-webm-vorbis: bf7c407c2cedff20999df2af8eb42d56 -> 
  custom:framework-win-MediaFoundation: 216162199b28c13a410421893ffa2e32 -> 
  custom:SearchIndexIgnoredProperties: e643bd26f0fe6173181afceb89e7c659 -> 
  custom:container-demuxer-ogg: 62fdf1f143b41e24485cea50d1cbac27 -> 
  custom:video-decoder-webm-vp8: 9c59270c3fd7afecdb556c50c9e8de78 -> 
  custom:audio-decoder-ogg-vorbis: bf7c407c2cedff20999df2af8eb42d56 -> 
========================================================================
Received Prepare
Registering precompiled user dll's ...
Registered in 0.005592 seconds.
Begin MonoManager ReloadAssembly
Symbol file LoadedFromMemory is not a mono symbol file
Native extension for UWP target not found
Native extension for WindowsStandalone target not found
Native extension for Android target not found
Native extension for WebGL target not found
Refreshing native plugins compatible for Editor in 0.85 ms, found 2 plugins.
Preloading 0 native plugins for Editor in 0.00 ms.
[Package Manager] Server::EnsureServerProcessIsRunning -- launch failed, reason: Unity was launched with the -noUpm command-line argument
[Package Manager] Cannot connect to Unity Package Manager local server
Mono: successfully reloaded assembly
- Completed reload, in  1.286 seconds
Domain Reload Profiling:
	ReloadAssembly (1287ms)
		BeginReloadAssembly (146ms)
			ExecutionOrderSort (0ms)
			DisableScriptedObjects (7ms)
			BackupInstance (0ms)
			ReleaseScriptingObjects (0ms)
			CreateAndSetChildDomain (50ms)
		EndReloadAssembly (1066ms)
			LoadAssemblies (89ms)
			RebuildTransferFunctionScriptingTraits (0ms)
			SetupTypeCache (183ms)
			ReleaseScriptCaches (1ms)
			RebuildScriptCaches (32ms)
			SetupLoadedEditorAssemblies (733ms)
				LogAssemblyErrors (0ms)
				InitializePlatformSupportModulesInManaged (14ms)
				SetLoadedEditorAssemblies (0ms)
				RefreshPlugins (1ms)
				BeforeProcessingInitializeOnLoad (41ms)
				ProcessInitializeOnLoadAttributes (564ms)
				ProcessInitializeOnLoadMethodAttributes (106ms)
				AfterProcessingInitializeOnLoad (6ms)
				EditorAssembliesLoaded (0ms)
			ExecutionOrderSort2 (0ms)
			AwakeInstancesAfterBackupRestoration (6ms)
Platform modules already initialized, skipping
Refreshing native plugins compatible for Editor in 0.94 ms, found 2 plugins.
Preloading 0 native plugins for Editor in 0.00 ms.
Unloading 3104 Unused Serialized files (Serialized files now loaded: 0)
Unloading 51 unused Assets / (23.0 KB). Loaded Objects now: 3723.
Memory consumption went from 121.6 MB to 121.6 MB.
Total: 8.336300 ms (FindLiveObjects: 0.246700 ms CreateObjectMapping: 0.078700 ms MarkObjects: 7.959900 ms  DeleteObjects: 0.049900 ms)

AssetImportParameters requested are different than current active one (requested -> active):
  custom:video-decoder-ogg-theora: a1e56fd34408186e4bbccfd4996cb3dc -> 
  custom:container-muxer-webm: aa71ff27fc2769a1b78a27578f13a17b -> 
  custom:container-demuxer-webm: 4f35f7cbe854078d1ac9338744f61a02 -> 
  custom:video-encoder-webm-vp8: eb34c28f22e8b96e1ab97ce403110664 -> 
  custom:CustomObjectIndexerAttribute: bc11b3a6c3213fcdd17b65e7da85e133 -> 
  custom:audio-encoder-webm-vorbis: bf7c407c2cedff20999df2af8eb42d56 -> 
  custom:framework-win-MediaFoundation: 216162199b28c13a410421893ffa2e32 -> 
  custom:SearchIndexIgnoredProperties: e643bd26f0fe6173181afceb89e7c659 -> 
  custom:container-demuxer-ogg: 62fdf1f143b41e24485cea50d1cbac27 -> 
  custom:video-decoder-webm-vp8: 9c59270c3fd7afecdb556c50c9e8de78 -> 
  custom:audio-decoder-ogg-vorbis: bf7c407c2cedff20999df2af8eb42d56 -> 
========================================================================
Received Prepare
Refreshing native plugins compatible for Editor in 15.22 ms, found 2 plugins.
Preloading 0 native plugins for Editor in 0.00 ms.
Unloading 49 Unused Serialized files (Serialized files now loaded: 0)
Unloading 49 unused Assets / (23.0 KB). Loaded Objects now: 3723.
Memory consumption went from 59.6 MB to 59.6 MB.
Total: 10.185900 ms (FindLiveObjects: 0.438300 ms CreateObjectMapping: 0.260500 ms MarkObjects: 9.371900 ms  DeleteObjects: 0.114000 ms)

AssetImportParameters requested are different than current active one (requested -> active):
  custom:video-decoder-ogg-theora: a1e56fd34408186e4bbccfd4996cb3dc -> 
  custom:container-muxer-webm: aa71ff27fc2769a1b78a27578f13a17b -> 
  custom:container-demuxer-webm: 4f35f7cbe854078d1ac9338744f61a02 -> 
  custom:video-encoder-webm-vp8: eb34c28f22e8b96e1ab97ce403110664 -> 
  custom:CustomObjectIndexerAttribute: bc11b3a6c3213fcdd17b65e7da85e133 -> 
  custom:audio-encoder-webm-vorbis: bf7c407c2cedff20999df2af8eb42d56 -> 
  custom:framework-win-MediaFoundation: 216162199b28c13a410421893ffa2e32 -> 
  custom:SearchIndexIgnoredProperties: e643bd26f0fe6173181afceb89e7c659 -> 
  custom:container-demuxer-ogg: 62fdf1f143b41e24485cea50d1cbac27 -> 
  custom:video-decoder-webm-vp8: 9c59270c3fd7afecdb556c50c9e8de78 -> 
  custom:audio-decoder-ogg-vorbis: bf7c407c2cedff20999df2af8eb42d56 -> 
========================================================================
Received Prepare
Registering precompiled user dll's ...
Registered in 0.006402 seconds.
Begin MonoManager ReloadAssembly
Symbol file LoadedFromMemory is not a mono symbol file
Native extension for UWP target not found
Native extension for WindowsStandalone target not found
Native extension for Android target not found
Native extension for WebGL target not found
Refreshing native plugins compatible for Editor in 0.92 ms, found 2 plugins.
Preloading 0 native plugins for Editor in 0.00 ms.
[Package Manager] Server::EnsureServerProcessIsRunning -- launch failed, reason: Unity was launched with the -noUpm command-line argument
[Package Manager] Cannot connect to Unity Package Manager local server
Mono: successfully reloaded assembly
- Completed reload, in  1.283 seconds
Domain Reload Profiling:
	ReloadAssembly (1283ms)
		BeginReloadAssembly (140ms)
			ExecutionOrderSort (0ms)
			DisableScriptedObjects (5ms)
			BackupInstance (0ms)
			ReleaseScriptingObjects (0ms)
			CreateAndSetChildDomain (43ms)
		EndReloadAssembly (1056ms)
			LoadAssemblies (93ms)
			RebuildTransferFunctionScriptingTraits (0ms)
			SetupTypeCache (174ms)
			ReleaseScriptCaches (1ms)
			RebuildScriptCaches (31ms)
			SetupLoadedEditorAssemblies (731ms)
				LogAssemblyErrors (0ms)
				InitializePlatformSupportModulesInManaged (14ms)
				SetLoadedEditorAssemblies (0ms)
				RefreshPlugins (1ms)
				BeforeProcessingInitializeOnLoad (41ms)
				ProcessInitializeOnLoadAttributes (557ms)
				ProcessInitializeOnLoadMethodAttributes (112ms)
				AfterProcessingInitializeOnLoad (6ms)
				EditorAssembliesLoaded (0ms)
			ExecutionOrderSort2 (0ms)
			AwakeInstancesAfterBackupRestoration (6ms)
Platform modules already initialized, skipping
Refreshing native plugins compatible for Editor in 0.96 ms, found 2 plugins.
Preloading 0 native plugins for Editor in 0.00 ms.
Unloading 3104 Unused Serialized files (Serialized files now loaded: 0)
Unloading 51 unused Assets / (23.0 KB). Loaded Objects now: 3726.
Memory consumption went from 121.6 MB to 121.6 MB.
Total: 6.092700 ms (FindLiveObjects: 0.257200 ms CreateObjectMapping: 0.092300 ms MarkObjects: 5.676900 ms  DeleteObjects: 0.064900 ms)

AssetImportParameters requested are different than current active one (requested -> active):
  custom:video-decoder-ogg-theora: a1e56fd34408186e4bbccfd4996cb3dc -> 
  custom:container-muxer-webm: aa71ff27fc2769a1b78a27578f13a17b -> 
  custom:container-demuxer-webm: 4f35f7cbe854078d1ac9338744f61a02 -> 
  custom:video-encoder-webm-vp8: eb34c28f22e8b96e1ab97ce403110664 -> 
  custom:CustomObjectIndexerAttribute: bc11b3a6c3213fcdd17b65e7da85e133 -> 
  custom:audio-encoder-webm-vorbis: bf7c407c2cedff20999df2af8eb42d56 -> 
  custom:framework-win-MediaFoundation: 216162199b28c13a410421893ffa2e32 -> 
  custom:SearchIndexIgnoredProperties: e643bd26f0fe6173181afceb89e7c659 -> 
  custom:container-demuxer-ogg: 62fdf1f143b41e24485cea50d1cbac27 -> 
  custom:video-decoder-webm-vp8: 9c59270c3fd7afecdb556c50c9e8de78 -> 
  custom:audio-decoder-ogg-vorbis: bf7c407c2cedff20999df2af8eb42d56 -> 
========================================================================
Received Prepare
Refreshing native plugins compatible for Editor in 11.47 ms, found 2 plugins.
Preloading 0 native plugins for Editor in 0.00 ms.
Unloading 49 Unused Serialized files (Serialized files now loaded: 0)
Unloading 49 unused Assets / (23.0 KB). Loaded Objects now: 3726.
Memory consumption went from 59.6 MB to 59.6 MB.
Total: 9.434200 ms (FindLiveObjects: 0.431600 ms CreateObjectMapping: 0.109500 ms MarkObjects: 8.844600 ms  DeleteObjects: 0.047900 ms)

AssetImportParameters requested are different than current active one (requested -> active):
  custom:video-decoder-ogg-theora: a1e56fd34408186e4bbccfd4996cb3dc -> 
  custom:container-muxer-webm: aa71ff27fc2769a1b78a27578f13a17b -> 
  custom:container-demuxer-webm: 4f35f7cbe854078d1ac9338744f61a02 -> 
  custom:video-encoder-webm-vp8: eb34c28f22e8b96e1ab97ce403110664 -> 
  custom:CustomObjectIndexerAttribute: bc11b3a6c3213fcdd17b65e7da85e133 -> 
  custom:audio-encoder-webm-vorbis: bf7c407c2cedff20999df2af8eb42d56 -> 
  custom:framework-win-MediaFoundation: 216162199b28c13a410421893ffa2e32 -> 
  custom:SearchIndexIgnoredProperties: e643bd26f0fe6173181afceb89e7c659 -> 
  custom:container-demuxer-ogg: 62fdf1f143b41e24485cea50d1cbac27 -> 
  custom:video-decoder-webm-vp8: 9c59270c3fd7afecdb556c50c9e8de78 -> 
  custom:audio-decoder-ogg-vorbis: bf7c407c2cedff20999df2af8eb42d56 -> 
========================================================================
Received Prepare
Registering precompiled user dll's ...
Registered in 0.007425 seconds.
Begin MonoManager ReloadAssembly
Symbol file LoadedFromMemory is not a mono symbol file
Native extension for UWP target not found
Native extension for WindowsStandalone target not found
Native extension for Android target not found
Native extension for WebGL target not found
Refreshing native plugins compatible for Editor in 0.94 ms, found 2 plugins.
Preloading 0 native plugins for Editor in 0.00 ms.
[Package Manager] Server::EnsureServerProcessIsRunning -- launch failed, reason: Unity was launched with the -noUpm command-line argument
[Package Manager] Cannot connect to Unity Package Manager local server
Mono: successfully reloaded assembly
- Completed reload, in  1.276 seconds
Domain Reload Profiling:
	ReloadAssembly (1276ms)
		BeginReloadAssembly (142ms)
			ExecutionOrderSort (0ms)
			DisableScriptedObjects (6ms)
			BackupInstance (0ms)
			ReleaseScriptingObjects (0ms)
			CreateAndSetChildDomain (45ms)
		EndReloadAssembly (1055ms)
			LoadAssemblies (90ms)
			RebuildTransferFunctionScriptingTraits (0ms)
			SetupTypeCache (174ms)
			ReleaseScriptCaches (1ms)
			RebuildScriptCaches (32ms)
			SetupLoadedEditorAssemblies (727ms)
				LogAssemblyErrors (0ms)
				InitializePlatformSupportModulesInManaged (14ms)
				SetLoadedEditorAssemblies (0ms)
				RefreshPlugins (1ms)
				BeforeProcessingInitializeOnLoad (45ms)
				ProcessInitializeOnLoadAttributes (553ms)
				ProcessInitializeOnLoadMethodAttributes (107ms)
				AfterProcessingInitializeOnLoad (6ms)
				EditorAssembliesLoaded (0ms)
			ExecutionOrderSort2 (0ms)
			AwakeInstancesAfterBackupRestoration (5ms)
Platform modules already initialized, skipping
Refreshing native plugins compatible for Editor in 0.88 ms, found 2 plugins.
Preloading 0 native plugins for Editor in 0.00 ms.
Unloading 3104 Unused Serialized files (Serialized files now loaded: 0)
Unloading 51 unused Assets / (23.0 KB). Loaded Objects now: 3729.
Memory consumption went from 121.6 MB to 121.6 MB.
Total: 6.009000 ms (FindLiveObjects: 0.298600 ms CreateObjectMapping: 0.099000 ms MarkObjects: 5.570700 ms  DeleteObjects: 0.039900 ms)

AssetImportParameters requested are different than current active one (requested -> active):
  custom:video-decoder-ogg-theora: a1e56fd34408186e4bbccfd4996cb3dc -> 
  custom:container-muxer-webm: aa71ff27fc2769a1b78a27578f13a17b -> 
  custom:container-demuxer-webm: 4f35f7cbe854078d1ac9338744f61a02 -> 
  custom:video-encoder-webm-vp8: eb34c28f22e8b96e1ab97ce403110664 -> 
  custom:CustomObjectIndexerAttribute: bc11b3a6c3213fcdd17b65e7da85e133 -> 
  custom:audio-encoder-webm-vorbis: bf7c407c2cedff20999df2af8eb42d56 -> 
  custom:framework-win-MediaFoundation: 216162199b28c13a410421893ffa2e32 -> 
  custom:SearchIndexIgnoredProperties: e643bd26f0fe6173181afceb89e7c659 -> 
  custom:container-demuxer-ogg: 62fdf1f143b41e24485cea50d1cbac27 -> 
  custom:video-decoder-webm-vp8: 9c59270c3fd7afecdb556c50c9e8de78 -> 
  custom:audio-decoder-ogg-vorbis: bf7c407c2cedff20999df2af8eb42d56 -> 
========================================================================
Received Prepare
Refreshing native plugins compatible for Editor in 9.67 ms, found 2 plugins.
Preloading 0 native plugins for Editor in 0.00 ms.
Unloading 49 Unused Serialized files (Serialized files now loaded: 0)
Unloading 49 unused Assets / (23.0 KB). Loaded Objects now: 3729.
Memory consumption went from 59.6 MB to 59.6 MB.
Total: 6.254100 ms (FindLiveObjects: 0.251300 ms CreateObjectMapping: 0.080100 ms MarkObjects: 5.882000 ms  DeleteObjects: 0.039600 ms)

AssetImportParameters requested are different than current active one (requested -> active):
  custom:video-decoder-ogg-theora: a1e56fd34408186e4bbccfd4996cb3dc -> 
  custom:container-muxer-webm: aa71ff27fc2769a1b78a27578f13a17b -> 
  custom:container-demuxer-webm: 4f35f7cbe854078d1ac9338744f61a02 -> 
  custom:video-encoder-webm-vp8: eb34c28f22e8b96e1ab97ce403110664 -> 
  custom:CustomObjectIndexerAttribute: bc11b3a6c3213fcdd17b65e7da85e133 -> 
  custom:audio-encoder-webm-vorbis: bf7c407c2cedff20999df2af8eb42d56 -> 
  custom:framework-win-MediaFoundation: 216162199b28c13a410421893ffa2e32 -> 
  custom:SearchIndexIgnoredProperties: e643bd26f0fe6173181afceb89e7c659 -> 
  custom:container-demuxer-ogg: 62fdf1f143b41e24485cea50d1cbac27 -> 
  custom:video-decoder-webm-vp8: 9c59270c3fd7afecdb556c50c9e8de78 -> 
  custom:audio-decoder-ogg-vorbis: bf7c407c2cedff20999df2af8eb42d56 -> 
========================================================================
Received Prepare
Refreshing native plugins compatible for Editor in 9.84 ms, found 2 plugins.
Preloading 0 native plugins for Editor in 0.00 ms.
Unloading 49 Unused Serialized files (Serialized files now loaded: 0)
Unloading 49 unused Assets / (23.1 KB). Loaded Objects now: 3729.
Memory consumption went from 59.3 MB to 59.3 MB.
Total: 6.391700 ms (FindLiveObjects: 0.259200 ms CreateObjectMapping: 0.080300 ms MarkObjects: 6.014700 ms  DeleteObjects: 0.036600 ms)

AssetImportParameters requested are different than current active one (requested -> active):
  custom:video-decoder-ogg-theora: a1e56fd34408186e4bbccfd4996cb3dc -> 
  custom:container-muxer-webm: aa71ff27fc2769a1b78a27578f13a17b -> 
  custom:container-demuxer-webm: 4f35f7cbe854078d1ac9338744f61a02 -> 
  custom:video-encoder-webm-vp8: eb34c28f22e8b96e1ab97ce403110664 -> 
  custom:CustomObjectIndexerAttribute: bc11b3a6c3213fcdd17b65e7da85e133 -> 
  custom:audio-encoder-webm-vorbis: bf7c407c2cedff20999df2af8eb42d56 -> 
  custom:framework-win-MediaFoundation: 216162199b28c13a410421893ffa2e32 -> 
  custom:SearchIndexIgnoredProperties: e643bd26f0fe6173181afceb89e7c659 -> 
  custom:container-demuxer-ogg: 62fdf1f143b41e24485cea50d1cbac27 -> 
  custom:video-decoder-webm-vp8: 9c59270c3fd7afecdb556c50c9e8de78 -> 
  custom:audio-decoder-ogg-vorbis: bf7c407c2cedff20999df2af8eb42d56 -> 
========================================================================
Received Prepare
Registering precompiled user dll's ...
Registered in 0.009290 seconds.
Begin MonoManager ReloadAssembly
Symbol file LoadedFromMemory is not a mono symbol file
Native extension for UWP target not found
Native extension for WindowsStandalone target not found
Native extension for Android target not found
Native extension for WebGL target not found
Refreshing native plugins compatible for Editor in 0.87 ms, found 2 plugins.
Preloading 0 native plugins for Editor in 0.00 ms.
[Package Manager] Server::EnsureServerProcessIsRunning -- launch failed, reason: Unity was launched with the -noUpm command-line argument
[Package Manager] Cannot connect to Unity Package Manager local server
Mono: successfully reloaded assembly
- Completed reload, in  1.638 seconds
Domain Reload Profiling:
	ReloadAssembly (1639ms)
		BeginReloadAssembly (178ms)
			ExecutionOrderSort (0ms)
			DisableScriptedObjects (7ms)
			BackupInstance (0ms)
			ReleaseScriptingObjects (0ms)
			CreateAndSetChildDomain (54ms)
		EndReloadAssembly (1344ms)
			LoadAssemblies (124ms)
			RebuildTransferFunctionScriptingTraits (0ms)
			SetupTypeCache (263ms)
			ReleaseScriptCaches (2ms)
			RebuildScriptCaches (44ms)
			SetupLoadedEditorAssemblies (885ms)
				LogAssemblyErrors (0ms)
				InitializePlatformSupportModulesInManaged (20ms)
				SetLoadedEditorAssemblies (0ms)
				RefreshPlugins (1ms)
				BeforeProcessingInitializeOnLoad (57ms)
				ProcessInitializeOnLoadAttributes (652ms)
				ProcessInitializeOnLoadMethodAttributes (148ms)
				AfterProcessingInitializeOnLoad (6ms)
				EditorAssembliesLoaded (0ms)
			ExecutionOrderSort2 (0ms)
			AwakeInstancesAfterBackupRestoration (7ms)
Platform modules already initialized, skipping
Refreshing native plugins compatible for Editor in 1.45 ms, found 2 plugins.
Preloading 0 native plugins for Editor in 0.00 ms.
Unloading 3104 Unused Serialized files (Serialized files now loaded: 0)
Unloading 51 unused Assets / (23.0 KB). Loaded Objects now: 3732.
Memory consumption went from 121.7 MB to 121.6 MB.
Total: 10.068000 ms (FindLiveObjects: 0.282500 ms CreateObjectMapping: 0.185500 ms MarkObjects: 9.476200 ms  DeleteObjects: 0.122200 ms)

AssetImportParameters requested are different than current active one (requested -> active):
  custom:video-decoder-ogg-theora: a1e56fd34408186e4bbccfd4996cb3dc -> 
  custom:container-muxer-webm: aa71ff27fc2769a1b78a27578f13a17b -> 
  custom:container-demuxer-webm: 4f35f7cbe854078d1ac9338744f61a02 -> 
  custom:video-encoder-webm-vp8: eb34c28f22e8b96e1ab97ce403110664 -> 
  custom:CustomObjectIndexerAttribute: bc11b3a6c3213fcdd17b65e7da85e133 -> 
  custom:audio-encoder-webm-vorbis: bf7c407c2cedff20999df2af8eb42d56 -> 
  custom:framework-win-MediaFoundation: 216162199b28c13a410421893ffa2e32 -> 
  custom:SearchIndexIgnoredProperties: e643bd26f0fe6173181afceb89e7c659 -> 
  custom:container-demuxer-ogg: 62fdf1f143b41e24485cea50d1cbac27 -> 
  custom:video-decoder-webm-vp8: 9c59270c3fd7afecdb556c50c9e8de78 -> 
  custom:audio-decoder-ogg-vorbis: bf7c407c2cedff20999df2af8eb42d56 -> 
========================================================================
Received Prepare
Refreshing native plugins compatible for Editor in 8.89 ms, found 2 plugins.
Preloading 0 native plugins for Editor in 0.00 ms.
Unloading 49 Unused Serialized files (Serialized files now loaded: 0)
Unloading 49 unused Assets / (23.0 KB). Loaded Objects now: 3732.
Memory consumption went from 59.7 MB to 59.6 MB.
Total: 5.978700 ms (FindLiveObjects: 0.252600 ms CreateObjectMapping: 0.078300 ms MarkObjects: 5.608400 ms  DeleteObjects: 0.039100 ms)

AssetImportParameters requested are different than current active one (requested -> active):
  custom:video-decoder-ogg-theora: a1e56fd34408186e4bbccfd4996cb3dc -> 
  custom:container-muxer-webm: aa71ff27fc2769a1b78a27578f13a17b -> 
  custom:container-demuxer-webm: 4f35f7cbe854078d1ac9338744f61a02 -> 
  custom:video-encoder-webm-vp8: eb34c28f22e8b96e1ab97ce403110664 -> 
  custom:CustomObjectIndexerAttribute: bc11b3a6c3213fcdd17b65e7da85e133 -> 
  custom:audio-encoder-webm-vorbis: bf7c407c2cedff20999df2af8eb42d56 -> 
  custom:framework-win-MediaFoundation: 216162199b28c13a410421893ffa2e32 -> 
  custom:SearchIndexIgnoredProperties: e643bd26f0fe6173181afceb89e7c659 -> 
  custom:container-demuxer-ogg: 62fdf1f143b41e24485cea50d1cbac27 -> 
  custom:video-decoder-webm-vp8: 9c59270c3fd7afecdb556c50c9e8de78 -> 
  custom:audio-decoder-ogg-vorbis: bf7c407c2cedff20999df2af8eb42d56 -> 
========================================================================
Received Prepare
Registering precompiled user dll's ...
Registered in 0.006612 seconds.
Begin MonoManager ReloadAssembly
Symbol file LoadedFromMemory is not a mono symbol file
Native extension for UWP target not found
Native extension for WindowsStandalone target not found
Native extension for Android target not found
Native extension for WebGL target not found
Refreshing native plugins compatible for Editor in 0.93 ms, found 2 plugins.
Preloading 0 native plugins for Editor in 0.00 ms.
[Package Manager] Server::EnsureServerProcessIsRunning -- launch failed, reason: Unity was launched with the -noUpm command-line argument
[Package Manager] Cannot connect to Unity Package Manager local server
Mono: successfully reloaded assembly
- Completed reload, in  1.261 seconds
Domain Reload Profiling:
	ReloadAssembly (1261ms)
		BeginReloadAssembly (136ms)
			ExecutionOrderSort (0ms)
			DisableScriptedObjects (6ms)
			BackupInstance (0ms)
			ReleaseScriptingObjects (0ms)
			CreateAndSetChildDomain (42ms)
		EndReloadAssembly (1048ms)
			LoadAssemblies (94ms)
			RebuildTransferFunctionScriptingTraits (0ms)
			SetupTypeCache (178ms)
			ReleaseScriptCaches (1ms)
			RebuildScriptCaches (32ms)
			SetupLoadedEditorAssemblies (716ms)
				LogAssemblyErrors (0ms)
				InitializePlatformSupportModulesInManaged (14ms)
				SetLoadedEditorAssemblies (0ms)
				RefreshPlugins (1ms)
				BeforeProcessingInitializeOnLoad (41ms)
				ProcessInitializeOnLoadAttributes (550ms)
				ProcessInitializeOnLoadMethodAttributes (105ms)
				AfterProcessingInitializeOnLoad (6ms)
				EditorAssembliesLoaded (0ms)
			ExecutionOrderSort2 (0ms)
			AwakeInstancesAfterBackupRestoration (5ms)
Platform modules already initialized, skipping
Refreshing native plugins compatible for Editor in 0.92 ms, found 2 plugins.
Preloading 0 native plugins for Editor in 0.00 ms.
Unloading 3104 Unused Serialized files (Serialized files now loaded: 0)
Unloading 51 unused Assets / (23.0 KB). Loaded Objects now: 3735.
Memory consumption went from 121.7 MB to 121.6 MB.
Total: 5.911300 ms (FindLiveObjects: 0.253400 ms CreateObjectMapping: 0.078100 ms MarkObjects: 5.547100 ms  DeleteObjects: 0.032100 ms)

AssetImportParameters requested are different than current active one (requested -> active):
  custom:video-decoder-ogg-theora: a1e56fd34408186e4bbccfd4996cb3dc -> 
  custom:container-muxer-webm: aa71ff27fc2769a1b78a27578f13a17b -> 
  custom:container-demuxer-webm: 4f35f7cbe854078d1ac9338744f61a02 -> 
  custom:video-encoder-webm-vp8: eb34c28f22e8b96e1ab97ce403110664 -> 
  custom:CustomObjectIndexerAttribute: bc11b3a6c3213fcdd17b65e7da85e133 -> 
  custom:audio-encoder-webm-vorbis: bf7c407c2cedff20999df2af8eb42d56 -> 
  custom:framework-win-MediaFoundation: 216162199b28c13a410421893ffa2e32 -> 
  custom:SearchIndexIgnoredProperties: e643bd26f0fe6173181afceb89e7c659 -> 
  custom:container-demuxer-ogg: 62fdf1f143b41e24485cea50d1cbac27 -> 
  custom:video-decoder-webm-vp8: 9c59270c3fd7afecdb556c50c9e8de78 -> 
  custom:audio-decoder-ogg-vorbis: bf7c407c2cedff20999df2af8eb42d56 -> 
========================================================================
Received Prepare
Refreshing native plugins compatible for Editor in 8.90 ms, found 2 plugins.
Preloading 0 native plugins for Editor in 0.00 ms.
Unloading 49 Unused Serialized files (Serialized files now loaded: 0)
Unloading 49 unused Assets / (23.0 KB). Loaded Objects now: 3735.
Memory consumption went from 59.7 MB to 59.6 MB.
Total: 6.419800 ms (FindLiveObjects: 0.259200 ms CreateObjectMapping: 0.079900 ms MarkObjects: 6.034000 ms  DeleteObjects: 0.045700 ms)

AssetImportParameters requested are different than current active one (requested -> active):
  custom:video-decoder-ogg-theora: a1e56fd34408186e4bbccfd4996cb3dc -> 
  custom:container-muxer-webm: aa71ff27fc2769a1b78a27578f13a17b -> 
  custom:container-demuxer-webm: 4f35f7cbe854078d1ac9338744f61a02 -> 
  custom:video-encoder-webm-vp8: eb34c28f22e8b96e1ab97ce403110664 -> 
  custom:CustomObjectIndexerAttribute: bc11b3a6c3213fcdd17b65e7da85e133 -> 
  custom:audio-encoder-webm-vorbis: bf7c407c2cedff20999df2af8eb42d56 -> 
  custom:framework-win-MediaFoundation: 216162199b28c13a410421893ffa2e32 -> 
  custom:SearchIndexIgnoredProperties: e643bd26f0fe6173181afceb89e7c659 -> 
  custom:container-demuxer-ogg: 62fdf1f143b41e24485cea50d1cbac27 -> 
  custom:video-decoder-webm-vp8: 9c59270c3fd7afecdb556c50c9e8de78 -> 
  custom:audio-decoder-ogg-vorbis: bf7c407c2cedff20999df2af8eb42d56 -> 
========================================================================
Received Prepare
Registering precompiled user dll's ...
Registered in 0.007869 seconds.
Begin MonoManager ReloadAssembly
Symbol file LoadedFromMemory is not a mono symbol file
Native extension for UWP target not found
Native extension for WindowsStandalone target not found
Native extension for Android target not found
Native extension for WebGL target not found
Refreshing native plugins compatible for Editor in 0.83 ms, found 2 plugins.
Preloading 0 native plugins for Editor in 0.00 ms.
[Package Manager] Server::EnsureServerProcessIsRunning -- launch failed, reason: Unity was launched with the -noUpm command-line argument
[Package Manager] Cannot connect to Unity Package Manager local server
Mono: successfully reloaded assembly
- Completed reload, in  1.364 seconds
Domain Reload Profiling:
	ReloadAssembly (1364ms)
		BeginReloadAssembly (197ms)
			ExecutionOrderSort (0ms)
			DisableScriptedObjects (8ms)
			BackupInstance (0ms)
			ReleaseScriptingObjects (0ms)
			CreateAndSetChildDomain (55ms)
		EndReloadAssembly (1085ms)
			LoadAssemblies (125ms)
			RebuildTransferFunctionScriptingTraits (0ms)
			SetupTypeCache (176ms)
			ReleaseScriptCaches (1ms)
			RebuildScriptCaches (35ms)
			SetupLoadedEditorAssemblies (741ms)
				LogAssemblyErrors (0ms)
				InitializePlatformSupportModulesInManaged (15ms)
				SetLoadedEditorAssemblies (0ms)
				RefreshPlugins (1ms)
				BeforeProcessingInitializeOnLoad (42ms)
				ProcessInitializeOnLoadAttributes (570ms)
				ProcessInitializeOnLoadMethodAttributes (108ms)
				AfterProcessingInitializeOnLoad (6ms)
				EditorAssembliesLoaded (0ms)
			ExecutionOrderSort2 (0ms)
			AwakeInstancesAfterBackupRestoration (6ms)
Platform modules already initialized, skipping
Refreshing native plugins compatible for Editor in 0.92 ms, found 2 plugins.
Preloading 0 native plugins for Editor in 0.00 ms.
Unloading 3104 Unused Serialized files (Serialized files now loaded: 0)
Unloading 51 unused Assets / (23.0 KB). Loaded Objects now: 3738.
Memory consumption went from 121.7 MB to 121.7 MB.
Total: 6.201300 ms (FindLiveObjects: 0.241600 ms CreateObjectMapping: 0.091100 ms MarkObjects: 5.825400 ms  DeleteObjects: 0.042100 ms)

AssetImportParameters requested are different than current active one (requested -> active):
  custom:video-decoder-ogg-theora: a1e56fd34408186e4bbccfd4996cb3dc -> 
  custom:container-muxer-webm: aa71ff27fc2769a1b78a27578f13a17b -> 
  custom:container-demuxer-webm: 4f35f7cbe854078d1ac9338744f61a02 -> 
  custom:video-encoder-webm-vp8: eb34c28f22e8b96e1ab97ce403110664 -> 
  custom:CustomObjectIndexerAttribute: bc11b3a6c3213fcdd17b65e7da85e133 -> 
  custom:audio-encoder-webm-vorbis: bf7c407c2cedff20999df2af8eb42d56 -> 
  custom:framework-win-MediaFoundation: 216162199b28c13a410421893ffa2e32 -> 
  custom:SearchIndexIgnoredProperties: e643bd26f0fe6173181afceb89e7c659 -> 
  custom:container-demuxer-ogg: 62fdf1f143b41e24485cea50d1cbac27 -> 
  custom:video-decoder-webm-vp8: 9c59270c3fd7afecdb556c50c9e8de78 -> 
  custom:audio-decoder-ogg-vorbis: bf7c407c2cedff20999df2af8eb42d56 -> 
========================================================================
Received Prepare
Refreshing native plugins compatible for Editor in 10.76 ms, found 2 plugins.
Preloading 0 native plugins for Editor in 0.00 ms.
Unloading 49 Unused Serialized files (Serialized files now loaded: 0)
Unloading 49 unused Assets / (23.0 KB). Loaded Objects now: 3738.
Memory consumption went from 59.7 MB to 59.7 MB.
Total: 6.622200 ms (FindLiveObjects: 0.285300 ms CreateObjectMapping: 0.131900 ms MarkObjects: 6.076700 ms  DeleteObjects: 0.127100 ms)

AssetImportParameters requested are different than current active one (requested -> active):
  custom:video-decoder-ogg-theora: a1e56fd34408186e4bbccfd4996cb3dc -> 
  custom:container-muxer-webm: aa71ff27fc2769a1b78a27578f13a17b -> 
  custom:container-demuxer-webm: 4f35f7cbe854078d1ac9338744f61a02 -> 
  custom:video-encoder-webm-vp8: eb34c28f22e8b96e1ab97ce403110664 -> 
  custom:CustomObjectIndexerAttribute: bc11b3a6c3213fcdd17b65e7da85e133 -> 
  custom:audio-encoder-webm-vorbis: bf7c407c2cedff20999df2af8eb42d56 -> 
  custom:framework-win-MediaFoundation: 216162199b28c13a410421893ffa2e32 -> 
  custom:SearchIndexIgnoredProperties: e643bd26f0fe6173181afceb89e7c659 -> 
  custom:container-demuxer-ogg: 62fdf1f143b41e24485cea50d1cbac27 -> 
  custom:video-decoder-webm-vp8: 9c59270c3fd7afecdb556c50c9e8de78 -> 
  custom:audio-decoder-ogg-vorbis: bf7c407c2cedff20999df2af8eb42d56 -> 
========================================================================
Received Prepare
Registering precompiled user dll's ...
Registered in 0.006383 seconds.
Begin MonoManager ReloadAssembly
Symbol file LoadedFromMemory is not a mono symbol file
Native extension for UWP target not found
Native extension for WindowsStandalone target not found
Native extension for Android target not found
Native extension for WebGL target not found
Refreshing native plugins compatible for Editor in 0.89 ms, found 2 plugins.
Preloading 0 native plugins for Editor in 0.00 ms.
[Package Manager] Server::EnsureServerProcessIsRunning -- launch failed, reason: Unity was launched with the -noUpm command-line argument
[Package Manager] Cannot connect to Unity Package Manager local server
Mono: successfully reloaded assembly
- Completed reload, in  1.303 seconds
Domain Reload Profiling:
	ReloadAssembly (1304ms)
		BeginReloadAssembly (136ms)
			ExecutionOrderSort (0ms)
			DisableScriptedObjects (6ms)
			BackupInstance (0ms)
			ReleaseScriptingObjects (0ms)
			CreateAndSetChildDomain (42ms)
		EndReloadAssembly (1088ms)
			LoadAssemblies (91ms)
			RebuildTransferFunctionScriptingTraits (0ms)
			SetupTypeCache (177ms)
			ReleaseScriptCaches (1ms)
			RebuildScriptCaches (32ms)
			SetupLoadedEditorAssemblies (756ms)
				LogAssemblyErrors (0ms)
				InitializePlatformSupportModulesInManaged (14ms)
				SetLoadedEditorAssemblies (0ms)
				RefreshPlugins (1ms)
				BeforeProcessingInitializeOnLoad (40ms)
				ProcessInitializeOnLoadAttributes (582ms)
				ProcessInitializeOnLoadMethodAttributes (112ms)
				AfterProcessingInitializeOnLoad (6ms)
				EditorAssembliesLoaded (0ms)
			ExecutionOrderSort2 (0ms)
			AwakeInstancesAfterBackupRestoration (6ms)
Platform modules already initialized, skipping
Refreshing native plugins compatible for Editor in 0.91 ms, found 2 plugins.
Preloading 0 native plugins for Editor in 0.00 ms.
Unloading 3104 Unused Serialized files (Serialized files now loaded: 0)
Unloading 51 unused Assets / (22.9 KB). Loaded Objects now: 3741.
Memory consumption went from 121.7 MB to 121.7 MB.
Total: 5.974700 ms (FindLiveObjects: 0.219500 ms CreateObjectMapping: 0.078100 ms MarkObjects: 5.633700 ms  DeleteObjects: 0.042800 ms)

AssetImportParameters requested are different than current active one (requested -> active):
  custom:video-decoder-ogg-theora: a1e56fd34408186e4bbccfd4996cb3dc -> 
  custom:container-muxer-webm: aa71ff27fc2769a1b78a27578f13a17b -> 
  custom:container-demuxer-webm: 4f35f7cbe854078d1ac9338744f61a02 -> 
  custom:video-encoder-webm-vp8: eb34c28f22e8b96e1ab97ce403110664 -> 
  custom:CustomObjectIndexerAttribute: bc11b3a6c3213fcdd17b65e7da85e133 -> 
  custom:audio-encoder-webm-vorbis: bf7c407c2cedff20999df2af8eb42d56 -> 
  custom:framework-win-MediaFoundation: 216162199b28c13a410421893ffa2e32 -> 
  custom:SearchIndexIgnoredProperties: e643bd26f0fe6173181afceb89e7c659 -> 
  custom:container-demuxer-ogg: 62fdf1f143b41e24485cea50d1cbac27 -> 
  custom:video-decoder-webm-vp8: 9c59270c3fd7afecdb556c50c9e8de78 -> 
  custom:audio-decoder-ogg-vorbis: bf7c407c2cedff20999df2af8eb42d56 -> 
========================================================================
Received Prepare
Refreshing native plugins compatible for Editor in 10.09 ms, found 2 plugins.
Preloading 0 native plugins for Editor in 0.00 ms.
Unloading 49 Unused Serialized files (Serialized files now loaded: 0)
Unloading 49 unused Assets / (23.0 KB). Loaded Objects now: 3741.
Memory consumption went from 59.7 MB to 59.7 MB.
Total: 9.239800 ms (FindLiveObjects: 0.423500 ms CreateObjectMapping: 0.109900 ms MarkObjects: 8.642900 ms  DeleteObjects: 0.062500 ms)

AssetImportParameters requested are different than current active one (requested -> active):
  custom:video-decoder-ogg-theora: a1e56fd34408186e4bbccfd4996cb3dc -> 
  custom:container-muxer-webm: aa71ff27fc2769a1b78a27578f13a17b -> 
  custom:container-demuxer-webm: 4f35f7cbe854078d1ac9338744f61a02 -> 
  custom:video-encoder-webm-vp8: eb34c28f22e8b96e1ab97ce403110664 -> 
  custom:CustomObjectIndexerAttribute: bc11b3a6c3213fcdd17b65e7da85e133 -> 
  custom:audio-encoder-webm-vorbis: bf7c407c2cedff20999df2af8eb42d56 -> 
  custom:framework-win-MediaFoundation: 216162199b28c13a410421893ffa2e32 -> 
  custom:SearchIndexIgnoredProperties: e643bd26f0fe6173181afceb89e7c659 -> 
  custom:container-demuxer-ogg: 62fdf1f143b41e24485cea50d1cbac27 -> 
  custom:video-decoder-webm-vp8: 9c59270c3fd7afecdb556c50c9e8de78 -> 
  custom:audio-decoder-ogg-vorbis: bf7c407c2cedff20999df2af8eb42d56 -> 
========================================================================
Received Prepare
Registering precompiled user dll's ...
Registered in 0.009196 seconds.
Begin MonoManager ReloadAssembly
Symbol file LoadedFromMemory is not a mono symbol file
Native extension for UWP target not found
Native extension for WindowsStandalone target not found
Native extension for Android target not found
Native extension for WebGL target not found
Refreshing native plugins compatible for Editor in 1.61 ms, found 2 plugins.
Preloading 0 native plugins for Editor in 0.00 ms.
[Package Manager] Server::EnsureServerProcessIsRunning -- launch failed, reason: Unity was launched with the -noUpm command-line argument
[Package Manager] Cannot connect to Unity Package Manager local server
Mono: successfully reloaded assembly
- Completed reload, in  1.711 seconds
Domain Reload Profiling:
	ReloadAssembly (1712ms)
		BeginReloadAssembly (199ms)
			ExecutionOrderSort (0ms)
			DisableScriptedObjects (8ms)
			BackupInstance (0ms)
			ReleaseScriptingObjects (0ms)
			CreateAndSetChildDomain (60ms)
		EndReloadAssembly (1389ms)
			LoadAssemblies (131ms)
			RebuildTransferFunctionScriptingTraits (0ms)
			SetupTypeCache (285ms)
			ReleaseScriptCaches (1ms)
			RebuildScriptCaches (53ms)
			SetupLoadedEditorAssemblies (887ms)
				LogAssemblyErrors (0ms)
				InitializePlatformSupportModulesInManaged (21ms)
				SetLoadedEditorAssemblies (1ms)
				RefreshPlugins (2ms)
				BeforeProcessingInitializeOnLoad (67ms)
				ProcessInitializeOnLoadAttributes (656ms)
				ProcessInitializeOnLoadMethodAttributes (135ms)
				AfterProcessingInitializeOnLoad (6ms)
				EditorAssembliesLoaded (0ms)
			ExecutionOrderSort2 (0ms)
			AwakeInstancesAfterBackupRestoration (6ms)
Platform modules already initialized, skipping
Refreshing native plugins compatible for Editor in 1.45 ms, found 2 plugins.
Preloading 0 native plugins for Editor in 0.00 ms.
Unloading 3104 Unused Serialized files (Serialized files now loaded: 0)
Unloading 51 unused Assets / (23.0 KB). Loaded Objects now: 3744.
Memory consumption went from 121.7 MB to 121.7 MB.
Total: 8.011700 ms (FindLiveObjects: 0.427500 ms CreateObjectMapping: 0.096000 ms MarkObjects: 7.441900 ms  DeleteObjects: 0.044700 ms)

AssetImportParameters requested are different than current active one (requested -> active):
  custom:video-decoder-ogg-theora: a1e56fd34408186e4bbccfd4996cb3dc -> 
  custom:container-muxer-webm: aa71ff27fc2769a1b78a27578f13a17b -> 
  custom:container-demuxer-webm: 4f35f7cbe854078d1ac9338744f61a02 -> 
  custom:video-encoder-webm-vp8: eb34c28f22e8b96e1ab97ce403110664 -> 
  custom:CustomObjectIndexerAttribute: bc11b3a6c3213fcdd17b65e7da85e133 -> 
  custom:audio-encoder-webm-vorbis: bf7c407c2cedff20999df2af8eb42d56 -> 
  custom:framework-win-MediaFoundation: 216162199b28c13a410421893ffa2e32 -> 
  custom:SearchIndexIgnoredProperties: e643bd26f0fe6173181afceb89e7c659 -> 
  custom:container-demuxer-ogg: 62fdf1f143b41e24485cea50d1cbac27 -> 
  custom:video-decoder-webm-vp8: 9c59270c3fd7afecdb556c50c9e8de78 -> 
  custom:audio-decoder-ogg-vorbis: bf7c407c2cedff20999df2af8eb42d56 -> 
========================================================================
Received Prepare
Refreshing native plugins compatible for Editor in 10.59 ms, found 2 plugins.
Preloading 0 native plugins for Editor in 0.00 ms.
Unloading 49 Unused Serialized files (Serialized files now loaded: 0)
Unloading 49 unused Assets / (23.0 KB). Loaded Objects now: 3744.
Memory consumption went from 59.7 MB to 59.7 MB.
Total: 8.463800 ms (FindLiveObjects: 0.287200 ms CreateObjectMapping: 0.103300 ms MarkObjects: 8.024300 ms  DeleteObjects: 0.048000 ms)

AssetImportParameters requested are different than current active one (requested -> active):
  custom:video-decoder-ogg-theora: a1e56fd34408186e4bbccfd4996cb3dc -> 
  custom:container-muxer-webm: aa71ff27fc2769a1b78a27578f13a17b -> 
  custom:container-demuxer-webm: 4f35f7cbe854078d1ac9338744f61a02 -> 
  custom:video-encoder-webm-vp8: eb34c28f22e8b96e1ab97ce403110664 -> 
  custom:CustomObjectIndexerAttribute: bc11b3a6c3213fcdd17b65e7da85e133 -> 
  custom:audio-encoder-webm-vorbis: bf7c407c2cedff20999df2af8eb42d56 -> 
  custom:framework-win-MediaFoundation: 216162199b28c13a410421893ffa2e32 -> 
  custom:SearchIndexIgnoredProperties: e643bd26f0fe6173181afceb89e7c659 -> 
  custom:container-demuxer-ogg: 62fdf1f143b41e24485cea50d1cbac27 -> 
  custom:video-decoder-webm-vp8: 9c59270c3fd7afecdb556c50c9e8de78 -> 
  custom:audio-decoder-ogg-vorbis: bf7c407c2cedff20999df2af8eb42d56 -> 
========================================================================
Received Prepare
Refreshing native plugins compatible for Editor in 9.50 ms, found 2 plugins.
Preloading 0 native plugins for Editor in 0.00 ms.
Unloading 49 Unused Serialized files (Serialized files now loaded: 0)
Unloading 49 unused Assets / (23.0 KB). Loaded Objects now: 3744.
Memory consumption went from 59.4 MB to 59.4 MB.
Total: 6.840800 ms (FindLiveObjects: 0.265600 ms CreateObjectMapping: 0.086000 ms MarkObjects: 6.448900 ms  DeleteObjects: 0.039500 ms)

AssetImportParameters requested are different than current active one (requested -> active):
  custom:video-decoder-ogg-theora: a1e56fd34408186e4bbccfd4996cb3dc -> 
  custom:container-muxer-webm: aa71ff27fc2769a1b78a27578f13a17b -> 
  custom:container-demuxer-webm: 4f35f7cbe854078d1ac9338744f61a02 -> 
  custom:video-encoder-webm-vp8: eb34c28f22e8b96e1ab97ce403110664 -> 
  custom:CustomObjectIndexerAttribute: bc11b3a6c3213fcdd17b65e7da85e133 -> 
  custom:audio-encoder-webm-vorbis: bf7c407c2cedff20999df2af8eb42d56 -> 
  custom:framework-win-MediaFoundation: 216162199b28c13a410421893ffa2e32 -> 
  custom:SearchIndexIgnoredProperties: e643bd26f0fe6173181afceb89e7c659 -> 
  custom:container-demuxer-ogg: 62fdf1f143b41e24485cea50d1cbac27 -> 
  custom:video-decoder-webm-vp8: 9c59270c3fd7afecdb556c50c9e8de78 -> 
  custom:audio-decoder-ogg-vorbis: bf7c407c2cedff20999df2af8eb42d56 -> 
========================================================================
Received Prepare
Registering precompiled user dll's ...
Registered in 0.007285 seconds.
Begin MonoManager ReloadAssembly
Symbol file LoadedFromMemory is not a mono symbol file
Native extension for UWP target not found
Native extension for WindowsStandalone target not found
Native extension for Android target not found
Native extension for WebGL target not found
Refreshing native plugins compatible for Editor in 1.12 ms, found 2 plugins.
Preloading 0 native plugins for Editor in 0.00 ms.
[Package Manager] Server::EnsureServerProcessIsRunning -- launch failed, reason: Unity was launched with the -noUpm command-line argument
[Package Manager] Cannot connect to Unity Package Manager local server
Mono: successfully reloaded assembly
- Completed reload, in  1.313 seconds
Domain Reload Profiling:
	ReloadAssembly (1314ms)
		BeginReloadAssembly (142ms)
			ExecutionOrderSort (0ms)
			DisableScriptedObjects (6ms)
			BackupInstance (0ms)
			ReleaseScriptingObjects (0ms)
			CreateAndSetChildDomain (44ms)
		EndReloadAssembly (1089ms)
			LoadAssemblies (98ms)
			RebuildTransferFunctionScriptingTraits (0ms)
			SetupTypeCache (179ms)
			ReleaseScriptCaches (1ms)
			RebuildScriptCaches (32ms)
			SetupLoadedEditorAssemblies (755ms)
				LogAssemblyErrors (0ms)
				InitializePlatformSupportModulesInManaged (14ms)
				SetLoadedEditorAssemblies (1ms)
				RefreshPlugins (1ms)
				BeforeProcessingInitializeOnLoad (44ms)
				ProcessInitializeOnLoadAttributes (578ms)
				ProcessInitializeOnLoadMethodAttributes (112ms)
				AfterProcessingInitializeOnLoad (6ms)
				EditorAssembliesLoaded (0ms)
			ExecutionOrderSort2 (0ms)
			AwakeInstancesAfterBackupRestoration (5ms)
Platform modules already initialized, skipping
Refreshing native plugins compatible for Editor in 0.95 ms, found 2 plugins.
Preloading 0 native plugins for Editor in 0.00 ms.
Unloading 3104 Unused Serialized files (Serialized files now loaded: 0)
Unloading 51 unused Assets / (23.1 KB). Loaded Objects now: 3747.
Memory consumption went from 121.7 MB to 121.7 MB.
Total: 6.128500 ms (FindLiveObjects: 0.263500 ms CreateObjectMapping: 0.084400 ms MarkObjects: 5.741700 ms  DeleteObjects: 0.038000 ms)

AssetImportParameters requested are different than current active one (requested -> active):
  custom:video-decoder-ogg-theora: a1e56fd34408186e4bbccfd4996cb3dc -> 
  custom:container-muxer-webm: aa71ff27fc2769a1b78a27578f13a17b -> 
  custom:container-demuxer-webm: 4f35f7cbe854078d1ac9338744f61a02 -> 
  custom:video-encoder-webm-vp8: eb34c28f22e8b96e1ab97ce403110664 -> 
  custom:CustomObjectIndexerAttribute: bc11b3a6c3213fcdd17b65e7da85e133 -> 
  custom:audio-encoder-webm-vorbis: bf7c407c2cedff20999df2af8eb42d56 -> 
  custom:framework-win-MediaFoundation: 216162199b28c13a410421893ffa2e32 -> 
  custom:SearchIndexIgnoredProperties: e643bd26f0fe6173181afceb89e7c659 -> 
  custom:container-demuxer-ogg: 62fdf1f143b41e24485cea50d1cbac27 -> 
  custom:video-decoder-webm-vp8: 9c59270c3fd7afecdb556c50c9e8de78 -> 
  custom:audio-decoder-ogg-vorbis: bf7c407c2cedff20999df2af8eb42d56 -> 
========================================================================
Received Prepare
Refreshing native plugins compatible for Editor in 9.67 ms, found 2 plugins.
Preloading 0 native plugins for Editor in 0.00 ms.
Unloading 49 Unused Serialized files (Serialized files now loaded: 0)
Unloading 49 unused Assets / (23.0 KB). Loaded Objects now: 3747.
Memory consumption went from 59.7 MB to 59.7 MB.
Total: 6.429500 ms (FindLiveObjects: 0.264900 ms CreateObjectMapping: 0.086300 ms MarkObjects: 6.039800 ms  DeleteObjects: 0.037300 ms)

AssetImportParameters requested are different than current active one (requested -> active):
  custom:video-decoder-ogg-theora: a1e56fd34408186e4bbccfd4996cb3dc -> 
  custom:container-muxer-webm: aa71ff27fc2769a1b78a27578f13a17b -> 
  custom:container-demuxer-webm: 4f35f7cbe854078d1ac9338744f61a02 -> 
  custom:video-encoder-webm-vp8: eb34c28f22e8b96e1ab97ce403110664 -> 
  custom:CustomObjectIndexerAttribute: bc11b3a6c3213fcdd17b65e7da85e133 -> 
  custom:audio-encoder-webm-vorbis: bf7c407c2cedff20999df2af8eb42d56 -> 
  custom:framework-win-MediaFoundation: 216162199b28c13a410421893ffa2e32 -> 
  custom:SearchIndexIgnoredProperties: e643bd26f0fe6173181afceb89e7c659 -> 
  custom:container-demuxer-ogg: 62fdf1f143b41e24485cea50d1cbac27 -> 
  custom:video-decoder-webm-vp8: 9c59270c3fd7afecdb556c50c9e8de78 -> 
  custom:audio-decoder-ogg-vorbis: bf7c407c2cedff20999df2af8eb42d56 -> 
========================================================================
Received Prepare
Refreshing native plugins compatible for Editor in 9.53 ms, found 2 plugins.
Preloading 0 native plugins for Editor in 0.00 ms.
Unloading 49 Unused Serialized files (Serialized files now loaded: 0)
Unloading 49 unused Assets / (23.0 KB). Loaded Objects now: 3747.
Memory consumption went from 59.4 MB to 59.4 MB.
Total: 6.415400 ms (FindLiveObjects: 0.277400 ms CreateObjectMapping: 0.086700 ms MarkObjects: 6.011600 ms  DeleteObjects: 0.039200 ms)

AssetImportParameters requested are different than current active one (requested -> active):
  custom:video-decoder-ogg-theora: a1e56fd34408186e4bbccfd4996cb3dc -> 
  custom:container-muxer-webm: aa71ff27fc2769a1b78a27578f13a17b -> 
  custom:container-demuxer-webm: 4f35f7cbe854078d1ac9338744f61a02 -> 
  custom:video-encoder-webm-vp8: eb34c28f22e8b96e1ab97ce403110664 -> 
  custom:CustomObjectIndexerAttribute: bc11b3a6c3213fcdd17b65e7da85e133 -> 
  custom:audio-encoder-webm-vorbis: bf7c407c2cedff20999df2af8eb42d56 -> 
  custom:framework-win-MediaFoundation: 216162199b28c13a410421893ffa2e32 -> 
  custom:SearchIndexIgnoredProperties: e643bd26f0fe6173181afceb89e7c659 -> 
  custom:container-demuxer-ogg: 62fdf1f143b41e24485cea50d1cbac27 -> 
  custom:video-decoder-webm-vp8: 9c59270c3fd7afecdb556c50c9e8de78 -> 
  custom:audio-decoder-ogg-vorbis: bf7c407c2cedff20999df2af8eb42d56 -> 
========================================================================
Received Prepare
Registering precompiled user dll's ...
Registered in 0.010710 seconds.
Begin MonoManager ReloadAssembly
Symbol file LoadedFromMemory is not a mono symbol file
Native extension for UWP target not found
Native extension for WindowsStandalone target not found
Native extension for Android target not found
Native extension for WebGL target not found
Refreshing native plugins compatible for Editor in 1.53 ms, found 2 plugins.
Preloading 0 native plugins for Editor in 0.00 ms.
[Package Manager] Server::EnsureServerProcessIsRunning -- launch failed, reason: Unity was launched with the -noUpm command-line argument
[Package Manager] Cannot connect to Unity Package Manager local server
Mono: successfully reloaded assembly
- Completed reload, in  1.723 seconds
Domain Reload Profiling:
	ReloadAssembly (1724ms)
		BeginReloadAssembly (181ms)
			ExecutionOrderSort (0ms)
			DisableScriptedObjects (8ms)
			BackupInstance (0ms)
			ReleaseScriptingObjects (0ms)
			CreateAndSetChildDomain (54ms)
		EndReloadAssembly (1429ms)
			LoadAssemblies (122ms)
			RebuildTransferFunctionScriptingTraits (0ms)
			SetupTypeCache (271ms)
			ReleaseScriptCaches (2ms)
			RebuildScriptCaches (47ms)
			SetupLoadedEditorAssemblies (946ms)
				LogAssemblyErrors (0ms)
				InitializePlatformSupportModulesInManaged (23ms)
				SetLoadedEditorAssemblies (0ms)
				RefreshPlugins (2ms)
				BeforeProcessingInitializeOnLoad (67ms)
				ProcessInitializeOnLoadAttributes (668ms)
				ProcessInitializeOnLoadMethodAttributes (174ms)
				AfterProcessingInitializeOnLoad (11ms)
				EditorAssembliesLoaded (0ms)
			ExecutionOrderSort2 (0ms)
			AwakeInstancesAfterBackupRestoration (8ms)
Platform modules already initialized, skipping
Refreshing native plugins compatible for Editor in 1.49 ms, found 2 plugins.
Preloading 0 native plugins for Editor in 0.00 ms.
Unloading 3104 Unused Serialized files (Serialized files now loaded: 0)
Unloading 51 unused Assets / (23.0 KB). Loaded Objects now: 3750.
Memory consumption went from 121.7 MB to 121.7 MB.
Total: 6.539200 ms (FindLiveObjects: 0.281700 ms CreateObjectMapping: 0.082000 ms MarkObjects: 6.132300 ms  DeleteObjects: 0.041900 ms)

AssetImportParameters requested are different than current active one (requested -> active):
  custom:video-decoder-ogg-theora: a1e56fd34408186e4bbccfd4996cb3dc -> 
  custom:container-muxer-webm: aa71ff27fc2769a1b78a27578f13a17b -> 
  custom:container-demuxer-webm: 4f35f7cbe854078d1ac9338744f61a02 -> 
  custom:video-encoder-webm-vp8: eb34c28f22e8b96e1ab97ce403110664 -> 
  custom:CustomObjectIndexerAttribute: bc11b3a6c3213fcdd17b65e7da85e133 -> 
  custom:audio-encoder-webm-vorbis: bf7c407c2cedff20999df2af8eb42d56 -> 
  custom:framework-win-MediaFoundation: 216162199b28c13a410421893ffa2e32 -> 
  custom:SearchIndexIgnoredProperties: e643bd26f0fe6173181afceb89e7c659 -> 
  custom:container-demuxer-ogg: 62fdf1f143b41e24485cea50d1cbac27 -> 
  custom:video-decoder-webm-vp8: 9c59270c3fd7afecdb556c50c9e8de78 -> 
  custom:audio-decoder-ogg-vorbis: bf7c407c2cedff20999df2af8eb42d56 -> 
========================================================================
Received Prepare
Refreshing native plugins compatible for Editor in 9.42 ms, found 2 plugins.
Preloading 0 native plugins for Editor in 0.00 ms.
Unloading 49 Unused Serialized files (Serialized files now loaded: 0)
Unloading 49 unused Assets / (23.0 KB). Loaded Objects now: 3750.
Memory consumption went from 59.7 MB to 59.7 MB.
Total: 7.024100 ms (FindLiveObjects: 0.253900 ms CreateObjectMapping: 0.081300 ms MarkObjects: 6.642600 ms  DeleteObjects: 0.045500 ms)

AssetImportParameters requested are different than current active one (requested -> active):
  custom:video-decoder-ogg-theora: a1e56fd34408186e4bbccfd4996cb3dc -> 
  custom:container-muxer-webm: aa71ff27fc2769a1b78a27578f13a17b -> 
  custom:container-demuxer-webm: 4f35f7cbe854078d1ac9338744f61a02 -> 
  custom:video-encoder-webm-vp8: eb34c28f22e8b96e1ab97ce403110664 -> 
  custom:CustomObjectIndexerAttribute: bc11b3a6c3213fcdd17b65e7da85e133 -> 
  custom:audio-encoder-webm-vorbis: bf7c407c2cedff20999df2af8eb42d56 -> 
  custom:framework-win-MediaFoundation: 216162199b28c13a410421893ffa2e32 -> 
  custom:SearchIndexIgnoredProperties: e643bd26f0fe6173181afceb89e7c659 -> 
  custom:container-demuxer-ogg: 62fdf1f143b41e24485cea50d1cbac27 -> 
  custom:video-decoder-webm-vp8: 9c59270c3fd7afecdb556c50c9e8de78 -> 
  custom:audio-decoder-ogg-vorbis: bf7c407c2cedff20999df2af8eb42d56 -> 
========================================================================
Received Prepare
Registering precompiled user dll's ...
Registered in 0.006998 seconds.
Begin MonoManager ReloadAssembly
Symbol file LoadedFromMemory is not a mono symbol file
Native extension for UWP target not found
Native extension for WindowsStandalone target not found
Native extension for Android target not found
Native extension for WebGL target not found
Refreshing native plugins compatible for Editor in 0.95 ms, found 2 plugins.
Preloading 0 native plugins for Editor in 0.00 ms.
[Package Manager] Server::EnsureServerProcessIsRunning -- launch failed, reason: Unity was launched with the -noUpm command-line argument
[Package Manager] Cannot connect to Unity Package Manager local server
Mono: successfully reloaded assembly
- Completed reload, in  1.247 seconds
Domain Reload Profiling:
	ReloadAssembly (1248ms)
		BeginReloadAssembly (133ms)
			ExecutionOrderSort (0ms)
			DisableScriptedObjects (5ms)
			BackupInstance (0ms)
			ReleaseScriptingObjects (0ms)
			CreateAndSetChildDomain (41ms)
		EndReloadAssembly (1036ms)
			LoadAssemblies (89ms)
			RebuildTransferFunctionScriptingTraits (0ms)
			SetupTypeCache (177ms)
			ReleaseScriptCaches (1ms)
			RebuildScriptCaches (31ms)
			SetupLoadedEditorAssemblies (711ms)
				LogAssemblyErrors (0ms)
				InitializePlatformSupportModulesInManaged (14ms)
				SetLoadedEditorAssemblies (0ms)
				RefreshPlugins (1ms)
				BeforeProcessingInitializeOnLoad (41ms)
				ProcessInitializeOnLoadAttributes (550ms)
				ProcessInitializeOnLoadMethodAttributes (99ms)
				AfterProcessingInitializeOnLoad (6ms)
				EditorAssembliesLoaded (0ms)
			ExecutionOrderSort2 (0ms)
			AwakeInstancesAfterBackupRestoration (5ms)
Platform modules already initialized, skipping
Refreshing native plugins compatible for Editor in 0.93 ms, found 2 plugins.
Preloading 0 native plugins for Editor in 0.00 ms.
Unloading 3104 Unused Serialized files (Serialized files now loaded: 0)
Unloading 51 unused Assets / (23.1 KB). Loaded Objects now: 3753.
Memory consumption went from 121.7 MB to 121.7 MB.
Total: 6.176000 ms (FindLiveObjects: 0.261800 ms CreateObjectMapping: 0.078500 ms MarkObjects: 5.791700 ms  DeleteObjects: 0.042300 ms)

AssetImportParameters requested are different than current active one (requested -> active):
  custom:video-decoder-ogg-theora: a1e56fd34408186e4bbccfd4996cb3dc -> 
  custom:container-muxer-webm: aa71ff27fc2769a1b78a27578f13a17b -> 
  custom:container-demuxer-webm: 4f35f7cbe854078d1ac9338744f61a02 -> 
  custom:video-encoder-webm-vp8: eb34c28f22e8b96e1ab97ce403110664 -> 
  custom:CustomObjectIndexerAttribute: bc11b3a6c3213fcdd17b65e7da85e133 -> 
  custom:audio-encoder-webm-vorbis: bf7c407c2cedff20999df2af8eb42d56 -> 
  custom:framework-win-MediaFoundation: 216162199b28c13a410421893ffa2e32 -> 
  custom:SearchIndexIgnoredProperties: e643bd26f0fe6173181afceb89e7c659 -> 
  custom:container-demuxer-ogg: 62fdf1f143b41e24485cea50d1cbac27 -> 
  custom:video-decoder-webm-vp8: 9c59270c3fd7afecdb556c50c9e8de78 -> 
  custom:audio-decoder-ogg-vorbis: bf7c407c2cedff20999df2af8eb42d56 -> 
========================================================================
Received Prepare
Refreshing native plugins compatible for Editor in 8.83 ms, found 2 plugins.
Preloading 0 native plugins for Editor in 0.00 ms.
Unloading 49 Unused Serialized files (Serialized files now loaded: 0)
Unloading 49 unused Assets / (23.0 KB). Loaded Objects now: 3753.
Memory consumption went from 59.7 MB to 59.7 MB.
Total: 6.377900 ms (FindLiveObjects: 0.249700 ms CreateObjectMapping: 0.077200 ms MarkObjects: 6.008700 ms  DeleteObjects: 0.041400 ms)

AssetImportParameters requested are different than current active one (requested -> active):
  custom:video-decoder-ogg-theora: a1e56fd34408186e4bbccfd4996cb3dc -> 
  custom:container-muxer-webm: aa71ff27fc2769a1b78a27578f13a17b -> 
  custom:container-demuxer-webm: 4f35f7cbe854078d1ac9338744f61a02 -> 
  custom:video-encoder-webm-vp8: eb34c28f22e8b96e1ab97ce403110664 -> 
  custom:CustomObjectIndexerAttribute: bc11b3a6c3213fcdd17b65e7da85e133 -> 
  custom:audio-encoder-webm-vorbis: bf7c407c2cedff20999df2af8eb42d56 -> 
  custom:framework-win-MediaFoundation: 216162199b28c13a410421893ffa2e32 -> 
  custom:SearchIndexIgnoredProperties: e643bd26f0fe6173181afceb89e7c659 -> 
  custom:container-demuxer-ogg: 62fdf1f143b41e24485cea50d1cbac27 -> 
  custom:video-decoder-webm-vp8: 9c59270c3fd7afecdb556c50c9e8de78 -> 
  custom:audio-decoder-ogg-vorbis: bf7c407c2cedff20999df2af8eb42d56 -> 
========================================================================
Received Prepare
Registering precompiled user dll's ...
Registered in 0.009574 seconds.
Begin MonoManager ReloadAssembly
Symbol file LoadedFromMemory is not a mono symbol file
Native extension for UWP target not found
Native extension for WindowsStandalone target not found
Native extension for Android target not found
Native extension for WebGL target not found
Refreshing native plugins compatible for Editor in 1.63 ms, found 2 plugins.
Preloading 0 native plugins for Editor in 0.00 ms.
[Package Manager] Server::EnsureServerProcessIsRunning -- launch failed, reason: Unity was launched with the -noUpm command-line argument
[Package Manager] Cannot connect to Unity Package Manager local server
Mono: successfully reloaded assembly
- Completed reload, in  1.715 seconds
Domain Reload Profiling:
	ReloadAssembly (1716ms)
		BeginReloadAssembly (183ms)
			ExecutionOrderSort (0ms)
			DisableScriptedObjects (7ms)
			BackupInstance (0ms)
			ReleaseScriptingObjects (0ms)
			CreateAndSetChildDomain (53ms)
		EndReloadAssembly (1408ms)
			LoadAssemblies (126ms)
			RebuildTransferFunctionScriptingTraits (0ms)
			SetupTypeCache (279ms)
			ReleaseScriptCaches (2ms)
			RebuildScriptCaches (52ms)
			SetupLoadedEditorAssemblies (909ms)
				LogAssemblyErrors (0ms)
				InitializePlatformSupportModulesInManaged (20ms)
				SetLoadedEditorAssemblies (0ms)
				RefreshPlugins (2ms)
				BeforeProcessingInitializeOnLoad (65ms)
				ProcessInitializeOnLoadAttributes (654ms)
				ProcessInitializeOnLoadMethodAttributes (160ms)
				AfterProcessingInitializeOnLoad (8ms)
				EditorAssembliesLoaded (0ms)
			ExecutionOrderSort2 (0ms)
			AwakeInstancesAfterBackupRestoration (7ms)
Platform modules already initialized, skipping
Refreshing native plugins compatible for Editor in 1.48 ms, found 2 plugins.
Preloading 0 native plugins for Editor in 0.00 ms.
Unloading 3104 Unused Serialized files (Serialized files now loaded: 0)
Unloading 51 unused Assets / (23.0 KB). Loaded Objects now: 3756.
Memory consumption went from 121.7 MB to 121.7 MB.
Total: 7.005900 ms (FindLiveObjects: 0.275000 ms CreateObjectMapping: 0.077900 ms MarkObjects: 6.608000 ms  DeleteObjects: 0.044200 ms)

AssetImportParameters requested are different than current active one (requested -> active):
  custom:video-decoder-ogg-theora: a1e56fd34408186e4bbccfd4996cb3dc -> 
  custom:container-muxer-webm: aa71ff27fc2769a1b78a27578f13a17b -> 
  custom:container-demuxer-webm: 4f35f7cbe854078d1ac9338744f61a02 -> 
  custom:video-encoder-webm-vp8: eb34c28f22e8b96e1ab97ce403110664 -> 
  custom:CustomObjectIndexerAttribute: bc11b3a6c3213fcdd17b65e7da85e133 -> 
  custom:audio-encoder-webm-vorbis: bf7c407c2cedff20999df2af8eb42d56 -> 
  custom:framework-win-MediaFoundation: 216162199b28c13a410421893ffa2e32 -> 
  custom:SearchIndexIgnoredProperties: e643bd26f0fe6173181afceb89e7c659 -> 
  custom:container-demuxer-ogg: 62fdf1f143b41e24485cea50d1cbac27 -> 
  custom:video-decoder-webm-vp8: 9c59270c3fd7afecdb556c50c9e8de78 -> 
  custom:audio-decoder-ogg-vorbis: bf7c407c2cedff20999df2af8eb42d56 -> 
========================================================================
Received Prepare
Refreshing native plugins compatible for Editor in 9.27 ms, found 2 plugins.
Preloading 0 native plugins for Editor in 0.00 ms.
Unloading 49 Unused Serialized files (Serialized files now loaded: 0)
Unloading 49 unused Assets / (23.0 KB). Loaded Objects now: 3756.
Memory consumption went from 59.7 MB to 59.7 MB.
Total: 6.147300 ms (FindLiveObjects: 0.275100 ms CreateObjectMapping: 0.085600 ms MarkObjects: 5.752800 ms  DeleteObjects: 0.031700 ms)

AssetImportParameters requested are different than current active one (requested -> active):
  custom:video-decoder-ogg-theora: a1e56fd34408186e4bbccfd4996cb3dc -> 
  custom:container-muxer-webm: aa71ff27fc2769a1b78a27578f13a17b -> 
  custom:container-demuxer-webm: 4f35f7cbe854078d1ac9338744f61a02 -> 
  custom:video-encoder-webm-vp8: eb34c28f22e8b96e1ab97ce403110664 -> 
  custom:CustomObjectIndexerAttribute: bc11b3a6c3213fcdd17b65e7da85e133 -> 
  custom:audio-encoder-webm-vorbis: bf7c407c2cedff20999df2af8eb42d56 -> 
  custom:framework-win-MediaFoundation: 216162199b28c13a410421893ffa2e32 -> 
  custom:SearchIndexIgnoredProperties: e643bd26f0fe6173181afceb89e7c659 -> 
  custom:container-demuxer-ogg: 62fdf1f143b41e24485cea50d1cbac27 -> 
  custom:video-decoder-webm-vp8: 9c59270c3fd7afecdb556c50c9e8de78 -> 
  custom:audio-decoder-ogg-vorbis: bf7c407c2cedff20999df2af8eb42d56 -> 
========================================================================
Received Prepare
Registering precompiled user dll's ...
Registered in 0.006625 seconds.
Begin MonoManager ReloadAssembly
Symbol file LoadedFromMemory is not a mono symbol file
Native extension for UWP target not found
Native extension for WindowsStandalone target not found
Native extension for Android target not found
Native extension for WebGL target not found
Refreshing native plugins compatible for Editor in 0.91 ms, found 2 plugins.
Preloading 0 native plugins for Editor in 0.00 ms.
[Package Manager] Server::EnsureServerProcessIsRunning -- launch failed, reason: Unity was launched with the -noUpm command-line argument
[Package Manager] Cannot connect to Unity Package Manager local server
Mono: successfully reloaded assembly
- Completed reload, in  1.472 seconds
Domain Reload Profiling:
	ReloadAssembly (1473ms)
		BeginReloadAssembly (137ms)
			ExecutionOrderSort (0ms)
			DisableScriptedObjects (5ms)
			BackupInstance (0ms)
			ReleaseScriptingObjects (0ms)
			CreateAndSetChildDomain (44ms)
		EndReloadAssembly (1255ms)
			LoadAssemblies (92ms)
			RebuildTransferFunctionScriptingTraits (0ms)
			SetupTypeCache (183ms)
			ReleaseScriptCaches (1ms)
			RebuildScriptCaches (32ms)
			SetupLoadedEditorAssemblies (906ms)
				LogAssemblyErrors (0ms)
				InitializePlatformSupportModulesInManaged (15ms)
				SetLoadedEditorAssemblies (0ms)
				RefreshPlugins (1ms)
				BeforeProcessingInitializeOnLoad (43ms)
				ProcessInitializeOnLoadAttributes (675ms)
				ProcessInitializeOnLoadMethodAttributes (162ms)
				AfterProcessingInitializeOnLoad (9ms)
				EditorAssembliesLoaded (0ms)
			ExecutionOrderSort2 (0ms)
			AwakeInstancesAfterBackupRestoration (8ms)
Platform modules already initialized, skipping
Refreshing native plugins compatible for Editor in 1.43 ms, found 2 plugins.
Preloading 0 native plugins for Editor in 0.00 ms.
Unloading 3104 Unused Serialized files (Serialized files now loaded: 0)
Unloading 51 unused Assets / (23.0 KB). Loaded Objects now: 3759.
Memory consumption went from 121.7 MB to 121.7 MB.
Total: 6.014300 ms (FindLiveObjects: 0.256500 ms CreateObjectMapping: 0.084700 ms MarkObjects: 5.638600 ms  DeleteObjects: 0.033500 ms)

AssetImportParameters requested are different than current active one (requested -> active):
  custom:video-decoder-ogg-theora: a1e56fd34408186e4bbccfd4996cb3dc -> 
  custom:container-muxer-webm: aa71ff27fc2769a1b78a27578f13a17b -> 
  custom:container-demuxer-webm: 4f35f7cbe854078d1ac9338744f61a02 -> 
  custom:video-encoder-webm-vp8: eb34c28f22e8b96e1ab97ce403110664 -> 
  custom:CustomObjectIndexerAttribute: bc11b3a6c3213fcdd17b65e7da85e133 -> 
  custom:audio-encoder-webm-vorbis: bf7c407c2cedff20999df2af8eb42d56 -> 
  custom:framework-win-MediaFoundation: 216162199b28c13a410421893ffa2e32 -> 
  custom:SearchIndexIgnoredProperties: e643bd26f0fe6173181afceb89e7c659 -> 
  custom:container-demuxer-ogg: 62fdf1f143b41e24485cea50d1cbac27 -> 
  custom:video-decoder-webm-vp8: 9c59270c3fd7afecdb556c50c9e8de78 -> 
  custom:audio-decoder-ogg-vorbis: bf7c407c2cedff20999df2af8eb42d56 -> 
========================================================================
Received Prepare
Refreshing native plugins compatible for Editor in 11.26 ms, found 2 plugins.
Preloading 0 native plugins for Editor in 0.00 ms.
Unloading 49 Unused Serialized files (Serialized files now loaded: 0)
Unloading 49 unused Assets / (23.0 KB). Loaded Objects now: 3759.
Memory consumption went from 59.7 MB to 59.7 MB.
Total: 6.937000 ms (FindLiveObjects: 0.256700 ms CreateObjectMapping: 0.080500 ms MarkObjects: 6.558000 ms  DeleteObjects: 0.041100 ms)

AssetImportParameters requested are different than current active one (requested -> active):
  custom:video-decoder-ogg-theora: a1e56fd34408186e4bbccfd4996cb3dc -> 
  custom:container-muxer-webm: aa71ff27fc2769a1b78a27578f13a17b -> 
  custom:container-demuxer-webm: 4f35f7cbe854078d1ac9338744f61a02 -> 
  custom:video-encoder-webm-vp8: eb34c28f22e8b96e1ab97ce403110664 -> 
  custom:CustomObjectIndexerAttribute: bc11b3a6c3213fcdd17b65e7da85e133 -> 
  custom:audio-encoder-webm-vorbis: bf7c407c2cedff20999df2af8eb42d56 -> 
  custom:framework-win-MediaFoundation: 216162199b28c13a410421893ffa2e32 -> 
  custom:SearchIndexIgnoredProperties: e643bd26f0fe6173181afceb89e7c659 -> 
  custom:container-demuxer-ogg: 62fdf1f143b41e24485cea50d1cbac27 -> 
  custom:video-decoder-webm-vp8: 9c59270c3fd7afecdb556c50c9e8de78 -> 
  custom:audio-decoder-ogg-vorbis: bf7c407c2cedff20999df2af8eb42d56 -> 
========================================================================
Received Prepare
Refreshing native plugins compatible for Editor in 9.73 ms, found 2 plugins.
Preloading 0 native plugins for Editor in 0.00 ms.
Unloading 49 Unused Serialized files (Serialized files now loaded: 0)
Unloading 49 unused Assets / (23.1 KB). Loaded Objects now: 3759.
Memory consumption went from 59.4 MB to 59.4 MB.
Total: 7.195500 ms (FindLiveObjects: 0.270300 ms CreateObjectMapping: 0.083400 ms MarkObjects: 6.794000 ms  DeleteObjects: 0.046800 ms)

AssetImportParameters requested are different than current active one (requested -> active):
  custom:video-decoder-ogg-theora: a1e56fd34408186e4bbccfd4996cb3dc -> 
  custom:container-muxer-webm: aa71ff27fc2769a1b78a27578f13a17b -> 
  custom:container-demuxer-webm: 4f35f7cbe854078d1ac9338744f61a02 -> 
  custom:video-encoder-webm-vp8: eb34c28f22e8b96e1ab97ce403110664 -> 
  custom:CustomObjectIndexerAttribute: bc11b3a6c3213fcdd17b65e7da85e133 -> 
  custom:audio-encoder-webm-vorbis: bf7c407c2cedff20999df2af8eb42d56 -> 
  custom:framework-win-MediaFoundation: 216162199b28c13a410421893ffa2e32 -> 
  custom:SearchIndexIgnoredProperties: e643bd26f0fe6173181afceb89e7c659 -> 
  custom:container-demuxer-ogg: 62fdf1f143b41e24485cea50d1cbac27 -> 
  custom:video-decoder-webm-vp8: 9c59270c3fd7afecdb556c50c9e8de78 -> 
  custom:audio-decoder-ogg-vorbis: bf7c407c2cedff20999df2af8eb42d56 -> 
========================================================================
Received Prepare
Refreshing native plugins compatible for Editor in 9.73 ms, found 2 plugins.
Preloading 0 native plugins for Editor in 0.00 ms.
Unloading 49 Unused Serialized files (Serialized files now loaded: 0)
Unloading 49 unused Assets / (23.0 KB). Loaded Objects now: 3759.
Memory consumption went from 59.4 MB to 59.4 MB.
Total: 6.831900 ms (FindLiveObjects: 0.321400 ms CreateObjectMapping: 0.105500 ms MarkObjects: 6.361900 ms  DeleteObjects: 0.042100 ms)

AssetImportParameters requested are different than current active one (requested -> active):
  custom:video-decoder-ogg-theora: a1e56fd34408186e4bbccfd4996cb3dc -> 
  custom:container-muxer-webm: aa71ff27fc2769a1b78a27578f13a17b -> 
  custom:container-demuxer-webm: 4f35f7cbe854078d1ac9338744f61a02 -> 
  custom:video-encoder-webm-vp8: eb34c28f22e8b96e1ab97ce403110664 -> 
  custom:CustomObjectIndexerAttribute: bc11b3a6c3213fcdd17b65e7da85e133 -> 
  custom:audio-encoder-webm-vorbis: bf7c407c2cedff20999df2af8eb42d56 -> 
  custom:framework-win-MediaFoundation: 216162199b28c13a410421893ffa2e32 -> 
  custom:SearchIndexIgnoredProperties: e643bd26f0fe6173181afceb89e7c659 -> 
  custom:container-demuxer-ogg: 62fdf1f143b41e24485cea50d1cbac27 -> 
  custom:video-decoder-webm-vp8: 9c59270c3fd7afecdb556c50c9e8de78 -> 
  custom:audio-decoder-ogg-vorbis: bf7c407c2cedff20999df2af8eb42d56 -> 
========================================================================
Received Prepare
Refreshing native plugins compatible for Editor in 8.82 ms, found 2 plugins.
Preloading 0 native plugins for Editor in 0.00 ms.
Unloading 49 Unused Serialized files (Serialized files now loaded: 0)
Unloading 49 unused Assets / (23.0 KB). Loaded Objects now: 3759.
Memory consumption went from 59.4 MB to 59.4 MB.
Total: 6.214400 ms (FindLiveObjects: 0.259800 ms CreateObjectMapping: 0.078400 ms MarkObjects: 5.834900 ms  DeleteObjects: 0.040500 ms)

AssetImportParameters requested are different than current active one (requested -> active):
  custom:video-decoder-ogg-theora: a1e56fd34408186e4bbccfd4996cb3dc -> 
  custom:container-muxer-webm: aa71ff27fc2769a1b78a27578f13a17b -> 
  custom:container-demuxer-webm: 4f35f7cbe854078d1ac9338744f61a02 -> 
  custom:video-encoder-webm-vp8: eb34c28f22e8b96e1ab97ce403110664 -> 
  custom:CustomObjectIndexerAttribute: bc11b3a6c3213fcdd17b65e7da85e133 -> 
  custom:audio-encoder-webm-vorbis: bf7c407c2cedff20999df2af8eb42d56 -> 
  custom:framework-win-MediaFoundation: 216162199b28c13a410421893ffa2e32 -> 
  custom:SearchIndexIgnoredProperties: e643bd26f0fe6173181afceb89e7c659 -> 
  custom:container-demuxer-ogg: 62fdf1f143b41e24485cea50d1cbac27 -> 
  custom:video-decoder-webm-vp8: 9c59270c3fd7afecdb556c50c9e8de78 -> 
  custom:audio-decoder-ogg-vorbis: bf7c407c2cedff20999df2af8eb42d56 -> 
========================================================================
Received Prepare
Refreshing native plugins compatible for Editor in 12.11 ms, found 2 plugins.
Preloading 0 native plugins for Editor in 0.00 ms.
Unloading 49 Unused Serialized files (Serialized files now loaded: 0)
Unloading 49 unused Assets / (23.1 KB). Loaded Objects now: 3759.
Memory consumption went from 59.4 MB to 59.4 MB.
Total: 9.077900 ms (FindLiveObjects: 0.441100 ms CreateObjectMapping: 0.098700 ms MarkObjects: 8.487300 ms  DeleteObjects: 0.049800 ms)

AssetImportParameters requested are different than current active one (requested -> active):
  custom:video-decoder-ogg-theora: a1e56fd34408186e4bbccfd4996cb3dc -> 
  custom:container-muxer-webm: aa71ff27fc2769a1b78a27578f13a17b -> 
  custom:container-demuxer-webm: 4f35f7cbe854078d1ac9338744f61a02 -> 
  custom:video-encoder-webm-vp8: eb34c28f22e8b96e1ab97ce403110664 -> 
  custom:CustomObjectIndexerAttribute: bc11b3a6c3213fcdd17b65e7da85e133 -> 
  custom:audio-encoder-webm-vorbis: bf7c407c2cedff20999df2af8eb42d56 -> 
  custom:framework-win-MediaFoundation: 216162199b28c13a410421893ffa2e32 -> 
  custom:SearchIndexIgnoredProperties: e643bd26f0fe6173181afceb89e7c659 -> 
  custom:container-demuxer-ogg: 62fdf1f143b41e24485cea50d1cbac27 -> 
  custom:video-decoder-webm-vp8: 9c59270c3fd7afecdb556c50c9e8de78 -> 
  custom:audio-decoder-ogg-vorbis: bf7c407c2cedff20999df2af8eb42d56 -> 
========================================================================
Received Prepare
Registering precompiled user dll's ...
Registered in 0.007441 seconds.
Begin MonoManager ReloadAssembly
Symbol file LoadedFromMemory is not a mono symbol file
Native extension for UWP target not found
Native extension for WindowsStandalone target not found
Native extension for Android target not found
Native extension for WebGL target not found
Refreshing native plugins compatible for Editor in 1.63 ms, found 2 plugins.
Preloading 0 native plugins for Editor in 0.00 ms.
[Package Manager] Server::EnsureServerProcessIsRunning -- launch failed, reason: Unity was launched with the -noUpm command-line argument
[Package Manager] Cannot connect to Unity Package Manager local server
Mono: successfully reloaded assembly
- Completed reload, in  1.707 seconds
Domain Reload Profiling:
	ReloadAssembly (1707ms)
		BeginReloadAssembly (174ms)
			ExecutionOrderSort (0ms)
			DisableScriptedObjects (7ms)
			BackupInstance (0ms)
			ReleaseScriptingObjects (0ms)
			CreateAndSetChildDomain (53ms)
		EndReloadAssembly (1417ms)
			LoadAssemblies (116ms)
			RebuildTransferFunctionScriptingTraits (0ms)
			SetupTypeCache (269ms)
			ReleaseScriptCaches (2ms)
			RebuildScriptCaches (49ms)
			SetupLoadedEditorAssemblies (931ms)
				LogAssemblyErrors (0ms)
				InitializePlatformSupportModulesInManaged (21ms)
				SetLoadedEditorAssemblies (0ms)
				RefreshPlugins (2ms)
				BeforeProcessingInitializeOnLoad (62ms)
				ProcessInitializeOnLoadAttributes (662ms)
				ProcessInitializeOnLoadMethodAttributes (173ms)
				AfterProcessingInitializeOnLoad (10ms)
				EditorAssembliesLoaded (0ms)
			ExecutionOrderSort2 (0ms)
			AwakeInstancesAfterBackupRestoration (8ms)
Platform modules already initialized, skipping
Refreshing native plugins compatible for Editor in 1.60 ms, found 2 plugins.
Preloading 0 native plugins for Editor in 0.00 ms.
Unloading 3107 Unused Serialized files (Serialized files now loaded: 0)
Unloading 51 unused Assets / (23.0 KB). Loaded Objects now: 3765.
Memory consumption went from 121.8 MB to 121.8 MB.
Total: 9.105900 ms (FindLiveObjects: 0.412200 ms CreateObjectMapping: 0.130700 ms MarkObjects: 8.520600 ms  DeleteObjects: 0.041400 ms)

AssetImportParameters requested are different than current active one (requested -> active):
  custom:video-decoder-ogg-theora: a1e56fd34408186e4bbccfd4996cb3dc -> 
  custom:container-muxer-webm: aa71ff27fc2769a1b78a27578f13a17b -> 
  custom:container-demuxer-webm: 4f35f7cbe854078d1ac9338744f61a02 -> 
  custom:video-encoder-webm-vp8: eb34c28f22e8b96e1ab97ce403110664 -> 
  custom:CustomObjectIndexerAttribute: bc11b3a6c3213fcdd17b65e7da85e133 -> 
  custom:audio-encoder-webm-vorbis: bf7c407c2cedff20999df2af8eb42d56 -> 
  custom:framework-win-MediaFoundation: 216162199b28c13a410421893ffa2e32 -> 
  custom:SearchIndexIgnoredProperties: e643bd26f0fe6173181afceb89e7c659 -> 
  custom:container-demuxer-ogg: 62fdf1f143b41e24485cea50d1cbac27 -> 
  custom:video-decoder-webm-vp8: 9c59270c3fd7afecdb556c50c9e8de78 -> 
  custom:audio-decoder-ogg-vorbis: bf7c407c2cedff20999df2af8eb42d56 -> 
========================================================================
Received Prepare
Refreshing native plugins compatible for Editor in 9.10 ms, found 2 plugins.
Preloading 0 native plugins for Editor in 0.00 ms.
Unloading 49 Unused Serialized files (Serialized files now loaded: 0)
Unloading 49 unused Assets / (23.0 KB). Loaded Objects now: 3765.
Memory consumption went from 59.8 MB to 59.7 MB.
Total: 6.363300 ms (FindLiveObjects: 0.250000 ms CreateObjectMapping: 0.075800 ms MarkObjects: 5.995300 ms  DeleteObjects: 0.040000 ms)

AssetImportParameters requested are different than current active one (requested -> active):
  custom:video-decoder-ogg-theora: a1e56fd34408186e4bbccfd4996cb3dc -> 
  custom:container-muxer-webm: aa71ff27fc2769a1b78a27578f13a17b -> 
  custom:container-demuxer-webm: 4f35f7cbe854078d1ac9338744f61a02 -> 
  custom:video-encoder-webm-vp8: eb34c28f22e8b96e1ab97ce403110664 -> 
  custom:CustomObjectIndexerAttribute: bc11b3a6c3213fcdd17b65e7da85e133 -> 
  custom:audio-encoder-webm-vorbis: bf7c407c2cedff20999df2af8eb42d56 -> 
  custom:framework-win-MediaFoundation: 216162199b28c13a410421893ffa2e32 -> 
  custom:SearchIndexIgnoredProperties: e643bd26f0fe6173181afceb89e7c659 -> 
  custom:container-demuxer-ogg: 62fdf1f143b41e24485cea50d1cbac27 -> 
  custom:video-decoder-webm-vp8: 9c59270c3fd7afecdb556c50c9e8de78 -> 
  custom:audio-decoder-ogg-vorbis: bf7c407c2cedff20999df2af8eb42d56 -> 
========================================================================
Received Prepare
Registering precompiled user dll's ...
Registered in 0.006568 seconds.
Begin MonoManager ReloadAssembly
Symbol file LoadedFromMemory is not a mono symbol file
Native extension for UWP target not found
Native extension for WindowsStandalone target not found
Native extension for Android target not found
Native extension for WebGL target not found
Refreshing native plugins compatible for Editor in 0.91 ms, found 2 plugins.
Preloading 0 native plugins for Editor in 0.00 ms.
[Package Manager] Server::EnsureServerProcessIsRunning -- launch failed, reason: Unity was launched with the -noUpm command-line argument
[Package Manager] Cannot connect to Unity Package Manager local server
Mono: successfully reloaded assembly
- Completed reload, in  1.267 seconds
Domain Reload Profiling:
	ReloadAssembly (1268ms)
		BeginReloadAssembly (136ms)
			ExecutionOrderSort (0ms)
			DisableScriptedObjects (5ms)
			BackupInstance (0ms)
			ReleaseScriptingObjects (0ms)
			CreateAndSetChildDomain (42ms)
		EndReloadAssembly (1051ms)
			LoadAssemblies (91ms)
			RebuildTransferFunctionScriptingTraits (0ms)
			SetupTypeCache (172ms)
			ReleaseScriptCaches (1ms)
			RebuildScriptCaches (32ms)
			SetupLoadedEditorAssemblies (729ms)
				LogAssemblyErrors (0ms)
				InitializePlatformSupportModulesInManaged (14ms)
				SetLoadedEditorAssemblies (0ms)
				RefreshPlugins (1ms)
				BeforeProcessingInitializeOnLoad (40ms)
				ProcessInitializeOnLoadAttributes (565ms)
				ProcessInitializeOnLoadMethodAttributes (103ms)
				AfterProcessingInitializeOnLoad (6ms)
				EditorAssembliesLoaded (0ms)
			ExecutionOrderSort2 (0ms)
			AwakeInstancesAfterBackupRestoration (5ms)
Platform modules already initialized, skipping
Refreshing native plugins compatible for Editor in 0.91 ms, found 2 plugins.
Preloading 0 native plugins for Editor in 0.00 ms.
Unloading 3107 Unused Serialized files (Serialized files now loaded: 0)
Unloading 51 unused Assets / (23.0 KB). Loaded Objects now: 3768.
Memory consumption went from 121.8 MB to 121.8 MB.
Total: 6.086400 ms (FindLiveObjects: 0.266800 ms CreateObjectMapping: 0.091800 ms MarkObjects: 5.675200 ms  DeleteObjects: 0.051700 ms)

AssetImportParameters requested are different than current active one (requested -> active):
  custom:video-decoder-ogg-theora: a1e56fd34408186e4bbccfd4996cb3dc -> 
  custom:container-muxer-webm: aa71ff27fc2769a1b78a27578f13a17b -> 
  custom:container-demuxer-webm: 4f35f7cbe854078d1ac9338744f61a02 -> 
  custom:video-encoder-webm-vp8: eb34c28f22e8b96e1ab97ce403110664 -> 
  custom:CustomObjectIndexerAttribute: bc11b3a6c3213fcdd17b65e7da85e133 -> 
  custom:audio-encoder-webm-vorbis: bf7c407c2cedff20999df2af8eb42d56 -> 
  custom:framework-win-MediaFoundation: 216162199b28c13a410421893ffa2e32 -> 
  custom:SearchIndexIgnoredProperties: e643bd26f0fe6173181afceb89e7c659 -> 
  custom:container-demuxer-ogg: 62fdf1f143b41e24485cea50d1cbac27 -> 
  custom:video-decoder-webm-vp8: 9c59270c3fd7afecdb556c50c9e8de78 -> 
  custom:audio-decoder-ogg-vorbis: bf7c407c2cedff20999df2af8eb42d56 -> 
========================================================================
Received Prepare
Refreshing native plugins compatible for Editor in 13.62 ms, found 2 plugins.
Preloading 0 native plugins for Editor in 0.00 ms.
Unloading 49 Unused Serialized files (Serialized files now loaded: 0)
Unloading 49 unused Assets / (22.9 KB). Loaded Objects now: 3768.
Memory consumption went from 59.8 MB to 59.8 MB.
Total: 9.341500 ms (FindLiveObjects: 0.267900 ms CreateObjectMapping: 0.188000 ms MarkObjects: 8.837900 ms  DeleteObjects: 0.046700 ms)

AssetImportParameters requested are different than current active one (requested -> active):
  custom:video-decoder-ogg-theora: a1e56fd34408186e4bbccfd4996cb3dc -> 
  custom:container-muxer-webm: aa71ff27fc2769a1b78a27578f13a17b -> 
  custom:container-demuxer-webm: 4f35f7cbe854078d1ac9338744f61a02 -> 
  custom:video-encoder-webm-vp8: eb34c28f22e8b96e1ab97ce403110664 -> 
  custom:CustomObjectIndexerAttribute: bc11b3a6c3213fcdd17b65e7da85e133 -> 
  custom:audio-encoder-webm-vorbis: bf7c407c2cedff20999df2af8eb42d56 -> 
  custom:framework-win-MediaFoundation: 216162199b28c13a410421893ffa2e32 -> 
  custom:SearchIndexIgnoredProperties: e643bd26f0fe6173181afceb89e7c659 -> 
  custom:container-demuxer-ogg: 62fdf1f143b41e24485cea50d1cbac27 -> 
  custom:video-decoder-webm-vp8: 9c59270c3fd7afecdb556c50c9e8de78 -> 
  custom:audio-decoder-ogg-vorbis: bf7c407c2cedff20999df2af8eb42d56 -> 
========================================================================
Received Prepare
Refreshing native plugins compatible for Editor in 10.04 ms, found 2 plugins.
Preloading 0 native plugins for Editor in 0.00 ms.
Unloading 49 Unused Serialized files (Serialized files now loaded: 0)
Unloading 49 unused Assets / (22.9 KB). Loaded Objects now: 3768.
Memory consumption went from 59.4 MB to 59.4 MB.
Total: 6.957900 ms (FindLiveObjects: 0.293900 ms CreateObjectMapping: 0.100900 ms MarkObjects: 6.523100 ms  DeleteObjects: 0.039200 ms)

AssetImportParameters requested are different than current active one (requested -> active):
  custom:video-decoder-ogg-theora: a1e56fd34408186e4bbccfd4996cb3dc -> 
  custom:container-muxer-webm: aa71ff27fc2769a1b78a27578f13a17b -> 
  custom:container-demuxer-webm: 4f35f7cbe854078d1ac9338744f61a02 -> 
  custom:video-encoder-webm-vp8: eb34c28f22e8b96e1ab97ce403110664 -> 
  custom:CustomObjectIndexerAttribute: bc11b3a6c3213fcdd17b65e7da85e133 -> 
  custom:audio-encoder-webm-vorbis: bf7c407c2cedff20999df2af8eb42d56 -> 
  custom:framework-win-MediaFoundation: 216162199b28c13a410421893ffa2e32 -> 
  custom:SearchIndexIgnoredProperties: e643bd26f0fe6173181afceb89e7c659 -> 
  custom:container-demuxer-ogg: 62fdf1f143b41e24485cea50d1cbac27 -> 
  custom:video-decoder-webm-vp8: 9c59270c3fd7afecdb556c50c9e8de78 -> 
  custom:audio-decoder-ogg-vorbis: bf7c407c2cedff20999df2af8eb42d56 -> 
========================================================================
Received Prepare
Refreshing native plugins compatible for Editor in 14.25 ms, found 2 plugins.
Preloading 0 native plugins for Editor in 0.00 ms.
Unloading 49 Unused Serialized files (Serialized files now loaded: 0)
Unloading 49 unused Assets / (22.9 KB). Loaded Objects now: 3768.
Memory consumption went from 59.4 MB to 59.4 MB.
Total: 8.842300 ms (FindLiveObjects: 0.314400 ms CreateObjectMapping: 0.087900 ms MarkObjects: 8.401300 ms  DeleteObjects: 0.038100 ms)

AssetImportParameters requested are different than current active one (requested -> active):
  custom:video-decoder-ogg-theora: a1e56fd34408186e4bbccfd4996cb3dc -> 
  custom:container-muxer-webm: aa71ff27fc2769a1b78a27578f13a17b -> 
  custom:container-demuxer-webm: 4f35f7cbe854078d1ac9338744f61a02 -> 
  custom:video-encoder-webm-vp8: eb34c28f22e8b96e1ab97ce403110664 -> 
  custom:CustomObjectIndexerAttribute: bc11b3a6c3213fcdd17b65e7da85e133 -> 
  custom:audio-encoder-webm-vorbis: bf7c407c2cedff20999df2af8eb42d56 -> 
  custom:framework-win-MediaFoundation: 216162199b28c13a410421893ffa2e32 -> 
  custom:SearchIndexIgnoredProperties: e643bd26f0fe6173181afceb89e7c659 -> 
  custom:container-demuxer-ogg: 62fdf1f143b41e24485cea50d1cbac27 -> 
  custom:video-decoder-webm-vp8: 9c59270c3fd7afecdb556c50c9e8de78 -> 
  custom:audio-decoder-ogg-vorbis: bf7c407c2cedff20999df2af8eb42d56 -> 
========================================================================
Received Prepare
Registering precompiled user dll's ...
Registered in 0.011178 seconds.
Begin MonoManager ReloadAssembly
Symbol file LoadedFromMemory is not a mono symbol file
Native extension for UWP target not found
Native extension for WindowsStandalone target not found
Native extension for Android target not found
Native extension for WebGL target not found
Refreshing native plugins compatible for Editor in 1.69 ms, found 2 plugins.
Preloading 0 native plugins for Editor in 0.00 ms.
[Package Manager] Server::EnsureServerProcessIsRunning -- launch failed, reason: Unity was launched with the -noUpm command-line argument
[Package Manager] Cannot connect to Unity Package Manager local server
Mono: successfully reloaded assembly
- Completed reload, in  1.733 seconds
Domain Reload Profiling:
	ReloadAssembly (1734ms)
		BeginReloadAssembly (183ms)
			ExecutionOrderSort (0ms)
			DisableScriptedObjects (7ms)
			BackupInstance (0ms)
			ReleaseScriptingObjects (0ms)
			CreateAndSetChildDomain (55ms)
		EndReloadAssembly (1432ms)
			LoadAssemblies (123ms)
			RebuildTransferFunctionScriptingTraits (0ms)
			SetupTypeCache (275ms)
			ReleaseScriptCaches (1ms)
			RebuildScriptCaches (50ms)
			SetupLoadedEditorAssemblies (939ms)
				LogAssemblyErrors (0ms)
				InitializePlatformSupportModulesInManaged (17ms)
				SetLoadedEditorAssemblies (1ms)
				RefreshPlugins (2ms)
				BeforeProcessingInitializeOnLoad (66ms)
				ProcessInitializeOnLoadAttributes (664ms)
				ProcessInitializeOnLoadMethodAttributes (181ms)
				AfterProcessingInitializeOnLoad (8ms)
				EditorAssembliesLoaded (0ms)
			ExecutionOrderSort2 (0ms)
			AwakeInstancesAfterBackupRestoration (9ms)
Platform modules already initialized, skipping
Refreshing native plugins compatible for Editor in 1.51 ms, found 2 plugins.
Preloading 0 native plugins for Editor in 0.00 ms.
Unloading 3107 Unused Serialized files (Serialized files now loaded: 0)
Unloading 51 unused Assets / (23.1 KB). Loaded Objects now: 3771.
Memory consumption went from 121.8 MB to 121.8 MB.
Total: 9.383300 ms (FindLiveObjects: 0.280200 ms CreateObjectMapping: 0.194500 ms MarkObjects: 8.852800 ms  DeleteObjects: 0.054900 ms)

AssetImportParameters requested are different than current active one (requested -> active):
  custom:video-decoder-ogg-theora: a1e56fd34408186e4bbccfd4996cb3dc -> 
  custom:container-muxer-webm: aa71ff27fc2769a1b78a27578f13a17b -> 
  custom:container-demuxer-webm: 4f35f7cbe854078d1ac9338744f61a02 -> 
  custom:video-encoder-webm-vp8: eb34c28f22e8b96e1ab97ce403110664 -> 
  custom:CustomObjectIndexerAttribute: bc11b3a6c3213fcdd17b65e7da85e133 -> 
  custom:audio-encoder-webm-vorbis: bf7c407c2cedff20999df2af8eb42d56 -> 
  custom:framework-win-MediaFoundation: 216162199b28c13a410421893ffa2e32 -> 
  custom:SearchIndexIgnoredProperties: e643bd26f0fe6173181afceb89e7c659 -> 
  custom:container-demuxer-ogg: 62fdf1f143b41e24485cea50d1cbac27 -> 
  custom:video-decoder-webm-vp8: 9c59270c3fd7afecdb556c50c9e8de78 -> 
  custom:audio-decoder-ogg-vorbis: bf7c407c2cedff20999df2af8eb42d56 -> 
========================================================================
Received Prepare
Refreshing native plugins compatible for Editor in 10.87 ms, found 2 plugins.
Preloading 0 native plugins for Editor in 0.00 ms.
Unloading 49 Unused Serialized files (Serialized files now loaded: 0)
Unloading 49 unused Assets / (23.0 KB). Loaded Objects now: 3771.
Memory consumption went from 59.7 MB to 59.7 MB.
Total: 7.145000 ms (FindLiveObjects: 0.256200 ms CreateObjectMapping: 0.079000 ms MarkObjects: 6.767600 ms  DeleteObjects: 0.041300 ms)

AssetImportParameters requested are different than current active one (requested -> active):
  custom:video-decoder-ogg-theora: a1e56fd34408186e4bbccfd4996cb3dc -> 
  custom:container-muxer-webm: aa71ff27fc2769a1b78a27578f13a17b -> 
  custom:container-demuxer-webm: 4f35f7cbe854078d1ac9338744f61a02 -> 
  custom:video-encoder-webm-vp8: eb34c28f22e8b96e1ab97ce403110664 -> 
  custom:CustomObjectIndexerAttribute: bc11b3a6c3213fcdd17b65e7da85e133 -> 
  custom:audio-encoder-webm-vorbis: bf7c407c2cedff20999df2af8eb42d56 -> 
  custom:framework-win-MediaFoundation: 216162199b28c13a410421893ffa2e32 -> 
  custom:SearchIndexIgnoredProperties: e643bd26f0fe6173181afceb89e7c659 -> 
  custom:container-demuxer-ogg: 62fdf1f143b41e24485cea50d1cbac27 -> 
  custom:video-decoder-webm-vp8: 9c59270c3fd7afecdb556c50c9e8de78 -> 
  custom:audio-decoder-ogg-vorbis: bf7c407c2cedff20999df2af8eb42d56 -> 
========================================================================
Received Prepare
Registering precompiled user dll's ...
Registered in 0.006124 seconds.
Begin MonoManager ReloadAssembly
Symbol file LoadedFromMemory is not a mono symbol file
Native extension for UWP target not found
Native extension for WindowsStandalone target not found
Native extension for Android target not found
Native extension for WebGL target not found
Refreshing native plugins compatible for Editor in 1.02 ms, found 2 plugins.
Preloading 0 native plugins for Editor in 0.00 ms.
[Package Manager] Server::EnsureServerProcessIsRunning -- launch failed, reason: Unity was launched with the -noUpm command-line argument
[Package Manager] Cannot connect to Unity Package Manager local server
Mono: successfully reloaded assembly
- Completed reload, in  1.340 seconds
Domain Reload Profiling:
	ReloadAssembly (1341ms)
		BeginReloadAssembly (175ms)
			ExecutionOrderSort (0ms)
			DisableScriptedObjects (8ms)
			BackupInstance (0ms)
			ReleaseScriptingObjects (0ms)
			CreateAndSetChildDomain (68ms)
		EndReloadAssembly (1084ms)
			LoadAssemblies (102ms)
			RebuildTransferFunctionScriptingTraits (0ms)
			SetupTypeCache (195ms)
			ReleaseScriptCaches (1ms)
			RebuildScriptCaches (34ms)
			SetupLoadedEditorAssemblies (726ms)
				LogAssemblyErrors (0ms)
				InitializePlatformSupportModulesInManaged (15ms)
				SetLoadedEditorAssemblies (0ms)
				RefreshPlugins (1ms)
				BeforeProcessingInitializeOnLoad (43ms)
				ProcessInitializeOnLoadAttributes (557ms)
				ProcessInitializeOnLoadMethodAttributes (104ms)
				AfterProcessingInitializeOnLoad (5ms)
				EditorAssembliesLoaded (0ms)
			ExecutionOrderSort2 (0ms)
			AwakeInstancesAfterBackupRestoration (5ms)
Platform modules already initialized, skipping
Refreshing native plugins compatible for Editor in 0.96 ms, found 2 plugins.
Preloading 0 native plugins for Editor in 0.00 ms.
Unloading 3107 Unused Serialized files (Serialized files now loaded: 0)
Unloading 51 unused Assets / (23.0 KB). Loaded Objects now: 3774.
Memory consumption went from 121.8 MB to 121.8 MB.
Total: 8.045900 ms (FindLiveObjects: 0.723900 ms CreateObjectMapping: 0.245100 ms MarkObjects: 7.025200 ms  DeleteObjects: 0.050200 ms)

AssetImportParameters requested are different than current active one (requested -> active):
  custom:video-decoder-ogg-theora: a1e56fd34408186e4bbccfd4996cb3dc -> 
  custom:container-muxer-webm: aa71ff27fc2769a1b78a27578f13a17b -> 
  custom:container-demuxer-webm: 4f35f7cbe854078d1ac9338744f61a02 -> 
  custom:video-encoder-webm-vp8: eb34c28f22e8b96e1ab97ce403110664 -> 
  custom:CustomObjectIndexerAttribute: bc11b3a6c3213fcdd17b65e7da85e133 -> 
  custom:audio-encoder-webm-vorbis: bf7c407c2cedff20999df2af8eb42d56 -> 
  custom:framework-win-MediaFoundation: 216162199b28c13a410421893ffa2e32 -> 
  custom:SearchIndexIgnoredProperties: e643bd26f0fe6173181afceb89e7c659 -> 
  custom:container-demuxer-ogg: 62fdf1f143b41e24485cea50d1cbac27 -> 
  custom:video-decoder-webm-vp8: 9c59270c3fd7afecdb556c50c9e8de78 -> 
  custom:audio-decoder-ogg-vorbis: bf7c407c2cedff20999df2af8eb42d56 -> 
========================================================================
Received Prepare
Refreshing native plugins compatible for Editor in 10.63 ms, found 2 plugins.
Preloading 0 native plugins for Editor in 0.00 ms.
Unloading 49 Unused Serialized files (Serialized files now loaded: 0)
Unloading 49 unused Assets / (23.0 KB). Loaded Objects now: 3774.
Memory consumption went from 59.8 MB to 59.8 MB.
Total: 7.386000 ms (FindLiveObjects: 0.277900 ms CreateObjectMapping: 0.085900 ms MarkObjects: 6.959000 ms  DeleteObjects: 0.062200 ms)

AssetImportParameters requested are different than current active one (requested -> active):
  custom:video-decoder-ogg-theora: a1e56fd34408186e4bbccfd4996cb3dc -> 
  custom:container-muxer-webm: aa71ff27fc2769a1b78a27578f13a17b -> 
  custom:container-demuxer-webm: 4f35f7cbe854078d1ac9338744f61a02 -> 
  custom:video-encoder-webm-vp8: eb34c28f22e8b96e1ab97ce403110664 -> 
  custom:CustomObjectIndexerAttribute: bc11b3a6c3213fcdd17b65e7da85e133 -> 
  custom:audio-encoder-webm-vorbis: bf7c407c2cedff20999df2af8eb42d56 -> 
  custom:framework-win-MediaFoundation: 216162199b28c13a410421893ffa2e32 -> 
  custom:SearchIndexIgnoredProperties: e643bd26f0fe6173181afceb89e7c659 -> 
  custom:container-demuxer-ogg: 62fdf1f143b41e24485cea50d1cbac27 -> 
  custom:video-decoder-webm-vp8: 9c59270c3fd7afecdb556c50c9e8de78 -> 
  custom:audio-decoder-ogg-vorbis: bf7c407c2cedff20999df2af8eb42d56 -> 
========================================================================
Received Prepare
Refreshing native plugins compatible for Editor in 9.58 ms, found 2 plugins.
Preloading 0 native plugins for Editor in 0.00 ms.
Unloading 49 Unused Serialized files (Serialized files now loaded: 0)
Unloading 49 unused Assets / (23.0 KB). Loaded Objects now: 3774.
Memory consumption went from 59.5 MB to 59.5 MB.
Total: 6.291200 ms (FindLiveObjects: 0.264500 ms CreateObjectMapping: 0.084500 ms MarkObjects: 5.902600 ms  DeleteObjects: 0.038900 ms)

AssetImportParameters requested are different than current active one (requested -> active):
  custom:video-decoder-ogg-theora: a1e56fd34408186e4bbccfd4996cb3dc -> 
  custom:container-muxer-webm: aa71ff27fc2769a1b78a27578f13a17b -> 
  custom:container-demuxer-webm: 4f35f7cbe854078d1ac9338744f61a02 -> 
  custom:video-encoder-webm-vp8: eb34c28f22e8b96e1ab97ce403110664 -> 
  custom:CustomObjectIndexerAttribute: bc11b3a6c3213fcdd17b65e7da85e133 -> 
  custom:audio-encoder-webm-vorbis: bf7c407c2cedff20999df2af8eb42d56 -> 
  custom:framework-win-MediaFoundation: 216162199b28c13a410421893ffa2e32 -> 
  custom:SearchIndexIgnoredProperties: e643bd26f0fe6173181afceb89e7c659 -> 
  custom:container-demuxer-ogg: 62fdf1f143b41e24485cea50d1cbac27 -> 
  custom:video-decoder-webm-vp8: 9c59270c3fd7afecdb556c50c9e8de78 -> 
  custom:audio-decoder-ogg-vorbis: bf7c407c2cedff20999df2af8eb42d56 -> 
========================================================================
Received Prepare
Registering precompiled user dll's ...
Registered in 0.006871 seconds.
Begin MonoManager ReloadAssembly
Symbol file LoadedFromMemory is not a mono symbol file
Native extension for UWP target not found
Native extension for WindowsStandalone target not found
Native extension for Android target not found
Native extension for WebGL target not found
Refreshing native plugins compatible for Editor in 0.84 ms, found 2 plugins.
Preloading 0 native plugins for Editor in 0.00 ms.
[Package Manager] Server::EnsureServerProcessIsRunning -- launch failed, reason: Unity was launched with the -noUpm command-line argument
[Package Manager] Cannot connect to Unity Package Manager local server
Mono: successfully reloaded assembly
- Completed reload, in  1.250 seconds
Domain Reload Profiling:
	ReloadAssembly (1251ms)
		BeginReloadAssembly (136ms)
			ExecutionOrderSort (0ms)
			DisableScriptedObjects (5ms)
			BackupInstance (0ms)
			ReleaseScriptingObjects (0ms)
			CreateAndSetChildDomain (44ms)
		EndReloadAssembly (1038ms)
			LoadAssemblies (94ms)
			RebuildTransferFunctionScriptingTraits (0ms)
			SetupTypeCache (173ms)
			ReleaseScriptCaches (1ms)
			RebuildScriptCaches (31ms)
			SetupLoadedEditorAssemblies (715ms)
				LogAssemblyErrors (0ms)
				InitializePlatformSupportModulesInManaged (13ms)
				SetLoadedEditorAssemblies (0ms)
				RefreshPlugins (1ms)
				BeforeProcessingInitializeOnLoad (39ms)
				ProcessInitializeOnLoadAttributes (555ms)
				ProcessInitializeOnLoadMethodAttributes (100ms)
				AfterProcessingInitializeOnLoad (6ms)
				EditorAssembliesLoaded (0ms)
			ExecutionOrderSort2 (0ms)
			AwakeInstancesAfterBackupRestoration (5ms)
Platform modules already initialized, skipping
Refreshing native plugins compatible for Editor in 0.88 ms, found 2 plugins.
Preloading 0 native plugins for Editor in 0.00 ms.
Unloading 3107 Unused Serialized files (Serialized files now loaded: 0)
Unloading 51 unused Assets / (23.0 KB). Loaded Objects now: 3777.
Memory consumption went from 121.9 MB to 121.8 MB.
Total: 6.138700 ms (FindLiveObjects: 0.264900 ms CreateObjectMapping: 0.078000 ms MarkObjects: 5.740200 ms  DeleteObjects: 0.054300 ms)

AssetImportParameters requested are different than current active one (requested -> active):
  custom:video-decoder-ogg-theora: a1e56fd34408186e4bbccfd4996cb3dc -> 
  custom:container-muxer-webm: aa71ff27fc2769a1b78a27578f13a17b -> 
  custom:container-demuxer-webm: 4f35f7cbe854078d1ac9338744f61a02 -> 
  custom:video-encoder-webm-vp8: eb34c28f22e8b96e1ab97ce403110664 -> 
  custom:CustomObjectIndexerAttribute: bc11b3a6c3213fcdd17b65e7da85e133 -> 
  custom:audio-encoder-webm-vorbis: bf7c407c2cedff20999df2af8eb42d56 -> 
  custom:framework-win-MediaFoundation: 216162199b28c13a410421893ffa2e32 -> 
  custom:SearchIndexIgnoredProperties: e643bd26f0fe6173181afceb89e7c659 -> 
  custom:container-demuxer-ogg: 62fdf1f143b41e24485cea50d1cbac27 -> 
  custom:video-decoder-webm-vp8: 9c59270c3fd7afecdb556c50c9e8de78 -> 
  custom:audio-decoder-ogg-vorbis: bf7c407c2cedff20999df2af8eb42d56 -> 
========================================================================
Received Prepare
Refreshing native plugins compatible for Editor in 9.48 ms, found 2 plugins.
Preloading 0 native plugins for Editor in 0.00 ms.
Unloading 49 Unused Serialized files (Serialized files now loaded: 0)
Unloading 49 unused Assets / (23.0 KB). Loaded Objects now: 3777.
Memory consumption went from 59.8 MB to 59.8 MB.
Total: 6.318000 ms (FindLiveObjects: 0.291800 ms CreateObjectMapping: 0.085900 ms MarkObjects: 5.896900 ms  DeleteObjects: 0.042300 ms)

AssetImportParameters requested are different than current active one (requested -> active):
  custom:video-decoder-ogg-theora: a1e56fd34408186e4bbccfd4996cb3dc -> 
  custom:container-muxer-webm: aa71ff27fc2769a1b78a27578f13a17b -> 
  custom:container-demuxer-webm: 4f35f7cbe854078d1ac9338744f61a02 -> 
  custom:video-encoder-webm-vp8: eb34c28f22e8b96e1ab97ce403110664 -> 
  custom:CustomObjectIndexerAttribute: bc11b3a6c3213fcdd17b65e7da85e133 -> 
  custom:audio-encoder-webm-vorbis: bf7c407c2cedff20999df2af8eb42d56 -> 
  custom:framework-win-MediaFoundation: 216162199b28c13a410421893ffa2e32 -> 
  custom:SearchIndexIgnoredProperties: e643bd26f0fe6173181afceb89e7c659 -> 
  custom:container-demuxer-ogg: 62fdf1f143b41e24485cea50d1cbac27 -> 
  custom:video-decoder-webm-vp8: 9c59270c3fd7afecdb556c50c9e8de78 -> 
  custom:audio-decoder-ogg-vorbis: bf7c407c2cedff20999df2af8eb42d56 -> 
========================================================================
Received Prepare
Refreshing native plugins compatible for Editor in 13.41 ms, found 2 plugins.
Preloading 0 native plugins for Editor in 0.00 ms.
Unloading 49 Unused Serialized files (Serialized files now loaded: 0)
Unloading 49 unused Assets / (23.0 KB). Loaded Objects now: 3777.
Memory consumption went from 59.4 MB to 59.4 MB.
Total: 6.049200 ms (FindLiveObjects: 0.270300 ms CreateObjectMapping: 0.093100 ms MarkObjects: 5.656100 ms  DeleteObjects: 0.029100 ms)

AssetImportParameters requested are different than current active one (requested -> active):
  custom:video-decoder-ogg-theora: a1e56fd34408186e4bbccfd4996cb3dc -> 
  custom:container-muxer-webm: aa71ff27fc2769a1b78a27578f13a17b -> 
  custom:container-demuxer-webm: 4f35f7cbe854078d1ac9338744f61a02 -> 
  custom:video-encoder-webm-vp8: eb34c28f22e8b96e1ab97ce403110664 -> 
  custom:CustomObjectIndexerAttribute: bc11b3a6c3213fcdd17b65e7da85e133 -> 
  custom:audio-encoder-webm-vorbis: bf7c407c2cedff20999df2af8eb42d56 -> 
  custom:framework-win-MediaFoundation: 216162199b28c13a410421893ffa2e32 -> 
  custom:SearchIndexIgnoredProperties: e643bd26f0fe6173181afceb89e7c659 -> 
  custom:container-demuxer-ogg: 62fdf1f143b41e24485cea50d1cbac27 -> 
  custom:video-decoder-webm-vp8: 9c59270c3fd7afecdb556c50c9e8de78 -> 
  custom:audio-decoder-ogg-vorbis: bf7c407c2cedff20999df2af8eb42d56 -> 
========================================================================
Received Prepare
Refreshing native plugins compatible for Editor in 9.03 ms, found 2 plugins.
Preloading 0 native plugins for Editor in 0.00 ms.
Unloading 49 Unused Serialized files (Serialized files now loaded: 0)
Unloading 49 unused Assets / (23.0 KB). Loaded Objects now: 3777.
Memory consumption went from 59.4 MB to 59.4 MB.
Total: 6.657000 ms (FindLiveObjects: 0.436000 ms CreateObjectMapping: 0.084200 ms MarkObjects: 6.098400 ms  DeleteObjects: 0.037700 ms)

AssetImportParameters requested are different than current active one (requested -> active):
  custom:video-decoder-ogg-theora: a1e56fd34408186e4bbccfd4996cb3dc -> 
  custom:container-muxer-webm: aa71ff27fc2769a1b78a27578f13a17b -> 
  custom:container-demuxer-webm: 4f35f7cbe854078d1ac9338744f61a02 -> 
  custom:video-encoder-webm-vp8: eb34c28f22e8b96e1ab97ce403110664 -> 
  custom:CustomObjectIndexerAttribute: bc11b3a6c3213fcdd17b65e7da85e133 -> 
  custom:audio-encoder-webm-vorbis: bf7c407c2cedff20999df2af8eb42d56 -> 
  custom:framework-win-MediaFoundation: 216162199b28c13a410421893ffa2e32 -> 
  custom:SearchIndexIgnoredProperties: e643bd26f0fe6173181afceb89e7c659 -> 
  custom:container-demuxer-ogg: 62fdf1f143b41e24485cea50d1cbac27 -> 
  custom:video-decoder-webm-vp8: 9c59270c3fd7afecdb556c50c9e8de78 -> 
  custom:audio-decoder-ogg-vorbis: bf7c407c2cedff20999df2af8eb42d56 -> 
========================================================================
Received Prepare
Registering precompiled user dll's ...
Registered in 0.010995 seconds.
Begin MonoManager ReloadAssembly
Symbol file LoadedFromMemory is not a mono symbol file
Native extension for UWP target not found
Native extension for WindowsStandalone target not found
Native extension for Android target not found
Native extension for WebGL target not found
Refreshing native plugins compatible for Editor in 0.92 ms, found 2 plugins.
Preloading 0 native plugins for Editor in 0.00 ms.
[Package Manager] Server::EnsureServerProcessIsRunning -- launch failed, reason: Unity was launched with the -noUpm command-line argument
[Package Manager] Cannot connect to Unity Package Manager local server
Mono: successfully reloaded assembly
- Completed reload, in  1.533 seconds
Domain Reload Profiling:
	ReloadAssembly (1534ms)
		BeginReloadAssembly (152ms)
			ExecutionOrderSort (0ms)
			DisableScriptedObjects (5ms)
			BackupInstance (0ms)
			ReleaseScriptingObjects (0ms)
			CreateAndSetChildDomain (51ms)
		EndReloadAssembly (1292ms)
			LoadAssemblies (95ms)
			RebuildTransferFunctionScriptingTraits (0ms)
			SetupTypeCache (285ms)
			ReleaseScriptCaches (2ms)
			RebuildScriptCaches (45ms)
			SetupLoadedEditorAssemblies (818ms)
				LogAssemblyErrors (0ms)
				InitializePlatformSupportModulesInManaged (15ms)
				SetLoadedEditorAssemblies (0ms)
				RefreshPlugins (1ms)
				BeforeProcessingInitializeOnLoad (42ms)
				ProcessInitializeOnLoadAttributes (577ms)
				ProcessInitializeOnLoadMethodAttributes (173ms)
				AfterProcessingInitializeOnLoad (8ms)
				EditorAssembliesLoaded (0ms)
			ExecutionOrderSort2 (0ms)
			AwakeInstancesAfterBackupRestoration (6ms)
Platform modules already initialized, skipping
Refreshing native plugins compatible for Editor in 0.91 ms, found 2 plugins.
Preloading 0 native plugins for Editor in 0.00 ms.
Unloading 3107 Unused Serialized files (Serialized files now loaded: 0)
Unloading 51 unused Assets / (23.0 KB). Loaded Objects now: 3780.
Memory consumption went from 121.8 MB to 121.8 MB.
Total: 6.453300 ms (FindLiveObjects: 0.259700 ms CreateObjectMapping: 0.080600 ms MarkObjects: 6.027700 ms  DeleteObjects: 0.084100 ms)

AssetImportParameters requested are different than current active one (requested -> active):
  custom:video-decoder-ogg-theora: a1e56fd34408186e4bbccfd4996cb3dc -> 
  custom:container-muxer-webm: aa71ff27fc2769a1b78a27578f13a17b -> 
  custom:container-demuxer-webm: 4f35f7cbe854078d1ac9338744f61a02 -> 
  custom:video-encoder-webm-vp8: eb34c28f22e8b96e1ab97ce403110664 -> 
  custom:CustomObjectIndexerAttribute: bc11b3a6c3213fcdd17b65e7da85e133 -> 
  custom:audio-encoder-webm-vorbis: bf7c407c2cedff20999df2af8eb42d56 -> 
  custom:framework-win-MediaFoundation: 216162199b28c13a410421893ffa2e32 -> 
  custom:SearchIndexIgnoredProperties: e643bd26f0fe6173181afceb89e7c659 -> 
  custom:container-demuxer-ogg: 62fdf1f143b41e24485cea50d1cbac27 -> 
  custom:video-decoder-webm-vp8: 9c59270c3fd7afecdb556c50c9e8de78 -> 
  custom:audio-decoder-ogg-vorbis: bf7c407c2cedff20999df2af8eb42d56 -> 
========================================================================
Received Prepare
Refreshing native plugins compatible for Editor in 14.67 ms, found 2 plugins.
Preloading 0 native plugins for Editor in 0.00 ms.
Unloading 49 Unused Serialized files (Serialized files now loaded: 0)
Unloading 49 unused Assets / (22.9 KB). Loaded Objects now: 3780.
Memory consumption went from 59.8 MB to 59.7 MB.
Total: 9.714600 ms (FindLiveObjects: 0.312800 ms CreateObjectMapping: 0.123300 ms MarkObjects: 9.157800 ms  DeleteObjects: 0.119700 ms)

AssetImportParameters requested are different than current active one (requested -> active):
  custom:video-decoder-ogg-theora: a1e56fd34408186e4bbccfd4996cb3dc -> 
  custom:container-muxer-webm: aa71ff27fc2769a1b78a27578f13a17b -> 
  custom:container-demuxer-webm: 4f35f7cbe854078d1ac9338744f61a02 -> 
  custom:video-encoder-webm-vp8: eb34c28f22e8b96e1ab97ce403110664 -> 
  custom:CustomObjectIndexerAttribute: bc11b3a6c3213fcdd17b65e7da85e133 -> 
  custom:audio-encoder-webm-vorbis: bf7c407c2cedff20999df2af8eb42d56 -> 
  custom:framework-win-MediaFoundation: 216162199b28c13a410421893ffa2e32 -> 
  custom:SearchIndexIgnoredProperties: e643bd26f0fe6173181afceb89e7c659 -> 
  custom:container-demuxer-ogg: 62fdf1f143b41e24485cea50d1cbac27 -> 
  custom:video-decoder-webm-vp8: 9c59270c3fd7afecdb556c50c9e8de78 -> 
  custom:audio-decoder-ogg-vorbis: bf7c407c2cedff20999df2af8eb42d56 -> 
========================================================================
Received Prepare
Registering precompiled user dll's ...
Registered in 0.006922 seconds.
Begin MonoManager ReloadAssembly
Symbol file LoadedFromMemory is not a mono symbol file
Native extension for UWP target not found
Native extension for WindowsStandalone target not found
Native extension for Android target not found
Native extension for WebGL target not found
Refreshing native plugins compatible for Editor in 0.91 ms, found 2 plugins.
Preloading 0 native plugins for Editor in 0.00 ms.
[Package Manager] Server::EnsureServerProcessIsRunning -- launch failed, reason: Unity was launched with the -noUpm command-line argument
[Package Manager] Cannot connect to Unity Package Manager local server
Mono: successfully reloaded assembly
- Completed reload, in  1.333 seconds
Domain Reload Profiling:
	ReloadAssembly (1334ms)
		BeginReloadAssembly (137ms)
			ExecutionOrderSort (0ms)
			DisableScriptedObjects (5ms)
			BackupInstance (0ms)
			ReleaseScriptingObjects (0ms)
			CreateAndSetChildDomain (43ms)
		EndReloadAssembly (1098ms)
			LoadAssemblies (97ms)
			RebuildTransferFunctionScriptingTraits (0ms)
			SetupTypeCache (193ms)
			ReleaseScriptCaches (1ms)
			RebuildScriptCaches (39ms)
			SetupLoadedEditorAssemblies (737ms)
				LogAssemblyErrors (0ms)
				InitializePlatformSupportModulesInManaged (15ms)
				SetLoadedEditorAssemblies (0ms)
				RefreshPlugins (1ms)
				BeforeProcessingInitializeOnLoad (41ms)
				ProcessInitializeOnLoadAttributes (566ms)
				ProcessInitializeOnLoadMethodAttributes (109ms)
				AfterProcessingInitializeOnLoad (5ms)
				EditorAssembliesLoaded (0ms)
			ExecutionOrderSort2 (0ms)
			AwakeInstancesAfterBackupRestoration (5ms)
Platform modules already initialized, skipping
Refreshing native plugins compatible for Editor in 0.89 ms, found 2 plugins.
Preloading 0 native plugins for Editor in 0.00 ms.
Unloading 3107 Unused Serialized files (Serialized files now loaded: 0)
Unloading 51 unused Assets / (23.0 KB). Loaded Objects now: 3783.
Memory consumption went from 121.8 MB to 121.8 MB.
Total: 6.593700 ms (FindLiveObjects: 0.259400 ms CreateObjectMapping: 0.081100 ms MarkObjects: 6.211100 ms  DeleteObjects: 0.040800 ms)

AssetImportParameters requested are different than current active one (requested -> active):
  custom:video-decoder-ogg-theora: a1e56fd34408186e4bbccfd4996cb3dc -> 
  custom:container-muxer-webm: aa71ff27fc2769a1b78a27578f13a17b -> 
  custom:container-demuxer-webm: 4f35f7cbe854078d1ac9338744f61a02 -> 
  custom:video-encoder-webm-vp8: eb34c28f22e8b96e1ab97ce403110664 -> 
  custom:CustomObjectIndexerAttribute: bc11b3a6c3213fcdd17b65e7da85e133 -> 
  custom:audio-encoder-webm-vorbis: bf7c407c2cedff20999df2af8eb42d56 -> 
  custom:framework-win-MediaFoundation: 216162199b28c13a410421893ffa2e32 -> 
  custom:SearchIndexIgnoredProperties: e643bd26f0fe6173181afceb89e7c659 -> 
  custom:container-demuxer-ogg: 62fdf1f143b41e24485cea50d1cbac27 -> 
  custom:video-decoder-webm-vp8: 9c59270c3fd7afecdb556c50c9e8de78 -> 
  custom:audio-decoder-ogg-vorbis: bf7c407c2cedff20999df2af8eb42d56 -> 
========================================================================
Received Prepare
Refreshing native plugins compatible for Editor in 9.61 ms, found 2 plugins.
Preloading 0 native plugins for Editor in 0.00 ms.
Unloading 49 Unused Serialized files (Serialized files now loaded: 0)
Unloading 49 unused Assets / (23.0 KB). Loaded Objects now: 3783.
Memory consumption went from 59.8 MB to 59.7 MB.
Total: 6.261300 ms (FindLiveObjects: 0.256100 ms CreateObjectMapping: 0.079900 ms MarkObjects: 5.890200 ms  DeleteObjects: 0.034500 ms)

AssetImportParameters requested are different than current active one (requested -> active):
  custom:video-decoder-ogg-theora: a1e56fd34408186e4bbccfd4996cb3dc -> 
  custom:container-muxer-webm: aa71ff27fc2769a1b78a27578f13a17b -> 
  custom:container-demuxer-webm: 4f35f7cbe854078d1ac9338744f61a02 -> 
  custom:video-encoder-webm-vp8: eb34c28f22e8b96e1ab97ce403110664 -> 
  custom:CustomObjectIndexerAttribute: bc11b3a6c3213fcdd17b65e7da85e133 -> 
  custom:audio-encoder-webm-vorbis: bf7c407c2cedff20999df2af8eb42d56 -> 
  custom:framework-win-MediaFoundation: 216162199b28c13a410421893ffa2e32 -> 
  custom:SearchIndexIgnoredProperties: e643bd26f0fe6173181afceb89e7c659 -> 
  custom:container-demuxer-ogg: 62fdf1f143b41e24485cea50d1cbac27 -> 
  custom:video-decoder-webm-vp8: 9c59270c3fd7afecdb556c50c9e8de78 -> 
  custom:audio-decoder-ogg-vorbis: bf7c407c2cedff20999df2af8eb42d56 -> 
========================================================================
Received Prepare
Refreshing native plugins compatible for Editor in 10.12 ms, found 2 plugins.
Preloading 0 native plugins for Editor in 0.00 ms.
Unloading 49 Unused Serialized files (Serialized files now loaded: 0)
Unloading 49 unused Assets / (23.1 KB). Loaded Objects now: 3783.
Memory consumption went from 59.5 MB to 59.5 MB.
Total: 8.334200 ms (FindLiveObjects: 0.531900 ms CreateObjectMapping: 0.161400 ms MarkObjects: 7.575200 ms  DeleteObjects: 0.064800 ms)

AssetImportParameters requested are different than current active one (requested -> active):
  custom:video-decoder-ogg-theora: a1e56fd34408186e4bbccfd4996cb3dc -> 
  custom:container-muxer-webm: aa71ff27fc2769a1b78a27578f13a17b -> 
  custom:container-demuxer-webm: 4f35f7cbe854078d1ac9338744f61a02 -> 
  custom:video-encoder-webm-vp8: eb34c28f22e8b96e1ab97ce403110664 -> 
  custom:CustomObjectIndexerAttribute: bc11b3a6c3213fcdd17b65e7da85e133 -> 
  custom:audio-encoder-webm-vorbis: bf7c407c2cedff20999df2af8eb42d56 -> 
  custom:framework-win-MediaFoundation: 216162199b28c13a410421893ffa2e32 -> 
  custom:SearchIndexIgnoredProperties: e643bd26f0fe6173181afceb89e7c659 -> 
  custom:container-demuxer-ogg: 62fdf1f143b41e24485cea50d1cbac27 -> 
  custom:video-decoder-webm-vp8: 9c59270c3fd7afecdb556c50c9e8de78 -> 
  custom:audio-decoder-ogg-vorbis: bf7c407c2cedff20999df2af8eb42d56 -> 
========================================================================
Received Prepare
Refreshing native plugins compatible for Editor in 9.65 ms, found 2 plugins.
Preloading 0 native plugins for Editor in 0.00 ms.
Unloading 49 Unused Serialized files (Serialized files now loaded: 0)
Unloading 49 unused Assets / (23.0 KB). Loaded Objects now: 3783.
Memory consumption went from 59.5 MB to 59.5 MB.
Total: 7.832600 ms (FindLiveObjects: 0.301500 ms CreateObjectMapping: 0.086100 ms MarkObjects: 7.407600 ms  DeleteObjects: 0.036500 ms)

AssetImportParameters requested are different than current active one (requested -> active):
  custom:video-decoder-ogg-theora: a1e56fd34408186e4bbccfd4996cb3dc -> 
  custom:container-muxer-webm: aa71ff27fc2769a1b78a27578f13a17b -> 
  custom:container-demuxer-webm: 4f35f7cbe854078d1ac9338744f61a02 -> 
  custom:video-encoder-webm-vp8: eb34c28f22e8b96e1ab97ce403110664 -> 
  custom:CustomObjectIndexerAttribute: bc11b3a6c3213fcdd17b65e7da85e133 -> 
  custom:audio-encoder-webm-vorbis: bf7c407c2cedff20999df2af8eb42d56 -> 
  custom:framework-win-MediaFoundation: 216162199b28c13a410421893ffa2e32 -> 
  custom:SearchIndexIgnoredProperties: e643bd26f0fe6173181afceb89e7c659 -> 
  custom:container-demuxer-ogg: 62fdf1f143b41e24485cea50d1cbac27 -> 
  custom:video-decoder-webm-vp8: 9c59270c3fd7afecdb556c50c9e8de78 -> 
  custom:audio-decoder-ogg-vorbis: bf7c407c2cedff20999df2af8eb42d56 -> 
========================================================================
Received Prepare
Registering precompiled user dll's ...
Registered in 0.006650 seconds.
Begin MonoManager ReloadAssembly
Symbol file LoadedFromMemory is not a mono symbol file
Native extension for UWP target not found
Native extension for WindowsStandalone target not found
Native extension for Android target not found
Native extension for WebGL target not found
Refreshing native plugins compatible for Editor in 1.53 ms, found 2 plugins.
Preloading 0 native plugins for Editor in 0.00 ms.
[Package Manager] Server::EnsureServerProcessIsRunning -- launch failed, reason: Unity was launched with the -noUpm command-line argument
[Package Manager] Cannot connect to Unity Package Manager local server
Mono: successfully reloaded assembly
- Completed reload, in  1.742 seconds
Domain Reload Profiling:
	ReloadAssembly (1743ms)
		BeginReloadAssembly (178ms)
			ExecutionOrderSort (0ms)
			DisableScriptedObjects (6ms)
			BackupInstance (0ms)
			ReleaseScriptingObjects (0ms)
			CreateAndSetChildDomain (49ms)
		EndReloadAssembly (1441ms)
			LoadAssemblies (121ms)
			RebuildTransferFunctionScriptingTraits (0ms)
			SetupTypeCache (278ms)
			ReleaseScriptCaches (2ms)
			RebuildScriptCaches (52ms)
			SetupLoadedEditorAssemblies (934ms)
				LogAssemblyErrors (0ms)
				InitializePlatformSupportModulesInManaged (22ms)
				SetLoadedEditorAssemblies (1ms)
				RefreshPlugins (2ms)
				BeforeProcessingInitializeOnLoad (58ms)
				ProcessInitializeOnLoadAttributes (672ms)
				ProcessInitializeOnLoadMethodAttributes (170ms)
				AfterProcessingInitializeOnLoad (9ms)
				EditorAssembliesLoaded (0ms)
			ExecutionOrderSort2 (0ms)
			AwakeInstancesAfterBackupRestoration (9ms)
Platform modules already initialized, skipping
Refreshing native plugins compatible for Editor in 1.44 ms, found 2 plugins.
Preloading 0 native plugins for Editor in 0.00 ms.
Unloading 3107 Unused Serialized files (Serialized files now loaded: 0)
Unloading 51 unused Assets / (23.0 KB). Loaded Objects now: 3786.
Memory consumption went from 121.9 MB to 121.9 MB.
Total: 6.271200 ms (FindLiveObjects: 0.261900 ms CreateObjectMapping: 0.080700 ms MarkObjects: 5.893200 ms  DeleteObjects: 0.034200 ms)

AssetImportParameters requested are different than current active one (requested -> active):
  custom:video-decoder-ogg-theora: a1e56fd34408186e4bbccfd4996cb3dc -> 
  custom:container-muxer-webm: aa71ff27fc2769a1b78a27578f13a17b -> 
  custom:container-demuxer-webm: 4f35f7cbe854078d1ac9338744f61a02 -> 
  custom:video-encoder-webm-vp8: eb34c28f22e8b96e1ab97ce403110664 -> 
  custom:CustomObjectIndexerAttribute: bc11b3a6c3213fcdd17b65e7da85e133 -> 
  custom:audio-encoder-webm-vorbis: bf7c407c2cedff20999df2af8eb42d56 -> 
  custom:framework-win-MediaFoundation: 216162199b28c13a410421893ffa2e32 -> 
  custom:SearchIndexIgnoredProperties: e643bd26f0fe6173181afceb89e7c659 -> 
  custom:container-demuxer-ogg: 62fdf1f143b41e24485cea50d1cbac27 -> 
  custom:video-decoder-webm-vp8: 9c59270c3fd7afecdb556c50c9e8de78 -> 
  custom:audio-decoder-ogg-vorbis: bf7c407c2cedff20999df2af8eb42d56 -> 
========================================================================
Received Prepare
Refreshing native plugins compatible for Editor in 9.69 ms, found 2 plugins.
Preloading 0 native plugins for Editor in 0.00 ms.
Unloading 49 Unused Serialized files (Serialized files now loaded: 0)
Unloading 49 unused Assets / (23.0 KB). Loaded Objects now: 3786.
Memory consumption went from 59.8 MB to 59.8 MB.
Total: 6.405400 ms (FindLiveObjects: 0.267500 ms CreateObjectMapping: 0.085300 ms MarkObjects: 6.014200 ms  DeleteObjects: 0.037300 ms)

AssetImportParameters requested are different than current active one (requested -> active):
  custom:video-decoder-ogg-theora: a1e56fd34408186e4bbccfd4996cb3dc -> 
  custom:container-muxer-webm: aa71ff27fc2769a1b78a27578f13a17b -> 
  custom:container-demuxer-webm: 4f35f7cbe854078d1ac9338744f61a02 -> 
  custom:video-encoder-webm-vp8: eb34c28f22e8b96e1ab97ce403110664 -> 
  custom:CustomObjectIndexerAttribute: bc11b3a6c3213fcdd17b65e7da85e133 -> 
  custom:audio-encoder-webm-vorbis: bf7c407c2cedff20999df2af8eb42d56 -> 
  custom:framework-win-MediaFoundation: 216162199b28c13a410421893ffa2e32 -> 
  custom:SearchIndexIgnoredProperties: e643bd26f0fe6173181afceb89e7c659 -> 
  custom:container-demuxer-ogg: 62fdf1f143b41e24485cea50d1cbac27 -> 
  custom:video-decoder-webm-vp8: 9c59270c3fd7afecdb556c50c9e8de78 -> 
  custom:audio-decoder-ogg-vorbis: bf7c407c2cedff20999df2af8eb42d56 -> 
========================================================================
Received Prepare
Registering precompiled user dll's ...
Registered in 0.007133 seconds.
Begin MonoManager ReloadAssembly
Symbol file LoadedFromMemory is not a mono symbol file
Native extension for UWP target not found
Native extension for WindowsStandalone target not found
Native extension for Android target not found
Native extension for WebGL target not found
Refreshing native plugins compatible for Editor in 0.88 ms, found 2 plugins.
Preloading 0 native plugins for Editor in 0.00 ms.
[Package Manager] Server::EnsureServerProcessIsRunning -- launch failed, reason: Unity was launched with the -noUpm command-line argument
[Package Manager] Cannot connect to Unity Package Manager local server
Mono: successfully reloaded assembly
- Completed reload, in  1.268 seconds
Domain Reload Profiling:
	ReloadAssembly (1268ms)
		BeginReloadAssembly (133ms)
			ExecutionOrderSort (0ms)
			DisableScriptedObjects (5ms)
			BackupInstance (0ms)
			ReleaseScriptingObjects (0ms)
			CreateAndSetChildDomain (42ms)
		EndReloadAssembly (1057ms)
			LoadAssemblies (90ms)
			RebuildTransferFunctionScriptingTraits (0ms)
			SetupTypeCache (176ms)
			ReleaseScriptCaches (1ms)
			RebuildScriptCaches (31ms)
			SetupLoadedEditorAssemblies (729ms)
				LogAssemblyErrors (0ms)
				InitializePlatformSupportModulesInManaged (14ms)
				SetLoadedEditorAssemblies (0ms)
				RefreshPlugins (1ms)
				BeforeProcessingInitializeOnLoad (41ms)
				ProcessInitializeOnLoadAttributes (562ms)
				ProcessInitializeOnLoadMethodAttributes (105ms)
				AfterProcessingInitializeOnLoad (6ms)
				EditorAssembliesLoaded (0ms)
			ExecutionOrderSort2 (0ms)
			AwakeInstancesAfterBackupRestoration (5ms)
Platform modules already initialized, skipping
Refreshing native plugins compatible for Editor in 0.90 ms, found 2 plugins.
Preloading 0 native plugins for Editor in 0.00 ms.
Unloading 3107 Unused Serialized files (Serialized files now loaded: 0)
Unloading 51 unused Assets / (23.1 KB). Loaded Objects now: 3789.
Memory consumption went from 121.9 MB to 121.9 MB.
Total: 6.092000 ms (FindLiveObjects: 0.272200 ms CreateObjectMapping: 0.091800 ms MarkObjects: 5.691000 ms  DeleteObjects: 0.036300 ms)

AssetImportParameters requested are different than current active one (requested -> active):
  custom:video-decoder-ogg-theora: a1e56fd34408186e4bbccfd4996cb3dc -> 
  custom:container-muxer-webm: aa71ff27fc2769a1b78a27578f13a17b -> 
  custom:container-demuxer-webm: 4f35f7cbe854078d1ac9338744f61a02 -> 
  custom:video-encoder-webm-vp8: eb34c28f22e8b96e1ab97ce403110664 -> 
  custom:CustomObjectIndexerAttribute: bc11b3a6c3213fcdd17b65e7da85e133 -> 
  custom:audio-encoder-webm-vorbis: bf7c407c2cedff20999df2af8eb42d56 -> 
  custom:framework-win-MediaFoundation: 216162199b28c13a410421893ffa2e32 -> 
  custom:SearchIndexIgnoredProperties: e643bd26f0fe6173181afceb89e7c659 -> 
  custom:container-demuxer-ogg: 62fdf1f143b41e24485cea50d1cbac27 -> 
  custom:video-decoder-webm-vp8: 9c59270c3fd7afecdb556c50c9e8de78 -> 
  custom:audio-decoder-ogg-vorbis: bf7c407c2cedff20999df2af8eb42d56 -> 
========================================================================
Received Prepare
Refreshing native plugins compatible for Editor in 9.58 ms, found 2 plugins.
Preloading 0 native plugins for Editor in 0.00 ms.
Unloading 49 Unused Serialized files (Serialized files now loaded: 0)
Unloading 49 unused Assets / (23.1 KB). Loaded Objects now: 3789.
Memory consumption went from 59.9 MB to 59.8 MB.
Total: 7.469800 ms (FindLiveObjects: 0.260500 ms CreateObjectMapping: 0.082900 ms MarkObjects: 7.084600 ms  DeleteObjects: 0.040900 ms)

AssetImportParameters requested are different than current active one (requested -> active):
  custom:video-decoder-ogg-theora: a1e56fd34408186e4bbccfd4996cb3dc -> 
  custom:container-muxer-webm: aa71ff27fc2769a1b78a27578f13a17b -> 
  custom:container-demuxer-webm: 4f35f7cbe854078d1ac9338744f61a02 -> 
  custom:video-encoder-webm-vp8: eb34c28f22e8b96e1ab97ce403110664 -> 
  custom:CustomObjectIndexerAttribute: bc11b3a6c3213fcdd17b65e7da85e133 -> 
  custom:audio-encoder-webm-vorbis: bf7c407c2cedff20999df2af8eb42d56 -> 
  custom:framework-win-MediaFoundation: 216162199b28c13a410421893ffa2e32 -> 
  custom:SearchIndexIgnoredProperties: e643bd26f0fe6173181afceb89e7c659 -> 
  custom:container-demuxer-ogg: 62fdf1f143b41e24485cea50d1cbac27 -> 
  custom:video-decoder-webm-vp8: 9c59270c3fd7afecdb556c50c9e8de78 -> 
  custom:audio-decoder-ogg-vorbis: bf7c407c2cedff20999df2af8eb42d56 -> 
========================================================================
Received Prepare
Refreshing native plugins compatible for Editor in 11.23 ms, found 2 plugins.
Preloading 0 native plugins for Editor in 0.00 ms.
Unloading 49 Unused Serialized files (Serialized files now loaded: 0)
Unloading 49 unused Assets / (23.1 KB). Loaded Objects now: 3789.
Memory consumption went from 59.5 MB to 59.5 MB.
Total: 6.380100 ms (FindLiveObjects: 0.274200 ms CreateObjectMapping: 0.086400 ms MarkObjects: 5.984000 ms  DeleteObjects: 0.034700 ms)

AssetImportParameters requested are different than current active one (requested -> active):
  custom:video-decoder-ogg-theora: a1e56fd34408186e4bbccfd4996cb3dc -> 
  custom:container-muxer-webm: aa71ff27fc2769a1b78a27578f13a17b -> 
  custom:container-demuxer-webm: 4f35f7cbe854078d1ac9338744f61a02 -> 
  custom:video-encoder-webm-vp8: eb34c28f22e8b96e1ab97ce403110664 -> 
  custom:CustomObjectIndexerAttribute: bc11b3a6c3213fcdd17b65e7da85e133 -> 
  custom:audio-encoder-webm-vorbis: bf7c407c2cedff20999df2af8eb42d56 -> 
  custom:framework-win-MediaFoundation: 216162199b28c13a410421893ffa2e32 -> 
  custom:SearchIndexIgnoredProperties: e643bd26f0fe6173181afceb89e7c659 -> 
  custom:container-demuxer-ogg: 62fdf1f143b41e24485cea50d1cbac27 -> 
  custom:video-decoder-webm-vp8: 9c59270c3fd7afecdb556c50c9e8de78 -> 
  custom:audio-decoder-ogg-vorbis: bf7c407c2cedff20999df2af8eb42d56 -> 
========================================================================
Received Prepare
Refreshing native plugins compatible for Editor in 10.47 ms, found 2 plugins.
Preloading 0 native plugins for Editor in 0.00 ms.
Unloading 49 Unused Serialized files (Serialized files now loaded: 0)
Unloading 49 unused Assets / (23.1 KB). Loaded Objects now: 3789.
Memory consumption went from 59.5 MB to 59.5 MB.
Total: 10.356200 ms (FindLiveObjects: 0.285300 ms CreateObjectMapping: 0.090800 ms MarkObjects: 9.912500 ms  DeleteObjects: 0.066000 ms)

AssetImportParameters requested are different than current active one (requested -> active):
  custom:video-decoder-ogg-theora: a1e56fd34408186e4bbccfd4996cb3dc -> 
  custom:container-muxer-webm: aa71ff27fc2769a1b78a27578f13a17b -> 
  custom:container-demuxer-webm: 4f35f7cbe854078d1ac9338744f61a02 -> 
  custom:video-encoder-webm-vp8: eb34c28f22e8b96e1ab97ce403110664 -> 
  custom:CustomObjectIndexerAttribute: bc11b3a6c3213fcdd17b65e7da85e133 -> 
  custom:audio-encoder-webm-vorbis: bf7c407c2cedff20999df2af8eb42d56 -> 
  custom:framework-win-MediaFoundation: 216162199b28c13a410421893ffa2e32 -> 
  custom:SearchIndexIgnoredProperties: e643bd26f0fe6173181afceb89e7c659 -> 
  custom:container-demuxer-ogg: 62fdf1f143b41e24485cea50d1cbac27 -> 
  custom:video-decoder-webm-vp8: 9c59270c3fd7afecdb556c50c9e8de78 -> 
  custom:audio-decoder-ogg-vorbis: bf7c407c2cedff20999df2af8eb42d56 -> 
========================================================================
Received Prepare
Registering precompiled user dll's ...
Registered in 0.007256 seconds.
Begin MonoManager ReloadAssembly
Symbol file LoadedFromMemory is not a mono symbol file
Native extension for UWP target not found
Native extension for WindowsStandalone target not found
Native extension for Android target not found
Native extension for WebGL target not found
Refreshing native plugins compatible for Editor in 0.90 ms, found 2 plugins.
Preloading 0 native plugins for Editor in 0.00 ms.
[Package Manager] Server::EnsureServerProcessIsRunning -- launch failed, reason: Unity was launched with the -noUpm command-line argument
[Package Manager] Cannot connect to Unity Package Manager local server
Mono: successfully reloaded assembly
- Completed reload, in  1.324 seconds
Domain Reload Profiling:
	ReloadAssembly (1325ms)
		BeginReloadAssembly (135ms)
			ExecutionOrderSort (0ms)
			DisableScriptedObjects (5ms)
			BackupInstance (0ms)
			ReleaseScriptingObjects (0ms)
			CreateAndSetChildDomain (42ms)
		EndReloadAssembly (1090ms)
			LoadAssemblies (95ms)
			RebuildTransferFunctionScriptingTraits (0ms)
			SetupTypeCache (201ms)
			ReleaseScriptCaches (1ms)
			RebuildScriptCaches (38ms)
			SetupLoadedEditorAssemblies (728ms)
				LogAssemblyErrors (0ms)
				InitializePlatformSupportModulesInManaged (14ms)
				SetLoadedEditorAssemblies (0ms)
				RefreshPlugins (1ms)
				BeforeProcessingInitializeOnLoad (43ms)
				ProcessInitializeOnLoadAttributes (560ms)
				ProcessInitializeOnLoadMethodAttributes (103ms)
				AfterProcessingInitializeOnLoad (6ms)
				EditorAssembliesLoaded (0ms)
			ExecutionOrderSort2 (0ms)
			AwakeInstancesAfterBackupRestoration (5ms)
Platform modules already initialized, skipping
Refreshing native plugins compatible for Editor in 0.90 ms, found 2 plugins.
Preloading 0 native plugins for Editor in 0.00 ms.
Unloading 3107 Unused Serialized files (Serialized files now loaded: 0)
Unloading 51 unused Assets / (23.1 KB). Loaded Objects now: 3792.
Memory consumption went from 121.9 MB to 121.8 MB.
Total: 6.140200 ms (FindLiveObjects: 0.268200 ms CreateObjectMapping: 0.082000 ms MarkObjects: 5.744400 ms  DeleteObjects: 0.044500 ms)

AssetImportParameters requested are different than current active one (requested -> active):
  custom:video-decoder-ogg-theora: a1e56fd34408186e4bbccfd4996cb3dc -> 
  custom:container-muxer-webm: aa71ff27fc2769a1b78a27578f13a17b -> 
  custom:container-demuxer-webm: 4f35f7cbe854078d1ac9338744f61a02 -> 
  custom:video-encoder-webm-vp8: eb34c28f22e8b96e1ab97ce403110664 -> 
  custom:CustomObjectIndexerAttribute: bc11b3a6c3213fcdd17b65e7da85e133 -> 
  custom:audio-encoder-webm-vorbis: bf7c407c2cedff20999df2af8eb42d56 -> 
  custom:framework-win-MediaFoundation: 216162199b28c13a410421893ffa2e32 -> 
  custom:SearchIndexIgnoredProperties: e643bd26f0fe6173181afceb89e7c659 -> 
  custom:container-demuxer-ogg: 62fdf1f143b41e24485cea50d1cbac27 -> 
  custom:video-decoder-webm-vp8: 9c59270c3fd7afecdb556c50c9e8de78 -> 
  custom:audio-decoder-ogg-vorbis: bf7c407c2cedff20999df2af8eb42d56 -> 
========================================================================
Received Prepare
Refreshing native plugins compatible for Editor in 10.25 ms, found 2 plugins.
Preloading 0 native plugins for Editor in 0.00 ms.
Unloading 49 Unused Serialized files (Serialized files now loaded: 0)
Unloading 49 unused Assets / (23.0 KB). Loaded Objects now: 3792.
Memory consumption went from 59.8 MB to 59.8 MB.
Total: 6.965400 ms (FindLiveObjects: 0.270700 ms CreateObjectMapping: 0.078900 ms MarkObjects: 6.569700 ms  DeleteObjects: 0.045200 ms)

AssetImportParameters requested are different than current active one (requested -> active):
  custom:video-decoder-ogg-theora: a1e56fd34408186e4bbccfd4996cb3dc -> 
  custom:container-muxer-webm: aa71ff27fc2769a1b78a27578f13a17b -> 
  custom:container-demuxer-webm: 4f35f7cbe854078d1ac9338744f61a02 -> 
  custom:video-encoder-webm-vp8: eb34c28f22e8b96e1ab97ce403110664 -> 
  custom:CustomObjectIndexerAttribute: bc11b3a6c3213fcdd17b65e7da85e133 -> 
  custom:audio-encoder-webm-vorbis: bf7c407c2cedff20999df2af8eb42d56 -> 
  custom:framework-win-MediaFoundation: 216162199b28c13a410421893ffa2e32 -> 
  custom:SearchIndexIgnoredProperties: e643bd26f0fe6173181afceb89e7c659 -> 
  custom:container-demuxer-ogg: 62fdf1f143b41e24485cea50d1cbac27 -> 
  custom:video-decoder-webm-vp8: 9c59270c3fd7afecdb556c50c9e8de78 -> 
  custom:audio-decoder-ogg-vorbis: bf7c407c2cedff20999df2af8eb42d56 -> 
========================================================================
Received Prepare
Registering precompiled user dll's ...
Registered in 0.008916 seconds.
Begin MonoManager ReloadAssembly
Symbol file LoadedFromMemory is not a mono symbol file
Native extension for UWP target not found
Native extension for WindowsStandalone target not found
Native extension for Android target not found
Native extension for WebGL target not found
Refreshing native plugins compatible for Editor in 1.52 ms, found 2 plugins.
Preloading 0 native plugins for Editor in 0.00 ms.
[Package Manager] Server::EnsureServerProcessIsRunning -- launch failed, reason: Unity was launched with the -noUpm command-line argument
[Package Manager] Cannot connect to Unity Package Manager local server
Mono: successfully reloaded assembly
- Completed reload, in  1.749 seconds
Domain Reload Profiling:
	ReloadAssembly (1750ms)
		BeginReloadAssembly (183ms)
			ExecutionOrderSort (0ms)
			DisableScriptedObjects (8ms)
			BackupInstance (0ms)
			ReleaseScriptingObjects (0ms)
			CreateAndSetChildDomain (54ms)
		EndReloadAssembly (1446ms)
			LoadAssemblies (125ms)
			RebuildTransferFunctionScriptingTraits (0ms)
			SetupTypeCache (272ms)
			ReleaseScriptCaches (1ms)
			RebuildScriptCaches (50ms)
			SetupLoadedEditorAssemblies (952ms)
				LogAssemblyErrors (0ms)
				InitializePlatformSupportModulesInManaged (20ms)
				SetLoadedEditorAssemblies (1ms)
				RefreshPlugins (2ms)
				BeforeProcessingInitializeOnLoad (64ms)
				ProcessInitializeOnLoadAttributes (679ms)
				ProcessInitializeOnLoadMethodAttributes (176ms)
				AfterProcessingInitializeOnLoad (10ms)
				EditorAssembliesLoaded (0ms)
			ExecutionOrderSort2 (0ms)
			AwakeInstancesAfterBackupRestoration (9ms)
Platform modules already initialized, skipping
Refreshing native plugins compatible for Editor in 0.91 ms, found 2 plugins.
Preloading 0 native plugins for Editor in 0.00 ms.
Unloading 3107 Unused Serialized files (Serialized files now loaded: 0)
Unloading 51 unused Assets / (23.0 KB). Loaded Objects now: 3795.
Memory consumption went from 121.9 MB to 121.9 MB.
Total: 8.903500 ms (FindLiveObjects: 0.430400 ms CreateObjectMapping: 0.098700 ms MarkObjects: 8.314000 ms  DeleteObjects: 0.058900 ms)

AssetImportParameters requested are different than current active one (requested -> active):
  custom:video-decoder-ogg-theora: a1e56fd34408186e4bbccfd4996cb3dc -> 
  custom:container-muxer-webm: aa71ff27fc2769a1b78a27578f13a17b -> 
  custom:container-demuxer-webm: 4f35f7cbe854078d1ac9338744f61a02 -> 
  custom:video-encoder-webm-vp8: eb34c28f22e8b96e1ab97ce403110664 -> 
  custom:CustomObjectIndexerAttribute: bc11b3a6c3213fcdd17b65e7da85e133 -> 
  custom:audio-encoder-webm-vorbis: bf7c407c2cedff20999df2af8eb42d56 -> 
  custom:framework-win-MediaFoundation: 216162199b28c13a410421893ffa2e32 -> 
  custom:SearchIndexIgnoredProperties: e643bd26f0fe6173181afceb89e7c659 -> 
  custom:container-demuxer-ogg: 62fdf1f143b41e24485cea50d1cbac27 -> 
  custom:video-decoder-webm-vp8: 9c59270c3fd7afecdb556c50c9e8de78 -> 
  custom:audio-decoder-ogg-vorbis: bf7c407c2cedff20999df2af8eb42d56 -> 
========================================================================
Received Prepare
Refreshing native plugins compatible for Editor in 10.95 ms, found 2 plugins.
Preloading 0 native plugins for Editor in 0.00 ms.
Unloading 49 Unused Serialized files (Serialized files now loaded: 0)
Unloading 49 unused Assets / (23.0 KB). Loaded Objects now: 3795.
Memory consumption went from 59.9 MB to 59.9 MB.
Total: 8.018800 ms (FindLiveObjects: 0.290900 ms CreateObjectMapping: 0.110000 ms MarkObjects: 7.576600 ms  DeleteObjects: 0.040500 ms)

AssetImportParameters requested are different than current active one (requested -> active):
  custom:video-decoder-ogg-theora: a1e56fd34408186e4bbccfd4996cb3dc -> 
  custom:container-muxer-webm: aa71ff27fc2769a1b78a27578f13a17b -> 
  custom:container-demuxer-webm: 4f35f7cbe854078d1ac9338744f61a02 -> 
  custom:video-encoder-webm-vp8: eb34c28f22e8b96e1ab97ce403110664 -> 
  custom:CustomObjectIndexerAttribute: bc11b3a6c3213fcdd17b65e7da85e133 -> 
  custom:audio-encoder-webm-vorbis: bf7c407c2cedff20999df2af8eb42d56 -> 
  custom:framework-win-MediaFoundation: 216162199b28c13a410421893ffa2e32 -> 
  custom:SearchIndexIgnoredProperties: e643bd26f0fe6173181afceb89e7c659 -> 
  custom:container-demuxer-ogg: 62fdf1f143b41e24485cea50d1cbac27 -> 
  custom:video-decoder-webm-vp8: 9c59270c3fd7afecdb556c50c9e8de78 -> 
  custom:audio-decoder-ogg-vorbis: bf7c407c2cedff20999df2af8eb42d56 -> 
========================================================================
Received Prepare
Refreshing native plugins compatible for Editor in 9.19 ms, found 2 plugins.
Preloading 0 native plugins for Editor in 0.00 ms.
Unloading 49 Unused Serialized files (Serialized files now loaded: 0)
Unloading 49 unused Assets / (22.9 KB). Loaded Objects now: 3795.
Memory consumption went from 59.6 MB to 59.5 MB.
Total: 6.709500 ms (FindLiveObjects: 0.318200 ms CreateObjectMapping: 0.102400 ms MarkObjects: 6.250100 ms  DeleteObjects: 0.037800 ms)

AssetImportParameters requested are different than current active one (requested -> active):
  custom:video-decoder-ogg-theora: a1e56fd34408186e4bbccfd4996cb3dc -> 
  custom:container-muxer-webm: aa71ff27fc2769a1b78a27578f13a17b -> 
  custom:container-demuxer-webm: 4f35f7cbe854078d1ac9338744f61a02 -> 
  custom:video-encoder-webm-vp8: eb34c28f22e8b96e1ab97ce403110664 -> 
  custom:CustomObjectIndexerAttribute: bc11b3a6c3213fcdd17b65e7da85e133 -> 
  custom:audio-encoder-webm-vorbis: bf7c407c2cedff20999df2af8eb42d56 -> 
  custom:framework-win-MediaFoundation: 216162199b28c13a410421893ffa2e32 -> 
  custom:SearchIndexIgnoredProperties: e643bd26f0fe6173181afceb89e7c659 -> 
  custom:container-demuxer-ogg: 62fdf1f143b41e24485cea50d1cbac27 -> 
  custom:video-decoder-webm-vp8: 9c59270c3fd7afecdb556c50c9e8de78 -> 
  custom:audio-decoder-ogg-vorbis: bf7c407c2cedff20999df2af8eb42d56 -> 
========================================================================
Received Prepare
Registering precompiled user dll's ...
Registered in 0.006961 seconds.
Begin MonoManager ReloadAssembly
Symbol file LoadedFromMemory is not a mono symbol file
Native extension for UWP target not found
Native extension for WindowsStandalone target not found
Native extension for Android target not found
Native extension for WebGL target not found
Refreshing native plugins compatible for Editor in 0.93 ms, found 2 plugins.
Preloading 0 native plugins for Editor in 0.00 ms.
[Package Manager] Server::EnsureServerProcessIsRunning -- launch failed, reason: Unity was launched with the -noUpm command-line argument
[Package Manager] Cannot connect to Unity Package Manager local server
Mono: successfully reloaded assembly
- Completed reload, in  1.276 seconds
Domain Reload Profiling:
	ReloadAssembly (1276ms)
		BeginReloadAssembly (140ms)
			ExecutionOrderSort (0ms)
			DisableScriptedObjects (5ms)
			BackupInstance (0ms)
			ReleaseScriptingObjects (0ms)
			CreateAndSetChildDomain (42ms)
		EndReloadAssembly (1056ms)
			LoadAssemblies (94ms)
			RebuildTransferFunctionScriptingTraits (0ms)
			SetupTypeCache (175ms)
			ReleaseScriptCaches (1ms)
			RebuildScriptCaches (32ms)
			SetupLoadedEditorAssemblies (729ms)
				LogAssemblyErrors (0ms)
				InitializePlatformSupportModulesInManaged (14ms)
				SetLoadedEditorAssemblies (0ms)
				RefreshPlugins (1ms)
				BeforeProcessingInitializeOnLoad (42ms)
				ProcessInitializeOnLoadAttributes (562ms)
				ProcessInitializeOnLoadMethodAttributes (104ms)
				AfterProcessingInitializeOnLoad (6ms)
				EditorAssembliesLoaded (0ms)
			ExecutionOrderSort2 (0ms)
			AwakeInstancesAfterBackupRestoration (5ms)
Platform modules already initialized, skipping
Refreshing native plugins compatible for Editor in 0.90 ms, found 2 plugins.
Preloading 0 native plugins for Editor in 0.00 ms.
Unloading 3107 Unused Serialized files (Serialized files now loaded: 0)
Unloading 51 unused Assets / (23.0 KB). Loaded Objects now: 3798.
Memory consumption went from 121.9 MB to 121.9 MB.
Total: 7.450200 ms (FindLiveObjects: 0.310400 ms CreateObjectMapping: 0.198700 ms MarkObjects: 6.883100 ms  DeleteObjects: 0.056700 ms)

AssetImportParameters requested are different than current active one (requested -> active):
  custom:video-decoder-ogg-theora: a1e56fd34408186e4bbccfd4996cb3dc -> 
  custom:container-muxer-webm: aa71ff27fc2769a1b78a27578f13a17b -> 
  custom:container-demuxer-webm: 4f35f7cbe854078d1ac9338744f61a02 -> 
  custom:video-encoder-webm-vp8: eb34c28f22e8b96e1ab97ce403110664 -> 
  custom:CustomObjectIndexerAttribute: bc11b3a6c3213fcdd17b65e7da85e133 -> 
  custom:audio-encoder-webm-vorbis: bf7c407c2cedff20999df2af8eb42d56 -> 
  custom:framework-win-MediaFoundation: 216162199b28c13a410421893ffa2e32 -> 
  custom:SearchIndexIgnoredProperties: e643bd26f0fe6173181afceb89e7c659 -> 
  custom:container-demuxer-ogg: 62fdf1f143b41e24485cea50d1cbac27 -> 
  custom:video-decoder-webm-vp8: 9c59270c3fd7afecdb556c50c9e8de78 -> 
  custom:audio-decoder-ogg-vorbis: bf7c407c2cedff20999df2af8eb42d56 -> 
========================================================================
Received Prepare
Refreshing native plugins compatible for Editor in 9.16 ms, found 2 plugins.
Preloading 0 native plugins for Editor in 0.00 ms.
Unloading 49 Unused Serialized files (Serialized files now loaded: 0)
Unloading 49 unused Assets / (23.0 KB). Loaded Objects now: 3798.
Memory consumption went from 59.9 MB to 59.9 MB.
Total: 6.244000 ms (FindLiveObjects: 0.300700 ms CreateObjectMapping: 0.095800 ms MarkObjects: 5.816100 ms  DeleteObjects: 0.030800 ms)

AssetImportParameters requested are different than current active one (requested -> active):
  custom:video-decoder-ogg-theora: a1e56fd34408186e4bbccfd4996cb3dc -> 
  custom:container-muxer-webm: aa71ff27fc2769a1b78a27578f13a17b -> 
  custom:container-demuxer-webm: 4f35f7cbe854078d1ac9338744f61a02 -> 
  custom:video-encoder-webm-vp8: eb34c28f22e8b96e1ab97ce403110664 -> 
  custom:CustomObjectIndexerAttribute: bc11b3a6c3213fcdd17b65e7da85e133 -> 
  custom:audio-encoder-webm-vorbis: bf7c407c2cedff20999df2af8eb42d56 -> 
  custom:framework-win-MediaFoundation: 216162199b28c13a410421893ffa2e32 -> 
  custom:SearchIndexIgnoredProperties: e643bd26f0fe6173181afceb89e7c659 -> 
  custom:container-demuxer-ogg: 62fdf1f143b41e24485cea50d1cbac27 -> 
  custom:video-decoder-webm-vp8: 9c59270c3fd7afecdb556c50c9e8de78 -> 
  custom:audio-decoder-ogg-vorbis: bf7c407c2cedff20999df2af8eb42d56 -> 
========================================================================
Received Prepare
Registering precompiled user dll's ...
Registered in 0.010496 seconds.
Begin MonoManager ReloadAssembly
Symbol file LoadedFromMemory is not a mono symbol file
Native extension for UWP target not found
Native extension for WindowsStandalone target not found
Native extension for Android target not found
Native extension for WebGL target not found
Refreshing native plugins compatible for Editor in 1.53 ms, found 2 plugins.
Preloading 0 native plugins for Editor in 0.00 ms.
[Package Manager] Server::EnsureServerProcessIsRunning -- launch failed, reason: Unity was launched with the -noUpm command-line argument
[Package Manager] Cannot connect to Unity Package Manager local server
Mono: successfully reloaded assembly
- Completed reload, in  1.790 seconds
Domain Reload Profiling:
	ReloadAssembly (1791ms)
		BeginReloadAssembly (189ms)
			ExecutionOrderSort (0ms)
			DisableScriptedObjects (6ms)
			BackupInstance (0ms)
			ReleaseScriptingObjects (0ms)
			CreateAndSetChildDomain (55ms)
		EndReloadAssembly (1481ms)
			LoadAssemblies (131ms)
			RebuildTransferFunctionScriptingTraits (0ms)
			SetupTypeCache (287ms)
			ReleaseScriptCaches (2ms)
			RebuildScriptCaches (54ms)
			SetupLoadedEditorAssemblies (959ms)
				LogAssemblyErrors (0ms)
				InitializePlatformSupportModulesInManaged (21ms)
				SetLoadedEditorAssemblies (1ms)
				RefreshPlugins (2ms)
				BeforeProcessingInitializeOnLoad (69ms)
				ProcessInitializeOnLoadAttributes (685ms)
				ProcessInitializeOnLoadMethodAttributes (172ms)
				AfterProcessingInitializeOnLoad (10ms)
				EditorAssembliesLoaded (0ms)
			ExecutionOrderSort2 (0ms)
			AwakeInstancesAfterBackupRestoration (9ms)
Platform modules already initialized, skipping
Refreshing native plugins compatible for Editor in 0.94 ms, found 2 plugins.
Preloading 0 native plugins for Editor in 0.00 ms.
Unloading 3107 Unused Serialized files (Serialized files now loaded: 0)
Unloading 51 unused Assets / (23.1 KB). Loaded Objects now: 3801.
Memory consumption went from 122.0 MB to 121.9 MB.
Total: 6.271600 ms (FindLiveObjects: 0.261600 ms CreateObjectMapping: 0.085000 ms MarkObjects: 5.887500 ms  DeleteObjects: 0.036400 ms)

AssetImportParameters requested are different than current active one (requested -> active):
  custom:video-decoder-ogg-theora: a1e56fd34408186e4bbccfd4996cb3dc -> 
  custom:container-muxer-webm: aa71ff27fc2769a1b78a27578f13a17b -> 
  custom:container-demuxer-webm: 4f35f7cbe854078d1ac9338744f61a02 -> 
  custom:video-encoder-webm-vp8: eb34c28f22e8b96e1ab97ce403110664 -> 
  custom:CustomObjectIndexerAttribute: bc11b3a6c3213fcdd17b65e7da85e133 -> 
  custom:audio-encoder-webm-vorbis: bf7c407c2cedff20999df2af8eb42d56 -> 
  custom:framework-win-MediaFoundation: 216162199b28c13a410421893ffa2e32 -> 
  custom:SearchIndexIgnoredProperties: e643bd26f0fe6173181afceb89e7c659 -> 
  custom:container-demuxer-ogg: 62fdf1f143b41e24485cea50d1cbac27 -> 
  custom:video-decoder-webm-vp8: 9c59270c3fd7afecdb556c50c9e8de78 -> 
  custom:audio-decoder-ogg-vorbis: bf7c407c2cedff20999df2af8eb42d56 -> 
========================================================================
Received Prepare
Refreshing native plugins compatible for Editor in 9.95 ms, found 2 plugins.
Preloading 0 native plugins for Editor in 0.00 ms.
Unloading 49 Unused Serialized files (Serialized files now loaded: 0)
Unloading 49 unused Assets / (23.0 KB). Loaded Objects now: 3801.
Memory consumption went from 59.9 MB to 59.9 MB.
Total: 6.465200 ms (FindLiveObjects: 0.277500 ms CreateObjectMapping: 0.095500 ms MarkObjects: 6.052800 ms  DeleteObjects: 0.038600 ms)

AssetImportParameters requested are different than current active one (requested -> active):
  custom:video-decoder-ogg-theora: a1e56fd34408186e4bbccfd4996cb3dc -> 
  custom:container-muxer-webm: aa71ff27fc2769a1b78a27578f13a17b -> 
  custom:container-demuxer-webm: 4f35f7cbe854078d1ac9338744f61a02 -> 
  custom:video-encoder-webm-vp8: eb34c28f22e8b96e1ab97ce403110664 -> 
  custom:CustomObjectIndexerAttribute: bc11b3a6c3213fcdd17b65e7da85e133 -> 
  custom:audio-encoder-webm-vorbis: bf7c407c2cedff20999df2af8eb42d56 -> 
  custom:framework-win-MediaFoundation: 216162199b28c13a410421893ffa2e32 -> 
  custom:SearchIndexIgnoredProperties: e643bd26f0fe6173181afceb89e7c659 -> 
  custom:container-demuxer-ogg: 62fdf1f143b41e24485cea50d1cbac27 -> 
  custom:video-decoder-webm-vp8: 9c59270c3fd7afecdb556c50c9e8de78 -> 
  custom:audio-decoder-ogg-vorbis: bf7c407c2cedff20999df2af8eb42d56 -> 
========================================================================
Received Prepare
Refreshing native plugins compatible for Editor in 8.99 ms, found 2 plugins.
Preloading 0 native plugins for Editor in 0.00 ms.
Unloading 49 Unused Serialized files (Serialized files now loaded: 0)
Unloading 49 unused Assets / (23.1 KB). Loaded Objects now: 3801.
Memory consumption went from 59.6 MB to 59.6 MB.
Total: 6.652200 ms (FindLiveObjects: 0.282600 ms CreateObjectMapping: 0.086900 ms MarkObjects: 6.244900 ms  DeleteObjects: 0.036900 ms)

AssetImportParameters requested are different than current active one (requested -> active):
  custom:video-decoder-ogg-theora: a1e56fd34408186e4bbccfd4996cb3dc -> 
  custom:container-muxer-webm: aa71ff27fc2769a1b78a27578f13a17b -> 
  custom:container-demuxer-webm: 4f35f7cbe854078d1ac9338744f61a02 -> 
  custom:video-encoder-webm-vp8: eb34c28f22e8b96e1ab97ce403110664 -> 
  custom:CustomObjectIndexerAttribute: bc11b3a6c3213fcdd17b65e7da85e133 -> 
  custom:audio-encoder-webm-vorbis: bf7c407c2cedff20999df2af8eb42d56 -> 
  custom:framework-win-MediaFoundation: 216162199b28c13a410421893ffa2e32 -> 
  custom:SearchIndexIgnoredProperties: e643bd26f0fe6173181afceb89e7c659 -> 
  custom:container-demuxer-ogg: 62fdf1f143b41e24485cea50d1cbac27 -> 
  custom:video-decoder-webm-vp8: 9c59270c3fd7afecdb556c50c9e8de78 -> 
  custom:audio-decoder-ogg-vorbis: bf7c407c2cedff20999df2af8eb42d56 -> 
========================================================================
Received Prepare
Registering precompiled user dll's ...
Registered in 0.009487 seconds.
Begin MonoManager ReloadAssembly
Symbol file LoadedFromMemory is not a mono symbol file
Native extension for UWP target not found
Native extension for WindowsStandalone target not found
Native extension for Android target not found
Native extension for WebGL target not found
Refreshing native plugins compatible for Editor in 1.63 ms, found 2 plugins.
Preloading 0 native plugins for Editor in 0.00 ms.
[Package Manager] Server::EnsureServerProcessIsRunning -- launch failed, reason: Unity was launched with the -noUpm command-line argument
[Package Manager] Cannot connect to Unity Package Manager local server
Mono: successfully reloaded assembly
- Completed reload, in  1.743 seconds
Domain Reload Profiling:
	ReloadAssembly (1744ms)
		BeginReloadAssembly (183ms)
			ExecutionOrderSort (0ms)
			DisableScriptedObjects (7ms)
			BackupInstance (0ms)
			ReleaseScriptingObjects (0ms)
			CreateAndSetChildDomain (56ms)
		EndReloadAssembly (1441ms)
			LoadAssemblies (121ms)
			RebuildTransferFunctionScriptingTraits (0ms)
			SetupTypeCache (274ms)
			ReleaseScriptCaches (2ms)
			RebuildScriptCaches (48ms)
			SetupLoadedEditorAssemblies (951ms)
				LogAssemblyErrors (0ms)
				InitializePlatformSupportModulesInManaged (21ms)
				SetLoadedEditorAssemblies (1ms)
				RefreshPlugins (2ms)
				BeforeProcessingInitializeOnLoad (67ms)
				ProcessInitializeOnLoadAttributes (681ms)
				ProcessInitializeOnLoadMethodAttributes (168ms)
				AfterProcessingInitializeOnLoad (11ms)
				EditorAssembliesLoaded (0ms)
			ExecutionOrderSort2 (0ms)
			AwakeInstancesAfterBackupRestoration (7ms)
Platform modules already initialized, skipping
Refreshing native plugins compatible for Editor in 1.09 ms, found 2 plugins.
Preloading 0 native plugins for Editor in 0.00 ms.
Unloading 3107 Unused Serialized files (Serialized files now loaded: 0)
Unloading 51 unused Assets / (23.1 KB). Loaded Objects now: 3804.
Memory consumption went from 122.0 MB to 122.0 MB.
Total: 7.406300 ms (FindLiveObjects: 0.323300 ms CreateObjectMapping: 0.244800 ms MarkObjects: 6.800600 ms  DeleteObjects: 0.036600 ms)

AssetImportParameters requested are different than current active one (requested -> active):
  custom:video-decoder-ogg-theora: a1e56fd34408186e4bbccfd4996cb3dc -> 
  custom:container-muxer-webm: aa71ff27fc2769a1b78a27578f13a17b -> 
  custom:container-demuxer-webm: 4f35f7cbe854078d1ac9338744f61a02 -> 
  custom:video-encoder-webm-vp8: eb34c28f22e8b96e1ab97ce403110664 -> 
  custom:CustomObjectIndexerAttribute: bc11b3a6c3213fcdd17b65e7da85e133 -> 
  custom:audio-encoder-webm-vorbis: bf7c407c2cedff20999df2af8eb42d56 -> 
  custom:framework-win-MediaFoundation: 216162199b28c13a410421893ffa2e32 -> 
  custom:SearchIndexIgnoredProperties: e643bd26f0fe6173181afceb89e7c659 -> 
  custom:container-demuxer-ogg: 62fdf1f143b41e24485cea50d1cbac27 -> 
  custom:video-decoder-webm-vp8: 9c59270c3fd7afecdb556c50c9e8de78 -> 
  custom:audio-decoder-ogg-vorbis: bf7c407c2cedff20999df2af8eb42d56 -> 
========================================================================
Received Prepare
Refreshing native plugins compatible for Editor in 12.34 ms, found 2 plugins.
Preloading 0 native plugins for Editor in 0.00 ms.
Unloading 49 Unused Serialized files (Serialized files now loaded: 0)
Unloading 49 unused Assets / (23.0 KB). Loaded Objects now: 3804.
Memory consumption went from 59.9 MB to 59.9 MB.
Total: 6.751600 ms (FindLiveObjects: 0.266800 ms CreateObjectMapping: 0.077600 ms MarkObjects: 6.366200 ms  DeleteObjects: 0.040300 ms)

AssetImportParameters requested are different than current active one (requested -> active):
  custom:video-decoder-ogg-theora: a1e56fd34408186e4bbccfd4996cb3dc -> 
  custom:container-muxer-webm: aa71ff27fc2769a1b78a27578f13a17b -> 
  custom:container-demuxer-webm: 4f35f7cbe854078d1ac9338744f61a02 -> 
  custom:video-encoder-webm-vp8: eb34c28f22e8b96e1ab97ce403110664 -> 
  custom:CustomObjectIndexerAttribute: bc11b3a6c3213fcdd17b65e7da85e133 -> 
  custom:audio-encoder-webm-vorbis: bf7c407c2cedff20999df2af8eb42d56 -> 
  custom:framework-win-MediaFoundation: 216162199b28c13a410421893ffa2e32 -> 
  custom:SearchIndexIgnoredProperties: e643bd26f0fe6173181afceb89e7c659 -> 
  custom:container-demuxer-ogg: 62fdf1f143b41e24485cea50d1cbac27 -> 
  custom:video-decoder-webm-vp8: 9c59270c3fd7afecdb556c50c9e8de78 -> 
  custom:audio-decoder-ogg-vorbis: bf7c407c2cedff20999df2af8eb42d56 -> 
========================================================================
Received Prepare
Registering precompiled user dll's ...
Registered in 0.011793 seconds.
Begin MonoManager ReloadAssembly
Symbol file LoadedFromMemory is not a mono symbol file
Native extension for UWP target not found
Native extension for WindowsStandalone target not found
Native extension for Android target not found
Native extension for WebGL target not found
Refreshing native plugins compatible for Editor in 1.53 ms, found 2 plugins.
Preloading 0 native plugins for Editor in 0.00 ms.
[Package Manager] Server::EnsureServerProcessIsRunning -- launch failed, reason: Unity was launched with the -noUpm command-line argument
[Package Manager] Cannot connect to Unity Package Manager local server
Mono: successfully reloaded assembly
- Completed reload, in  1.755 seconds
Domain Reload Profiling:
	ReloadAssembly (1756ms)
		BeginReloadAssembly (184ms)
			ExecutionOrderSort (0ms)
			DisableScriptedObjects (6ms)
			BackupInstance (0ms)
			ReleaseScriptingObjects (0ms)
			CreateAndSetChildDomain (53ms)
		EndReloadAssembly (1443ms)
			LoadAssemblies (130ms)
			RebuildTransferFunctionScriptingTraits (0ms)
			SetupTypeCache (285ms)
			ReleaseScriptCaches (1ms)
			RebuildScriptCaches (50ms)
			SetupLoadedEditorAssemblies (949ms)
				LogAssemblyErrors (0ms)
				InitializePlatformSupportModulesInManaged (22ms)
				SetLoadedEditorAssemblies (1ms)
				RefreshPlugins (2ms)
				BeforeProcessingInitializeOnLoad (72ms)
				ProcessInitializeOnLoadAttributes (676ms)
				ProcessInitializeOnLoadMethodAttributes (166ms)
				AfterProcessingInitializeOnLoad (11ms)
				EditorAssembliesLoaded (0ms)
			ExecutionOrderSort2 (0ms)
			AwakeInstancesAfterBackupRestoration (8ms)
Platform modules already initialized, skipping
Refreshing native plugins compatible for Editor in 1.55 ms, found 2 plugins.
Preloading 0 native plugins for Editor in 0.00 ms.
Unloading 3107 Unused Serialized files (Serialized files now loaded: 0)
Unloading 51 unused Assets / (23.0 KB). Loaded Objects now: 3807.
Memory consumption went from 122.0 MB to 122.0 MB.
Total: 9.644800 ms (FindLiveObjects: 0.272300 ms CreateObjectMapping: 0.080300 ms MarkObjects: 9.234800 ms  DeleteObjects: 0.056000 ms)

AssetImportParameters requested are different than current active one (requested -> active):
  custom:video-decoder-ogg-theora: a1e56fd34408186e4bbccfd4996cb3dc -> 
  custom:container-muxer-webm: aa71ff27fc2769a1b78a27578f13a17b -> 
  custom:container-demuxer-webm: 4f35f7cbe854078d1ac9338744f61a02 -> 
  custom:video-encoder-webm-vp8: eb34c28f22e8b96e1ab97ce403110664 -> 
  custom:CustomObjectIndexerAttribute: bc11b3a6c3213fcdd17b65e7da85e133 -> 
  custom:audio-encoder-webm-vorbis: bf7c407c2cedff20999df2af8eb42d56 -> 
  custom:framework-win-MediaFoundation: 216162199b28c13a410421893ffa2e32 -> 
  custom:SearchIndexIgnoredProperties: e643bd26f0fe6173181afceb89e7c659 -> 
  custom:container-demuxer-ogg: 62fdf1f143b41e24485cea50d1cbac27 -> 
  custom:video-decoder-webm-vp8: 9c59270c3fd7afecdb556c50c9e8de78 -> 
  custom:audio-decoder-ogg-vorbis: bf7c407c2cedff20999df2af8eb42d56 -> 
========================================================================
Received Prepare
Refreshing native plugins compatible for Editor in 9.09 ms, found 2 plugins.
Preloading 0 native plugins for Editor in 0.00 ms.
Unloading 49 Unused Serialized files (Serialized files now loaded: 0)
Unloading 49 unused Assets / (23.0 KB). Loaded Objects now: 3807.
Memory consumption went from 59.9 MB to 59.9 MB.
Total: 6.283600 ms (FindLiveObjects: 0.271800 ms CreateObjectMapping: 0.099600 ms MarkObjects: 5.874800 ms  DeleteObjects: 0.036300 ms)

AssetImportParameters requested are different than current active one (requested -> active):
  custom:video-decoder-ogg-theora: a1e56fd34408186e4bbccfd4996cb3dc -> 
  custom:container-muxer-webm: aa71ff27fc2769a1b78a27578f13a17b -> 
  custom:container-demuxer-webm: 4f35f7cbe854078d1ac9338744f61a02 -> 
  custom:video-encoder-webm-vp8: eb34c28f22e8b96e1ab97ce403110664 -> 
  custom:CustomObjectIndexerAttribute: bc11b3a6c3213fcdd17b65e7da85e133 -> 
  custom:audio-encoder-webm-vorbis: bf7c407c2cedff20999df2af8eb42d56 -> 
  custom:framework-win-MediaFoundation: 216162199b28c13a410421893ffa2e32 -> 
  custom:SearchIndexIgnoredProperties: e643bd26f0fe6173181afceb89e7c659 -> 
  custom:container-demuxer-ogg: 62fdf1f143b41e24485cea50d1cbac27 -> 
  custom:video-decoder-webm-vp8: 9c59270c3fd7afecdb556c50c9e8de78 -> 
  custom:audio-decoder-ogg-vorbis: bf7c407c2cedff20999df2af8eb42d56 -> 
========================================================================
Received Prepare
Registering precompiled user dll's ...
Registered in 0.007844 seconds.
Begin MonoManager ReloadAssembly
Symbol file LoadedFromMemory is not a mono symbol file
Native extension for UWP target not found
Native extension for WindowsStandalone target not found
Native extension for Android target not found
Native extension for WebGL target not found
Refreshing native plugins compatible for Editor in 1.04 ms, found 2 plugins.
Preloading 0 native plugins for Editor in 0.00 ms.
[Package Manager] Server::EnsureServerProcessIsRunning -- launch failed, reason: Unity was launched with the -noUpm command-line argument
[Package Manager] Cannot connect to Unity Package Manager local server
Mono: successfully reloaded assembly
- Completed reload, in  1.745 seconds
Domain Reload Profiling:
	ReloadAssembly (1746ms)
		BeginReloadAssembly (182ms)
			ExecutionOrderSort (0ms)
			DisableScriptedObjects (8ms)
			BackupInstance (0ms)
			ReleaseScriptingObjects (0ms)
			CreateAndSetChildDomain (52ms)
		EndReloadAssembly (1444ms)
			LoadAssemblies (128ms)
			RebuildTransferFunctionScriptingTraits (0ms)
			SetupTypeCache (282ms)
			ReleaseScriptCaches (2ms)
			RebuildScriptCaches (62ms)
			SetupLoadedEditorAssemblies (926ms)
				LogAssemblyErrors (0ms)
				InitializePlatformSupportModulesInManaged (21ms)
				SetLoadedEditorAssemblies (1ms)
				RefreshPlugins (1ms)
				BeforeProcessingInitializeOnLoad (69ms)
				ProcessInitializeOnLoadAttributes (652ms)
				ProcessInitializeOnLoadMethodAttributes (174ms)
				AfterProcessingInitializeOnLoad (8ms)
				EditorAssembliesLoaded (0ms)
			ExecutionOrderSort2 (0ms)
			AwakeInstancesAfterBackupRestoration (8ms)
Platform modules already initialized, skipping
Refreshing native plugins compatible for Editor in 0.94 ms, found 2 plugins.
Preloading 0 native plugins for Editor in 0.00 ms.
Unloading 3107 Unused Serialized files (Serialized files now loaded: 0)
Unloading 51 unused Assets / (23.0 KB). Loaded Objects now: 3810.
Memory consumption went from 122.0 MB to 122.0 MB.
Total: 9.109100 ms (FindLiveObjects: 0.468100 ms CreateObjectMapping: 0.127200 ms MarkObjects: 8.464500 ms  DeleteObjects: 0.047900 ms)

AssetImportParameters requested are different than current active one (requested -> active):
  custom:video-decoder-ogg-theora: a1e56fd34408186e4bbccfd4996cb3dc -> 
  custom:container-muxer-webm: aa71ff27fc2769a1b78a27578f13a17b -> 
  custom:container-demuxer-webm: 4f35f7cbe854078d1ac9338744f61a02 -> 
  custom:video-encoder-webm-vp8: eb34c28f22e8b96e1ab97ce403110664 -> 
  custom:CustomObjectIndexerAttribute: bc11b3a6c3213fcdd17b65e7da85e133 -> 
  custom:audio-encoder-webm-vorbis: bf7c407c2cedff20999df2af8eb42d56 -> 
  custom:framework-win-MediaFoundation: 216162199b28c13a410421893ffa2e32 -> 
  custom:SearchIndexIgnoredProperties: e643bd26f0fe6173181afceb89e7c659 -> 
  custom:container-demuxer-ogg: 62fdf1f143b41e24485cea50d1cbac27 -> 
  custom:video-decoder-webm-vp8: 9c59270c3fd7afecdb556c50c9e8de78 -> 
  custom:audio-decoder-ogg-vorbis: bf7c407c2cedff20999df2af8eb42d56 -> 
========================================================================
Received Prepare
Refreshing native plugins compatible for Editor in 13.99 ms, found 2 plugins.
Preloading 0 native plugins for Editor in 0.00 ms.
Unloading 49 Unused Serialized files (Serialized files now loaded: 0)
Unloading 49 unused Assets / (23.0 KB). Loaded Objects now: 3810.
Memory consumption went from 59.9 MB to 59.9 MB.
Total: 9.660100 ms (FindLiveObjects: 0.358300 ms CreateObjectMapping: 0.145800 ms MarkObjects: 9.110700 ms  DeleteObjects: 0.044400 ms)

AssetImportParameters requested are different than current active one (requested -> active):
  custom:video-decoder-ogg-theora: a1e56fd34408186e4bbccfd4996cb3dc -> 
  custom:container-muxer-webm: aa71ff27fc2769a1b78a27578f13a17b -> 
  custom:container-demuxer-webm: 4f35f7cbe854078d1ac9338744f61a02 -> 
  custom:video-encoder-webm-vp8: eb34c28f22e8b96e1ab97ce403110664 -> 
  custom:CustomObjectIndexerAttribute: bc11b3a6c3213fcdd17b65e7da85e133 -> 
  custom:audio-encoder-webm-vorbis: bf7c407c2cedff20999df2af8eb42d56 -> 
  custom:framework-win-MediaFoundation: 216162199b28c13a410421893ffa2e32 -> 
  custom:SearchIndexIgnoredProperties: e643bd26f0fe6173181afceb89e7c659 -> 
  custom:container-demuxer-ogg: 62fdf1f143b41e24485cea50d1cbac27 -> 
  custom:video-decoder-webm-vp8: 9c59270c3fd7afecdb556c50c9e8de78 -> 
  custom:audio-decoder-ogg-vorbis: bf7c407c2cedff20999df2af8eb42d56 -> 
========================================================================
Received Prepare
Registering precompiled user dll's ...
Registered in 0.010552 seconds.
Begin MonoManager ReloadAssembly
Symbol file LoadedFromMemory is not a mono symbol file
Native extension for UWP target not found
Native extension for WindowsStandalone target not found
Native extension for Android target not found
Native extension for WebGL target not found
Refreshing native plugins compatible for Editor in 0.91 ms, found 2 plugins.
Preloading 0 native plugins for Editor in 0.00 ms.
[Package Manager] Server::EnsureServerProcessIsRunning -- launch failed, reason: Unity was launched with the -noUpm command-line argument
[Package Manager] Cannot connect to Unity Package Manager local server
Mono: successfully reloaded assembly
- Completed reload, in  1.283 seconds
Domain Reload Profiling:
	ReloadAssembly (1284ms)
		BeginReloadAssembly (156ms)
			ExecutionOrderSort (0ms)
			DisableScriptedObjects (6ms)
			BackupInstance (0ms)
			ReleaseScriptingObjects (0ms)
			CreateAndSetChildDomain (47ms)
		EndReloadAssembly (1047ms)
			LoadAssemblies (100ms)
			RebuildTransferFunctionScriptingTraits (0ms)
			SetupTypeCache (178ms)
			ReleaseScriptCaches (1ms)
			RebuildScriptCaches (31ms)
			SetupLoadedEditorAssemblies (720ms)
				LogAssemblyErrors (0ms)
				InitializePlatformSupportModulesInManaged (14ms)
				SetLoadedEditorAssemblies (0ms)
				RefreshPlugins (1ms)
				BeforeProcessingInitializeOnLoad (42ms)
				ProcessInitializeOnLoadAttributes (556ms)
				ProcessInitializeOnLoadMethodAttributes (101ms)
				AfterProcessingInitializeOnLoad (5ms)
				EditorAssembliesLoaded (0ms)
			ExecutionOrderSort2 (0ms)
			AwakeInstancesAfterBackupRestoration (5ms)
Platform modules already initialized, skipping
Refreshing native plugins compatible for Editor in 0.89 ms, found 2 plugins.
Preloading 0 native plugins for Editor in 0.00 ms.
Unloading 3107 Unused Serialized files (Serialized files now loaded: 0)
Unloading 51 unused Assets / (23.0 KB). Loaded Objects now: 3813.
Memory consumption went from 122.0 MB to 122.0 MB.
Total: 6.171000 ms (FindLiveObjects: 0.260600 ms CreateObjectMapping: 0.079900 ms MarkObjects: 5.794000 ms  DeleteObjects: 0.035600 ms)

AssetImportParameters requested are different than current active one (requested -> active):
  custom:video-decoder-ogg-theora: a1e56fd34408186e4bbccfd4996cb3dc -> 
  custom:container-muxer-webm: aa71ff27fc2769a1b78a27578f13a17b -> 
  custom:container-demuxer-webm: 4f35f7cbe854078d1ac9338744f61a02 -> 
  custom:video-encoder-webm-vp8: eb34c28f22e8b96e1ab97ce403110664 -> 
  custom:CustomObjectIndexerAttribute: bc11b3a6c3213fcdd17b65e7da85e133 -> 
  custom:audio-encoder-webm-vorbis: bf7c407c2cedff20999df2af8eb42d56 -> 
  custom:framework-win-MediaFoundation: 216162199b28c13a410421893ffa2e32 -> 
  custom:SearchIndexIgnoredProperties: e643bd26f0fe6173181afceb89e7c659 -> 
  custom:container-demuxer-ogg: 62fdf1f143b41e24485cea50d1cbac27 -> 
  custom:video-decoder-webm-vp8: 9c59270c3fd7afecdb556c50c9e8de78 -> 
  custom:audio-decoder-ogg-vorbis: bf7c407c2cedff20999df2af8eb42d56 -> 
========================================================================
Received Prepare
Refreshing native plugins compatible for Editor in 11.90 ms, found 2 plugins.
Preloading 0 native plugins for Editor in 0.00 ms.
Unloading 49 Unused Serialized files (Serialized files now loaded: 0)
Unloading 49 unused Assets / (23.0 KB). Loaded Objects now: 3813.
Memory consumption went from 59.9 MB to 59.9 MB.
Total: 8.877200 ms (FindLiveObjects: 0.447400 ms CreateObjectMapping: 0.124900 ms MarkObjects: 8.253000 ms  DeleteObjects: 0.050800 ms)

AssetImportParameters requested are different than current active one (requested -> active):
  custom:video-decoder-ogg-theora: a1e56fd34408186e4bbccfd4996cb3dc -> 
  custom:container-muxer-webm: aa71ff27fc2769a1b78a27578f13a17b -> 
  custom:container-demuxer-webm: 4f35f7cbe854078d1ac9338744f61a02 -> 
  custom:video-encoder-webm-vp8: eb34c28f22e8b96e1ab97ce403110664 -> 
  custom:CustomObjectIndexerAttribute: bc11b3a6c3213fcdd17b65e7da85e133 -> 
  custom:audio-encoder-webm-vorbis: bf7c407c2cedff20999df2af8eb42d56 -> 
  custom:framework-win-MediaFoundation: 216162199b28c13a410421893ffa2e32 -> 
  custom:SearchIndexIgnoredProperties: e643bd26f0fe6173181afceb89e7c659 -> 
  custom:container-demuxer-ogg: 62fdf1f143b41e24485cea50d1cbac27 -> 
  custom:video-decoder-webm-vp8: 9c59270c3fd7afecdb556c50c9e8de78 -> 
  custom:audio-decoder-ogg-vorbis: bf7c407c2cedff20999df2af8eb42d56 -> 
========================================================================
Received Prepare
Refreshing native plugins compatible for Editor in 9.67 ms, found 2 plugins.
Preloading 0 native plugins for Editor in 0.00 ms.
Unloading 49 Unused Serialized files (Serialized files now loaded: 0)
Unloading 49 unused Assets / (23.0 KB). Loaded Objects now: 3813.
Memory consumption went from 59.6 MB to 59.6 MB.
Total: 7.213800 ms (FindLiveObjects: 0.277900 ms CreateObjectMapping: 0.081300 ms MarkObjects: 6.810300 ms  DeleteObjects: 0.043300 ms)

AssetImportParameters requested are different than current active one (requested -> active):
  custom:video-decoder-ogg-theora: a1e56fd34408186e4bbccfd4996cb3dc -> 
  custom:container-muxer-webm: aa71ff27fc2769a1b78a27578f13a17b -> 
  custom:container-demuxer-webm: 4f35f7cbe854078d1ac9338744f61a02 -> 
  custom:video-encoder-webm-vp8: eb34c28f22e8b96e1ab97ce403110664 -> 
  custom:CustomObjectIndexerAttribute: bc11b3a6c3213fcdd17b65e7da85e133 -> 
  custom:audio-encoder-webm-vorbis: bf7c407c2cedff20999df2af8eb42d56 -> 
  custom:framework-win-MediaFoundation: 216162199b28c13a410421893ffa2e32 -> 
  custom:SearchIndexIgnoredProperties: e643bd26f0fe6173181afceb89e7c659 -> 
  custom:container-demuxer-ogg: 62fdf1f143b41e24485cea50d1cbac27 -> 
  custom:video-decoder-webm-vp8: 9c59270c3fd7afecdb556c50c9e8de78 -> 
  custom:audio-decoder-ogg-vorbis: bf7c407c2cedff20999df2af8eb42d56 -> 
========================================================================
Received Prepare
Refreshing native plugins compatible for Editor in 10.22 ms, found 2 plugins.
Preloading 0 native plugins for Editor in 0.00 ms.
Unloading 49 Unused Serialized files (Serialized files now loaded: 0)
Unloading 49 unused Assets / (23.0 KB). Loaded Objects now: 3813.
Memory consumption went from 59.6 MB to 59.5 MB.
Total: 6.249300 ms (FindLiveObjects: 0.337500 ms CreateObjectMapping: 0.099300 ms MarkObjects: 5.779400 ms  DeleteObjects: 0.032800 ms)

AssetImportParameters requested are different than current active one (requested -> active):
  custom:video-decoder-ogg-theora: a1e56fd34408186e4bbccfd4996cb3dc -> 
  custom:container-muxer-webm: aa71ff27fc2769a1b78a27578f13a17b -> 
  custom:container-demuxer-webm: 4f35f7cbe854078d1ac9338744f61a02 -> 
  custom:video-encoder-webm-vp8: eb34c28f22e8b96e1ab97ce403110664 -> 
  custom:CustomObjectIndexerAttribute: bc11b3a6c3213fcdd17b65e7da85e133 -> 
  custom:audio-encoder-webm-vorbis: bf7c407c2cedff20999df2af8eb42d56 -> 
  custom:framework-win-MediaFoundation: 216162199b28c13a410421893ffa2e32 -> 
  custom:SearchIndexIgnoredProperties: e643bd26f0fe6173181afceb89e7c659 -> 
  custom:container-demuxer-ogg: 62fdf1f143b41e24485cea50d1cbac27 -> 
  custom:video-decoder-webm-vp8: 9c59270c3fd7afecdb556c50c9e8de78 -> 
  custom:audio-decoder-ogg-vorbis: bf7c407c2cedff20999df2af8eb42d56 -> 
========================================================================
Received Prepare
Refreshing native plugins compatible for Editor in 13.32 ms, found 2 plugins.
Preloading 0 native plugins for Editor in 0.00 ms.
Unloading 49 Unused Serialized files (Serialized files now loaded: 0)
Unloading 49 unused Assets / (23.0 KB). Loaded Objects now: 3813.
Memory consumption went from 59.6 MB to 59.5 MB.
Total: 9.961300 ms (FindLiveObjects: 0.317000 ms CreateObjectMapping: 0.086600 ms MarkObjects: 9.481800 ms  DeleteObjects: 0.074600 ms)

AssetImportParameters requested are different than current active one (requested -> active):
  custom:video-decoder-ogg-theora: a1e56fd34408186e4bbccfd4996cb3dc -> 
  custom:container-muxer-webm: aa71ff27fc2769a1b78a27578f13a17b -> 
  custom:container-demuxer-webm: 4f35f7cbe854078d1ac9338744f61a02 -> 
  custom:video-encoder-webm-vp8: eb34c28f22e8b96e1ab97ce403110664 -> 
  custom:CustomObjectIndexerAttribute: bc11b3a6c3213fcdd17b65e7da85e133 -> 
  custom:audio-encoder-webm-vorbis: bf7c407c2cedff20999df2af8eb42d56 -> 
  custom:framework-win-MediaFoundation: 216162199b28c13a410421893ffa2e32 -> 
  custom:SearchIndexIgnoredProperties: e643bd26f0fe6173181afceb89e7c659 -> 
  custom:container-demuxer-ogg: 62fdf1f143b41e24485cea50d1cbac27 -> 
  custom:video-decoder-webm-vp8: 9c59270c3fd7afecdb556c50c9e8de78 -> 
  custom:audio-decoder-ogg-vorbis: bf7c407c2cedff20999df2af8eb42d56 -> 
========================================================================
Received Prepare
Registering precompiled user dll's ...
Registered in 0.011525 seconds.
Begin MonoManager ReloadAssembly
Symbol file LoadedFromMemory is not a mono symbol file
Native extension for UWP target not found
Native extension for WindowsStandalone target not found
Native extension for Android target not found
Native extension for WebGL target not found
Refreshing native plugins compatible for Editor in 1.63 ms, found 2 plugins.
Preloading 0 native plugins for Editor in 0.00 ms.
[Package Manager] Server::EnsureServerProcessIsRunning -- launch failed, reason: Unity was launched with the -noUpm command-line argument
[Package Manager] Cannot connect to Unity Package Manager local server
Mono: successfully reloaded assembly
- Completed reload, in  1.733 seconds
Domain Reload Profiling:
	ReloadAssembly (1733ms)
		BeginReloadAssembly (191ms)
			ExecutionOrderSort (0ms)
			DisableScriptedObjects (8ms)
			BackupInstance (0ms)
			ReleaseScriptingObjects (0ms)
			CreateAndSetChildDomain (57ms)
		EndReloadAssembly (1422ms)
			LoadAssemblies (128ms)
			RebuildTransferFunctionScriptingTraits (0ms)
			SetupTypeCache (246ms)
			ReleaseScriptCaches (2ms)
			RebuildScriptCaches (51ms)
			SetupLoadedEditorAssemblies (953ms)
				LogAssemblyErrors (0ms)
				InitializePlatformSupportModulesInManaged (22ms)
				SetLoadedEditorAssemblies (1ms)
				RefreshPlugins (2ms)
				BeforeProcessingInitializeOnLoad (72ms)
				ProcessInitializeOnLoadAttributes (672ms)
				ProcessInitializeOnLoadMethodAttributes (174ms)
				AfterProcessingInitializeOnLoad (11ms)
				EditorAssembliesLoaded (0ms)
			ExecutionOrderSort2 (0ms)
			AwakeInstancesAfterBackupRestoration (9ms)
Platform modules already initialized, skipping
Refreshing native plugins compatible for Editor in 1.50 ms, found 2 plugins.
Preloading 0 native plugins for Editor in 0.00 ms.
Unloading 3107 Unused Serialized files (Serialized files now loaded: 0)
Unloading 51 unused Assets / (23.0 KB). Loaded Objects now: 3816.
Memory consumption went from 122.0 MB to 121.9 MB.
Total: 8.982000 ms (FindLiveObjects: 0.274400 ms CreateObjectMapping: 0.096900 ms MarkObjects: 8.566800 ms  DeleteObjects: 0.042300 ms)

AssetImportParameters requested are different than current active one (requested -> active):
  custom:video-decoder-ogg-theora: a1e56fd34408186e4bbccfd4996cb3dc -> 
  custom:container-muxer-webm: aa71ff27fc2769a1b78a27578f13a17b -> 
  custom:container-demuxer-webm: 4f35f7cbe854078d1ac9338744f61a02 -> 
  custom:video-encoder-webm-vp8: eb34c28f22e8b96e1ab97ce403110664 -> 
  custom:CustomObjectIndexerAttribute: bc11b3a6c3213fcdd17b65e7da85e133 -> 
  custom:audio-encoder-webm-vorbis: bf7c407c2cedff20999df2af8eb42d56 -> 
  custom:framework-win-MediaFoundation: 216162199b28c13a410421893ffa2e32 -> 
  custom:SearchIndexIgnoredProperties: e643bd26f0fe6173181afceb89e7c659 -> 
  custom:container-demuxer-ogg: 62fdf1f143b41e24485cea50d1cbac27 -> 
  custom:video-decoder-webm-vp8: 9c59270c3fd7afecdb556c50c9e8de78 -> 
  custom:audio-decoder-ogg-vorbis: bf7c407c2cedff20999df2af8eb42d56 -> 
========================================================================
Received Prepare
Refreshing native plugins compatible for Editor in 9.81 ms, found 2 plugins.
Preloading 0 native plugins for Editor in 0.00 ms.
Unloading 49 Unused Serialized files (Serialized files now loaded: 0)
Unloading 49 unused Assets / (23.0 KB). Loaded Objects now: 3816.
Memory consumption went from 59.9 MB to 59.9 MB.
Total: 6.827200 ms (FindLiveObjects: 0.334300 ms CreateObjectMapping: 0.096800 ms MarkObjects: 6.351400 ms  DeleteObjects: 0.043500 ms)

AssetImportParameters requested are different than current active one (requested -> active):
  custom:video-decoder-ogg-theora: a1e56fd34408186e4bbccfd4996cb3dc -> 
  custom:container-muxer-webm: aa71ff27fc2769a1b78a27578f13a17b -> 
  custom:container-demuxer-webm: 4f35f7cbe854078d1ac9338744f61a02 -> 
  custom:video-encoder-webm-vp8: eb34c28f22e8b96e1ab97ce403110664 -> 
  custom:CustomObjectIndexerAttribute: bc11b3a6c3213fcdd17b65e7da85e133 -> 
  custom:audio-encoder-webm-vorbis: bf7c407c2cedff20999df2af8eb42d56 -> 
  custom:framework-win-MediaFoundation: 216162199b28c13a410421893ffa2e32 -> 
  custom:SearchIndexIgnoredProperties: e643bd26f0fe6173181afceb89e7c659 -> 
  custom:container-demuxer-ogg: 62fdf1f143b41e24485cea50d1cbac27 -> 
  custom:video-decoder-webm-vp8: 9c59270c3fd7afecdb556c50c9e8de78 -> 
  custom:audio-decoder-ogg-vorbis: bf7c407c2cedff20999df2af8eb42d56 -> 
========================================================================
Received Prepare
Registering precompiled user dll's ...
Registered in 0.007128 seconds.
Begin MonoManager ReloadAssembly
Symbol file LoadedFromMemory is not a mono symbol file
Native extension for UWP target not found
Native extension for WindowsStandalone target not found
Native extension for Android target not found
Native extension for WebGL target not found
Refreshing native plugins compatible for Editor in 1.58 ms, found 2 plugins.
Preloading 0 native plugins for Editor in 0.00 ms.
[Package Manager] Server::EnsureServerProcessIsRunning -- launch failed, reason: Unity was launched with the -noUpm command-line argument
[Package Manager] Cannot connect to Unity Package Manager local server
Mono: successfully reloaded assembly
- Completed reload, in  1.784 seconds
Domain Reload Profiling:
	ReloadAssembly (1785ms)
		BeginReloadAssembly (189ms)
			ExecutionOrderSort (0ms)
			DisableScriptedObjects (8ms)
			BackupInstance (0ms)
			ReleaseScriptingObjects (0ms)
			CreateAndSetChildDomain (55ms)
		EndReloadAssembly (1470ms)
			LoadAssemblies (128ms)
			RebuildTransferFunctionScriptingTraits (0ms)
			SetupTypeCache (282ms)
			ReleaseScriptCaches (2ms)
			RebuildScriptCaches (52ms)
			SetupLoadedEditorAssemblies (959ms)
				LogAssemblyErrors (0ms)
				InitializePlatformSupportModulesInManaged (21ms)
				SetLoadedEditorAssemblies (1ms)
				RefreshPlugins (2ms)
				BeforeProcessingInitializeOnLoad (65ms)
				ProcessInitializeOnLoadAttributes (687ms)
				ProcessInitializeOnLoadMethodAttributes (172ms)
				AfterProcessingInitializeOnLoad (10ms)
				EditorAssembliesLoaded (0ms)
			ExecutionOrderSort2 (0ms)
			AwakeInstancesAfterBackupRestoration (8ms)
Platform modules already initialized, skipping
Refreshing native plugins compatible for Editor in 1.50 ms, found 2 plugins.
Preloading 0 native plugins for Editor in 0.00 ms.
Unloading 3108 Unused Serialized files (Serialized files now loaded: 0)
Unloading 51 unused Assets / (23.1 KB). Loaded Objects now: 3820.
Memory consumption went from 122.0 MB to 122.0 MB.
Total: 7.057300 ms (FindLiveObjects: 0.289200 ms CreateObjectMapping: 0.247700 ms MarkObjects: 6.473500 ms  DeleteObjects: 0.046100 ms)

AssetImportParameters requested are different than current active one (requested -> active):
  custom:video-decoder-ogg-theora: a1e56fd34408186e4bbccfd4996cb3dc -> 
  custom:container-muxer-webm: aa71ff27fc2769a1b78a27578f13a17b -> 
  custom:container-demuxer-webm: 4f35f7cbe854078d1ac9338744f61a02 -> 
  custom:video-encoder-webm-vp8: eb34c28f22e8b96e1ab97ce403110664 -> 
  custom:CustomObjectIndexerAttribute: bc11b3a6c3213fcdd17b65e7da85e133 -> 
  custom:audio-encoder-webm-vorbis: bf7c407c2cedff20999df2af8eb42d56 -> 
  custom:framework-win-MediaFoundation: 216162199b28c13a410421893ffa2e32 -> 
  custom:SearchIndexIgnoredProperties: e643bd26f0fe6173181afceb89e7c659 -> 
  custom:container-demuxer-ogg: 62fdf1f143b41e24485cea50d1cbac27 -> 
  custom:video-decoder-webm-vp8: 9c59270c3fd7afecdb556c50c9e8de78 -> 
  custom:audio-decoder-ogg-vorbis: bf7c407c2cedff20999df2af8eb42d56 -> 
========================================================================
Received Prepare
Refreshing native plugins compatible for Editor in 11.65 ms, found 2 plugins.
Preloading 0 native plugins for Editor in 0.00 ms.
Unloading 49 Unused Serialized files (Serialized files now loaded: 0)
Unloading 49 unused Assets / (23.1 KB). Loaded Objects now: 3820.
Memory consumption went from 60.0 MB to 59.9 MB.
Total: 10.120200 ms (FindLiveObjects: 0.277400 ms CreateObjectMapping: 0.102000 ms MarkObjects: 9.661200 ms  DeleteObjects: 0.078700 ms)

AssetImportParameters requested are different than current active one (requested -> active):
  custom:video-decoder-ogg-theora: a1e56fd34408186e4bbccfd4996cb3dc -> 
  custom:container-muxer-webm: aa71ff27fc2769a1b78a27578f13a17b -> 
  custom:container-demuxer-webm: 4f35f7cbe854078d1ac9338744f61a02 -> 
  custom:video-encoder-webm-vp8: eb34c28f22e8b96e1ab97ce403110664 -> 
  custom:CustomObjectIndexerAttribute: bc11b3a6c3213fcdd17b65e7da85e133 -> 
  custom:audio-encoder-webm-vorbis: bf7c407c2cedff20999df2af8eb42d56 -> 
  custom:framework-win-MediaFoundation: 216162199b28c13a410421893ffa2e32 -> 
  custom:SearchIndexIgnoredProperties: e643bd26f0fe6173181afceb89e7c659 -> 
  custom:container-demuxer-ogg: 62fdf1f143b41e24485cea50d1cbac27 -> 
  custom:video-decoder-webm-vp8: 9c59270c3fd7afecdb556c50c9e8de78 -> 
  custom:audio-decoder-ogg-vorbis: bf7c407c2cedff20999df2af8eb42d56 -> 
========================================================================
Received Prepare
Refreshing native plugins compatible for Editor in 9.07 ms, found 2 plugins.
Preloading 0 native plugins for Editor in 0.00 ms.
Unloading 49 Unused Serialized files (Serialized files now loaded: 0)
Unloading 49 unused Assets / (23.1 KB). Loaded Objects now: 3820.
Memory consumption went from 59.7 MB to 59.6 MB.
Total: 6.110000 ms (FindLiveObjects: 0.258900 ms CreateObjectMapping: 0.079700 ms MarkObjects: 5.742200 ms  DeleteObjects: 0.028600 ms)

AssetImportParameters requested are different than current active one (requested -> active):
  custom:video-decoder-ogg-theora: a1e56fd34408186e4bbccfd4996cb3dc -> 
  custom:container-muxer-webm: aa71ff27fc2769a1b78a27578f13a17b -> 
  custom:container-demuxer-webm: 4f35f7cbe854078d1ac9338744f61a02 -> 
  custom:video-encoder-webm-vp8: eb34c28f22e8b96e1ab97ce403110664 -> 
  custom:CustomObjectIndexerAttribute: bc11b3a6c3213fcdd17b65e7da85e133 -> 
  custom:audio-encoder-webm-vorbis: bf7c407c2cedff20999df2af8eb42d56 -> 
  custom:framework-win-MediaFoundation: 216162199b28c13a410421893ffa2e32 -> 
  custom:SearchIndexIgnoredProperties: e643bd26f0fe6173181afceb89e7c659 -> 
  custom:container-demuxer-ogg: 62fdf1f143b41e24485cea50d1cbac27 -> 
  custom:video-decoder-webm-vp8: 9c59270c3fd7afecdb556c50c9e8de78 -> 
  custom:audio-decoder-ogg-vorbis: bf7c407c2cedff20999df2af8eb42d56 -> 
========================================================================
Received Prepare
Registering precompiled user dll's ...
Registered in 0.011206 seconds.
Begin MonoManager ReloadAssembly
Symbol file LoadedFromMemory is not a mono symbol file
Native extension for UWP target not found
Native extension for WindowsStandalone target not found
Native extension for Android target not found
Native extension for WebGL target not found
Refreshing native plugins compatible for Editor in 1.54 ms, found 2 plugins.
Preloading 0 native plugins for Editor in 0.00 ms.
[Package Manager] Server::EnsureServerProcessIsRunning -- launch failed, reason: Unity was launched with the -noUpm command-line argument
[Package Manager] Cannot connect to Unity Package Manager local server
Mono: successfully reloaded assembly
- Completed reload, in  1.744 seconds
Domain Reload Profiling:
	ReloadAssembly (1745ms)
		BeginReloadAssembly (190ms)
			ExecutionOrderSort (0ms)
			DisableScriptedObjects (8ms)
			BackupInstance (0ms)
			ReleaseScriptingObjects (0ms)
			CreateAndSetChildDomain (57ms)
		EndReloadAssembly (1432ms)
			LoadAssemblies (127ms)
			RebuildTransferFunctionScriptingTraits (0ms)
			SetupTypeCache (286ms)
			ReleaseScriptCaches (2ms)
			RebuildScriptCaches (51ms)
			SetupLoadedEditorAssemblies (927ms)
				LogAssemblyErrors (0ms)
				InitializePlatformSupportModulesInManaged (20ms)
				SetLoadedEditorAssemblies (1ms)
				RefreshPlugins (2ms)
				BeforeProcessingInitializeOnLoad (62ms)
				ProcessInitializeOnLoadAttributes (670ms)
				ProcessInitializeOnLoadMethodAttributes (165ms)
				AfterProcessingInitializeOnLoad (9ms)
				EditorAssembliesLoaded (0ms)
			ExecutionOrderSort2 (0ms)
			AwakeInstancesAfterBackupRestoration (9ms)
Platform modules already initialized, skipping
Refreshing native plugins compatible for Editor in 1.49 ms, found 2 plugins.
Preloading 0 native plugins for Editor in 0.00 ms.
Unloading 3108 Unused Serialized files (Serialized files now loaded: 0)
Unloading 51 unused Assets / (23.0 KB). Loaded Objects now: 3823.
Memory consumption went from 122.1 MB to 122.0 MB.
Total: 9.272800 ms (FindLiveObjects: 0.354600 ms CreateObjectMapping: 0.093200 ms MarkObjects: 8.789500 ms  DeleteObjects: 0.034400 ms)

AssetImportParameters requested are different than current active one (requested -> active):
  custom:video-decoder-ogg-theora: a1e56fd34408186e4bbccfd4996cb3dc -> 
  custom:container-muxer-webm: aa71ff27fc2769a1b78a27578f13a17b -> 
  custom:container-demuxer-webm: 4f35f7cbe854078d1ac9338744f61a02 -> 
  custom:video-encoder-webm-vp8: eb34c28f22e8b96e1ab97ce403110664 -> 
  custom:CustomObjectIndexerAttribute: bc11b3a6c3213fcdd17b65e7da85e133 -> 
  custom:audio-encoder-webm-vorbis: bf7c407c2cedff20999df2af8eb42d56 -> 
  custom:framework-win-MediaFoundation: 216162199b28c13a410421893ffa2e32 -> 
  custom:SearchIndexIgnoredProperties: e643bd26f0fe6173181afceb89e7c659 -> 
  custom:container-demuxer-ogg: 62fdf1f143b41e24485cea50d1cbac27 -> 
  custom:video-decoder-webm-vp8: 9c59270c3fd7afecdb556c50c9e8de78 -> 
  custom:audio-decoder-ogg-vorbis: bf7c407c2cedff20999df2af8eb42d56 -> 
========================================================================
Received Prepare
Refreshing native plugins compatible for Editor in 9.54 ms, found 2 plugins.
Preloading 0 native plugins for Editor in 0.00 ms.
Unloading 49 Unused Serialized files (Serialized files now loaded: 0)
Unloading 49 unused Assets / (23.0 KB). Loaded Objects now: 3823.
Memory consumption went from 60.0 MB to 60.0 MB.
Total: 6.701900 ms (FindLiveObjects: 0.282000 ms CreateObjectMapping: 0.205200 ms MarkObjects: 6.174300 ms  DeleteObjects: 0.039900 ms)

AssetImportParameters requested are different than current active one (requested -> active):
  custom:video-decoder-ogg-theora: a1e56fd34408186e4bbccfd4996cb3dc -> 
  custom:container-muxer-webm: aa71ff27fc2769a1b78a27578f13a17b -> 
  custom:container-demuxer-webm: 4f35f7cbe854078d1ac9338744f61a02 -> 
  custom:video-encoder-webm-vp8: eb34c28f22e8b96e1ab97ce403110664 -> 
  custom:CustomObjectIndexerAttribute: bc11b3a6c3213fcdd17b65e7da85e133 -> 
  custom:audio-encoder-webm-vorbis: bf7c407c2cedff20999df2af8eb42d56 -> 
  custom:framework-win-MediaFoundation: 216162199b28c13a410421893ffa2e32 -> 
  custom:SearchIndexIgnoredProperties: e643bd26f0fe6173181afceb89e7c659 -> 
  custom:container-demuxer-ogg: 62fdf1f143b41e24485cea50d1cbac27 -> 
  custom:video-decoder-webm-vp8: 9c59270c3fd7afecdb556c50c9e8de78 -> 
  custom:audio-decoder-ogg-vorbis: bf7c407c2cedff20999df2af8eb42d56 -> 
========================================================================
Received Prepare
Refreshing native plugins compatible for Editor in 10.14 ms, found 2 plugins.
Preloading 0 native plugins for Editor in 0.00 ms.
Unloading 49 Unused Serialized files (Serialized files now loaded: 0)
Unloading 49 unused Assets / (23.0 KB). Loaded Objects now: 3823.
Memory consumption went from 59.6 MB to 59.6 MB.
Total: 8.118900 ms (FindLiveObjects: 0.465900 ms CreateObjectMapping: 0.092900 ms MarkObjects: 7.520600 ms  DeleteObjects: 0.038600 ms)

AssetImportParameters requested are different than current active one (requested -> active):
  custom:video-decoder-ogg-theora: a1e56fd34408186e4bbccfd4996cb3dc -> 
  custom:container-muxer-webm: aa71ff27fc2769a1b78a27578f13a17b -> 
  custom:container-demuxer-webm: 4f35f7cbe854078d1ac9338744f61a02 -> 
  custom:video-encoder-webm-vp8: eb34c28f22e8b96e1ab97ce403110664 -> 
  custom:CustomObjectIndexerAttribute: bc11b3a6c3213fcdd17b65e7da85e133 -> 
  custom:audio-encoder-webm-vorbis: bf7c407c2cedff20999df2af8eb42d56 -> 
  custom:framework-win-MediaFoundation: 216162199b28c13a410421893ffa2e32 -> 
  custom:SearchIndexIgnoredProperties: e643bd26f0fe6173181afceb89e7c659 -> 
  custom:container-demuxer-ogg: 62fdf1f143b41e24485cea50d1cbac27 -> 
  custom:video-decoder-webm-vp8: 9c59270c3fd7afecdb556c50c9e8de78 -> 
  custom:audio-decoder-ogg-vorbis: bf7c407c2cedff20999df2af8eb42d56 -> 
========================================================================
Received Prepare
Refreshing native plugins compatible for Editor in 12.72 ms, found 2 plugins.
Preloading 0 native plugins for Editor in 0.00 ms.
Unloading 49 Unused Serialized files (Serialized files now loaded: 0)
Unloading 49 unused Assets / (23.0 KB). Loaded Objects now: 3823.
Memory consumption went from 59.6 MB to 59.6 MB.
Total: 9.767300 ms (FindLiveObjects: 0.474200 ms CreateObjectMapping: 0.131200 ms MarkObjects: 9.106600 ms  DeleteObjects: 0.054200 ms)

AssetImportParameters requested are different than current active one (requested -> active):
  custom:video-decoder-ogg-theora: a1e56fd34408186e4bbccfd4996cb3dc -> 
  custom:container-muxer-webm: aa71ff27fc2769a1b78a27578f13a17b -> 
  custom:container-demuxer-webm: 4f35f7cbe854078d1ac9338744f61a02 -> 
  custom:video-encoder-webm-vp8: eb34c28f22e8b96e1ab97ce403110664 -> 
  custom:CustomObjectIndexerAttribute: bc11b3a6c3213fcdd17b65e7da85e133 -> 
  custom:audio-encoder-webm-vorbis: bf7c407c2cedff20999df2af8eb42d56 -> 
  custom:framework-win-MediaFoundation: 216162199b28c13a410421893ffa2e32 -> 
  custom:SearchIndexIgnoredProperties: e643bd26f0fe6173181afceb89e7c659 -> 
  custom:container-demuxer-ogg: 62fdf1f143b41e24485cea50d1cbac27 -> 
  custom:video-decoder-webm-vp8: 9c59270c3fd7afecdb556c50c9e8de78 -> 
  custom:audio-decoder-ogg-vorbis: bf7c407c2cedff20999df2af8eb42d56 -> 
========================================================================
Received Prepare
Registering precompiled user dll's ...
Registered in 0.008970 seconds.
Begin MonoManager ReloadAssembly
Symbol file LoadedFromMemory is not a mono symbol file
Native extension for UWP target not found
Native extension for WindowsStandalone target not found
Native extension for Android target not found
Native extension for WebGL target not found
Refreshing native plugins compatible for Editor in 1.57 ms, found 2 plugins.
Preloading 0 native plugins for Editor in 0.00 ms.
[Package Manager] Server::EnsureServerProcessIsRunning -- launch failed, reason: Unity was launched with the -noUpm command-line argument
[Package Manager] Cannot connect to Unity Package Manager local server
Mono: successfully reloaded assembly
- Completed reload, in  1.655 seconds
Domain Reload Profiling:
	ReloadAssembly (1656ms)
		BeginReloadAssembly (171ms)
			ExecutionOrderSort (0ms)
			DisableScriptedObjects (6ms)
			BackupInstance (0ms)
			ReleaseScriptingObjects (0ms)
			CreateAndSetChildDomain (51ms)
		EndReloadAssembly (1378ms)
			LoadAssemblies (117ms)
			RebuildTransferFunctionScriptingTraits (0ms)
			SetupTypeCache (262ms)
			ReleaseScriptCaches (2ms)
			RebuildScriptCaches (49ms)
			SetupLoadedEditorAssemblies (896ms)
				LogAssemblyErrors (0ms)
				InitializePlatformSupportModulesInManaged (21ms)
				SetLoadedEditorAssemblies (1ms)
				RefreshPlugins (2ms)
				BeforeProcessingInitializeOnLoad (65ms)
				ProcessInitializeOnLoadAttributes (627ms)
				ProcessInitializeOnLoadMethodAttributes (170ms)
				AfterProcessingInitializeOnLoad (10ms)
				EditorAssembliesLoaded (0ms)
			ExecutionOrderSort2 (0ms)
			AwakeInstancesAfterBackupRestoration (7ms)
Platform modules already initialized, skipping
Refreshing native plugins compatible for Editor in 0.88 ms, found 2 plugins.
Preloading 0 native plugins for Editor in 0.00 ms.
Unloading 3108 Unused Serialized files (Serialized files now loaded: 0)
Unloading 51 unused Assets / (23.0 KB). Loaded Objects now: 3826.
Memory consumption went from 122.0 MB to 122.0 MB.
Total: 6.258900 ms (FindLiveObjects: 0.270300 ms CreateObjectMapping: 0.078500 ms MarkObjects: 5.877200 ms  DeleteObjects: 0.032200 ms)

AssetImportParameters requested are different than current active one (requested -> active):
  custom:video-decoder-ogg-theora: a1e56fd34408186e4bbccfd4996cb3dc -> 
  custom:container-muxer-webm: aa71ff27fc2769a1b78a27578f13a17b -> 
  custom:container-demuxer-webm: 4f35f7cbe854078d1ac9338744f61a02 -> 
  custom:video-encoder-webm-vp8: eb34c28f22e8b96e1ab97ce403110664 -> 
  custom:CustomObjectIndexerAttribute: bc11b3a6c3213fcdd17b65e7da85e133 -> 
  custom:audio-encoder-webm-vorbis: bf7c407c2cedff20999df2af8eb42d56 -> 
  custom:framework-win-MediaFoundation: 216162199b28c13a410421893ffa2e32 -> 
  custom:SearchIndexIgnoredProperties: e643bd26f0fe6173181afceb89e7c659 -> 
  custom:container-demuxer-ogg: 62fdf1f143b41e24485cea50d1cbac27 -> 
  custom:video-decoder-webm-vp8: 9c59270c3fd7afecdb556c50c9e8de78 -> 
  custom:audio-decoder-ogg-vorbis: bf7c407c2cedff20999df2af8eb42d56 -> 
========================================================================
Received Prepare
Refreshing native plugins compatible for Editor in 9.29 ms, found 2 plugins.
Preloading 0 native plugins for Editor in 0.00 ms.
Unloading 49 Unused Serialized files (Serialized files now loaded: 0)
Unloading 49 unused Assets / (22.9 KB). Loaded Objects now: 3826.
Memory consumption went from 59.9 MB to 59.9 MB.
Total: 6.284400 ms (FindLiveObjects: 0.325200 ms CreateObjectMapping: 0.097200 ms MarkObjects: 5.821600 ms  DeleteObjects: 0.039400 ms)

AssetImportParameters requested are different than current active one (requested -> active):
  custom:video-decoder-ogg-theora: a1e56fd34408186e4bbccfd4996cb3dc -> 
  custom:container-muxer-webm: aa71ff27fc2769a1b78a27578f13a17b -> 
  custom:container-demuxer-webm: 4f35f7cbe854078d1ac9338744f61a02 -> 
  custom:video-encoder-webm-vp8: eb34c28f22e8b96e1ab97ce403110664 -> 
  custom:CustomObjectIndexerAttribute: bc11b3a6c3213fcdd17b65e7da85e133 -> 
  custom:audio-encoder-webm-vorbis: bf7c407c2cedff20999df2af8eb42d56 -> 
  custom:framework-win-MediaFoundation: 216162199b28c13a410421893ffa2e32 -> 
  custom:SearchIndexIgnoredProperties: e643bd26f0fe6173181afceb89e7c659 -> 
  custom:container-demuxer-ogg: 62fdf1f143b41e24485cea50d1cbac27 -> 
  custom:video-decoder-webm-vp8: 9c59270c3fd7afecdb556c50c9e8de78 -> 
  custom:audio-decoder-ogg-vorbis: bf7c407c2cedff20999df2af8eb42d56 -> 
========================================================================
Received Prepare
Registering precompiled user dll's ...
Registered in 0.007279 seconds.
Begin MonoManager ReloadAssembly
Symbol file LoadedFromMemory is not a mono symbol file
Native extension for UWP target not found
Native extension for WindowsStandalone target not found
Native extension for Android target not found
Native extension for WebGL target not found
Refreshing native plugins compatible for Editor in 0.91 ms, found 2 plugins.
Preloading 0 native plugins for Editor in 0.00 ms.
[Package Manager] Server::EnsureServerProcessIsRunning -- launch failed, reason: Unity was launched with the -noUpm command-line argument
[Package Manager] Cannot connect to Unity Package Manager local server
Mono: successfully reloaded assembly
- Completed reload, in  1.273 seconds
Domain Reload Profiling:
	ReloadAssembly (1274ms)
		BeginReloadAssembly (143ms)
			ExecutionOrderSort (0ms)
			DisableScriptedObjects (6ms)
			BackupInstance (0ms)
			ReleaseScriptingObjects (0ms)
			CreateAndSetChildDomain (44ms)
		EndReloadAssembly (1051ms)
			LoadAssemblies (95ms)
			RebuildTransferFunctionScriptingTraits (0ms)
			SetupTypeCache (179ms)
			ReleaseScriptCaches (1ms)
			RebuildScriptCaches (32ms)
			SetupLoadedEditorAssemblies (720ms)
				LogAssemblyErrors (0ms)
				InitializePlatformSupportModulesInManaged (14ms)
				SetLoadedEditorAssemblies (0ms)
				RefreshPlugins (1ms)
				BeforeProcessingInitializeOnLoad (42ms)
				ProcessInitializeOnLoadAttributes (556ms)
				ProcessInitializeOnLoadMethodAttributes (100ms)
				AfterProcessingInitializeOnLoad (5ms)
				EditorAssembliesLoaded (0ms)
			ExecutionOrderSort2 (0ms)
			AwakeInstancesAfterBackupRestoration (5ms)
Platform modules already initialized, skipping
Refreshing native plugins compatible for Editor in 0.88 ms, found 2 plugins.
Preloading 0 native plugins for Editor in 0.00 ms.
Unloading 3110 Unused Serialized files (Serialized files now loaded: 0)
Unloading 51 unused Assets / (23.0 KB). Loaded Objects now: 3831.
Memory consumption went from 122.1 MB to 122.0 MB.
Total: 6.093500 ms (FindLiveObjects: 0.275800 ms CreateObjectMapping: 0.093100 ms MarkObjects: 5.680600 ms  DeleteObjects: 0.043200 ms)

AssetImportParameters requested are different than current active one (requested -> active):
  custom:video-decoder-ogg-theora: a1e56fd34408186e4bbccfd4996cb3dc -> 
  custom:container-muxer-webm: aa71ff27fc2769a1b78a27578f13a17b -> 
  custom:container-demuxer-webm: 4f35f7cbe854078d1ac9338744f61a02 -> 
  custom:video-encoder-webm-vp8: eb34c28f22e8b96e1ab97ce403110664 -> 
  custom:CustomObjectIndexerAttribute: bc11b3a6c3213fcdd17b65e7da85e133 -> 
  custom:audio-encoder-webm-vorbis: bf7c407c2cedff20999df2af8eb42d56 -> 
  custom:framework-win-MediaFoundation: 216162199b28c13a410421893ffa2e32 -> 
  custom:SearchIndexIgnoredProperties: e643bd26f0fe6173181afceb89e7c659 -> 
  custom:container-demuxer-ogg: 62fdf1f143b41e24485cea50d1cbac27 -> 
  custom:video-decoder-webm-vp8: 9c59270c3fd7afecdb556c50c9e8de78 -> 
  custom:audio-decoder-ogg-vorbis: bf7c407c2cedff20999df2af8eb42d56 -> 
========================================================================
Received Prepare
Refreshing native plugins compatible for Editor in 10.86 ms, found 2 plugins.
Preloading 0 native plugins for Editor in 0.00 ms.
Unloading 49 Unused Serialized files (Serialized files now loaded: 0)
Unloading 49 unused Assets / (23.0 KB). Loaded Objects now: 3831.
Memory consumption went from 60.0 MB to 60.0 MB.
Total: 7.330800 ms (FindLiveObjects: 0.372800 ms CreateObjectMapping: 0.112600 ms MarkObjects: 6.785100 ms  DeleteObjects: 0.059500 ms)

AssetImportParameters requested are different than current active one (requested -> active):
  custom:video-decoder-ogg-theora: a1e56fd34408186e4bbccfd4996cb3dc -> 
  custom:container-muxer-webm: aa71ff27fc2769a1b78a27578f13a17b -> 
  custom:container-demuxer-webm: 4f35f7cbe854078d1ac9338744f61a02 -> 
  custom:video-encoder-webm-vp8: eb34c28f22e8b96e1ab97ce403110664 -> 
  custom:CustomObjectIndexerAttribute: bc11b3a6c3213fcdd17b65e7da85e133 -> 
  custom:audio-encoder-webm-vorbis: bf7c407c2cedff20999df2af8eb42d56 -> 
  custom:framework-win-MediaFoundation: 216162199b28c13a410421893ffa2e32 -> 
  custom:SearchIndexIgnoredProperties: e643bd26f0fe6173181afceb89e7c659 -> 
  custom:container-demuxer-ogg: 62fdf1f143b41e24485cea50d1cbac27 -> 
  custom:video-decoder-webm-vp8: 9c59270c3fd7afecdb556c50c9e8de78 -> 
  custom:audio-decoder-ogg-vorbis: bf7c407c2cedff20999df2af8eb42d56 -> 
========================================================================
Received Prepare
Refreshing native plugins compatible for Editor in 10.40 ms, found 2 plugins.
Preloading 0 native plugins for Editor in 0.00 ms.
Unloading 49 Unused Serialized files (Serialized files now loaded: 0)
Unloading 49 unused Assets / (23.0 KB). Loaded Objects now: 3831.
Memory consumption went from 59.7 MB to 59.7 MB.
Total: 6.126000 ms (FindLiveObjects: 0.260900 ms CreateObjectMapping: 0.081200 ms MarkObjects: 5.750400 ms  DeleteObjects: 0.032900 ms)

AssetImportParameters requested are different than current active one (requested -> active):
  custom:video-decoder-ogg-theora: a1e56fd34408186e4bbccfd4996cb3dc -> 
  custom:container-muxer-webm: aa71ff27fc2769a1b78a27578f13a17b -> 
  custom:container-demuxer-webm: 4f35f7cbe854078d1ac9338744f61a02 -> 
  custom:video-encoder-webm-vp8: eb34c28f22e8b96e1ab97ce403110664 -> 
  custom:CustomObjectIndexerAttribute: bc11b3a6c3213fcdd17b65e7da85e133 -> 
  custom:audio-encoder-webm-vorbis: bf7c407c2cedff20999df2af8eb42d56 -> 
  custom:framework-win-MediaFoundation: 216162199b28c13a410421893ffa2e32 -> 
  custom:SearchIndexIgnoredProperties: e643bd26f0fe6173181afceb89e7c659 -> 
  custom:container-demuxer-ogg: 62fdf1f143b41e24485cea50d1cbac27 -> 
  custom:video-decoder-webm-vp8: 9c59270c3fd7afecdb556c50c9e8de78 -> 
  custom:audio-decoder-ogg-vorbis: bf7c407c2cedff20999df2af8eb42d56 -> 
========================================================================
Received Prepare
Registering precompiled user dll's ...
Registered in 0.009513 seconds.
Begin MonoManager ReloadAssembly
Symbol file LoadedFromMemory is not a mono symbol file
Native extension for UWP target not found
Native extension for WindowsStandalone target not found
Native extension for Android target not found
Native extension for WebGL target not found
Refreshing native plugins compatible for Editor in 0.92 ms, found 2 plugins.
Preloading 0 native plugins for Editor in 0.00 ms.
[Package Manager] Server::EnsureServerProcessIsRunning -- launch failed, reason: Unity was launched with the -noUpm command-line argument
[Package Manager] Cannot connect to Unity Package Manager local server
Mono: successfully reloaded assembly
- Completed reload, in  1.445 seconds
Domain Reload Profiling:
	ReloadAssembly (1446ms)
		BeginReloadAssembly (166ms)
			ExecutionOrderSort (0ms)
			DisableScriptedObjects (7ms)
			BackupInstance (0ms)
			ReleaseScriptingObjects (0ms)
			CreateAndSetChildDomain (53ms)
		EndReloadAssembly (1190ms)
			LoadAssemblies (104ms)
			RebuildTransferFunctionScriptingTraits (0ms)
			SetupTypeCache (262ms)
			ReleaseScriptCaches (2ms)
			RebuildScriptCaches (50ms)
			SetupLoadedEditorAssemblies (744ms)
				LogAssemblyErrors (0ms)
				InitializePlatformSupportModulesInManaged (14ms)
				SetLoadedEditorAssemblies (0ms)
				RefreshPlugins (1ms)
				BeforeProcessingInitializeOnLoad (45ms)
				ProcessInitializeOnLoadAttributes (570ms)
				ProcessInitializeOnLoadMethodAttributes (106ms)
				AfterProcessingInitializeOnLoad (7ms)
				EditorAssembliesLoaded (0ms)
			ExecutionOrderSort2 (0ms)
			AwakeInstancesAfterBackupRestoration (7ms)
Platform modules already initialized, skipping
Refreshing native plugins compatible for Editor in 0.85 ms, found 2 plugins.
Preloading 0 native plugins for Editor in 0.00 ms.
Unloading 3110 Unused Serialized files (Serialized files now loaded: 0)
Unloading 51 unused Assets / (23.0 KB). Loaded Objects now: 3834.
Memory consumption went from 122.1 MB to 122.1 MB.
Total: 6.333500 ms (FindLiveObjects: 0.388200 ms CreateObjectMapping: 0.098700 ms MarkObjects: 5.807900 ms  DeleteObjects: 0.037700 ms)

AssetImportParameters requested are different than current active one (requested -> active):
  custom:video-decoder-ogg-theora: a1e56fd34408186e4bbccfd4996cb3dc -> 
  custom:container-muxer-webm: aa71ff27fc2769a1b78a27578f13a17b -> 
  custom:container-demuxer-webm: 4f35f7cbe854078d1ac9338744f61a02 -> 
  custom:video-encoder-webm-vp8: eb34c28f22e8b96e1ab97ce403110664 -> 
  custom:CustomObjectIndexerAttribute: bc11b3a6c3213fcdd17b65e7da85e133 -> 
  custom:audio-encoder-webm-vorbis: bf7c407c2cedff20999df2af8eb42d56 -> 
  custom:framework-win-MediaFoundation: 216162199b28c13a410421893ffa2e32 -> 
  custom:SearchIndexIgnoredProperties: e643bd26f0fe6173181afceb89e7c659 -> 
  custom:container-demuxer-ogg: 62fdf1f143b41e24485cea50d1cbac27 -> 
  custom:video-decoder-webm-vp8: 9c59270c3fd7afecdb556c50c9e8de78 -> 
  custom:audio-decoder-ogg-vorbis: bf7c407c2cedff20999df2af8eb42d56 -> 
========================================================================
Received Prepare
Refreshing native plugins compatible for Editor in 9.31 ms, found 2 plugins.
Preloading 0 native plugins for Editor in 0.00 ms.
Unloading 49 Unused Serialized files (Serialized files now loaded: 0)
Unloading 49 unused Assets / (23.1 KB). Loaded Objects now: 3834.
Memory consumption went from 60.0 MB to 60.0 MB.
Total: 6.419400 ms (FindLiveObjects: 0.273500 ms CreateObjectMapping: 0.082300 ms MarkObjects: 6.021200 ms  DeleteObjects: 0.041400 ms)

AssetImportParameters requested are different than current active one (requested -> active):
  custom:video-decoder-ogg-theora: a1e56fd34408186e4bbccfd4996cb3dc -> 
  custom:container-muxer-webm: aa71ff27fc2769a1b78a27578f13a17b -> 
  custom:container-demuxer-webm: 4f35f7cbe854078d1ac9338744f61a02 -> 
  custom:video-encoder-webm-vp8: eb34c28f22e8b96e1ab97ce403110664 -> 
  custom:CustomObjectIndexerAttribute: bc11b3a6c3213fcdd17b65e7da85e133 -> 
  custom:audio-encoder-webm-vorbis: bf7c407c2cedff20999df2af8eb42d56 -> 
  custom:framework-win-MediaFoundation: 216162199b28c13a410421893ffa2e32 -> 
  custom:SearchIndexIgnoredProperties: e643bd26f0fe6173181afceb89e7c659 -> 
  custom:container-demuxer-ogg: 62fdf1f143b41e24485cea50d1cbac27 -> 
  custom:video-decoder-webm-vp8: 9c59270c3fd7afecdb556c50c9e8de78 -> 
  custom:audio-decoder-ogg-vorbis: bf7c407c2cedff20999df2af8eb42d56 -> 
========================================================================
Received Prepare
Refreshing native plugins compatible for Editor in 8.86 ms, found 2 plugins.
Preloading 0 native plugins for Editor in 0.00 ms.
Unloading 49 Unused Serialized files (Serialized files now loaded: 0)
Unloading 49 unused Assets / (23.1 KB). Loaded Objects now: 3834.
Memory consumption went from 59.7 MB to 59.7 MB.
Total: 6.513800 ms (FindLiveObjects: 0.264400 ms CreateObjectMapping: 0.078500 ms MarkObjects: 6.138100 ms  DeleteObjects: 0.032100 ms)

AssetImportParameters requested are different than current active one (requested -> active):
  custom:video-decoder-ogg-theora: a1e56fd34408186e4bbccfd4996cb3dc -> 
  custom:container-muxer-webm: aa71ff27fc2769a1b78a27578f13a17b -> 
  custom:container-demuxer-webm: 4f35f7cbe854078d1ac9338744f61a02 -> 
  custom:video-encoder-webm-vp8: eb34c28f22e8b96e1ab97ce403110664 -> 
  custom:CustomObjectIndexerAttribute: bc11b3a6c3213fcdd17b65e7da85e133 -> 
  custom:audio-encoder-webm-vorbis: bf7c407c2cedff20999df2af8eb42d56 -> 
  custom:framework-win-MediaFoundation: 216162199b28c13a410421893ffa2e32 -> 
  custom:SearchIndexIgnoredProperties: e643bd26f0fe6173181afceb89e7c659 -> 
  custom:container-demuxer-ogg: 62fdf1f143b41e24485cea50d1cbac27 -> 
  custom:video-decoder-webm-vp8: 9c59270c3fd7afecdb556c50c9e8de78 -> 
  custom:audio-decoder-ogg-vorbis: bf7c407c2cedff20999df2af8eb42d56 -> 
========================================================================
Received Prepare
Registering precompiled user dll's ...
Registered in 0.007291 seconds.
Begin MonoManager ReloadAssembly
Symbol file LoadedFromMemory is not a mono symbol file
Native extension for UWP target not found
Native extension for WindowsStandalone target not found
Native extension for Android target not found
Native extension for WebGL target not found
Refreshing native plugins compatible for Editor in 0.93 ms, found 2 plugins.
Preloading 0 native plugins for Editor in 0.00 ms.
[Package Manager] Server::EnsureServerProcessIsRunning -- launch failed, reason: Unity was launched with the -noUpm command-line argument
[Package Manager] Cannot connect to Unity Package Manager local server
Mono: successfully reloaded assembly
- Completed reload, in  1.282 seconds
Domain Reload Profiling:
	ReloadAssembly (1283ms)
		BeginReloadAssembly (136ms)
			ExecutionOrderSort (0ms)
			DisableScriptedObjects (5ms)
			BackupInstance (0ms)
			ReleaseScriptingObjects (0ms)
			CreateAndSetChildDomain (44ms)
		EndReloadAssembly (1067ms)
			LoadAssemblies (92ms)
			RebuildTransferFunctionScriptingTraits (0ms)
			SetupTypeCache (183ms)
			ReleaseScriptCaches (1ms)
			RebuildScriptCaches (33ms)
			SetupLoadedEditorAssemblies (729ms)
				LogAssemblyErrors (0ms)
				InitializePlatformSupportModulesInManaged (15ms)
				SetLoadedEditorAssemblies (0ms)
				RefreshPlugins (1ms)
				BeforeProcessingInitializeOnLoad (42ms)
				ProcessInitializeOnLoadAttributes (563ms)
				ProcessInitializeOnLoadMethodAttributes (102ms)
				AfterProcessingInitializeOnLoad (6ms)
				EditorAssembliesLoaded (0ms)
			ExecutionOrderSort2 (0ms)
			AwakeInstancesAfterBackupRestoration (5ms)
Platform modules already initialized, skipping
Refreshing native plugins compatible for Editor in 0.89 ms, found 2 plugins.
Preloading 0 native plugins for Editor in 0.00 ms.
Unloading 3110 Unused Serialized files (Serialized files now loaded: 0)
Unloading 51 unused Assets / (23.0 KB). Loaded Objects now: 3837.
Memory consumption went from 122.2 MB to 122.1 MB.
Total: 6.333300 ms (FindLiveObjects: 0.287200 ms CreateObjectMapping: 0.082000 ms MarkObjects: 5.925400 ms  DeleteObjects: 0.037500 ms)

AssetImportParameters requested are different than current active one (requested -> active):
  custom:video-decoder-ogg-theora: a1e56fd34408186e4bbccfd4996cb3dc -> 
  custom:container-muxer-webm: aa71ff27fc2769a1b78a27578f13a17b -> 
  custom:container-demuxer-webm: 4f35f7cbe854078d1ac9338744f61a02 -> 
  custom:video-encoder-webm-vp8: eb34c28f22e8b96e1ab97ce403110664 -> 
  custom:CustomObjectIndexerAttribute: bc11b3a6c3213fcdd17b65e7da85e133 -> 
  custom:audio-encoder-webm-vorbis: bf7c407c2cedff20999df2af8eb42d56 -> 
  custom:framework-win-MediaFoundation: 216162199b28c13a410421893ffa2e32 -> 
  custom:SearchIndexIgnoredProperties: e643bd26f0fe6173181afceb89e7c659 -> 
  custom:container-demuxer-ogg: 62fdf1f143b41e24485cea50d1cbac27 -> 
  custom:video-decoder-webm-vp8: 9c59270c3fd7afecdb556c50c9e8de78 -> 
  custom:audio-decoder-ogg-vorbis: bf7c407c2cedff20999df2af8eb42d56 -> 
========================================================================
Received Prepare
Refreshing native plugins compatible for Editor in 9.47 ms, found 2 plugins.
Preloading 0 native plugins for Editor in 0.00 ms.
Unloading 49 Unused Serialized files (Serialized files now loaded: 0)
Unloading 49 unused Assets / (23.0 KB). Loaded Objects now: 3837.
Memory consumption went from 60.0 MB to 60.0 MB.
Total: 6.971100 ms (FindLiveObjects: 0.279400 ms CreateObjectMapping: 0.089400 ms MarkObjects: 6.559300 ms  DeleteObjects: 0.042200 ms)

AssetImportParameters requested are different than current active one (requested -> active):
  custom:video-decoder-ogg-theora: a1e56fd34408186e4bbccfd4996cb3dc -> 
  custom:container-muxer-webm: aa71ff27fc2769a1b78a27578f13a17b -> 
  custom:container-demuxer-webm: 4f35f7cbe854078d1ac9338744f61a02 -> 
  custom:video-encoder-webm-vp8: eb34c28f22e8b96e1ab97ce403110664 -> 
  custom:CustomObjectIndexerAttribute: bc11b3a6c3213fcdd17b65e7da85e133 -> 
  custom:audio-encoder-webm-vorbis: bf7c407c2cedff20999df2af8eb42d56 -> 
  custom:framework-win-MediaFoundation: 216162199b28c13a410421893ffa2e32 -> 
  custom:SearchIndexIgnoredProperties: e643bd26f0fe6173181afceb89e7c659 -> 
  custom:container-demuxer-ogg: 62fdf1f143b41e24485cea50d1cbac27 -> 
  custom:video-decoder-webm-vp8: 9c59270c3fd7afecdb556c50c9e8de78 -> 
  custom:audio-decoder-ogg-vorbis: bf7c407c2cedff20999df2af8eb42d56 -> 
========================================================================
Received Prepare
Registering precompiled user dll's ...
Registered in 0.010311 seconds.
Begin MonoManager ReloadAssembly
Symbol file LoadedFromMemory is not a mono symbol file
Native extension for UWP target not found
Native extension for WindowsStandalone target not found
Native extension for Android target not found
Native extension for WebGL target not found
Refreshing native plugins compatible for Editor in 0.86 ms, found 2 plugins.
Preloading 0 native plugins for Editor in 0.00 ms.
[Package Manager] Server::EnsureServerProcessIsRunning -- launch failed, reason: Unity was launched with the -noUpm command-line argument
[Package Manager] Cannot connect to Unity Package Manager local server
Mono: successfully reloaded assembly
- Completed reload, in  1.735 seconds
Domain Reload Profiling:
	ReloadAssembly (1736ms)
		BeginReloadAssembly (195ms)
			ExecutionOrderSort (0ms)
			DisableScriptedObjects (7ms)
			BackupInstance (0ms)
			ReleaseScriptingObjects (0ms)
			CreateAndSetChildDomain (62ms)
		EndReloadAssembly (1430ms)
			LoadAssemblies (127ms)
			RebuildTransferFunctionScriptingTraits (0ms)
			SetupTypeCache (284ms)
			ReleaseScriptCaches (2ms)
			RebuildScriptCaches (52ms)
			SetupLoadedEditorAssemblies (926ms)
				LogAssemblyErrors (0ms)
				InitializePlatformSupportModulesInManaged (24ms)
				SetLoadedEditorAssemblies (0ms)
				RefreshPlugins (1ms)
				BeforeProcessingInitializeOnLoad (59ms)
				ProcessInitializeOnLoadAttributes (659ms)
				ProcessInitializeOnLoadMethodAttributes (174ms)
				AfterProcessingInitializeOnLoad (8ms)
				EditorAssembliesLoaded (0ms)
			ExecutionOrderSort2 (0ms)
			AwakeInstancesAfterBackupRestoration (8ms)
Platform modules already initialized, skipping
Refreshing native plugins compatible for Editor in 0.93 ms, found 2 plugins.
Preloading 0 native plugins for Editor in 0.00 ms.
Unloading 3110 Unused Serialized files (Serialized files now loaded: 0)
Unloading 51 unused Assets / (23.0 KB). Loaded Objects now: 3840.
Memory consumption went from 122.2 MB to 122.2 MB.
Total: 7.597100 ms (FindLiveObjects: 0.275300 ms CreateObjectMapping: 0.082200 ms MarkObjects: 7.196100 ms  DeleteObjects: 0.042300 ms)

AssetImportParameters requested are different than current active one (requested -> active):
  custom:video-decoder-ogg-theora: a1e56fd34408186e4bbccfd4996cb3dc -> 
  custom:container-muxer-webm: aa71ff27fc2769a1b78a27578f13a17b -> 
  custom:container-demuxer-webm: 4f35f7cbe854078d1ac9338744f61a02 -> 
  custom:video-encoder-webm-vp8: eb34c28f22e8b96e1ab97ce403110664 -> 
  custom:CustomObjectIndexerAttribute: bc11b3a6c3213fcdd17b65e7da85e133 -> 
  custom:audio-encoder-webm-vorbis: bf7c407c2cedff20999df2af8eb42d56 -> 
  custom:framework-win-MediaFoundation: 216162199b28c13a410421893ffa2e32 -> 
  custom:SearchIndexIgnoredProperties: e643bd26f0fe6173181afceb89e7c659 -> 
  custom:container-demuxer-ogg: 62fdf1f143b41e24485cea50d1cbac27 -> 
  custom:video-decoder-webm-vp8: 9c59270c3fd7afecdb556c50c9e8de78 -> 
  custom:audio-decoder-ogg-vorbis: bf7c407c2cedff20999df2af8eb42d56 -> 
========================================================================
Received Prepare
Refreshing native plugins compatible for Editor in 9.35 ms, found 2 plugins.
Preloading 0 native plugins for Editor in 0.00 ms.
Unloading 49 Unused Serialized files (Serialized files now loaded: 0)
Unloading 49 unused Assets / (23.0 KB). Loaded Objects now: 3840.
Memory consumption went from 60.1 MB to 60.0 MB.
Total: 6.538300 ms (FindLiveObjects: 0.261000 ms CreateObjectMapping: 0.078400 ms MarkObjects: 6.160400 ms  DeleteObjects: 0.037700 ms)

AssetImportParameters requested are different than current active one (requested -> active):
  custom:video-decoder-ogg-theora: a1e56fd34408186e4bbccfd4996cb3dc -> 
  custom:container-muxer-webm: aa71ff27fc2769a1b78a27578f13a17b -> 
  custom:container-demuxer-webm: 4f35f7cbe854078d1ac9338744f61a02 -> 
  custom:video-encoder-webm-vp8: eb34c28f22e8b96e1ab97ce403110664 -> 
  custom:CustomObjectIndexerAttribute: bc11b3a6c3213fcdd17b65e7da85e133 -> 
  custom:audio-encoder-webm-vorbis: bf7c407c2cedff20999df2af8eb42d56 -> 
  custom:framework-win-MediaFoundation: 216162199b28c13a410421893ffa2e32 -> 
  custom:SearchIndexIgnoredProperties: e643bd26f0fe6173181afceb89e7c659 -> 
  custom:container-demuxer-ogg: 62fdf1f143b41e24485cea50d1cbac27 -> 
  custom:video-decoder-webm-vp8: 9c59270c3fd7afecdb556c50c9e8de78 -> 
  custom:audio-decoder-ogg-vorbis: bf7c407c2cedff20999df2af8eb42d56 -> 
========================================================================
Received Prepare
Registering precompiled user dll's ...
Registered in 0.007013 seconds.
Begin MonoManager ReloadAssembly
Symbol file LoadedFromMemory is not a mono symbol file
Native extension for UWP target not found
Native extension for WindowsStandalone target not found
Native extension for Android target not found
Native extension for WebGL target not found
Refreshing native plugins compatible for Editor in 0.92 ms, found 2 plugins.
Preloading 0 native plugins for Editor in 0.00 ms.
[Package Manager] Server::EnsureServerProcessIsRunning -- launch failed, reason: Unity was launched with the -noUpm command-line argument
[Package Manager] Cannot connect to Unity Package Manager local server
Mono: successfully reloaded assembly
- Completed reload, in  1.286 seconds
Domain Reload Profiling:
	ReloadAssembly (1287ms)
		BeginReloadAssembly (139ms)
			ExecutionOrderSort (0ms)
			DisableScriptedObjects (5ms)
			BackupInstance (0ms)
			ReleaseScriptingObjects (0ms)
			CreateAndSetChildDomain (44ms)
		EndReloadAssembly (1067ms)
			LoadAssemblies (93ms)
			RebuildTransferFunctionScriptingTraits (0ms)
			SetupTypeCache (192ms)
			ReleaseScriptCaches (1ms)
			RebuildScriptCaches (32ms)
			SetupLoadedEditorAssemblies (718ms)
				LogAssemblyErrors (0ms)
				InitializePlatformSupportModulesInManaged (14ms)
				SetLoadedEditorAssemblies (0ms)
				RefreshPlugins (1ms)
				BeforeProcessingInitializeOnLoad (40ms)
				ProcessInitializeOnLoadAttributes (554ms)
				ProcessInitializeOnLoadMethodAttributes (103ms)
				AfterProcessingInitializeOnLoad (6ms)
				EditorAssembliesLoaded (0ms)
			ExecutionOrderSort2 (0ms)
			AwakeInstancesAfterBackupRestoration (6ms)
Platform modules already initialized, skipping
Refreshing native plugins compatible for Editor in 0.91 ms, found 2 plugins.
Preloading 0 native plugins for Editor in 0.00 ms.
Unloading 3111 Unused Serialized files (Serialized files now loaded: 0)
Unloading 51 unused Assets / (23.0 KB). Loaded Objects now: 3844.
Memory consumption went from 122.2 MB to 122.2 MB.
Total: 6.332100 ms (FindLiveObjects: 0.379100 ms CreateObjectMapping: 0.087000 ms MarkObjects: 5.823700 ms  DeleteObjects: 0.041300 ms)

AssetImportParameters requested are different than current active one (requested -> active):
  custom:video-decoder-ogg-theora: a1e56fd34408186e4bbccfd4996cb3dc -> 
  custom:container-muxer-webm: aa71ff27fc2769a1b78a27578f13a17b -> 
  custom:container-demuxer-webm: 4f35f7cbe854078d1ac9338744f61a02 -> 
  custom:video-encoder-webm-vp8: eb34c28f22e8b96e1ab97ce403110664 -> 
  custom:CustomObjectIndexerAttribute: bc11b3a6c3213fcdd17b65e7da85e133 -> 
  custom:audio-encoder-webm-vorbis: bf7c407c2cedff20999df2af8eb42d56 -> 
  custom:framework-win-MediaFoundation: 216162199b28c13a410421893ffa2e32 -> 
  custom:SearchIndexIgnoredProperties: e643bd26f0fe6173181afceb89e7c659 -> 
  custom:container-demuxer-ogg: 62fdf1f143b41e24485cea50d1cbac27 -> 
  custom:video-decoder-webm-vp8: 9c59270c3fd7afecdb556c50c9e8de78 -> 
  custom:audio-decoder-ogg-vorbis: bf7c407c2cedff20999df2af8eb42d56 -> 
========================================================================
Received Prepare
Refreshing native plugins compatible for Editor in 9.13 ms, found 2 plugins.
Preloading 0 native plugins for Editor in 0.00 ms.
Unloading 49 Unused Serialized files (Serialized files now loaded: 0)
Unloading 49 unused Assets / (23.0 KB). Loaded Objects now: 3844.
Memory consumption went from 60.1 MB to 60.1 MB.
Total: 6.225700 ms (FindLiveObjects: 0.265700 ms CreateObjectMapping: 0.080400 ms MarkObjects: 5.840600 ms  DeleteObjects: 0.038600 ms)

AssetImportParameters requested are different than current active one (requested -> active):
  custom:video-decoder-ogg-theora: a1e56fd34408186e4bbccfd4996cb3dc -> 
  custom:container-muxer-webm: aa71ff27fc2769a1b78a27578f13a17b -> 
  custom:container-demuxer-webm: 4f35f7cbe854078d1ac9338744f61a02 -> 
  custom:video-encoder-webm-vp8: eb34c28f22e8b96e1ab97ce403110664 -> 
  custom:CustomObjectIndexerAttribute: bc11b3a6c3213fcdd17b65e7da85e133 -> 
  custom:audio-encoder-webm-vorbis: bf7c407c2cedff20999df2af8eb42d56 -> 
  custom:framework-win-MediaFoundation: 216162199b28c13a410421893ffa2e32 -> 
  custom:SearchIndexIgnoredProperties: e643bd26f0fe6173181afceb89e7c659 -> 
  custom:container-demuxer-ogg: 62fdf1f143b41e24485cea50d1cbac27 -> 
  custom:video-decoder-webm-vp8: 9c59270c3fd7afecdb556c50c9e8de78 -> 
  custom:audio-decoder-ogg-vorbis: bf7c407c2cedff20999df2af8eb42d56 -> 
========================================================================
Received Prepare
Registering precompiled user dll's ...
Registered in 0.010671 seconds.
Begin MonoManager ReloadAssembly
Symbol file LoadedFromMemory is not a mono symbol file
Native extension for UWP target not found
Native extension for WindowsStandalone target not found
Native extension for Android target not found
Native extension for WebGL target not found
Refreshing native plugins compatible for Editor in 1.23 ms, found 2 plugins.
Preloading 0 native plugins for Editor in 0.00 ms.
[Package Manager] Server::EnsureServerProcessIsRunning -- launch failed, reason: Unity was launched with the -noUpm command-line argument
[Package Manager] Cannot connect to Unity Package Manager local server
Mono: successfully reloaded assembly
- Completed reload, in  1.684 seconds
Domain Reload Profiling:
	ReloadAssembly (1685ms)
		BeginReloadAssembly (169ms)
			ExecutionOrderSort (0ms)
			DisableScriptedObjects (5ms)
			BackupInstance (0ms)
			ReleaseScriptingObjects (0ms)
			CreateAndSetChildDomain (52ms)
		EndReloadAssembly (1398ms)
			LoadAssemblies (117ms)
			RebuildTransferFunctionScriptingTraits (0ms)
			SetupTypeCache (264ms)
			ReleaseScriptCaches (1ms)
			RebuildScriptCaches (49ms)
			SetupLoadedEditorAssemblies (923ms)
				LogAssemblyErrors (0ms)
				InitializePlatformSupportModulesInManaged (16ms)
				SetLoadedEditorAssemblies (1ms)
				RefreshPlugins (1ms)
				BeforeProcessingInitializeOnLoad (65ms)
				ProcessInitializeOnLoadAttributes (663ms)
				ProcessInitializeOnLoadMethodAttributes (166ms)
				AfterProcessingInitializeOnLoad (10ms)
				EditorAssembliesLoaded (0ms)
			ExecutionOrderSort2 (0ms)
			AwakeInstancesAfterBackupRestoration (9ms)
Platform modules already initialized, skipping
Refreshing native plugins compatible for Editor in 1.53 ms, found 2 plugins.
Preloading 0 native plugins for Editor in 0.00 ms.
Unloading 3111 Unused Serialized files (Serialized files now loaded: 0)
Unloading 51 unused Assets / (23.1 KB). Loaded Objects now: 3847.
Memory consumption went from 122.2 MB to 122.2 MB.
Total: 9.493000 ms (FindLiveObjects: 0.283600 ms CreateObjectMapping: 0.092400 ms MarkObjects: 9.066500 ms  DeleteObjects: 0.049100 ms)

AssetImportParameters requested are different than current active one (requested -> active):
  custom:video-decoder-ogg-theora: a1e56fd34408186e4bbccfd4996cb3dc -> 
  custom:container-muxer-webm: aa71ff27fc2769a1b78a27578f13a17b -> 
  custom:container-demuxer-webm: 4f35f7cbe854078d1ac9338744f61a02 -> 
  custom:video-encoder-webm-vp8: eb34c28f22e8b96e1ab97ce403110664 -> 
  custom:CustomObjectIndexerAttribute: bc11b3a6c3213fcdd17b65e7da85e133 -> 
  custom:audio-encoder-webm-vorbis: bf7c407c2cedff20999df2af8eb42d56 -> 
  custom:framework-win-MediaFoundation: 216162199b28c13a410421893ffa2e32 -> 
  custom:SearchIndexIgnoredProperties: e643bd26f0fe6173181afceb89e7c659 -> 
  custom:container-demuxer-ogg: 62fdf1f143b41e24485cea50d1cbac27 -> 
  custom:video-decoder-webm-vp8: 9c59270c3fd7afecdb556c50c9e8de78 -> 
  custom:audio-decoder-ogg-vorbis: bf7c407c2cedff20999df2af8eb42d56 -> 
========================================================================
Received Prepare
Refreshing native plugins compatible for Editor in 9.52 ms, found 2 plugins.
Preloading 0 native plugins for Editor in 0.00 ms.
Unloading 49 Unused Serialized files (Serialized files now loaded: 0)
Unloading 49 unused Assets / (23.1 KB). Loaded Objects now: 3847.
Memory consumption went from 60.1 MB to 60.1 MB.
Total: 6.474500 ms (FindLiveObjects: 0.275400 ms CreateObjectMapping: 0.085500 ms MarkObjects: 6.075600 ms  DeleteObjects: 0.037100 ms)

AssetImportParameters requested are different than current active one (requested -> active):
  custom:video-decoder-ogg-theora: a1e56fd34408186e4bbccfd4996cb3dc -> 
  custom:container-muxer-webm: aa71ff27fc2769a1b78a27578f13a17b -> 
  custom:container-demuxer-webm: 4f35f7cbe854078d1ac9338744f61a02 -> 
  custom:video-encoder-webm-vp8: eb34c28f22e8b96e1ab97ce403110664 -> 
  custom:CustomObjectIndexerAttribute: bc11b3a6c3213fcdd17b65e7da85e133 -> 
  custom:audio-encoder-webm-vorbis: bf7c407c2cedff20999df2af8eb42d56 -> 
  custom:framework-win-MediaFoundation: 216162199b28c13a410421893ffa2e32 -> 
  custom:SearchIndexIgnoredProperties: e643bd26f0fe6173181afceb89e7c659 -> 
  custom:container-demuxer-ogg: 62fdf1f143b41e24485cea50d1cbac27 -> 
  custom:video-decoder-webm-vp8: 9c59270c3fd7afecdb556c50c9e8de78 -> 
  custom:audio-decoder-ogg-vorbis: bf7c407c2cedff20999df2af8eb42d56 -> 
========================================================================
Received Prepare
Registering precompiled user dll's ...
Registered in 0.005615 seconds.
Begin MonoManager ReloadAssembly
Symbol file LoadedFromMemory is not a mono symbol file
Native extension for UWP target not found
Native extension for WindowsStandalone target not found
Native extension for Android target not found
Native extension for WebGL target not found
Refreshing native plugins compatible for Editor in 1.61 ms, found 2 plugins.
Preloading 0 native plugins for Editor in 0.00 ms.
[Package Manager] Server::EnsureServerProcessIsRunning -- launch failed, reason: Unity was launched with the -noUpm command-line argument
[Package Manager] Cannot connect to Unity Package Manager local server
Mono: successfully reloaded assembly
- Completed reload, in  1.727 seconds
Domain Reload Profiling:
	ReloadAssembly (1728ms)
		BeginReloadAssembly (187ms)
			ExecutionOrderSort (0ms)
			DisableScriptedObjects (7ms)
			BackupInstance (0ms)
			ReleaseScriptingObjects (0ms)
			CreateAndSetChildDomain (57ms)
		EndReloadAssembly (1420ms)
			LoadAssemblies (122ms)
			RebuildTransferFunctionScriptingTraits (0ms)
			SetupTypeCache (270ms)
			ReleaseScriptCaches (2ms)
			RebuildScriptCaches (50ms)
			SetupLoadedEditorAssemblies (931ms)
				LogAssemblyErrors (0ms)
				InitializePlatformSupportModulesInManaged (22ms)
				SetLoadedEditorAssemblies (1ms)
				RefreshPlugins (2ms)
				BeforeProcessingInitializeOnLoad (67ms)
				ProcessInitializeOnLoadAttributes (661ms)
				ProcessInitializeOnLoadMethodAttributes (168ms)
				AfterProcessingInitializeOnLoad (10ms)
				EditorAssembliesLoaded (0ms)
			ExecutionOrderSort2 (0ms)
			AwakeInstancesAfterBackupRestoration (9ms)
Platform modules already initialized, skipping
Refreshing native plugins compatible for Editor in 0.92 ms, found 2 plugins.
Preloading 0 native plugins for Editor in 0.00 ms.
Unloading 3111 Unused Serialized files (Serialized files now loaded: 0)
Unloading 51 unused Assets / (23.0 KB). Loaded Objects now: 3850.
Memory consumption went from 122.3 MB to 122.2 MB.
Total: 6.952000 ms (FindLiveObjects: 0.283200 ms CreateObjectMapping: 0.095400 ms MarkObjects: 6.529000 ms  DeleteObjects: 0.042800 ms)

AssetImportParameters requested are different than current active one (requested -> active):
  custom:video-decoder-ogg-theora: a1e56fd34408186e4bbccfd4996cb3dc -> 
  custom:container-muxer-webm: aa71ff27fc2769a1b78a27578f13a17b -> 
  custom:container-demuxer-webm: 4f35f7cbe854078d1ac9338744f61a02 -> 
  custom:video-encoder-webm-vp8: eb34c28f22e8b96e1ab97ce403110664 -> 
  custom:CustomObjectIndexerAttribute: bc11b3a6c3213fcdd17b65e7da85e133 -> 
  custom:audio-encoder-webm-vorbis: bf7c407c2cedff20999df2af8eb42d56 -> 
  custom:framework-win-MediaFoundation: 216162199b28c13a410421893ffa2e32 -> 
  custom:SearchIndexIgnoredProperties: e643bd26f0fe6173181afceb89e7c659 -> 
  custom:container-demuxer-ogg: 62fdf1f143b41e24485cea50d1cbac27 -> 
  custom:video-decoder-webm-vp8: 9c59270c3fd7afecdb556c50c9e8de78 -> 
  custom:audio-decoder-ogg-vorbis: bf7c407c2cedff20999df2af8eb42d56 -> 
========================================================================
Received Prepare
Refreshing native plugins compatible for Editor in 9.69 ms, found 2 plugins.
Preloading 0 native plugins for Editor in 0.00 ms.
Unloading 49 Unused Serialized files (Serialized files now loaded: 0)
Unloading 49 unused Assets / (23.0 KB). Loaded Objects now: 3850.
Memory consumption went from 60.1 MB to 60.1 MB.
Total: 7.076200 ms (FindLiveObjects: 0.288300 ms CreateObjectMapping: 0.106100 ms MarkObjects: 6.636000 ms  DeleteObjects: 0.045000 ms)

AssetImportParameters requested are different than current active one (requested -> active):
  custom:video-decoder-ogg-theora: a1e56fd34408186e4bbccfd4996cb3dc -> 
  custom:container-muxer-webm: aa71ff27fc2769a1b78a27578f13a17b -> 
  custom:container-demuxer-webm: 4f35f7cbe854078d1ac9338744f61a02 -> 
  custom:video-encoder-webm-vp8: eb34c28f22e8b96e1ab97ce403110664 -> 
  custom:CustomObjectIndexerAttribute: bc11b3a6c3213fcdd17b65e7da85e133 -> 
  custom:audio-encoder-webm-vorbis: bf7c407c2cedff20999df2af8eb42d56 -> 
  custom:framework-win-MediaFoundation: 216162199b28c13a410421893ffa2e32 -> 
  custom:SearchIndexIgnoredProperties: e643bd26f0fe6173181afceb89e7c659 -> 
  custom:container-demuxer-ogg: 62fdf1f143b41e24485cea50d1cbac27 -> 
  custom:video-decoder-webm-vp8: 9c59270c3fd7afecdb556c50c9e8de78 -> 
  custom:audio-decoder-ogg-vorbis: bf7c407c2cedff20999df2af8eb42d56 -> 
========================================================================
Received Prepare
Registering precompiled user dll's ...
Registered in 0.006352 seconds.
Begin MonoManager ReloadAssembly
Symbol file LoadedFromMemory is not a mono symbol file
Native extension for UWP target not found
Native extension for WindowsStandalone target not found
Native extension for Android target not found
Native extension for WebGL target not found
Refreshing native plugins compatible for Editor in 0.93 ms, found 2 plugins.
Preloading 0 native plugins for Editor in 0.00 ms.
[Package Manager] Server::EnsureServerProcessIsRunning -- launch failed, reason: Unity was launched with the -noUpm command-line argument
[Package Manager] Cannot connect to Unity Package Manager local server
Mono: successfully reloaded assembly
- Completed reload, in  1.358 seconds
Domain Reload Profiling:
	ReloadAssembly (1359ms)
		BeginReloadAssembly (137ms)
			ExecutionOrderSort (0ms)
			DisableScriptedObjects (5ms)
			BackupInstance (0ms)
			ReleaseScriptingObjects (0ms)
			CreateAndSetChildDomain (44ms)
		EndReloadAssembly (1137ms)
			LoadAssemblies (92ms)
			RebuildTransferFunctionScriptingTraits (0ms)
			SetupTypeCache (194ms)
			ReleaseScriptCaches (1ms)
			RebuildScriptCaches (34ms)
			SetupLoadedEditorAssemblies (770ms)
				LogAssemblyErrors (0ms)
				InitializePlatformSupportModulesInManaged (14ms)
				SetLoadedEditorAssemblies (0ms)
				RefreshPlugins (1ms)
				BeforeProcessingInitializeOnLoad (42ms)
				ProcessInitializeOnLoadAttributes (565ms)
				ProcessInitializeOnLoadMethodAttributes (139ms)
				AfterProcessingInitializeOnLoad (8ms)
				EditorAssembliesLoaded (0ms)
			ExecutionOrderSort2 (0ms)
			AwakeInstancesAfterBackupRestoration (9ms)
Platform modules already initialized, skipping
Refreshing native plugins compatible for Editor in 0.91 ms, found 2 plugins.
Preloading 0 native plugins for Editor in 0.00 ms.
Unloading 3111 Unused Serialized files (Serialized files now loaded: 0)
Unloading 51 unused Assets / (23.0 KB). Loaded Objects now: 3853.
Memory consumption went from 122.3 MB to 122.3 MB.
Total: 6.655700 ms (FindLiveObjects: 0.319100 ms CreateObjectMapping: 0.086500 ms MarkObjects: 6.211700 ms  DeleteObjects: 0.037400 ms)

AssetImportParameters requested are different than current active one (requested -> active):
  custom:video-decoder-ogg-theora: a1e56fd34408186e4bbccfd4996cb3dc -> 
  custom:container-muxer-webm: aa71ff27fc2769a1b78a27578f13a17b -> 
  custom:container-demuxer-webm: 4f35f7cbe854078d1ac9338744f61a02 -> 
  custom:video-encoder-webm-vp8: eb34c28f22e8b96e1ab97ce403110664 -> 
  custom:CustomObjectIndexerAttribute: bc11b3a6c3213fcdd17b65e7da85e133 -> 
  custom:audio-encoder-webm-vorbis: bf7c407c2cedff20999df2af8eb42d56 -> 
  custom:framework-win-MediaFoundation: 216162199b28c13a410421893ffa2e32 -> 
  custom:SearchIndexIgnoredProperties: e643bd26f0fe6173181afceb89e7c659 -> 
  custom:container-demuxer-ogg: 62fdf1f143b41e24485cea50d1cbac27 -> 
  custom:video-decoder-webm-vp8: 9c59270c3fd7afecdb556c50c9e8de78 -> 
  custom:audio-decoder-ogg-vorbis: bf7c407c2cedff20999df2af8eb42d56 -> 
========================================================================
Received Prepare
Refreshing native plugins compatible for Editor in 9.42 ms, found 2 plugins.
Preloading 0 native plugins for Editor in 0.00 ms.
Unloading 49 Unused Serialized files (Serialized files now loaded: 0)
Unloading 49 unused Assets / (23.0 KB). Loaded Objects now: 3853.
Memory consumption went from 60.1 MB to 60.1 MB.
Total: 6.845600 ms (FindLiveObjects: 0.283600 ms CreateObjectMapping: 0.094500 ms MarkObjects: 6.418900 ms  DeleteObjects: 0.047700 ms)

AssetImportParameters requested are different than current active one (requested -> active):
  custom:video-decoder-ogg-theora: a1e56fd34408186e4bbccfd4996cb3dc -> 
  custom:container-muxer-webm: aa71ff27fc2769a1b78a27578f13a17b -> 
  custom:container-demuxer-webm: 4f35f7cbe854078d1ac9338744f61a02 -> 
  custom:video-encoder-webm-vp8: eb34c28f22e8b96e1ab97ce403110664 -> 
  custom:CustomObjectIndexerAttribute: bc11b3a6c3213fcdd17b65e7da85e133 -> 
  custom:audio-encoder-webm-vorbis: bf7c407c2cedff20999df2af8eb42d56 -> 
  custom:framework-win-MediaFoundation: 216162199b28c13a410421893ffa2e32 -> 
  custom:SearchIndexIgnoredProperties: e643bd26f0fe6173181afceb89e7c659 -> 
  custom:container-demuxer-ogg: 62fdf1f143b41e24485cea50d1cbac27 -> 
  custom:video-decoder-webm-vp8: 9c59270c3fd7afecdb556c50c9e8de78 -> 
  custom:audio-decoder-ogg-vorbis: bf7c407c2cedff20999df2af8eb42d56 -> 
