Using pre-set license
Built from '2021.3/respin/2021.3.45f2-0da89fac8e' branch; Version is '2021.3.45f2 (88f88f591b2e) revision 8976527'; Using compiler version '192829333'; Build Type 'Release'
OS: 'Windows 11  (10.0.26300) 64bit Professional' Language: 'fr' Physical Memory: 32635 MB
BatchMode: 1, IsHumanControllingUs: 0, StartBugReporterOnCrash: 0, Is64bit: 1, IsPro: 1

COMMAND LINE ARGUMENTS:
C:\Program Files\Unity\Hub\Editor\2021.3.45f2\Editor\Unity.exe
-adb2
-batchMode
-noUpm
-name
AssetImportWorker3
-projectPath
C:/Servers/Sources/Universe2D
-logFile
Logs/AssetImportWorker3.log
-srvPort
56430
Successfully changed project path to: C:/Servers/Sources/Universe2D
C:/Servers/Sources/Universe2D
[UnityMemory] Configuration Parameters - Can be set up in boot.config
    "memorysetup-bucket-allocator-granularity=16"
    "memorysetup-bucket-allocator-bucket-count=8"
    "memorysetup-bucket-allocator-block-size=33554432"
    "memorysetup-bucket-allocator-block-count=8"
    "memorysetup-main-allocator-block-size=16777216"
    "memorysetup-thread-allocator-block-size=16777216"
    "memorysetup-gfx-main-allocator-block-size=16777216"
    "memorysetup-gfx-thread-allocator-block-size=16777216"
    "memorysetup-cache-allocator-block-size=4194304"
    "memorysetup-typetree-allocator-block-size=2097152"
    "memorysetup-profiler-bucket-allocator-granularity=16"
    "memorysetup-profiler-bucket-allocator-bucket-count=8"
    "memorysetup-profiler-bucket-allocator-block-size=33554432"
    "memorysetup-profiler-bucket-allocator-block-count=8"
    "memorysetup-profiler-allocator-block-size=16777216"
    "memorysetup-profiler-editor-allocator-block-size=1048576"
    "memorysetup-temp-allocator-size-main=16777216"
    "memorysetup-job-temp-allocator-block-size=2097152"
    "memorysetup-job-temp-allocator-block-size-background=1048576"
    "memorysetup-job-temp-allocator-reduction-small-platforms=262144"
    "memorysetup-temp-allocator-size-background-worker=32768"
    "memorysetup-temp-allocator-size-job-worker=262144"
    "memorysetup-temp-allocator-size-preload-manager=33554432"
    "memorysetup-temp-allocator-size-nav-mesh-worker=65536"
    "memorysetup-temp-allocator-size-audio-worker=65536"
    "memorysetup-temp-allocator-size-cloud-worker=32768"
    "memorysetup-temp-allocator-size-gi-baking-worker=262144"
    "memorysetup-temp-allocator-size-gfx=262144"
Player connection [43172] Host "[IP] 192.168.42.100 [Port] 0 [Flags] 2 [Guid] 919963673 [EditorId] 919963673 [Version] 1048832 [Id] WindowsEditor(7,DESKTOP-R30U5VV) [Debug] 1 [PackageName] WindowsEditor [ProjectName] Editor" joined multi-casting on [225.0.0.222:54997]...

Player connection [43172] Host "[IP] 192.168.42.100 [Port] 0 [Flags] 2 [Guid] 919963673 [EditorId] 919963673 [Version] 1048832 [Id] WindowsEditor(7,DESKTOP-R30U5VV) [Debug] 1 [PackageName] WindowsEditor [ProjectName] Editor" joined alternative multi-casting on [225.0.0.222:34997]...

[Physics::Module] Initialized MultithreadedJobDispatcher with {0} workers.
Refreshing native plugins compatible for Editor in 53.18 ms, found 2 plugins.
Preloading 0 native plugins for Editor in 0.00 ms.
Initialize engine version: 2021.3.45f2 (88f88f591b2e)
[Subsystems] Discovering subsystems at path C:/Program Files/Unity/Hub/Editor/2021.3.45f2/Editor/Data/Resources/UnitySubsystems
[Subsystems] Discovering subsystems at path C:/Servers/Sources/Universe2D/Assets
GfxDevice: creating device client; threaded=0; jobified=0
Direct3D:
    Version:  Direct3D 11.0 [level 11.1]
    Renderer: AMD Radeon RX 7600 (ID=0x7480)
    Vendor:   ATI
    VRAM:     8150 MB
    Driver:   32.0.31041.1004
Initialize mono
Mono path[0] = 'C:/Program Files/Unity/Hub/Editor/2021.3.45f2/Editor/Data/Managed'
Mono path[1] = 'C:/Program Files/Unity/Hub/Editor/2021.3.45f2/Editor/Data/MonoBleedingEdge/lib/mono/unityjit-win32'
Mono config path = 'C:/Program Files/Unity/Hub/Editor/2021.3.45f2/Editor/Data/MonoBleedingEdge/etc'
Using monoOptions --debugger-agent=transport=dt_socket,embedding=1,server=y,suspend=n,address=127.0.0.1:56908
Begin MonoManager ReloadAssembly
Registering precompiled unity dll's ...
Register platform support module: C:/Program Files/Unity/Hub/Editor/2021.3.45f2/Editor/Data/PlaybackEngines/WebGLSupport/UnityEditor.WebGL.Extensions.dll
Register platform support module: C:/Program Files/Unity/Hub/Editor/2021.3.45f2/Editor/Data/PlaybackEngines/AndroidPlayer/UnityEditor.Android.Extensions.dll
Register platform support module: C:/Program Files/Unity/Hub/Editor/2021.3.45f2/Editor/Data/PlaybackEngines/WindowsStandaloneSupport/UnityEditor.WindowsStandalone.Extensions.dll
Register platform support module: C:/Program Files/Unity/Hub/Editor/2021.3.45f2/Editor/Data/PlaybackEngines/MetroSupport/UnityEditor.UWP.Extensions.dll
Registered in 0.006348 seconds.
Native extension for UWP target not found
Native extension for WindowsStandalone target not found
Native extension for Android target not found
Android Extension - Scanning For ADB Devices 343 ms
Native extension for WebGL target not found
Refreshing native plugins compatible for Editor in 33.74 ms, found 2 plugins.
Preloading 0 native plugins for Editor in 0.00 ms.
Mono: successfully reloaded assembly
- Completed reload, in  0.927 seconds
Domain Reload Profiling:
	ReloadAssembly (927ms)
		BeginReloadAssembly (103ms)
			ExecutionOrderSort (0ms)
			DisableScriptedObjects (0ms)
			BackupInstance (0ms)
			ReleaseScriptingObjects (0ms)
			CreateAndSetChildDomain (1ms)
		EndReloadAssembly (726ms)
			LoadAssemblies (102ms)
			RebuildTransferFunctionScriptingTraits (0ms)
			SetupTypeCache (90ms)
			ReleaseScriptCaches (0ms)
			RebuildScriptCaches (22ms)
			SetupLoadedEditorAssemblies (578ms)
				LogAssemblyErrors (0ms)
				InitializePlatformSupportModulesInManaged (420ms)
				SetLoadedEditorAssemblies (0ms)
				RefreshPlugins (34ms)
				BeforeProcessingInitializeOnLoad (1ms)
				ProcessInitializeOnLoadAttributes (80ms)
				ProcessInitializeOnLoadMethodAttributes (42ms)
				AfterProcessingInitializeOnLoad (0ms)
				EditorAssembliesLoaded (0ms)
			ExecutionOrderSort2 (0ms)
			AwakeInstancesAfterBackupRestoration (0ms)
Platform modules already initialized, skipping
Registering precompiled user dll's ...
Registered in 0.007549 seconds.
Begin MonoManager ReloadAssembly
Symbol file LoadedFromMemory is not a mono symbol file
Native extension for UWP target not found
Native extension for WindowsStandalone target not found
Native extension for Android target not found
Native extension for WebGL target not found
Refreshing native plugins compatible for Editor in 0.88 ms, found 2 plugins.
Preloading 0 native plugins for Editor in 0.00 ms.
Package Manager log level set to [2]
[Package Manager] Server::EnsureServerProcessIsRunning -- launch failed, reason: Unity was launched with the -noUpm command-line argument
[Package Manager] Cannot connect to Unity Package Manager local server
Mirror | mirror-networking.com | discord.gg/N9QVxbM
Mono: successfully reloaded assembly
- Completed reload, in  1.504 seconds
Domain Reload Profiling:
	ReloadAssembly (1505ms)
		BeginReloadAssembly (164ms)
			ExecutionOrderSort (0ms)
			DisableScriptedObjects (6ms)
			BackupInstance (0ms)
			ReleaseScriptingObjects (0ms)
			CreateAndSetChildDomain (29ms)
		EndReloadAssembly (1211ms)
			LoadAssemblies (150ms)
			RebuildTransferFunctionScriptingTraits (0ms)
			SetupTypeCache (238ms)
			ReleaseScriptCaches (1ms)
			RebuildScriptCaches (50ms)
			SetupLoadedEditorAssemblies (778ms)
				LogAssemblyErrors (0ms)
				InitializePlatformSupportModulesInManaged (14ms)
				SetLoadedEditorAssemblies (0ms)
				RefreshPlugins (1ms)
				BeforeProcessingInitializeOnLoad (48ms)
				ProcessInitializeOnLoadAttributes (602ms)
				ProcessInitializeOnLoadMethodAttributes (106ms)
				AfterProcessingInitializeOnLoad (6ms)
				EditorAssembliesLoaded (0ms)
			ExecutionOrderSort2 (0ms)
			AwakeInstancesAfterBackupRestoration (5ms)
Platform modules already initialized, skipping
========================================================================
Worker process is ready to serve import requests
Launched and connected shader compiler UnityShaderCompiler.exe after 0.05 seconds
Refreshing native plugins compatible for Editor in 1.20 ms, found 2 plugins.
Preloading 0 native plugins for Editor in 0.00 ms.
Unloading 3124 Unused Serialized files (Serialized files now loaded: 0)
Unloading 60 unused Assets / (48.1 KB). Loaded Objects now: 3569.
Memory consumption went from 117.0 MB to 116.9 MB.
Total: 8.993500 ms (FindLiveObjects: 0.350400 ms CreateObjectMapping: 0.169500 ms MarkObjects: 8.314400 ms  DeleteObjects: 0.157600 ms)

AssetImportParameters requested are different than current active one (requested -> active):
  custom:video-decoder-ogg-theora: a1e56fd34408186e4bbccfd4996cb3dc -> 
  custom:container-muxer-webm: aa71ff27fc2769a1b78a27578f13a17b -> 
  custom:container-demuxer-webm: 4f35f7cbe854078d1ac9338744f61a02 -> 
  custom:video-encoder-webm-vp8: eb34c28f22e8b96e1ab97ce403110664 -> 
  custom:CustomObjectIndexerAttribute: bc11b3a6c3213fcdd17b65e7da85e133 -> 
  custom:audio-encoder-webm-vorbis: bf7c407c2cedff20999df2af8eb42d56 -> 
  custom:framework-win-MediaFoundation: 216162199b28c13a410421893ffa2e32 -> 
  custom:SearchIndexIgnoredProperties: e643bd26f0fe6173181afceb89e7c659 -> 
  custom:container-demuxer-ogg: 62fdf1f143b41e24485cea50d1cbac27 -> 
  custom:video-decoder-webm-vp8: 9c59270c3fd7afecdb556c50c9e8de78 -> 
  custom:audio-decoder-ogg-vorbis: bf7c407c2cedff20999df2af8eb42d56 -> 
========================================================================
Received Import Request.
  Time since last request: 110458.056452 seconds.
  path: Assets/Mirror/Core/NetworkServer.cs
  artifactKey: Guid(a5f5ec068f5604c32b160bc49ee97b75) Importer(2089858483,0ecaa5967403d082aa24f35e1b516d23)
Number of updated assets reloaded before import = 0
Start importing Assets/Mirror/Core/NetworkServer.cs using Guid(a5f5ec068f5604c32b160bc49ee97b75) Importer(2089858483,0ecaa5967403d082aa24f35e1b516d23)  -> (artifact id: 'abd8581ac1d6e448712593ebd4f68a6b') in 0.136870 seconds 
Number of asset objects unloaded after import = 1
========================================================================
Received Import Request.
  Time since last request: 0.000033 seconds.
  path: Assets/Prefabs/Items/Shoulders.asset
  artifactKey: Guid(7a15d336e46d3b44f8cd7ba4d00fb18c) Importer(2089858483,0ecaa5967403d082aa24f35e1b516d23)
Number of updated assets reloaded before import = 0
Start importing Assets/Prefabs/Items/Shoulders.asset using Guid(7a15d336e46d3b44f8cd7ba4d00fb18c) Importer(2089858483,0ecaa5967403d082aa24f35e1b516d23)  -> (artifact id: '5982b94a8c070f32b7ca89aff5705032') in 0.037070 seconds 
Number of asset objects unloaded after import = 15
========================================================================
Received Import Request.
  Time since last request: 0.000030 seconds.
  path: Assets/Mirror/Core/NetworkReaderPool.cs
  artifactKey: Guid(2bacff63613ad634a98f9e4d15d29dbf) Importer(2089858483,0ecaa5967403d082aa24f35e1b516d23)
Number of updated assets reloaded before import = 0
Start importing Assets/Mirror/Core/NetworkReaderPool.cs using Guid(2bacff63613ad634a98f9e4d15d29dbf) Importer(2089858483,0ecaa5967403d082aa24f35e1b516d23)  -> (artifact id: 'cc5d2964601bc1c95fe986525e618b3e') in 0.012780 seconds 
Number of asset objects unloaded after import = 1
========================================================================
Received Import Request.
  Time since last request: 0.000037 seconds.
  path: Assets/Mirror/Core/NetworkTime.cs
  artifactKey: Guid(09a0c241fc4a5496dbf4a0ab6e9a312c) Importer(2089858483,0ecaa5967403d082aa24f35e1b516d23)
Number of updated assets reloaded before import = 0
Start importing Assets/Mirror/Core/NetworkTime.cs using Guid(09a0c241fc4a5496dbf4a0ab6e9a312c) Importer(2089858483,0ecaa5967403d082aa24f35e1b516d23)  -> (artifact id: '7d968788a2a6fc7d2b0e476a733e7a94') in 0.014706 seconds 
Number of asset objects unloaded after import = 1
========================================================================
Received Import Request.
  Time since last request: 0.000022 seconds.
  path: Assets/Mirror/Editor/NetworkInformationPreview.cs
  artifactKey: Guid(51a99294efe134232932c34606737356) Importer(2089858483,0ecaa5967403d082aa24f35e1b516d23)
Number of updated assets reloaded before import = 0
Start importing Assets/Mirror/Editor/NetworkInformationPreview.cs using Guid(51a99294efe134232932c34606737356) Importer(2089858483,0ecaa5967403d082aa24f35e1b516d23)  -> (artifact id: 'fe80fe6531234618de28c932518c6f7e') in 0.011656 seconds 
Number of asset objects unloaded after import = 0
========================================================================
Received Import Request.
  Time since last request: 0.000060 seconds.
  path: Assets/Scripts/Dialogue/DialogueWindow.cs
  artifactKey: Guid(4ed0b42bc93574f4eac3cb13a86f758f) Importer(2089858483,0ecaa5967403d082aa24f35e1b516d23)
Number of updated assets reloaded before import = 0
Start importing Assets/Scripts/Dialogue/DialogueWindow.cs using Guid(4ed0b42bc93574f4eac3cb13a86f758f) Importer(2089858483,0ecaa5967403d082aa24f35e1b516d23)  -> (artifact id: '090429bfafdb13ed9de81de0c526c61f') in 0.011660 seconds 
Number of asset objects unloaded after import = 0
========================================================================
Received Import Request.
  Time since last request: 0.000026 seconds.
  path: Assets/Mirror/Core/NetworkLoop.cs
  artifactKey: Guid(2c6cec4e279774b919386e05545317b8) Importer(2089858483,0ecaa5967403d082aa24f35e1b516d23)
Number of updated assets reloaded before import = 0
Start importing Assets/Mirror/Core/NetworkLoop.cs using Guid(2c6cec4e279774b919386e05545317b8) Importer(2089858483,0ecaa5967403d082aa24f35e1b516d23)  -> (artifact id: 'eb9c62ed20d8e9c3e8e9bdbb9a5a9c6b') in 0.013773 seconds 
Number of asset objects unloaded after import = 1
========================================================================
Received Import Request.
  Time since last request: 0.000030 seconds.
  path: Assets/Scripts/Inventory/InventoryScript.cs
  artifactKey: Guid(2780899e3a40df440b51122be14c3583) Importer(2089858483,0ecaa5967403d082aa24f35e1b516d23)
Number of updated assets reloaded before import = 0
Start importing Assets/Scripts/Inventory/InventoryScript.cs using Guid(2780899e3a40df440b51122be14c3583) Importer(2089858483,0ecaa5967403d082aa24f35e1b516d23)  -> (artifact id: '774ded1819a491a7fe2dd6ea65a6ad65') in 0.011175 seconds 
Number of asset objects unloaded after import = 0
========================================================================
Received Import Request.
  Time since last request: 0.000018 seconds.
  path: Assets/Scripts/Interfaces/IMoveable.cs
  artifactKey: Guid(451c53b2ceb6eb84bb038e7450fbaa7e) Importer(2089858483,0ecaa5967403d082aa24f35e1b516d23)
Number of updated assets reloaded before import = 0
Start importing Assets/Scripts/Interfaces/IMoveable.cs using Guid(451c53b2ceb6eb84bb038e7450fbaa7e) Importer(2089858483,0ecaa5967403d082aa24f35e1b516d23)  -> (artifact id: '7127cdf59f25939cc812502751734fcd') in 0.012074 seconds 
Number of asset objects unloaded after import = 0
========================================================================
Received Import Request.
  Time since last request: 0.000023 seconds.
  path: Assets/Scripts/Debuffs/Debuff.cs
  artifactKey: Guid(1a393ef8175cf474c8200e125a95417e) Importer(2089858483,0ecaa5967403d082aa24f35e1b516d23)
Number of updated assets reloaded before import = 0
Start importing Assets/Scripts/Debuffs/Debuff.cs using Guid(1a393ef8175cf474c8200e125a95417e) Importer(2089858483,0ecaa5967403d082aa24f35e1b516d23)  -> (artifact id: '5fcd776fc3d729a7cb4c037b884b78d1') in 0.018471 seconds 
Number of asset objects unloaded after import = 0
========================================================================
Received Import Request.
  Time since last request: 0.000022 seconds.
  path: Assets/Mirror/Editor/NetworkScenePostProcess.cs
  artifactKey: Guid(a3ec1c414d821444a9e77f18a2c130ea) Importer(2089858483,0ecaa5967403d082aa24f35e1b516d23)
Number of updated assets reloaded before import = 0
Start importing Assets/Mirror/Editor/NetworkScenePostProcess.cs using Guid(a3ec1c414d821444a9e77f18a2c130ea) Importer(2089858483,0ecaa5967403d082aa24f35e1b516d23)  -> (artifact id: '5463e2ecd587cc06c774caeceac445e6') in 0.014035 seconds 
Number of asset objects unloaded after import = 0
========================================================================
Received Import Request.
  Time since last request: 0.000019 seconds.
  path: Assets/Scripts/Debuffs/PermafrostDebuff.cs
  artifactKey: Guid(91911da14dce793409a05e2e643515fe) Importer(2089858483,0ecaa5967403d082aa24f35e1b516d23)
Number of updated assets reloaded before import = 0
Start importing Assets/Scripts/Debuffs/PermafrostDebuff.cs using Guid(91911da14dce793409a05e2e643515fe) Importer(2089858483,0ecaa5967403d082aa24f35e1b516d23)  -> (artifact id: '520c05defba3328b46ade971daf16a6e') in 0.013240 seconds 
Number of asset objects unloaded after import = 0
========================================================================
Received Import Request.
  Time since last request: 0.000056 seconds.
  path: Assets/Scripts/CharacterRelated/Player.cs
  artifactKey: Guid(c8c88f221f6859b4896c2e4e31d3ebc4) Importer(2089858483,0ecaa5967403d082aa24f35e1b516d23)
Number of updated assets reloaded before import = 0
Start importing Assets/Scripts/CharacterRelated/Player.cs using Guid(c8c88f221f6859b4896c2e4e31d3ebc4) Importer(2089858483,0ecaa5967403d082aa24f35e1b516d23)  -> (artifact id: '508cf8bc7deb16a5188ef4a27b8add3a') in 0.013307 seconds 
Number of asset objects unloaded after import = 0
========================================================================
Received Import Request.
  Time since last request: 0.000026 seconds.
  path: Assets/Mirror/Core/Transport.cs
  artifactKey: Guid(cfffcac25d6d64ced9de620159e221b8) Importer(2089858483,0ecaa5967403d082aa24f35e1b516d23)
Number of updated assets reloaded before import = 0
Start importing Assets/Mirror/Core/Transport.cs using Guid(cfffcac25d6d64ced9de620159e221b8) Importer(2089858483,0ecaa5967403d082aa24f35e1b516d23)  -> (artifact id: '53b429837c2c94838a793726f5b64330') in 0.011948 seconds 
Number of asset objects unloaded after import = 1
========================================================================
Received Import Request.
  Time since last request: 0.000023 seconds.
  path: Assets/Prefabs/Enviroment/sand_tile.prefab
  artifactKey: Guid(7cf4062af552d0a4f8c8abfaab6e1a85) Importer(2089858483,0ecaa5967403d082aa24f35e1b516d23)
Number of updated assets reloaded before import = 0
Start importing Assets/Prefabs/Enviroment/sand_tile.prefab using Guid(7cf4062af552d0a4f8c8abfaab6e1a85) Importer(2089858483,0ecaa5967403d082aa24f35e1b516d23)  -> (artifact id: 'fc6c1aa4899f82ba94ba2df6d2b22953') in 0.035912 seconds 
Number of asset objects unloaded after import = 7
========================================================================
Received Import Request.
  Time since last request: 0.000054 seconds.
  path: Assets/Prefabs/Inventory/Slot.prefab
  artifactKey: Guid(06b2fc2b31e37944da4ddf23a7e94326) Importer(2089858483,0ecaa5967403d082aa24f35e1b516d23)
Number of updated assets reloaded before import = 0
Start importing Assets/Prefabs/Inventory/Slot.prefab using Guid(06b2fc2b31e37944da4ddf23a7e94326) Importer(2089858483,0ecaa5967403d082aa24f35e1b516d23)  -> (artifact id: 'e5a5595b9b03c15693b676db0b6eb724') in 0.039118 seconds 
Number of asset objects unloaded after import = 23
========================================================================
Received Import Request.
  Time since last request: 0.000044 seconds.
  path: Assets/Mirror/Editor/SceneDrawer.cs
  artifactKey: Guid(b24704a46211b4ea294aba8f58715cea) Importer(2089858483,0ecaa5967403d082aa24f35e1b516d23)
Number of updated assets reloaded before import = 0
Start importing Assets/Mirror/Editor/SceneDrawer.cs using Guid(b24704a46211b4ea294aba8f58715cea) Importer(2089858483,0ecaa5967403d082aa24f35e1b516d23)  -> (artifact id: '0f21ec0b5428069e69caf2988389aa75') in 0.011296 seconds 
Number of asset objects unloaded after import = 0
========================================================================
Received Import Request.
  Time since last request: 0.000036 seconds.
  path: Assets/Scripts/Buttons/ActionButton.cs
  artifactKey: Guid(15004c2da3ee3c149860a37831eb6678) Importer(2089858483,0ecaa5967403d082aa24f35e1b516d23)
Number of updated assets reloaded before import = 0
Start importing Assets/Scripts/Buttons/ActionButton.cs using Guid(15004c2da3ee3c149860a37831eb6678) Importer(2089858483,0ecaa5967403d082aa24f35e1b516d23)  -> (artifact id: 'da9e6f0e9f4129e883b18d988afe46be') in 0.012855 seconds 
Number of asset objects unloaded after import = 0
========================================================================
Received Import Request.
  Time since last request: 0.000025 seconds.
  path: Assets/Scripts/Buttons/ActionBarDropTarget.cs
  artifactKey: Guid(5e0068a65f0aa0ad958851b12a727420) Importer(2089858483,0ecaa5967403d082aa24f35e1b516d23)
Number of updated assets reloaded before import = 0
Start importing Assets/Scripts/Buttons/ActionBarDropTarget.cs using Guid(5e0068a65f0aa0ad958851b12a727420) Importer(2089858483,0ecaa5967403d082aa24f35e1b516d23)  -> (artifact id: 'e9ec0fcf42b7468ccd128faf430728d0') in 0.012710 seconds 
Number of asset objects unloaded after import = 0
========================================================================
Received Import Request.
  Time since last request: 0.000019 seconds.
  path: Assets/Mirror/Editor/NetworkBehaviourInspector.cs
  artifactKey: Guid(f02853db46b6346e4866594a96c3b0e7) Importer(2089858483,0ecaa5967403d082aa24f35e1b516d23)
Number of updated assets reloaded before import = 0
Start importing Assets/Mirror/Editor/NetworkBehaviourInspector.cs using Guid(f02853db46b6346e4866594a96c3b0e7) Importer(2089858483,0ecaa5967403d082aa24f35e1b516d23)  -> (artifact id: '0f6dc23ba7f205a8a032afc9dae9b743') in 0.012632 seconds 
Number of asset objects unloaded after import = 0
========================================================================
Received Import Request.
  Time since last request: 0.000024 seconds.
  path: Assets/Prefabs/Spells/FirePrefab.prefab
  artifactKey: Guid(e08169cb5a5c1cd44b7f0eba1dc195a1) Importer(2089858483,0ecaa5967403d082aa24f35e1b516d23)
Number of updated assets reloaded before import = 0
Start importing Assets/Prefabs/Spells/FirePrefab.prefab using Guid(e08169cb5a5c1cd44b7f0eba1dc195a1) Importer(2089858483,0ecaa5967403d082aa24f35e1b516d23)  -> (artifact id: 'd49511e2f86204df9e45ee364ee1af71') in 0.020817 seconds 
Number of asset objects unloaded after import = 19
========================================================================
Received Import Request.
  Time since last request: 0.000025 seconds.
  path: Assets/Scripts/EnemyStates/AttackState.cs
  artifactKey: Guid(94da97ddad0cde845ae57c00dd9bc347) Importer(2089858483,0ecaa5967403d082aa24f35e1b516d23)
Number of updated assets reloaded before import = 0
Start importing Assets/Scripts/EnemyStates/AttackState.cs using Guid(94da97ddad0cde845ae57c00dd9bc347) Importer(2089858483,0ecaa5967403d082aa24f35e1b516d23)  -> (artifact id: '20b07ee9353ea33fd7dedfce04c5e88e') in 0.019807 seconds 
Number of asset objects unloaded after import = 0
========================================================================
Received Import Request.
  Time since last request: 0.000030 seconds.
  path: Assets/Scripts/CharacterPanel/WeaponSocket.cs
  artifactKey: Guid(9f2059d497f5d7e46b82ef4e0da756b7) Importer(2089858483,0ecaa5967403d082aa24f35e1b516d23)
Number of updated assets reloaded before import = 0
Start importing Assets/Scripts/CharacterPanel/WeaponSocket.cs using Guid(9f2059d497f5d7e46b82ef4e0da756b7) Importer(2089858483,0ecaa5967403d082aa24f35e1b516d23)  -> (artifact id: '832c3e41251d5b291fb8ecd9ad75a302') in 0.010394 seconds 
Number of asset objects unloaded after import = 0
========================================================================
Received Import Request.
  Time since last request: 0.000028 seconds.
  path: Assets/Scripts/Controls/TouchMenuButtons.cs
  artifactKey: Guid(5bd18f40d29f2b649b6eabedfbf955de) Importer(2089858483,0ecaa5967403d082aa24f35e1b516d23)
Number of updated assets reloaded before import = 0
Start importing Assets/Scripts/Controls/TouchMenuButtons.cs using Guid(5bd18f40d29f2b649b6eabedfbf955de) Importer(2089858483,0ecaa5967403d082aa24f35e1b516d23)  -> (artifact id: '34789e2d7aac5dbce0c1b574197cf767') in 0.012802 seconds 
Number of asset objects unloaded after import = 0
========================================================================
Received Import Request.
  Time since last request: 1.101303 seconds.
  path: Assets/Scripts/Loot/LootWindow.cs
  artifactKey: Guid(9abbc675fee228b43806cd8c6f2698fd) Importer(2089858483,0ecaa5967403d082aa24f35e1b516d23)
Number of updated assets reloaded before import = 0
Start importing Assets/Scripts/Loot/LootWindow.cs using Guid(9abbc675fee228b43806cd8c6f2698fd) Importer(2089858483,0ecaa5967403d082aa24f35e1b516d23)  -> (artifact id: '27e93aa7de6575cbad5d9c9bc1dcacaa') in 0.011443 seconds 
Number of asset objects unloaded after import = 0
========================================================================
Received Import Request.
  Time since last request: 0.000023 seconds.
  path: Assets/Sprites/Player/walk_back.png
  artifactKey: Guid(513e47dc37ad70b4e9858ddc9715474f) Importer(2089858483,0ecaa5967403d082aa24f35e1b516d23)
Number of updated assets reloaded before import = 0
Start importing Assets/Sprites/Player/walk_back.png using Guid(513e47dc37ad70b4e9858ddc9715474f) Importer(2089858483,0ecaa5967403d082aa24f35e1b516d23)  -> (artifact id: 'e6db21660afe8dbb1f378239edb0d5f2') in 0.082593 seconds 
Number of asset objects unloaded after import = 18
========================================================================
Received Import Request.
  Time since last request: 0.000030 seconds.
  path: Assets/Sprites/Minimap/mini_question_silver.png
  artifactKey: Guid(64b30ec42ce061a4b8b3a31cb4a5a68a) Importer(2089858483,0ecaa5967403d082aa24f35e1b516d23)
Number of updated assets reloaded before import = 0
Start importing Assets/Sprites/Minimap/mini_question_silver.png using Guid(64b30ec42ce061a4b8b3a31cb4a5a68a) Importer(2089858483,0ecaa5967403d082aa24f35e1b516d23)  -> (artifact id: '59d7f9e7432dad75bfe7835f09b2df67') in 0.017190 seconds 
Number of asset objects unloaded after import = 3
========================================================================
Received Import Request.
  Time since last request: 0.000047 seconds.
  path: Assets/Scripts/Quest/QuestScript.cs
  artifactKey: Guid(2f5e008561424ee44855aef6e472a0c9) Importer(2089858483,0ecaa5967403d082aa24f35e1b516d23)
Number of updated assets reloaded before import = 0
Start importing Assets/Scripts/Quest/QuestScript.cs using Guid(2f5e008561424ee44855aef6e472a0c9) Importer(2089858483,0ecaa5967403d082aa24f35e1b516d23)  -> (artifact id: 'ccb5829900cebf4fbae546b1fff166ad') in 0.009076 seconds 
Number of asset objects unloaded after import = 0
========================================================================
Received Import Request.
  Time since last request: 0.000020 seconds.
  path: Assets/Sprites/Character panel/boots.png
  artifactKey: Guid(7f184100b1526d34a9af3c5415d39a2c) Importer(2089858483,0ecaa5967403d082aa24f35e1b516d23)
Number of updated assets reloaded before import = 0
Start importing Assets/Sprites/Character panel/boots.png using Guid(7f184100b1526d34a9af3c5415d39a2c) Importer(2089858483,0ecaa5967403d082aa24f35e1b516d23)  -> (artifact id: 'feb6ff772aea705fd77b4ec50cb73846') in 0.026776 seconds 
Number of asset objects unloaded after import = 3
========================================================================
Received Import Request.
  Time since last request: 0.000029 seconds.
  path: Assets/Scripts/TalentTree/Talent.cs
  artifactKey: Guid(91c68dbdb60201e4d871e27b7310fbdb) Importer(2089858483,0ecaa5967403d082aa24f35e1b516d23)
Number of updated assets reloaded before import = 0
Start importing Assets/Scripts/TalentTree/Talent.cs using Guid(91c68dbdb60201e4d871e27b7310fbdb) Importer(2089858483,0ecaa5967403d082aa24f35e1b516d23)  -> (artifact id: '7c18d91d1292c028a166d9d4de40a135') in 0.010513 seconds 
Number of asset objects unloaded after import = 0
========================================================================
Received Import Request.
  Time since last request: 0.000021 seconds.
  path: Assets/Sprites/Effects/Ding8.png
  artifactKey: Guid(bb22d8005590f724e9c5908e897d46ad) Importer(2089858483,0ecaa5967403d082aa24f35e1b516d23)
Number of updated assets reloaded before import = 0
Start importing Assets/Sprites/Effects/Ding8.png using Guid(bb22d8005590f724e9c5908e897d46ad) Importer(2089858483,0ecaa5967403d082aa24f35e1b516d23)  -> (artifact id: 'ab022469b24c5ccd15ca1e18bd1e3833') in 0.017763 seconds 
Number of asset objects unloaded after import = 3
========================================================================
Received Import Request.
  Time since last request: 0.000018 seconds.
  path: Assets/Sprites/Minimap/bank.png
  artifactKey: Guid(d54e2177619eadd42885a77a4a1a6091) Importer(2089858483,0ecaa5967403d082aa24f35e1b516d23)
Number of updated assets reloaded before import = 0
Start importing Assets/Sprites/Minimap/bank.png using Guid(d54e2177619eadd42885a77a4a1a6091) Importer(2089858483,0ecaa5967403d082aa24f35e1b516d23)  -> (artifact id: 'aadf6a0a65d6f38a089d89f5b06b6107') in 0.017094 seconds 
Number of asset objects unloaded after import = 3
========================================================================
Received Import Request.
  Time since last request: 0.000018 seconds.
  path: Assets/Scripts/TileScripts/NoDiagonalTile.cs
  artifactKey: Guid(1378b9c2e2ba6914baa308b6d24ff57c) Importer(2089858483,0ecaa5967403d082aa24f35e1b516d23)
Number of updated assets reloaded before import = 0
Start importing Assets/Scripts/TileScripts/NoDiagonalTile.cs using Guid(1378b9c2e2ba6914baa308b6d24ff57c) Importer(2089858483,0ecaa5967403d082aa24f35e1b516d23)  -> (artifact id: 'a6d65c06d7eb2dd7f3030dc6a3ffc199') in 0.011276 seconds 
Number of asset objects unloaded after import = 0
========================================================================
Received Import Request.
  Time since last request: 0.000028 seconds.
  path: Assets/Sprites/Character panel/pants_slot.png
  artifactKey: Guid(0dcdc7755a16f0b498973a5b03732247) Importer(2089858483,0ecaa5967403d082aa24f35e1b516d23)
Number of updated assets reloaded before import = 0
Start importing Assets/Sprites/Character panel/pants_slot.png using Guid(0dcdc7755a16f0b498973a5b03732247) Importer(2089858483,0ecaa5967403d082aa24f35e1b516d23)  -> (artifact id: 'a44a3e5f9daeb819c37649b0f09d9704') in 0.018953 seconds 
Number of asset objects unloaded after import = 3
========================================================================
Received Import Request.
  Time since last request: 0.000030 seconds.
  path: Assets/Sprites/Player/idle_right.png
  artifactKey: Guid(bc159e36749558f4a99ea31a4408029c) Importer(2089858483,0ecaa5967403d082aa24f35e1b516d23)
Number of updated assets reloaded before import = 0
Start importing Assets/Sprites/Player/idle_right.png using Guid(bc159e36749558f4a99ea31a4408029c) Importer(2089858483,0ecaa5967403d082aa24f35e1b516d23)  -> (artifact id: '6a1af49c133c05b8d20de04f039c9e0c') in 0.055730 seconds 
Number of asset objects unloaded after import = 14
========================================================================
Received Import Request.
  Time since last request: 0.000030 seconds.
  path: Assets/Sprites/Effects/Puff03.png
  artifactKey: Guid(17a7678067b1d9149a856eea7ac5b820) Importer(2089858483,0ecaa5967403d082aa24f35e1b516d23)
Number of updated assets reloaded before import = 0
Start importing Assets/Sprites/Effects/Puff03.png using Guid(17a7678067b1d9149a856eea7ac5b820) Importer(2089858483,0ecaa5967403d082aa24f35e1b516d23)  -> (artifact id: '9d658cad363ee0ec13f5f2c812c4c87e') in 0.034612 seconds 
Number of asset objects unloaded after import = 3
========================================================================
Received Import Request.
  Time since last request: 0.000028 seconds.
  path: Assets/Sprites/Effects/Ding2.png
  artifactKey: Guid(b39b21d94cd9df349b98cf1f7acd2c8d) Importer(2089858483,0ecaa5967403d082aa24f35e1b516d23)
Number of updated assets reloaded before import = 0
Start importing Assets/Sprites/Effects/Ding2.png using Guid(b39b21d94cd9df349b98cf1f7acd2c8d) Importer(2089858483,0ecaa5967403d082aa24f35e1b516d23)  -> (artifact id: '671e4f21250d7675cc69666a19aed5b9') in 0.035766 seconds 
Number of asset objects unloaded after import = 3
========================================================================
Received Import Request.
  Time since last request: 0.000042 seconds.
  path: Assets/Sprites/Character panel/chest.png
  artifactKey: Guid(68a03393a2974a64facce009410dc21b) Importer(2089858483,0ecaa5967403d082aa24f35e1b516d23)
Number of updated assets reloaded before import = 0
Start importing Assets/Sprites/Character panel/chest.png using Guid(68a03393a2974a64facce009410dc21b) Importer(2089858483,0ecaa5967403d082aa24f35e1b516d23)  -> (artifact id: '0d48a17cf6f914f4d453e304455cc815') in 0.036745 seconds 
Number of asset objects unloaded after import = 3
========================================================================
Received Import Request.
  Time since last request: 0.000026 seconds.
  path: Assets/Sprites/Quest log/arrow_down.png
  artifactKey: Guid(5ed9358733553d640aecabccb620682f) Importer(2089858483,0ecaa5967403d082aa24f35e1b516d23)
Number of updated assets reloaded before import = 0
Start importing Assets/Sprites/Quest log/arrow_down.png using Guid(5ed9358733553d640aecabccb620682f) Importer(2089858483,0ecaa5967403d082aa24f35e1b516d23)  -> (artifact id: 'f1076a2a86880363df805b7e26ac5159') in 0.021542 seconds 
Number of asset objects unloaded after import = 3
========================================================================
Received Import Request.
  Time since last request: 0.000033 seconds.
  path: Assets/Scripts/TalentTree/IgniteTalent.cs
  artifactKey: Guid(eece6183ffc7e2c42aec959d4d61c388) Importer(2089858483,0ecaa5967403d082aa24f35e1b516d23)
Number of updated assets reloaded before import = 0
Start importing Assets/Scripts/TalentTree/IgniteTalent.cs using Guid(eece6183ffc7e2c42aec959d4d61c388) Importer(2089858483,0ecaa5967403d082aa24f35e1b516d23)  -> (artifact id: 'fade00a4c10836b192d647cb41e704de') in 0.013203 seconds 
Number of asset objects unloaded after import = 0
========================================================================
Received Import Request.
  Time since last request: 0.000025 seconds.
  path: Assets/Scripts/Saving/SavedGame.cs
  artifactKey: Guid(9a3d8291ced504941be8bf1f4a4bfb2a) Importer(2089858483,0ecaa5967403d082aa24f35e1b516d23)
Number of updated assets reloaded before import = 0
Start importing Assets/Scripts/Saving/SavedGame.cs using Guid(9a3d8291ced504941be8bf1f4a4bfb2a) Importer(2089858483,0ecaa5967403d082aa24f35e1b516d23)  -> (artifact id: '121b048685b2994f07863dd274e24880') in 0.010960 seconds 
Number of asset objects unloaded after import = 0
========================================================================
Received Import Request.
  Time since last request: 0.000031 seconds.
  path: Assets/Scripts/TileScripts/GrassTile.cs
  artifactKey: Guid(0e0a6a8f64992a24db945f0d876c4efa) Importer(2089858483,0ecaa5967403d082aa24f35e1b516d23)
Number of updated assets reloaded before import = 0
Start importing Assets/Scripts/TileScripts/GrassTile.cs using Guid(0e0a6a8f64992a24db945f0d876c4efa) Importer(2089858483,0ecaa5967403d082aa24f35e1b516d23)  -> (artifact id: 'd3b99cff06780fd01b91e62d29482eb9') in 0.011836 seconds 
Number of asset objects unloaded after import = 0
========================================================================
Received Import Request.
  Time since last request: 0.000037 seconds.
  path: Assets/Scripts/Quest/Quest.cs
  artifactKey: Guid(42db34b90f8f153478af34c41693b444) Importer(2089858483,0ecaa5967403d082aa24f35e1b516d23)
Number of updated assets reloaded before import = 0
Start importing Assets/Scripts/Quest/Quest.cs using Guid(42db34b90f8f153478af34c41693b444) Importer(2089858483,0ecaa5967403d082aa24f35e1b516d23)  -> (artifact id: '68521c7526106b24144128e789b45085') in 0.012406 seconds 
Number of asset objects unloaded after import = 0
========================================================================
Received Import Request.
  Time since last request: 0.000030 seconds.
  path: Assets/Sprites/Character panel/orb.png
  artifactKey: Guid(08a3ce61b5f11c647ab262937eee5e00) Importer(2089858483,0ecaa5967403d082aa24f35e1b516d23)
Number of updated assets reloaded before import = 0
Start importing Assets/Sprites/Character panel/orb.png using Guid(08a3ce61b5f11c647ab262937eee5e00) Importer(2089858483,0ecaa5967403d082aa24f35e1b516d23)  -> (artifact id: 'c435260e3ecb98b8bf826d6a2ae2e454') in 0.021629 seconds 
Number of asset objects unloaded after import = 3
========================================================================
Received Import Request.
  Time since last request: 0.000024 seconds.
  path: Assets/Scripts/Managers/XPManager.cs
  artifactKey: Guid(63a1a5d955050394798f73d6a5ddb795) Importer(2089858483,0ecaa5967403d082aa24f35e1b516d23)
Number of updated assets reloaded before import = 0
Start importing Assets/Scripts/Managers/XPManager.cs using Guid(63a1a5d955050394798f73d6a5ddb795) Importer(2089858483,0ecaa5967403d082aa24f35e1b516d23)  -> (artifact id: 'ddf952e35e419ab71f53bed93885c14f') in 0.012389 seconds 
Number of asset objects unloaded after import = 0
========================================================================
Received Import Request.
  Time since last request: 0.000027 seconds.
  path: Assets/Scripts/Other/Window.cs
  artifactKey: Guid(36aa1cf80ebd4314da9fb490177437eb) Importer(2089858483,0ecaa5967403d082aa24f35e1b516d23)
Number of updated assets reloaded before import = 0
Start importing Assets/Scripts/Other/Window.cs using Guid(36aa1cf80ebd4314da9fb490177437eb) Importer(2089858483,0ecaa5967403d082aa24f35e1b516d23)  -> (artifact id: 'e81b2cd1635332bf8961cd7c1264c509') in 0.011288 seconds 
Number of asset objects unloaded after import = 0
========================================================================
Received Import Request.
  Time since last request: 0.000019 seconds.
  path: Assets/Sprites/Player/attack_right.png
  artifactKey: Guid(c267136b03d35284c8497e580fc024dd) Importer(2089858483,0ecaa5967403d082aa24f35e1b516d23)
Number of updated assets reloaded before import = 0
Start importing Assets/Sprites/Player/attack_right.png using Guid(c267136b03d35284c8497e580fc024dd) Importer(2089858483,0ecaa5967403d082aa24f35e1b516d23)  -> (artifact id: '6457f6cb34573237c0b7f9eaf2a79cf3') in 0.045450 seconds 
Number of asset objects unloaded after import = 12
========================================================================
Received Import Request.
  Time since last request: 0.000030 seconds.
  path: Assets/Scripts/TalentTree/ImprovedFrostbolt.cs
  artifactKey: Guid(e92b2506c9516794482d6cd744d8809c) Importer(2089858483,0ecaa5967403d082aa24f35e1b516d23)
Number of updated assets reloaded before import = 0
Start importing Assets/Scripts/TalentTree/ImprovedFrostbolt.cs using Guid(e92b2506c9516794482d6cd744d8809c) Importer(2089858483,0ecaa5967403d082aa24f35e1b516d23)  -> (artifact id: 'ef08a9ca6127c692e20cafa9d00a5fac') in 0.010102 seconds 
Number of asset objects unloaded after import = 0
========================================================================
Received Import Request.
  Time since last request: 0.000038 seconds.
  path: Assets/Sprites/Character panel/frame.png
  artifactKey: Guid(bde407659d7915e4db15ce1547876af4) Importer(2089858483,0ecaa5967403d082aa24f35e1b516d23)
Number of updated assets reloaded before import = 0
Start importing Assets/Sprites/Character panel/frame.png using Guid(bde407659d7915e4db15ce1547876af4) Importer(2089858483,0ecaa5967403d082aa24f35e1b516d23)  -> (artifact id: '87ee69ca67f12c362e484e814b866412') in 0.020510 seconds 
Number of asset objects unloaded after import = 3
========================================================================
Received Import Request.
  Time since last request: 0.000032 seconds.
  path: Assets/Scripts/Vendor/VendorItem.cs
  artifactKey: Guid(bf9333d6e5f00704cb99f40a1d111303) Importer(2089858483,0ecaa5967403d082aa24f35e1b516d23)
Number of updated assets reloaded before import = 0
Start importing Assets/Scripts/Vendor/VendorItem.cs using Guid(bf9333d6e5f00704cb99f40a1d111303) Importer(2089858483,0ecaa5967403d082aa24f35e1b516d23)  -> (artifact id: '072e5dd9ecb26e2dee7cd7c5a172a0d0') in 0.011514 seconds 
Number of asset objects unloaded after import = 0
========================================================================
Received Import Request.
  Time since last request: 0.000033 seconds.
  path: Assets/Sprites/Player/walk_left.png
  artifactKey: Guid(bbc99522e2b536a45acaa738d96cea83) Importer(2089858483,0ecaa5967403d082aa24f35e1b516d23)
Number of updated assets reloaded before import = 0
Start importing Assets/Sprites/Player/walk_left.png using Guid(bbc99522e2b536a45acaa738d96cea83) Importer(2089858483,0ecaa5967403d082aa24f35e1b516d23)  -> (artifact id: 'eebe812116a015f90e6194580da0504e') in 0.074236 seconds 
Number of asset objects unloaded after import = 18
========================================================================
Received Import Request.
  Time since last request: 0.000021 seconds.
  path: Assets/Sprites/Minimap/minimap 1.png
  artifactKey: Guid(4309c95f21b85af498bb51fc87ce5630) Importer(2089858483,0ecaa5967403d082aa24f35e1b516d23)
Number of updated assets reloaded before import = 0
Start importing Assets/Sprites/Minimap/minimap 1.png using Guid(4309c95f21b85af498bb51fc87ce5630) Importer(2089858483,0ecaa5967403d082aa24f35e1b516d23)  -> (artifact id: '5cde9207037612888e94542279ea77c8') in 0.024538 seconds 
Number of asset objects unloaded after import = 3
========================================================================
Received Import Request.
  Time since last request: 0.000031 seconds.
  path: Assets/Scripts/Managers/UIManager.cs
  artifactKey: Guid(0557c882c04e1b04facab50d9d05cb59) Importer(2089858483,0ecaa5967403d082aa24f35e1b516d23)
Number of updated assets reloaded before import = 0
Start importing Assets/Scripts/Managers/UIManager.cs using Guid(0557c882c04e1b04facab50d9d05cb59) Importer(2089858483,0ecaa5967403d082aa24f35e1b516d23)  -> (artifact id: '7f134eee8f9e1f031c0ba927a174655a') in 0.010733 seconds 
Number of asset objects unloaded after import = 0
========================================================================
Received Import Request.
  Time since last request: 0.000033 seconds.
  path: Assets/Sprites/Minimap/mini_exclamation.png
  artifactKey: Guid(bd15b98cc5f73e04188d26eeb4a65aa4) Importer(2089858483,0ecaa5967403d082aa24f35e1b516d23)
Number of updated assets reloaded before import = 0
Start importing Assets/Sprites/Minimap/mini_exclamation.png using Guid(bd15b98cc5f73e04188d26eeb4a65aa4) Importer(2089858483,0ecaa5967403d082aa24f35e1b516d23)  -> (artifact id: '9154551d5959e9fbe893d14c1758dc55') in 0.024967 seconds 
Number of asset objects unloaded after import = 3
========================================================================
Received Import Request.
  Time since last request: 0.000026 seconds.
  path: Assets/Sprites/Character panel/orb_slot.png
  artifactKey: Guid(bdcc179b5939e584cb5b789b916d4266) Importer(2089858483,0ecaa5967403d082aa24f35e1b516d23)
Number of updated assets reloaded before import = 0
Start importing Assets/Sprites/Character panel/orb_slot.png using Guid(bdcc179b5939e584cb5b789b916d4266) Importer(2089858483,0ecaa5967403d082aa24f35e1b516d23)  -> (artifact id: 'f02dfe2ae3a75fa3302eeafcddf93b15') in 0.021540 seconds 
Number of asset objects unloaded after import = 3
========================================================================
Received Import Request.
  Time since last request: 0.000027 seconds.
  path: Assets/Sprites/Minimap/gather.png
  artifactKey: Guid(a0f29b7364b46db45aa6dc533eec4878) Importer(2089858483,0ecaa5967403d082aa24f35e1b516d23)
Number of updated assets reloaded before import = 0
Start importing Assets/Sprites/Minimap/gather.png using Guid(a0f29b7364b46db45aa6dc533eec4878) Importer(2089858483,0ecaa5967403d082aa24f35e1b516d23)  -> (artifact id: 'a474188035f08003e0abeb8346b7f75a') in 0.028627 seconds 
Number of asset objects unloaded after import = 3
========================================================================
Received Import Request.
  Time since last request: 0.000028 seconds.
  path: Assets/Scripts/TileScripts/WaterTile.cs
  artifactKey: Guid(3641c1c89d05bea4ebcf758dc50acba6) Importer(2089858483,0ecaa5967403d082aa24f35e1b516d23)
Number of updated assets reloaded before import = 0
Start importing Assets/Scripts/TileScripts/WaterTile.cs using Guid(3641c1c89d05bea4ebcf758dc50acba6) Importer(2089858483,0ecaa5967403d082aa24f35e1b516d23)  -> (artifact id: '184689305f0b76478bac26b0e3a01e68') in 0.012402 seconds 
Number of asset objects unloaded after import = 0
========================================================================
Received Import Request.
  Time since last request: 0.000041 seconds.
  path: Assets/Scripts/Vendor/Vendor.cs
  artifactKey: Guid(56805f952202ccc41bf4fb9be1a8a49c) Importer(2089858483,0ecaa5967403d082aa24f35e1b516d23)
Number of updated assets reloaded before import = 0
Start importing Assets/Scripts/Vendor/Vendor.cs using Guid(56805f952202ccc41bf4fb9be1a8a49c) Importer(2089858483,0ecaa5967403d082aa24f35e1b516d23)  -> (artifact id: '2808ac0f7f5e9677b29f20138bd78ab1') in 0.011132 seconds 
Number of asset objects unloaded after import = 0
========================================================================
Received Import Request.
  Time since last request: 0.000029 seconds.
  path: Assets/Sprites/Materials/Gold_Bar.png
  artifactKey: Guid(c85c90bd990656f4c90540ab3998aa68) Importer(2089858483,0ecaa5967403d082aa24f35e1b516d23)
Number of updated assets reloaded before import = 0
Start importing Assets/Sprites/Materials/Gold_Bar.png using Guid(c85c90bd990656f4c90540ab3998aa68) Importer(2089858483,0ecaa5967403d082aa24f35e1b516d23)  -> (artifact id: 'f8cd5828a03961425c18dbfcdf4117a6') in 0.022340 seconds 
Number of asset objects unloaded after import = 3
========================================================================
Received Import Request.
  Time since last request: 0.898501 seconds.
  path: Assets/Sprites/Quest log/slider_bar.png
  artifactKey: Guid(193f09958f891924f803badcdcb029cd) Importer(2089858483,0ecaa5967403d082aa24f35e1b516d23)
Number of updated assets reloaded before import = 0
Start importing Assets/Sprites/Quest log/slider_bar.png using Guid(193f09958f891924f803badcdcb029cd) Importer(2089858483,0ecaa5967403d082aa24f35e1b516d23)  -> (artifact id: 'b0b786cc4d241db3066d48a25bdff7f4') in 0.022471 seconds 
Number of asset objects unloaded after import = 3
========================================================================
Received Import Request.
  Time since last request: 0.000024 seconds.
  path: Assets/TextMesh Pro/Resources/LineBreaking Leading Characters.txt
  artifactKey: Guid(d82c1b31c7e74239bff1220585707d2b) Importer(2089858483,0ecaa5967403d082aa24f35e1b516d23)
Number of updated assets reloaded before import = 0
Start importing Assets/TextMesh Pro/Resources/LineBreaking Leading Characters.txt using Guid(d82c1b31c7e74239bff1220585707d2b) Importer(2089858483,0ecaa5967403d082aa24f35e1b516d23)  -> (artifact id: '31e0d50834a735560874f4e791bd7940') in 0.014566 seconds 
Number of asset objects unloaded after import = 1
========================================================================
Received Import Request.
  Time since last request: 0.000028 seconds.
  path: Assets/Mirror/Examples/Billiards/MirrorBilliards.unity
  artifactKey: Guid(72a58a2e3a00b473795104a0379c5b02) Importer(2089858483,0ecaa5967403d082aa24f35e1b516d23)
Number of updated assets reloaded before import = 0
Start importing Assets/Mirror/Examples/Billiards/MirrorBilliards.unity using Guid(72a58a2e3a00b473795104a0379c5b02) Importer(2089858483,0ecaa5967403d082aa24f35e1b516d23)  -> (artifact id: 'aa77d6cc56ba4258b665c873a86183d6') in 0.011497 seconds 
Number of asset objects unloaded after import = 1
========================================================================
Received Import Request.
  Time since last request: 0.000027 seconds.
  path: Assets/Mirror/Core/Batching/Batcher.cs
  artifactKey: Guid(0afaaa611a2142d48a07bdd03b68b2b3) Importer(2089858483,0ecaa5967403d082aa24f35e1b516d23)
Number of updated assets reloaded before import = 0
Start importing Assets/Mirror/Core/Batching/Batcher.cs using Guid(0afaaa611a2142d48a07bdd03b68b2b3) Importer(2089858483,0ecaa5967403d082aa24f35e1b516d23)  -> (artifact id: 'f5e4a8978bbf528240d26cc0aa0ab5ac') in 0.011635 seconds 
Number of asset objects unloaded after import = 1
========================================================================
Received Import Request.
  Time since last request: 0.000018 seconds.
  path: Assets/Mirror/Examples/CCU/Player.prefab
  artifactKey: Guid(614e28b6213c14195b8661c153bf4ee4) Importer(2089858483,0ecaa5967403d082aa24f35e1b516d23)
Number of updated assets reloaded before import = 0
Start importing Assets/Mirror/Examples/CCU/Player.prefab using Guid(614e28b6213c14195b8661c153bf4ee4) Importer(2089858483,0ecaa5967403d082aa24f35e1b516d23)  -> (artifact id: '79cdadb1c6b2568f79f2174e53f48de8') in 0.045370 seconds 
Number of asset objects unloaded after import = 10
========================================================================
Received Import Request.
  Time since last request: 0.000034 seconds.
  path: Assets/Mirror/Examples/BenchmarkIdle/BenchmarkIdleNetworkManager.cs
  artifactKey: Guid(6f7f7192969f04e1eb1d3b30cb378a20) Importer(2089858483,0ecaa5967403d082aa24f35e1b516d23)
Number of updated assets reloaded before import = 0
Start importing Assets/Mirror/Examples/BenchmarkIdle/BenchmarkIdleNetworkManager.cs using Guid(6f7f7192969f04e1eb1d3b30cb378a20) Importer(2089858483,0ecaa5967403d082aa24f35e1b516d23)  -> (artifact id: 'aa048a90741adea7e0fb1e430c709310') in 0.018995 seconds 
Number of asset objects unloaded after import = 0
========================================================================
Received Import Request.
  Time since last request: 0.000041 seconds.
  path: Assets/Mirror/Components/NetworkTransform/TransformSnapshot.cs
  artifactKey: Guid(d3dae77b43dc4e1dbb2012924b2da79c) Importer(2089858483,0ecaa5967403d082aa24f35e1b516d23)
Number of updated assets reloaded before import = 0
Start importing Assets/Mirror/Components/NetworkTransform/TransformSnapshot.cs using Guid(d3dae77b43dc4e1dbb2012924b2da79c) Importer(2089858483,0ecaa5967403d082aa24f35e1b516d23)  -> (artifact id: 'e6adfe7439752fa5123a489275bc5c28') in 0.013336 seconds 
Number of asset objects unloaded after import = 1
========================================================================
Received Import Request.
  Time since last request: 0.000025 seconds.
  path: Assets/Mirror/Core/Batching/Unbatcher.cs
  artifactKey: Guid(328562d71e1c45c58581b958845aa7a4) Importer(2089858483,0ecaa5967403d082aa24f35e1b516d23)
Number of updated assets reloaded before import = 0
Start importing Assets/Mirror/Core/Batching/Unbatcher.cs using Guid(328562d71e1c45c58581b958845aa7a4) Importer(2089858483,0ecaa5967403d082aa24f35e1b516d23)  -> (artifact id: 'd0e02558473b8c11739f224a4ecf58e9') in 0.011663 seconds 
Number of asset objects unloaded after import = 1
========================================================================
Received Import Request.
  Time since last request: 0.000025 seconds.
  path: Assets/Mirror/Examples/HexSpatialHash/Hex2DSpatialHash.unity
  artifactKey: Guid(d3ffd60e82eb25d4fb848e2becd149bf) Importer(2089858483,0ecaa5967403d082aa24f35e1b516d23)
Number of updated assets reloaded before import = 0
Start importing Assets/Mirror/Examples/HexSpatialHash/Hex2DSpatialHash.unity using Guid(d3ffd60e82eb25d4fb848e2becd149bf) Importer(2089858483,0ecaa5967403d082aa24f35e1b516d23)  -> (artifact id: '241054699defcaba8a51d7e9b6e45acc') in 0.010449 seconds 
Number of asset objects unloaded after import = 1
========================================================================
Received Import Request.
  Time since last request: 0.000022 seconds.
  path: Assets/Mirror/Examples/MultipleAdditiveScenes/README.md
  artifactKey: Guid(915d7b115a88c7c409dadf5bfc543737) Importer(2089858483,0ecaa5967403d082aa24f35e1b516d23)
Number of updated assets reloaded before import = 0
Start importing Assets/Mirror/Examples/MultipleAdditiveScenes/README.md using Guid(915d7b115a88c7c409dadf5bfc543737) Importer(2089858483,0ecaa5967403d082aa24f35e1b516d23)  -> (artifact id: '00fee039a426548fafa03f1349ff1942') in 0.014353 seconds 
Number of asset objects unloaded after import = 1
========================================================================
Received Import Request.
  Time since last request: 0.000019 seconds.
  path: Assets/Sprites/Talent tree_XP Bar/sword_fire_2.png
  artifactKey: Guid(93b723f36bafe24439228f887e200449) Importer(2089858483,0ecaa5967403d082aa24f35e1b516d23)
Number of updated assets reloaded before import = 0
Start importing Assets/Sprites/Talent tree_XP Bar/sword_fire_2.png using Guid(93b723f36bafe24439228f887e200449) Importer(2089858483,0ecaa5967403d082aa24f35e1b516d23)  -> (artifact id: '3d491ce04549886382c88c6e680afc2b') in 0.021375 seconds 
Number of asset objects unloaded after import = 3
========================================================================
Received Import Request.
  Time since last request: 0.000045 seconds.
  path: Assets/Sprites/Questing/questionSilver.png
  artifactKey: Guid(61d366e0fe2356b4ba1d6577c0d95587) Importer(2089858483,0ecaa5967403d082aa24f35e1b516d23)
Number of updated assets reloaded before import = 0
Start importing Assets/Sprites/Questing/questionSilver.png using Guid(61d366e0fe2356b4ba1d6577c0d95587) Importer(2089858483,0ecaa5967403d082aa24f35e1b516d23)  -> (artifact id: 'afc207d121ed6376c15b2c45e6c3a3fb') in 0.022894 seconds 
Number of asset objects unloaded after import = 3
========================================================================
Received Import Request.
  Time since last request: 0.000058 seconds.
  path: Assets/Mirror/Editor/Weaver/Weaver.cs
  artifactKey: Guid(de160f52931054064852f2afd7e7a86f) Importer(2089858483,0ecaa5967403d082aa24f35e1b516d23)
Number of updated assets reloaded before import = 0
Start importing Assets/Mirror/Editor/Weaver/Weaver.cs using Guid(de160f52931054064852f2afd7e7a86f) Importer(2089858483,0ecaa5967403d082aa24f35e1b516d23)  -> (artifact id: '0075e8293793e4068033aefcd75e91bf') in 0.011216 seconds 
Number of asset objects unloaded after import = 0
========================================================================
Received Import Request.
  Time since last request: 0.000023 seconds.
  path: Assets/Mirror/Editor/Weaver/WeaverExceptions.cs
  artifactKey: Guid(8aaaf6193bad7424492677f8e81f1b30) Importer(2089858483,0ecaa5967403d082aa24f35e1b516d23)
Number of updated assets reloaded before import = 0
Start importing Assets/Mirror/Editor/Weaver/WeaverExceptions.cs using Guid(8aaaf6193bad7424492677f8e81f1b30) Importer(2089858483,0ecaa5967403d082aa24f35e1b516d23)  -> (artifact id: 'ffd77a9067c3bf73486cbcb7ed47ff97') in 0.011829 seconds 
Number of asset objects unloaded after import = 0
========================================================================
Received Import Request.
  Time since last request: 0.000026 seconds.
  path: Assets/Mirror/Core/SnapshotInterpolation/Snapshot.cs
  artifactKey: Guid(12afea28fdb94154868a0a3b7a9df55b) Importer(2089858483,0ecaa5967403d082aa24f35e1b516d23)
Number of updated assets reloaded before import = 0
Start importing Assets/Mirror/Core/SnapshotInterpolation/Snapshot.cs using Guid(12afea28fdb94154868a0a3b7a9df55b) Importer(2089858483,0ecaa5967403d082aa24f35e1b516d23)  -> (artifact id: '05aeb979b8bdb0fe634c4439c2c5d6f0') in 0.012301 seconds 
Number of asset objects unloaded after import = 1
========================================================================
Received Import Request.
  Time since last request: 0.000023 seconds.
  path: Assets/Mirror/Examples/Snapshot Interpolation/ClientMaterial.mat
  artifactKey: Guid(f17cbcb3229954975ab0818845a2c17f) Importer(2089858483,0ecaa5967403d082aa24f35e1b516d23)
Number of updated assets reloaded before import = 0
Start importing Assets/Mirror/Examples/Snapshot Interpolation/ClientMaterial.mat using Guid(f17cbcb3229954975ab0818845a2c17f) Importer(2089858483,0ecaa5967403d082aa24f35e1b516d23)  -> (artifact id: 'e9b2273325a103cef472eb22456edfe1') in 0.032902 seconds 
Number of asset objects unloaded after import = 1
========================================================================
Received Import Request.
  Time since last request: 0.000028 seconds.
  path: Assets/Mirror/Examples/EdgegapLobby/EdgegapLobbyTanks.unity
  artifactKey: Guid(5dbbfee253d4c6e4d915cb88674ec680) Importer(2089858483,0ecaa5967403d082aa24f35e1b516d23)
Number of updated assets reloaded before import = 0
Start importing Assets/Mirror/Examples/EdgegapLobby/EdgegapLobbyTanks.unity using Guid(5dbbfee253d4c6e4d915cb88674ec680) Importer(2089858483,0ecaa5967403d082aa24f35e1b516d23)  -> (artifact id: '4eea8035fb367ab03028a8a7ee2d4fb6') in 0.010614 seconds 
Number of asset objects unloaded after import = 1
========================================================================
Received Import Request.
  Time since last request: 0.000023 seconds.
  path: Assets/Mirror/Examples/StackedPrediction/PlayerSpectator.prefab
  artifactKey: Guid(dc62ed4e37b7d4551b8c6a5edc0b36b4) Importer(2089858483,0ecaa5967403d082aa24f35e1b516d23)
Number of updated assets reloaded before import = 0
Start importing Assets/Mirror/Examples/StackedPrediction/PlayerSpectator.prefab using Guid(dc62ed4e37b7d4551b8c6a5edc0b36b4) Importer(2089858483,0ecaa5967403d082aa24f35e1b516d23)  -> (artifact id: '0e6fb61dc48ca18b447e5d9ea67ee827') in 0.021879 seconds 
Number of asset objects unloaded after import = 6
========================================================================
Received Import Request.
  Time since last request: 0.000025 seconds.
  path: Assets/Mirror/Examples/BenchmarkIdle/Readme.txt
  artifactKey: Guid(f470f284e61694f03b862ce57768786d) Importer(2089858483,0ecaa5967403d082aa24f35e1b516d23)
Number of updated assets reloaded before import = 0
Start importing Assets/Mirror/Examples/BenchmarkIdle/Readme.txt using Guid(f470f284e61694f03b862ce57768786d) Importer(2089858483,0ecaa5967403d082aa24f35e1b516d23)  -> (artifact id: '9f42a3cc17ef7c6b9d9b275f6a7f49be') in 0.016095 seconds 
Number of asset objects unloaded after import = 1
========================================================================
Received Import Request.
  Time since last request: 0.000034 seconds.
  path: Assets/Mirror/Editor/Weaver/Resolvers.cs
  artifactKey: Guid(3039a59c76aec43c797ad66930430367) Importer(2089858483,0ecaa5967403d082aa24f35e1b516d23)
Number of updated assets reloaded before import = 0
Start importing Assets/Mirror/Editor/Weaver/Resolvers.cs using Guid(3039a59c76aec43c797ad66930430367) Importer(2089858483,0ecaa5967403d082aa24f35e1b516d23)  -> (artifact id: 'e353a0cd9ddfbb9138013fba5eac374f') in 0.011263 seconds 
Number of asset objects unloaded after import = 0
========================================================================
Received Import Request.
  Time since last request: 0.000024 seconds.
  path: Assets/TextMesh Pro/Fonts/LiberationSans.ttf
  artifactKey: Guid(e3265ab4bf004d28a9537516768c1c75) Importer(2089858483,0ecaa5967403d082aa24f35e1b516d23)
Number of updated assets reloaded before import = 0
Start importing Assets/TextMesh Pro/Fonts/LiberationSans.ttf using Guid(e3265ab4bf004d28a9537516768c1c75) Importer(2089858483,0ecaa5967403d082aa24f35e1b516d23)  -> (artifact id: '63c6f9c03ae9257c4348c49d7dc5e365') in 0.030368 seconds 
Number of asset objects unloaded after import = 3
========================================================================
Received Import Request.
  Time since last request: 0.000028 seconds.
  path: Assets/Mirror/Core/Tools/TimeSample.cs
  artifactKey: Guid(26c32f6429554546a88d800c846c74ed) Importer(2089858483,0ecaa5967403d082aa24f35e1b516d23)
Number of updated assets reloaded before import = 0
Start importing Assets/Mirror/Core/Tools/TimeSample.cs using Guid(26c32f6429554546a88d800c846c74ed) Importer(2089858483,0ecaa5967403d082aa24f35e1b516d23)  -> (artifact id: 'd2c80fe48d717605d336a11dcf1e9315') in 0.013842 seconds 
Number of asset objects unloaded after import = 1
========================================================================
Received Import Request.
  Time since last request: 0.000027 seconds.
  path: Assets/TextMesh Pro/Shaders/TMP_SDF-Mobile.shader
  artifactKey: Guid(fe393ace9b354375a9cb14cdbbc28be4) Importer(2089858483,0ecaa5967403d082aa24f35e1b516d23)
Number of updated assets reloaded before import = 0
Start importing Assets/TextMesh Pro/Shaders/TMP_SDF-Mobile.shader using Guid(fe393ace9b354375a9cb14cdbbc28be4) Importer(2089858483,0ecaa5967403d082aa24f35e1b516d23)  -> (artifact id: '485f5ad32d95a99268bf94109b2c11bb') in 0.022603 seconds 
Number of asset objects unloaded after import = 1
========================================================================
Received Import Request.
  Time since last request: 0.000023 seconds.
  path: Assets/Mirror/Examples/PlayerTest/PlayerTestNetMan.cs
  artifactKey: Guid(bcc60dcfb35eb614dba363be60f12e68) Importer(2089858483,0ecaa5967403d082aa24f35e1b516d23)
Number of updated assets reloaded before import = 0
Start importing Assets/Mirror/Examples/PlayerTest/PlayerTestNetMan.cs using Guid(bcc60dcfb35eb614dba363be60f12e68) Importer(2089858483,0ecaa5967403d082aa24f35e1b516d23)  -> (artifact id: '0dd3ed351d2dd16590a45376b45a8c79') in 0.013765 seconds 
Number of asset objects unloaded after import = 1
========================================================================
Received Import Request.
  Time since last request: 0.000023 seconds.
  path: Assets/Mirror/Core/Tools/Compression.cs
  artifactKey: Guid(5c28963f9c4b97e418252a55500fb91e) Importer(2089858483,0ecaa5967403d082aa24f35e1b516d23)
Number of updated assets reloaded before import = 0
Start importing Assets/Mirror/Core/Tools/Compression.cs using Guid(5c28963f9c4b97e418252a55500fb91e) Importer(2089858483,0ecaa5967403d082aa24f35e1b516d23)  -> (artifact id: '5dd25159e7b8951a2a8294a673e5982a') in 0.012386 seconds 
Number of asset objects unloaded after import = 1
========================================================================
Received Import Request.
  Time since last request: 0.000036 seconds.
  path: Assets/Mirror/Examples/BenchmarkStinkySteak/LICENSE.md
  artifactKey: Guid(47c281457363740d58cafc331b207e35) Importer(2089858483,0ecaa5967403d082aa24f35e1b516d23)
Number of updated assets reloaded before import = 0
Start importing Assets/Mirror/Examples/BenchmarkStinkySteak/LICENSE.md using Guid(47c281457363740d58cafc331b207e35) Importer(2089858483,0ecaa5967403d082aa24f35e1b516d23)  -> (artifact id: 'f13159615f25be222ae4e3bb6dd1f41c') in 0.016123 seconds 
Number of asset objects unloaded after import = 1
========================================================================
Received Import Request.
  Time since last request: 0.000029 seconds.
  path: Assets/Mirror/Examples/LagCompensation/ServerCube.cs
  artifactKey: Guid(eb17f7222317f4b889bb4e80f69df3f9) Importer(2089858483,0ecaa5967403d082aa24f35e1b516d23)
Number of updated assets reloaded before import = 0
Start importing Assets/Mirror/Examples/LagCompensation/ServerCube.cs using Guid(eb17f7222317f4b889bb4e80f69df3f9) Importer(2089858483,0ecaa5967403d082aa24f35e1b516d23)  -> (artifact id: 'd2e8757406879b24d8e5da73cb50aaff') in 0.010031 seconds 
Number of asset objects unloaded after import = 0
========================================================================
Received Import Request.
  Time since last request: 0.000028 seconds.
  path: Assets/Mirror/Examples/EdgegapLobby/_ReadMe.txt
  artifactKey: Guid(a6c3a72e7e659a7459a3ba3adb15b2e0) Importer(2089858483,0ecaa5967403d082aa24f35e1b516d23)
Number of updated assets reloaded before import = 0
Start importing Assets/Mirror/Examples/EdgegapLobby/_ReadMe.txt using Guid(a6c3a72e7e659a7459a3ba3adb15b2e0) Importer(2089858483,0ecaa5967403d082aa24f35e1b516d23)  -> (artifact id: 'f48e01e557456e707f424730eb10f7b6') in 0.018168 seconds 
Number of asset objects unloaded after import = 1
========================================================================
Received Import Request.
  Time since last request: 0.000025 seconds.
  path: Assets/Mirror/Core/Tools/Extensions.cs
  artifactKey: Guid(decf32fd053744d18f35712b7a6f5116) Importer(2089858483,0ecaa5967403d082aa24f35e1b516d23)
Number of updated assets reloaded before import = 0
Start importing Assets/Mirror/Core/Tools/Extensions.cs using Guid(decf32fd053744d18f35712b7a6f5116) Importer(2089858483,0ecaa5967403d082aa24f35e1b516d23)  -> (artifact id: 'fe417d0013b24579b68a277d16fbc039') in 0.012320 seconds 
Number of asset objects unloaded after import = 1
========================================================================
Received Import Request.
  Time since last request: 0.000026 seconds.
  path: Assets/Mirror/Core/Threading/ThreadLog.cs
  artifactKey: Guid(22360406b3844808b0a305486758a703) Importer(2089858483,0ecaa5967403d082aa24f35e1b516d23)
Number of updated assets reloaded before import = 0
Start importing Assets/Mirror/Core/Threading/ThreadLog.cs using Guid(22360406b3844808b0a305486758a703) Importer(2089858483,0ecaa5967403d082aa24f35e1b516d23)  -> (artifact id: 'c4838905c7900157bafffec57ca2ebe8') in 0.013099 seconds 
Number of asset objects unloaded after import = 1
========================================================================
Received Import Request.
  Time since last request: 0.000022 seconds.
  path: Assets/Mirror/Components/NetworkTransform/TransformSyncData.cs
  artifactKey: Guid(a1c0832ca88e749ff96fe04cebb617ef) Importer(2089858483,0ecaa5967403d082aa24f35e1b516d23)
Number of updated assets reloaded before import = 0
Start importing Assets/Mirror/Components/NetworkTransform/TransformSyncData.cs using Guid(a1c0832ca88e749ff96fe04cebb617ef) Importer(2089858483,0ecaa5967403d082aa24f35e1b516d23)  -> (artifact id: '7ec9c3a97bcbfd02e727dda0fc8ff093') in 0.012796 seconds 
Number of asset objects unloaded after import = 1
========================================================================
Received Import Request.
  Time since last request: 0.000023 seconds.
  path: Assets/TextMesh Pro/Shaders/TMP_Bitmap-Mobile.shader
  artifactKey: Guid(1e3b057af24249748ff873be7fafee47) Importer(2089858483,0ecaa5967403d082aa24f35e1b516d23)
Number of updated assets reloaded before import = 0
Start importing Assets/TextMesh Pro/Shaders/TMP_Bitmap-Mobile.shader using Guid(1e3b057af24249748ff873be7fafee47) Importer(2089858483,0ecaa5967403d082aa24f35e1b516d23)  -> (artifact id: 'adf34ea898bcbe558548cb0fe3cec572') in 0.017810 seconds 
Number of asset objects unloaded after import = 1
========================================================================
Received Import Request.
  Time since last request: 0.000036 seconds.
  path: Assets/Sprites/Spells/lightning.png
  artifactKey: Guid(1c10a406f8efc464ca4cf286c1a88340) Importer(2089858483,0ecaa5967403d082aa24f35e1b516d23)
Number of updated assets reloaded before import = 0
Start importing Assets/Sprites/Spells/lightning.png using Guid(1c10a406f8efc464ca4cf286c1a88340) Importer(2089858483,0ecaa5967403d082aa24f35e1b516d23)  -> (artifact id: 'acb047c9bef9e900a4b83d4cf676e593') in 0.025131 seconds 
Number of asset objects unloaded after import = 3
========================================================================
Received Import Request.
  Time since last request: 0.000045 seconds.
  path: Assets/Mirror/Examples/BenchmarkPrediction/Readme.md
  artifactKey: Guid(ef1cc472cf2141baa667b35be391340a) Importer(2089858483,0ecaa5967403d082aa24f35e1b516d23)
Number of updated assets reloaded before import = 0
Start importing Assets/Mirror/Examples/BenchmarkPrediction/Readme.md using Guid(ef1cc472cf2141baa667b35be391340a) Importer(2089858483,0ecaa5967403d082aa24f35e1b516d23)  -> (artifact id: '3db8649167302e698e3e373d3478db4b') in 0.015723 seconds 
Number of asset objects unloaded after import = 1
========================================================================
Received Import Request.
  Time since last request: 0.000027 seconds.
  path: Assets/Mirror/Components/Discovery/ServerResponse.cs
  artifactKey: Guid(36f97227fdf2d7a4e902db5bfc43039c) Importer(2089858483,0ecaa5967403d082aa24f35e1b516d23)
Number of updated assets reloaded before import = 0
Start importing Assets/Mirror/Components/Discovery/ServerResponse.cs using Guid(36f97227fdf2d7a4e902db5bfc43039c) Importer(2089858483,0ecaa5967403d082aa24f35e1b516d23)  -> (artifact id: '17c18a1ce524931dc134b78ff83a8a5f') in 0.014895 seconds 
Number of asset objects unloaded after import = 1
========================================================================
Received Import Request.
  Time since last request: 0.000029 seconds.
  path: Assets/Sprites/Spells/ice.png
  artifactKey: Guid(9e603e6d725606344bf9eef9100b5851) Importer(2089858483,0ecaa5967403d082aa24f35e1b516d23)
Number of updated assets reloaded before import = 0
Start importing Assets/Sprites/Spells/ice.png using Guid(9e603e6d725606344bf9eef9100b5851) Importer(2089858483,0ecaa5967403d082aa24f35e1b516d23)  -> (artifact id: '0b94522196d35727308c834e8c9d9556') in 0.030184 seconds 
Number of asset objects unloaded after import = 3
========================================================================
Received Import Request.
  Time since last request: 0.000029 seconds.
  path: Assets/TextMesh Pro/Shaders/TMP_SDF.shader
  artifactKey: Guid(68e6db2ebdc24f95958faec2be5558d6) Importer(2089858483,0ecaa5967403d082aa24f35e1b516d23)
Number of updated assets reloaded before import = 0
Start importing Assets/TextMesh Pro/Shaders/TMP_SDF.shader using Guid(68e6db2ebdc24f95958faec2be5558d6) Importer(2089858483,0ecaa5967403d082aa24f35e1b516d23)  -> (artifact id: '0f6f1f631beb544de729ace04637c421') in 0.017741 seconds 
Number of asset objects unloaded after import = 1
========================================================================
Received Import Request.
  Time since last request: 0.000024 seconds.
  path: Assets/Mirror/Components/NetworkTransform/NetworkTransformUnreliable.cs
  artifactKey: Guid(a553cb17010b2403e8523b558bffbc14) Importer(2089858483,0ecaa5967403d082aa24f35e1b516d23)
Number of updated assets reloaded before import = 0
Start importing Assets/Mirror/Components/NetworkTransform/NetworkTransformUnreliable.cs using Guid(a553cb17010b2403e8523b558bffbc14) Importer(2089858483,0ecaa5967403d082aa24f35e1b516d23)  -> (artifact id: '8ca3942ca46b2f9827e492bceb107335') in 0.012852 seconds 
Number of asset objects unloaded after import = 1
========================================================================
Received Import Request.
  Time since last request: 0.000025 seconds.
  path: Assets/Mirror/Examples/LagCompensation/Capture2D.cs
  artifactKey: Guid(a2ccdcd0db384bf08f4150ffb08fd09b) Importer(2089858483,0ecaa5967403d082aa24f35e1b516d23)
Number of updated assets reloaded before import = 0
Start importing Assets/Mirror/Examples/LagCompensation/Capture2D.cs using Guid(a2ccdcd0db384bf08f4150ffb08fd09b) Importer(2089858483,0ecaa5967403d082aa24f35e1b516d23)  -> (artifact id: 'c333ca0229b5f9c831eb1fb44a0b0b14') in 0.012666 seconds 
Number of asset objects unloaded after import = 0
========================================================================
Received Import Request.
  Time since last request: 0.000031 seconds.
  path: Assets/Mirror/Core/Threading/ConcurrentPool.cs
  artifactKey: Guid(ed304bd790ff478ca37233f66d04d1c6) Importer(2089858483,0ecaa5967403d082aa24f35e1b516d23)
Number of updated assets reloaded before import = 0
Start importing Assets/Mirror/Core/Threading/ConcurrentPool.cs using Guid(ed304bd790ff478ca37233f66d04d1c6) Importer(2089858483,0ecaa5967403d082aa24f35e1b516d23)  -> (artifact id: '5030992b1327bbad9ffcfeadc31e4c10') in 0.014174 seconds 
Number of asset objects unloaded after import = 1
========================================================================
Received Import Request.
  Time since last request: 0.000022 seconds.
  path: Assets/Mirror/Examples/HexSpatialHash/Hex3DSpatialHash.unity
  artifactKey: Guid(e43f8c9a8ffac304d8ed2e98d0614ff8) Importer(2089858483,0ecaa5967403d082aa24f35e1b516d23)
Number of updated assets reloaded before import = 0
Start importing Assets/Mirror/Examples/HexSpatialHash/Hex3DSpatialHash.unity using Guid(e43f8c9a8ffac304d8ed2e98d0614ff8) Importer(2089858483,0ecaa5967403d082aa24f35e1b516d23)  -> (artifact id: 'd57fbddc878a3982181f61109243c326') in 0.009578 seconds 
Number of asset objects unloaded after import = 1
========================================================================
Received Import Request.
  Time since last request: 0.000019 seconds.
  path: Assets/Mirror/Core/Tools/ExponentialMovingAverage.cs
  artifactKey: Guid(05e858cbaa54b4ce4a48c8c7f50c1914) Importer(2089858483,0ecaa5967403d082aa24f35e1b516d23)
Number of updated assets reloaded before import = 0
Start importing Assets/Mirror/Core/Tools/ExponentialMovingAverage.cs using Guid(05e858cbaa54b4ce4a48c8c7f50c1914) Importer(2089858483,0ecaa5967403d082aa24f35e1b516d23)  -> (artifact id: '7bbc6a2580f7197a2870c09c2a482801') in 0.014619 seconds 
Number of asset objects unloaded after import = 1
========================================================================
Received Import Request.
  Time since last request: 0.000029 seconds.
  path: Assets/Mirror/Examples/PickupsDropsChilds/PickupsDropsChilds.unity
  artifactKey: Guid(2c26d69f5818f514b9504823866eb714) Importer(2089858483,0ecaa5967403d082aa24f35e1b516d23)
Number of updated assets reloaded before import = 0
Start importing Assets/Mirror/Examples/PickupsDropsChilds/PickupsDropsChilds.unity using Guid(2c26d69f5818f514b9504823866eb714) Importer(2089858483,0ecaa5967403d082aa24f35e1b516d23)  -> (artifact id: 'bd1ef8976d423dc24284ef6ea53c8347') in 0.013012 seconds 
Number of asset objects unloaded after import = 1
========================================================================
Received Import Request.
  Time since last request: 0.000022 seconds.
  path: Assets/Mirror/Components/NetworkRigidbody/NetworkRigidbodyUnreliableCompressed.cs
  artifactKey: Guid(9f830b261ed7644a4b1cc262cf36fc96) Importer(2089858483,0ecaa5967403d082aa24f35e1b516d23)
Number of updated assets reloaded before import = 0
Start importing Assets/Mirror/Components/NetworkRigidbody/NetworkRigidbodyUnreliableCompressed.cs using Guid(9f830b261ed7644a4b1cc262cf36fc96) Importer(2089858483,0ecaa5967403d082aa24f35e1b516d23)  -> (artifact id: 'a1fd1f25e8c74788c18c298666502f7d') in 0.014376 seconds 
Number of asset objects unloaded after import = 1
========================================================================
Received Import Request.
  Time since last request: 0.000029 seconds.
  path: Assets/Mirror/Examples/LagCompensation/ClientCube.cs
  artifactKey: Guid(8caf33fba9e694fef966e0b2f88f0afc) Importer(2089858483,0ecaa5967403d082aa24f35e1b516d23)
Number of updated assets reloaded before import = 0
Start importing Assets/Mirror/Examples/LagCompensation/ClientCube.cs using Guid(8caf33fba9e694fef966e0b2f88f0afc) Importer(2089858483,0ecaa5967403d082aa24f35e1b516d23)  -> (artifact id: '102e05dd139a21737daa22930acb9ebb') in 0.011219 seconds 
Number of asset objects unloaded after import = 0
========================================================================
Received Import Request.
  Time since last request: 0.000025 seconds.
  path: Assets/Mirror/Examples/CCU/Red.mat
  artifactKey: Guid(7b742246ea1d249358a8a8e039bd4b17) Importer(2089858483,0ecaa5967403d082aa24f35e1b516d23)
Number of updated assets reloaded before import = 0
Start importing Assets/Mirror/Examples/CCU/Red.mat using Guid(7b742246ea1d249358a8a8e039bd4b17) Importer(2089858483,0ecaa5967403d082aa24f35e1b516d23)  -> (artifact id: '2ae21318ba90a1b66981c1ef519230e2') in 0.085503 seconds 
Number of asset objects unloaded after import = 1
========================================================================
Received Import Request.
  Time since last request: 0.000031 seconds.
  path: Assets/Mirror/Examples/BenchmarkIdle/Npc.cs
  artifactKey: Guid(112eda4d75f3840238a75926c4d465bf) Importer(2089858483,0ecaa5967403d082aa24f35e1b516d23)
Number of updated assets reloaded before import = 0
Start importing Assets/Mirror/Examples/BenchmarkIdle/Npc.cs using Guid(112eda4d75f3840238a75926c4d465bf) Importer(2089858483,0ecaa5967403d082aa24f35e1b516d23)  -> (artifact id: '82ef7579af1b8de475dda242bcef4676') in 0.011631 seconds 
Number of asset objects unloaded after import = 0
========================================================================
Received Import Request.
  Time since last request: 0.000048 seconds.
  path: Assets/Mirror/Core/LagCompensation/HistoryBounds.cs
  artifactKey: Guid(ca9ea58b98a34f73801b162cd5de724e) Importer(2089858483,0ecaa5967403d082aa24f35e1b516d23)
Number of updated assets reloaded before import = 0
Start importing Assets/Mirror/Core/LagCompensation/HistoryBounds.cs using Guid(ca9ea58b98a34f73801b162cd5de724e) Importer(2089858483,0ecaa5967403d082aa24f35e1b516d23)  -> (artifact id: '60c1b292c9f3ec42c2f65d85071917d7') in 0.014634 seconds 
Number of asset objects unloaded after import = 1
========================================================================
Received Import Request.
  Time since last request: 0.000031 seconds.
  path: Assets/Mirror/Examples/CCU/CCUNetworkManager.cs
  artifactKey: Guid(b0ff29cd45bcd43128c4cc79f25fd658) Importer(2089858483,0ecaa5967403d082aa24f35e1b516d23)
Number of updated assets reloaded before import = 0
Start importing Assets/Mirror/Examples/CCU/CCUNetworkManager.cs using Guid(b0ff29cd45bcd43128c4cc79f25fd658) Importer(2089858483,0ecaa5967403d082aa24f35e1b516d23)  -> (artifact id: '8757c73fb5a2f9712796d78621f0c649') in 0.013127 seconds 
Number of asset objects unloaded after import = 0
========================================================================
Received Import Request.
  Time since last request: 0.000020 seconds.
  path: Assets/Mirror/Examples/CouchCoop/MirrorCouchCoop.unity
  artifactKey: Guid(639ffa9af490c4a8fb41de76fd1ab4e1) Importer(2089858483,0ecaa5967403d082aa24f35e1b516d23)
Number of updated assets reloaded before import = 0
Start importing Assets/Mirror/Examples/CouchCoop/MirrorCouchCoop.unity using Guid(639ffa9af490c4a8fb41de76fd1ab4e1) Importer(2089858483,0ecaa5967403d082aa24f35e1b516d23)  -> (artifact id: '322b6cb2b0c17b2432cd25b1130bd226') in 0.010757 seconds 
Number of asset objects unloaded after import = 1
========================================================================
Received Import Request.
  Time since last request: 0.000030 seconds.
  path: Assets/Mirror/Core/Threading/ConcurrentNetworkWriterPool.cs
  artifactKey: Guid(fdf46e334f52400c854c9732f6fcf005) Importer(2089858483,0ecaa5967403d082aa24f35e1b516d23)
Number of updated assets reloaded before import = 0
Start importing Assets/Mirror/Core/Threading/ConcurrentNetworkWriterPool.cs using Guid(fdf46e334f52400c854c9732f6fcf005) Importer(2089858483,0ecaa5967403d082aa24f35e1b516d23)  -> (artifact id: '12418c43654c84bb6a2d9ab630ccdb7b') in 0.013336 seconds 
Number of asset objects unloaded after import = 1
========================================================================
Received Import Request.
  Time since last request: 0.000024 seconds.
  path: Assets/TextMesh Pro/Resources/LineBreaking Following Characters.txt
  artifactKey: Guid(fade42e8bc714b018fac513c043d323b) Importer(2089858483,0ecaa5967403d082aa24f35e1b516d23)
Number of updated assets reloaded before import = 0
Start importing Assets/TextMesh Pro/Resources/LineBreaking Following Characters.txt using Guid(fade42e8bc714b018fac513c043d323b) Importer(2089858483,0ecaa5967403d082aa24f35e1b516d23)  -> (artifact id: '06f22dbd089a1236170dc16c71ac88b5') in 0.011695 seconds 
Number of asset objects unloaded after import = 1
========================================================================
Received Import Request.
  Time since last request: 0.000025 seconds.
  path: Assets/Mirror/Examples/Snapshot Interpolation/README.txt
  artifactKey: Guid(cc8afa2efb5b4af1a983b5de47226e1e) Importer(2089858483,0ecaa5967403d082aa24f35e1b516d23)
Number of updated assets reloaded before import = 0
Start importing Assets/Mirror/Examples/Snapshot Interpolation/README.txt using Guid(cc8afa2efb5b4af1a983b5de47226e1e) Importer(2089858483,0ecaa5967403d082aa24f35e1b516d23)  -> (artifact id: 'e2bfc238df111ca05164d9489ea49ed0') in 0.017232 seconds 
Number of asset objects unloaded after import = 1
========================================================================
Received Import Request.
  Time since last request: 0.000048 seconds.
  path: Assets/Mirror/Core/LagCompensation/MinMaxBounds.cs
  artifactKey: Guid(4372b1e1a1cc4c669cc7bf0925f59d29) Importer(2089858483,0ecaa5967403d082aa24f35e1b516d23)
Number of updated assets reloaded before import = 0
Start importing Assets/Mirror/Core/LagCompensation/MinMaxBounds.cs using Guid(4372b1e1a1cc4c669cc7bf0925f59d29) Importer(2089858483,0ecaa5967403d082aa24f35e1b516d23)  -> (artifact id: '229556c588ab61f3da19695c0bb9279f') in 0.022790 seconds 
Number of asset objects unloaded after import = 1
========================================================================
Received Import Request.
  Time since last request: 0.000027 seconds.
  path: Assets/Sprites/Talent tree_XP Bar/freeze_1.png
  artifactKey: Guid(043687bbac0a0cc4db0cff07493431a7) Importer(2089858483,0ecaa5967403d082aa24f35e1b516d23)
Number of updated assets reloaded before import = 0
Start importing Assets/Sprites/Talent tree_XP Bar/freeze_1.png using Guid(043687bbac0a0cc4db0cff07493431a7) Importer(2089858483,0ecaa5967403d082aa24f35e1b516d23)  -> (artifact id: '5be3a39aee45fdf61df98e3550780fc9') in 0.026077 seconds 
Number of asset objects unloaded after import = 3
========================================================================
Received Import Request.
  Time since last request: 0.000022 seconds.
  path: Assets/Mirror/Examples/BenchmarkIdle/_Readme.txt
  artifactKey: Guid(c00df365757142c3b4b835df96eba59b) Importer(2089858483,0ecaa5967403d082aa24f35e1b516d23)
Number of updated assets reloaded before import = 0
Start importing Assets/Mirror/Examples/BenchmarkIdle/_Readme.txt using Guid(c00df365757142c3b4b835df96eba59b) Importer(2089858483,0ecaa5967403d082aa24f35e1b516d23)  -> (artifact id: 'c514bc31213827dad6794173c2db9515') in 0.019431 seconds 
Number of asset objects unloaded after import = 1
========================================================================
Received Import Request.
  Time since last request: 0.000032 seconds.
  path: Assets/Mirror/Examples/CouchCoop/_ReadMe.txt
  artifactKey: Guid(bd8cfa13483c4428facfd02c63e3dbca) Importer(2089858483,0ecaa5967403d082aa24f35e1b516d23)
Number of updated assets reloaded before import = 0
Start importing Assets/Mirror/Examples/CouchCoop/_ReadMe.txt using Guid(bd8cfa13483c4428facfd02c63e3dbca) Importer(2089858483,0ecaa5967403d082aa24f35e1b516d23)  -> (artifact id: 'c2b91e7643774cc1ea5117020af621a5') in 0.017751 seconds 
Number of asset objects unloaded after import = 1
========================================================================
Received Import Request.
  Time since last request: 0.000027 seconds.
  path: Assets/Mirror/Editor/Weaver/AssemblyInfo.cs
  artifactKey: Guid(929924d95663264478d4238d4910d22e) Importer(2089858483,0ecaa5967403d082aa24f35e1b516d23)
Number of updated assets reloaded before import = 0
Start importing Assets/Mirror/Editor/Weaver/AssemblyInfo.cs using Guid(929924d95663264478d4238d4910d22e) Importer(2089858483,0ecaa5967403d082aa24f35e1b516d23)  -> (artifact id: 'd4ec67c4ecb80974caca8fd446aaa633') in 0.012775 seconds 
Number of asset objects unloaded after import = 0
========================================================================
Received Import Request.
  Time since last request: 0.000032 seconds.
  path: Assets/Sprites/Talent tree_XP Bar/sword_3.png
  artifactKey: Guid(c2a24ebf7059e594aa68f6264ccd45a6) Importer(2089858483,0ecaa5967403d082aa24f35e1b516d23)
Number of updated assets reloaded before import = 0
Start importing Assets/Sprites/Talent tree_XP Bar/sword_3.png using Guid(c2a24ebf7059e594aa68f6264ccd45a6) Importer(2089858483,0ecaa5967403d082aa24f35e1b516d23)  -> (artifact id: 'cb98e59d4a35c73296273070a698b98a') in 0.018363 seconds 
Number of asset objects unloaded after import = 3
========================================================================
Received Import Request.
  Time since last request: 0.000034 seconds.
  path: Assets/Mirror/Components/Discovery/ServerRequest.cs
  artifactKey: Guid(ea7254bf7b9454da4adad881d94cd141) Importer(2089858483,0ecaa5967403d082aa24f35e1b516d23)
Number of updated assets reloaded before import = 0
Start importing Assets/Mirror/Components/Discovery/ServerRequest.cs using Guid(ea7254bf7b9454da4adad881d94cd141) Importer(2089858483,0ecaa5967403d082aa24f35e1b516d23)  -> (artifact id: '15e514dfa2e9db4b045ebbabce10bd5f') in 0.013508 seconds 
Number of asset objects unloaded after import = 1
========================================================================
Received Import Request.
  Time since last request: 0.000029 seconds.
  path: Assets/Mirror/Components/LagCompensation/LagCompensator.cs
  artifactKey: Guid(a898831dd60c4cdfbfd9a6ea5702ed01) Importer(2089858483,0ecaa5967403d082aa24f35e1b516d23)
Number of updated assets reloaded before import = 0
Start importing Assets/Mirror/Components/LagCompensation/LagCompensator.cs using Guid(a898831dd60c4cdfbfd9a6ea5702ed01) Importer(2089858483,0ecaa5967403d082aa24f35e1b516d23)  -> (artifact id: '3fc08992edcf92e67390be7e6c8691c1') in 0.012047 seconds 
Number of asset objects unloaded after import = 1
========================================================================
Received Import Request.
  Time since last request: 0.000023 seconds.
  path: Assets/Mirror/Examples/Basic/README.md
  artifactKey: Guid(67177defd4d334a549e535f10506cc66) Importer(2089858483,0ecaa5967403d082aa24f35e1b516d23)
Number of updated assets reloaded before import = 0
Start importing Assets/Mirror/Examples/Basic/README.md using Guid(67177defd4d334a549e535f10506cc66) Importer(2089858483,0ecaa5967403d082aa24f35e1b516d23)  -> (artifact id: 'e18dad1f2056ca06a50801b8c3a3aa69') in 0.016068 seconds 
Number of asset objects unloaded after import = 1
========================================================================
Received Import Request.
  Time since last request: 0.435602 seconds.
  path: Assets/Mirror/Examples/SyncDirection/Player.cs
  artifactKey: Guid(956e0a6952a1c4c0dabd59805ab743a7) Importer(2089858483,0ecaa5967403d082aa24f35e1b516d23)
Number of updated assets reloaded before import = 0
Start importing Assets/Mirror/Examples/SyncDirection/Player.cs using Guid(956e0a6952a1c4c0dabd59805ab743a7) Importer(2089858483,0ecaa5967403d082aa24f35e1b516d23)  -> (artifact id: 'a719fdef434c3e7537f9506b944f3fbc') in 0.011384 seconds 
Number of asset objects unloaded after import = 0
========================================================================
Received Import Request.
  Time since last request: 0.000026 seconds.
  path: Assets/Sprites/Gear/shoulders/shoulders_walk_left.png
  artifactKey: Guid(8931363ef3dbd704cb0236d2a1871497) Importer(2089858483,0ecaa5967403d082aa24f35e1b516d23)
Number of updated assets reloaded before import = 0
Start importing Assets/Sprites/Gear/shoulders/shoulders_walk_left.png using Guid(8931363ef3dbd704cb0236d2a1871497) Importer(2089858483,0ecaa5967403d082aa24f35e1b516d23)  -> (artifact id: '6b0b774545d5e0c6605cf423250970d9') in 0.061609 seconds 
Number of asset objects unloaded after import = 18
========================================================================
Received Import Request.
  Time since last request: 0.000104 seconds.
  path: Assets/Mirror/Examples/VR/Readme.txt
  artifactKey: Guid(bf76c107ec7e432f9a6ec42382e156e1) Importer(2089858483,0ecaa5967403d082aa24f35e1b516d23)
Number of updated assets reloaded before import = 0
Start importing Assets/Mirror/Examples/VR/Readme.txt using Guid(bf76c107ec7e432f9a6ec42382e156e1) Importer(2089858483,0ecaa5967403d082aa24f35e1b516d23)  -> (artifact id: '735f612aa64c0eac6d41f12a5b55a955') in 0.018261 seconds 
Number of asset objects unloaded after import = 1
========================================================================
Received Import Request.
  Time since last request: 0.000021 seconds.
  path: Assets/Sprites/Enviroment/WaterTiles/5.png
  artifactKey: Guid(15cde0e75101a8d44a84d9c24e9a6bca) Importer(2089858483,0ecaa5967403d082aa24f35e1b516d23)
Number of updated assets reloaded before import = 0
Start importing Assets/Sprites/Enviroment/WaterTiles/5.png using Guid(15cde0e75101a8d44a84d9c24e9a6bca) Importer(2089858483,0ecaa5967403d082aa24f35e1b516d23)  -> (artifact id: '93a7e9adb6762df30e37972780992827') in 0.020464 seconds 
Number of asset objects unloaded after import = 3
========================================================================
Received Import Request.
  Time since last request: 0.000026 seconds.
  path: Assets/Sprites/skeleton_1/death_left/death_left_1_0004.png
  artifactKey: Guid(d58933dd19f35dd439eb73cc3836933b) Importer(2089858483,0ecaa5967403d082aa24f35e1b516d23)
Number of updated assets reloaded before import = 0
Start importing Assets/Sprites/skeleton_1/death_left/death_left_1_0004.png using Guid(d58933dd19f35dd439eb73cc3836933b) Importer(2089858483,0ecaa5967403d082aa24f35e1b516d23)  -> (artifact id: 'b29e85f387118499bd1d80452df23df8') in 0.019689 seconds 
Number of asset objects unloaded after import = 3
========================================================================
Received Import Request.
  Time since last request: 0.000032 seconds.
  path: Assets/Sprites/Gear/shoulders/shoulders_walk_right.png
  artifactKey: Guid(ec27a06737e08804bb5a45d7e4267746) Importer(2089858483,0ecaa5967403d082aa24f35e1b516d23)
Number of updated assets reloaded before import = 0
Start importing Assets/Sprites/Gear/shoulders/shoulders_walk_right.png using Guid(ec27a06737e08804bb5a45d7e4267746) Importer(2089858483,0ecaa5967403d082aa24f35e1b516d23)  -> (artifact id: 'e7129a481589129c06db7b9e723a389d') in 0.065327 seconds 
Number of asset objects unloaded after import = 18
========================================================================
Received Import Request.
  Time since last request: 0.000030 seconds.
  path: Assets/Sprites/Enviroment/WaterTiles/36.png
  artifactKey: Guid(cbeb3a8c411ac144b81a09605a8db503) Importer(2089858483,0ecaa5967403d082aa24f35e1b516d23)
Number of updated assets reloaded before import = 0
Start importing Assets/Sprites/Enviroment/WaterTiles/36.png using Guid(cbeb3a8c411ac144b81a09605a8db503) Importer(2089858483,0ecaa5967403d082aa24f35e1b516d23)  -> (artifact id: '62c3b3c1a97c3f534b22ef45c4920053') in 0.018057 seconds 
Number of asset objects unloaded after import = 3
========================================================================
Received Import Request.
  Time since last request: 0.000024 seconds.
  path: Assets/Sprites/skeleton_1/attack_right/attack_right_1_0005.png
  artifactKey: Guid(041edd9410a865940be014d61e7f9acc) Importer(2089858483,0ecaa5967403d082aa24f35e1b516d23)
Number of updated assets reloaded before import = 0
Start importing Assets/Sprites/skeleton_1/attack_right/attack_right_1_0005.png using Guid(041edd9410a865940be014d61e7f9acc) Importer(2089858483,0ecaa5967403d082aa24f35e1b516d23)  -> (artifact id: '3e6e05f1dff09274458d389add8545f5') in 0.020459 seconds 
Number of asset objects unloaded after import = 3
========================================================================
Received Import Request.
  Time since last request: 0.000025 seconds.
  path: Assets/Sprites/skeleton_1/death_right/death_right_1_0008.png
  artifactKey: Guid(37c54f7ccb2c7e44c9a373a82f4914ab) Importer(2089858483,0ecaa5967403d082aa24f35e1b516d23)
Number of updated assets reloaded before import = 0
Start importing Assets/Sprites/skeleton_1/death_right/death_right_1_0008.png using Guid(37c54f7ccb2c7e44c9a373a82f4914ab) Importer(2089858483,0ecaa5967403d082aa24f35e1b516d23)  -> (artifact id: '51d151bca762120587261687eb44787e') in 0.020034 seconds 
Number of asset objects unloaded after import = 3
========================================================================
Received Import Request.
  Time since last request: 0.000030 seconds.
  path: Assets/Sprites/Gear/weapon/weapon_idle_left.png
  artifactKey: Guid(5858634090d12f043bfc30ef225ef65a) Importer(2089858483,0ecaa5967403d082aa24f35e1b516d23)
Number of updated assets reloaded before import = 0
Start importing Assets/Sprites/Gear/weapon/weapon_idle_left.png using Guid(5858634090d12f043bfc30ef225ef65a) Importer(2089858483,0ecaa5967403d082aa24f35e1b516d23)  -> (artifact id: 'aa7135e68579677f66c01db52b3c4336') in 0.051307 seconds 
Number of asset objects unloaded after import = 14
========================================================================
Received Import Request.
  Time since last request: 0.000027 seconds.
  path: Assets/Sprites/skeleton_1/attack_right/attack_right_1_0007.png
  artifactKey: Guid(4ba36c8c3d51ad140968f04a9ffa10c2) Importer(2089858483,0ecaa5967403d082aa24f35e1b516d23)
Number of updated assets reloaded before import = 0
Start importing Assets/Sprites/skeleton_1/attack_right/attack_right_1_0007.png using Guid(4ba36c8c3d51ad140968f04a9ffa10c2) Importer(2089858483,0ecaa5967403d082aa24f35e1b516d23)  -> (artifact id: 'b1fa100f0d1eb6ba84c03cadd8dd1246') in 0.025397 seconds 
Number of asset objects unloaded after import = 3
========================================================================
Received Import Request.
  Time since last request: 0.000027 seconds.
  path: Assets/Sprites/skeleton_1/attack_up/attack_up_1_0001.png
  artifactKey: Guid(c4ac33a0767cdca4a883bfb66c926a5b) Importer(2089858483,0ecaa5967403d082aa24f35e1b516d23)
Number of updated assets reloaded before import = 0
Start importing Assets/Sprites/skeleton_1/attack_up/attack_up_1_0001.png using Guid(c4ac33a0767cdca4a883bfb66c926a5b) Importer(2089858483,0ecaa5967403d082aa24f35e1b516d23)  -> (artifact id: 'c7ec181f96e2dd2dc7f3e6bb72d4d127') in 0.032910 seconds 
Number of asset objects unloaded after import = 3
========================================================================
Received Import Request.
  Time since last request: 0.000027 seconds.
  path: Assets/Sprites/skeleton_1/death_right/death_right_1_0010.png
  artifactKey: Guid(8a78d5364787f264b9e1ab6d810d7f09) Importer(2089858483,0ecaa5967403d082aa24f35e1b516d23)
Number of updated assets reloaded before import = 0
Start importing Assets/Sprites/skeleton_1/death_right/death_right_1_0010.png using Guid(8a78d5364787f264b9e1ab6d810d7f09) Importer(2089858483,0ecaa5967403d082aa24f35e1b516d23)  -> (artifact id: 'cbd551e678fa500f29b75b38ba978e6e') in 0.025334 seconds 
Number of asset objects unloaded after import = 3
========================================================================
Received Import Request.
  Time since last request: 0.000023 seconds.
  path: Assets/Sprites/Gear/shoulders/shoulders_idle_right.png
  artifactKey: Guid(8f3b0f541d0cef44180510be13cf76de) Importer(2089858483,0ecaa5967403d082aa24f35e1b516d23)
Number of updated assets reloaded before import = 0
Start importing Assets/Sprites/Gear/shoulders/shoulders_idle_right.png using Guid(8f3b0f541d0cef44180510be13cf76de) Importer(2089858483,0ecaa5967403d082aa24f35e1b516d23)  -> (artifact id: '463c9228c917fe5a3e8f84e4479ec6a8') in 0.067786 seconds 
Number of asset objects unloaded after import = 14
========================================================================
Received Import Request.
  Time since last request: 0.000030 seconds.
  path: Assets/Sprites/Enviroment/WaterTiles/9.png
  artifactKey: Guid(18c7b05e24e50944686e6adb87f333b8) Importer(2089858483,0ecaa5967403d082aa24f35e1b516d23)
Number of updated assets reloaded before import = 0
Start importing Assets/Sprites/Enviroment/WaterTiles/9.png using Guid(18c7b05e24e50944686e6adb87f333b8) Importer(2089858483,0ecaa5967403d082aa24f35e1b516d23)  -> (artifact id: '3acc04eda69ef732c9bf012867e6b0f6') in 0.024994 seconds 
Number of asset objects unloaded after import = 3
========================================================================
Received Import Request.
  Time since last request: 0.000051 seconds.
  path: Assets/Sprites/Enviroment/WaterTiles/3.png
  artifactKey: Guid(0871c419e99aa044b95908b5fc795dbe) Importer(2089858483,0ecaa5967403d082aa24f35e1b516d23)
Number of updated assets reloaded before import = 0
Start importing Assets/Sprites/Enviroment/WaterTiles/3.png using Guid(0871c419e99aa044b95908b5fc795dbe) Importer(2089858483,0ecaa5967403d082aa24f35e1b516d23)  -> (artifact id: '1cce8b2aaad5bd6ac0e7101d9d7f19ee') in 0.027234 seconds 
Number of asset objects unloaded after import = 3
========================================================================
Received Import Request.
  Time since last request: 0.000036 seconds.
  path: Assets/Sprites/skeleton_1/death_right/death_right_1_0011.png
  artifactKey: Guid(7310188595361e74496e7fd3288f2e85) Importer(2089858483,0ecaa5967403d082aa24f35e1b516d23)
Number of updated assets reloaded before import = 0
Start importing Assets/Sprites/skeleton_1/death_right/death_right_1_0011.png using Guid(7310188595361e74496e7fd3288f2e85) Importer(2089858483,0ecaa5967403d082aa24f35e1b516d23)  -> (artifact id: 'b3335b02e135e7a0924a545ceb6a6ed4') in 0.030345 seconds 
Number of asset objects unloaded after import = 3
========================================================================
Received Import Request.
  Time since last request: 0.000032 seconds.
  path: Assets/Sprites/Gear/hat/hat_walk_front.png
  artifactKey: Guid(f74fa0aff5fac2b43bf814fa4be27497) Importer(2089858483,0ecaa5967403d082aa24f35e1b516d23)
Number of updated assets reloaded before import = 0
Start importing Assets/Sprites/Gear/hat/hat_walk_front.png using Guid(f74fa0aff5fac2b43bf814fa4be27497) Importer(2089858483,0ecaa5967403d082aa24f35e1b516d23)  -> (artifact id: 'e8dff108d3143f8b7b235d6bd703e335') in 0.097388 seconds 
Number of asset objects unloaded after import = 18
========================================================================
Received Import Request.
  Time since last request: 0.000028 seconds.
  path: Assets/Sprites/Gear/boots/boots_walk_left.png
  artifactKey: Guid(0a983e630024c354c91ebe60344882dd) Importer(2089858483,0ecaa5967403d082aa24f35e1b516d23)
Number of updated assets reloaded before import = 0
Start importing Assets/Sprites/Gear/boots/boots_walk_left.png using Guid(0a983e630024c354c91ebe60344882dd) Importer(2089858483,0ecaa5967403d082aa24f35e1b516d23)  -> (artifact id: 'cd381fe7cfc6fcbfe848fd72d42b4627') in 0.080111 seconds 
Number of asset objects unloaded after import = 18
========================================================================
Received Import Request.
  Time since last request: 0.000030 seconds.
  path: Assets/Sprites/skeleton_1/attack_right/attack_right_1_0001.png
  artifactKey: Guid(3224647f0f71c9d429535d755b00e2f4) Importer(2089858483,0ecaa5967403d082aa24f35e1b516d23)
Number of updated assets reloaded before import = 0
Start importing Assets/Sprites/skeleton_1/attack_right/attack_right_1_0001.png using Guid(3224647f0f71c9d429535d755b00e2f4) Importer(2089858483,0ecaa5967403d082aa24f35e1b516d23)  -> (artifact id: '88c1daee1d16c1fe652bf6da9a949c2f') in 0.026246 seconds 
Number of asset objects unloaded after import = 3
========================================================================
Received Import Request.
  Time since last request: 0.000049 seconds.
  path: Assets/Mirror/Presets/Network Transform (Reliable)/ClientAuth-Responsive.preset
  artifactKey: Guid(b6ef89bc6332145cabf562c53295145a) Importer(2089858483,0ecaa5967403d082aa24f35e1b516d23)
Number of updated assets reloaded before import = 0
Start importing Assets/Mirror/Presets/Network Transform (Reliable)/ClientAuth-Responsive.preset using Guid(b6ef89bc6332145cabf562c53295145a) Importer(2089858483,0ecaa5967403d082aa24f35e1b516d23)  -> (artifact id: '4fbc07c05a2599ca2e7b90b71cc07673') in 0.024954 seconds 
Number of asset objects unloaded after import = 1
========================================================================
Received Import Request.
  Time since last request: 0.000028 seconds.
  path: Assets/Sprites/Gear/hat/hat_attack_front.png
  artifactKey: Guid(60b2430aa206d414fb02d35a053a49cd) Importer(2089858483,0ecaa5967403d082aa24f35e1b516d23)
Number of updated assets reloaded before import = 0
Start importing Assets/Sprites/Gear/hat/hat_attack_front.png using Guid(60b2430aa206d414fb02d35a053a49cd) Importer(2089858483,0ecaa5967403d082aa24f35e1b516d23)  -> (artifact id: '92a55a2b6c11e46da53a0e7faef1abe3') in 0.044069 seconds 
Number of asset objects unloaded after import = 10
========================================================================
Received Import Request.
  Time since last request: 0.000030 seconds.
  path: Assets/Sprites/skeleton_1/death_down/death_down_1_0009.png
  artifactKey: Guid(c76779d7b0086054f8cbe353c6dd07b2) Importer(2089858483,0ecaa5967403d082aa24f35e1b516d23)
Number of updated assets reloaded before import = 0
Start importing Assets/Sprites/skeleton_1/death_down/death_down_1_0009.png using Guid(c76779d7b0086054f8cbe353c6dd07b2) Importer(2089858483,0ecaa5967403d082aa24f35e1b516d23)  -> (artifact id: '640dad26fa76968638bec968d563d429') in 0.023867 seconds 
Number of asset objects unloaded after import = 3
========================================================================
Received Import Request.
  Time since last request: 0.000023 seconds.
  path: Assets/Sprites/Gear/weapon/weapon_attack_front.png
  artifactKey: Guid(2dd47b149791473408b010789ebe8cb1) Importer(2089858483,0ecaa5967403d082aa24f35e1b516d23)
Number of updated assets reloaded before import = 0
Start importing Assets/Sprites/Gear/weapon/weapon_attack_front.png using Guid(2dd47b149791473408b010789ebe8cb1) Importer(2089858483,0ecaa5967403d082aa24f35e1b516d23)  -> (artifact id: 'dfd62866f51c159ee339def9e2cc91df') in 0.056136 seconds 
Number of asset objects unloaded after import = 10
========================================================================
Received Import Request.
  Time since last request: 0.000022 seconds.
  path: Assets/Sprites/skeleton_1/attack_up/attack_up_1_0004.png
  artifactKey: Guid(9bacc0e823922cb499327513ace5c041) Importer(2089858483,0ecaa5967403d082aa24f35e1b516d23)
Number of updated assets reloaded before import = 0
Start importing Assets/Sprites/skeleton_1/attack_up/attack_up_1_0004.png using Guid(9bacc0e823922cb499327513ace5c041) Importer(2089858483,0ecaa5967403d082aa24f35e1b516d23)  -> (artifact id: '0de4823ed826cafc376b3e1b9a3b1ea2') in 0.021695 seconds 
Number of asset objects unloaded after import = 3
========================================================================
Received Import Request.
  Time since last request: 0.000051 seconds.
  path: Assets/Mirror/Transports/Edgegap/edgegap.png
  artifactKey: Guid(3ea6ff15cda674a57b0c7c8b7dc1878c) Importer(2089858483,0ecaa5967403d082aa24f35e1b516d23)
Number of updated assets reloaded before import = 0
Start importing Assets/Mirror/Transports/Edgegap/edgegap.png using Guid(3ea6ff15cda674a57b0c7c8b7dc1878c) Importer(2089858483,0ecaa5967403d082aa24f35e1b516d23)  -> (artifact id: 'f49dc1eb4067e3e3410f3c117d7ebb1e') in 0.028292 seconds 
Number of asset objects unloaded after import = 1
========================================================================
Received Import Request.
  Time since last request: 0.000036 seconds.
  path: Assets/Sprites/Gear/hat/hat_idle_left.png
  artifactKey: Guid(e02881eba7994a64ebaa3c26e3dfb461) Importer(2089858483,0ecaa5967403d082aa24f35e1b516d23)
Number of updated assets reloaded before import = 0
Start importing Assets/Sprites/Gear/hat/hat_idle_left.png using Guid(e02881eba7994a64ebaa3c26e3dfb461) Importer(2089858483,0ecaa5967403d082aa24f35e1b516d23)  -> (artifact id: '88cb0fcc0faf5bea6b95d0148a0b2bde') in 0.089049 seconds 
Number of asset objects unloaded after import = 14
========================================================================
Received Import Request.
  Time since last request: 0.000044 seconds.
  path: Assets/Sprites/skeleton_1/death_right/death_right_1_0003.png
  artifactKey: Guid(360e8d74cd836ca46b092b482253eb78) Importer(2089858483,0ecaa5967403d082aa24f35e1b516d23)
Number of updated assets reloaded before import = 0
Start importing Assets/Sprites/skeleton_1/death_right/death_right_1_0003.png using Guid(360e8d74cd836ca46b092b482253eb78) Importer(2089858483,0ecaa5967403d082aa24f35e1b516d23)  -> (artifact id: 'cb1c87b7b58245f354c014caadc2f86a') in 0.028770 seconds 
Number of asset objects unloaded after import = 3
========================================================================
Received Import Request.
  Time since last request: 0.000050 seconds.
  path: Assets/Sprites/Gear/boots/boots_walk_front.png
  artifactKey: Guid(9adcb9da0744d8c4aa14eae8c0640199) Importer(2089858483,0ecaa5967403d082aa24f35e1b516d23)
Number of updated assets reloaded before import = 0
Start importing Assets/Sprites/Gear/boots/boots_walk_front.png using Guid(9adcb9da0744d8c4aa14eae8c0640199) Importer(2089858483,0ecaa5967403d082aa24f35e1b516d23)  -> (artifact id: '51eb518f6d7f6480308a663c635fe4cd') in 0.091866 seconds 
Number of asset objects unloaded after import = 18
========================================================================
Received Import Request.
  Time since last request: 0.000020 seconds.
  path: Assets/Sprites/skeleton_1/attack_down/attack_down_1_0003.png
  artifactKey: Guid(c41cfe834d3c16942856ad51e914fe23) Importer(2089858483,0ecaa5967403d082aa24f35e1b516d23)
Number of updated assets reloaded before import = 0
Start importing Assets/Sprites/skeleton_1/attack_down/attack_down_1_0003.png using Guid(c41cfe834d3c16942856ad51e914fe23) Importer(2089858483,0ecaa5967403d082aa24f35e1b516d23)  -> (artifact id: 'd93e4675e380a98f1168e683fdaec2e8') in 0.025143 seconds 
Number of asset objects unloaded after import = 3
========================================================================
Received Import Request.
  Time since last request: 0.000026 seconds.
  path: Assets/Sprites/Enviroment/WaterTiles/35.png
  artifactKey: Guid(1c18e9616a77bc04ba9191cfe3ee6ba2) Importer(2089858483,0ecaa5967403d082aa24f35e1b516d23)
Number of updated assets reloaded before import = 0
Start importing Assets/Sprites/Enviroment/WaterTiles/35.png using Guid(1c18e9616a77bc04ba9191cfe3ee6ba2) Importer(2089858483,0ecaa5967403d082aa24f35e1b516d23)  -> (artifact id: 'a17f30f7316dde1d6f22b96bf97d8e3f') in 0.021812 seconds 
Number of asset objects unloaded after import = 3
========================================================================
Received Import Request.
  Time since last request: 0.000029 seconds.
  path: Assets/Sprites/Gear/weapon/weapon_idle_right.png
  artifactKey: Guid(f2468c69b2b1f2c4284bf6321c01cad1) Importer(2089858483,0ecaa5967403d082aa24f35e1b516d23)
Number of updated assets reloaded before import = 0
Start importing Assets/Sprites/Gear/weapon/weapon_idle_right.png using Guid(f2468c69b2b1f2c4284bf6321c01cad1) Importer(2089858483,0ecaa5967403d082aa24f35e1b516d23)  -> (artifact id: '1528f136dce53574c719d78c7425f473') in 0.065823 seconds 
Number of asset objects unloaded after import = 14
========================================================================
Received Import Request.
  Time since last request: 0.000028 seconds.
  path: Assets/Sprites/Gear/shoulders/shoulders_attack_right.png
  artifactKey: Guid(d316acb14d011404fbc08dd4e25fa513) Importer(2089858483,0ecaa5967403d082aa24f35e1b516d23)
Number of updated assets reloaded before import = 0
Start importing Assets/Sprites/Gear/shoulders/shoulders_attack_right.png using Guid(d316acb14d011404fbc08dd4e25fa513) Importer(2089858483,0ecaa5967403d082aa24f35e1b516d23)  -> (artifact id: 'da0607b27c4dc41f6f9b5f5e4c79bd2b') in 0.049721 seconds 
Number of asset objects unloaded after import = 12
========================================================================
Received Import Request.
  Time since last request: 0.000032 seconds.
  path: Assets/Sprites/Gear/hat/hat_idle_right.png
  artifactKey: Guid(4d4deaae9dfc6704b9e53e4542d97808) Importer(2089858483,0ecaa5967403d082aa24f35e1b516d23)
Number of updated assets reloaded before import = 0
Start importing Assets/Sprites/Gear/hat/hat_idle_right.png using Guid(4d4deaae9dfc6704b9e53e4542d97808) Importer(2089858483,0ecaa5967403d082aa24f35e1b516d23)  -> (artifact id: '3d918428807df62ae96b68b119e8cf7c') in 0.053598 seconds 
Number of asset objects unloaded after import = 14
========================================================================
Received Import Request.
  Time since last request: 0.000030 seconds.
  path: Assets/Sprites/skeleton_2/walk_down/walk_down_2_0008.png
  artifactKey: Guid(69cb77be9d6981845b9e50480da02d72) Importer(2089858483,0ecaa5967403d082aa24f35e1b516d23)
Number of updated assets reloaded before import = 0
Start importing Assets/Sprites/skeleton_2/walk_down/walk_down_2_0008.png using Guid(69cb77be9d6981845b9e50480da02d72) Importer(2089858483,0ecaa5967403d082aa24f35e1b516d23)  -> (artifact id: '586e0ba281e8670cee15381cfbc586c0') in 0.025404 seconds 
Number of asset objects unloaded after import = 3
========================================================================
Received Import Request.
  Time since last request: 0.000024 seconds.
  path: Assets/Sprites/skeleton_2/death_down/death_down_2_0002.png
  artifactKey: Guid(4e65faca6a9c1004396d092d4ac85ff3) Importer(2089858483,0ecaa5967403d082aa24f35e1b516d23)
Number of updated assets reloaded before import = 0
Start importing Assets/Sprites/skeleton_2/death_down/death_down_2_0002.png using Guid(4e65faca6a9c1004396d092d4ac85ff3) Importer(2089858483,0ecaa5967403d082aa24f35e1b516d23)  -> (artifact id: '98c9660c974879ce89e006c90e3be975') in 0.029141 seconds 
Number of asset objects unloaded after import = 3
========================================================================
Received Import Request.
  Time since last request: 0.000023 seconds.
  path: Assets/Sprites/skeleton_1/idle_left/idle_left_1_0009.png
  artifactKey: Guid(288c94d6398c1a449a18429e318ce38e) Importer(2089858483,0ecaa5967403d082aa24f35e1b516d23)
Number of updated assets reloaded before import = 0
Start importing Assets/Sprites/skeleton_1/idle_left/idle_left_1_0009.png using Guid(288c94d6398c1a449a18429e318ce38e) Importer(2089858483,0ecaa5967403d082aa24f35e1b516d23)  -> (artifact id: 'e7b2e44688aebb768af383856b7787db') in 0.024523 seconds 
Number of asset objects unloaded after import = 3
========================================================================
Received Import Request.
  Time since last request: 0.000022 seconds.
  path: Assets/Sprites/skeleton_2/death_up/death_up_2_0004.png
  artifactKey: Guid(0eb04dfca35524a43b6cbeb4cb46f11d) Importer(2089858483,0ecaa5967403d082aa24f35e1b516d23)
Number of updated assets reloaded before import = 0
Start importing Assets/Sprites/skeleton_2/death_up/death_up_2_0004.png using Guid(0eb04dfca35524a43b6cbeb4cb46f11d) Importer(2089858483,0ecaa5967403d082aa24f35e1b516d23)  -> (artifact id: 'ab34f5697aecde7fa03a366e5bfeff0e') in 0.024104 seconds 
Number of asset objects unloaded after import = 3
========================================================================
Received Import Request.
  Time since last request: 0.000023 seconds.
  path: Assets/Sprites/skeleton_2/idle_up/idle_up_2_0008.png
  artifactKey: Guid(3d981dc12f831034b8a00923d38b8cdd) Importer(2089858483,0ecaa5967403d082aa24f35e1b516d23)
Number of updated assets reloaded before import = 0
Start importing Assets/Sprites/skeleton_2/idle_up/idle_up_2_0008.png using Guid(3d981dc12f831034b8a00923d38b8cdd) Importer(2089858483,0ecaa5967403d082aa24f35e1b516d23)  -> (artifact id: '45a460c112e229a7e8fba38d0d1a0117') in 0.026238 seconds 
Number of asset objects unloaded after import = 3
========================================================================
Received Import Request.
  Time since last request: 0.000024 seconds.
  path: Assets/Sprites/skeleton_2/idle_down/idle_down_2_0006.png
  artifactKey: Guid(abb13549e65758443b912078d5438631) Importer(2089858483,0ecaa5967403d082aa24f35e1b516d23)
Number of updated assets reloaded before import = 0
Start importing Assets/Sprites/skeleton_2/idle_down/idle_down_2_0006.png using Guid(abb13549e65758443b912078d5438631) Importer(2089858483,0ecaa5967403d082aa24f35e1b516d23)  -> (artifact id: '0618184dc7557a1d80011483bcf652d3') in 0.020952 seconds 
Number of asset objects unloaded after import = 3
========================================================================
Received Import Request.
  Time since last request: 0.000031 seconds.
  path: Assets/Sprites/skeleton_1/walk_left/walk_left_1_0011.png
  artifactKey: Guid(f7da75e703dfa18479027c71d09ce1bd) Importer(2089858483,0ecaa5967403d082aa24f35e1b516d23)
Number of updated assets reloaded before import = 0
Start importing Assets/Sprites/skeleton_1/walk_left/walk_left_1_0011.png using Guid(f7da75e703dfa18479027c71d09ce1bd) Importer(2089858483,0ecaa5967403d082aa24f35e1b516d23)  -> (artifact id: '202337c412ce9896fb48d238b6c7501c') in 0.023570 seconds 
Number of asset objects unloaded after import = 3
========================================================================
Received Import Request.
  Time since last request: 0.000054 seconds.
  path: Assets/Sprites/skeleton_2/death_down/death_down_2_0008.png
  artifactKey: Guid(999a94973c3f2d5408758f599878ff0c) Importer(2089858483,0ecaa5967403d082aa24f35e1b516d23)
Number of updated assets reloaded before import = 0
Start importing Assets/Sprites/skeleton_2/death_down/death_down_2_0008.png using Guid(999a94973c3f2d5408758f599878ff0c) Importer(2089858483,0ecaa5967403d082aa24f35e1b516d23)  -> (artifact id: '2e06b93fc945995343703c16c393df47') in 0.021735 seconds 
Number of asset objects unloaded after import = 3
========================================================================
Received Import Request.
  Time since last request: 0.000026 seconds.
  path: Assets/Sprites/skeleton_1/idle_left/idle_left_1_0006.png
  artifactKey: Guid(5595c1cff47e75a44aebcc251185818a) Importer(2089858483,0ecaa5967403d082aa24f35e1b516d23)
Number of updated assets reloaded before import = 0
Start importing Assets/Sprites/skeleton_1/idle_left/idle_left_1_0006.png using Guid(5595c1cff47e75a44aebcc251185818a) Importer(2089858483,0ecaa5967403d082aa24f35e1b516d23)  -> (artifact id: '7f099e5f22408ae8b3682b2b5b7366ba') in 0.023812 seconds 
Number of asset objects unloaded after import = 3
========================================================================
Received Import Request.
  Time since last request: 0.000025 seconds.
  path: Assets/Sprites/skeleton_2/walk_left/walk_left_2_0011.png
  artifactKey: Guid(5dad6616bbeca6644a17190e88118332) Importer(2089858483,0ecaa5967403d082aa24f35e1b516d23)
Number of updated assets reloaded before import = 0
Start importing Assets/Sprites/skeleton_2/walk_left/walk_left_2_0011.png using Guid(5dad6616bbeca6644a17190e88118332) Importer(2089858483,0ecaa5967403d082aa24f35e1b516d23)  -> (artifact id: '96ff18382a9d87cde9b70011ad80c7d7') in 0.032999 seconds 
Number of asset objects unloaded after import = 3
========================================================================
Received Import Request.
  Time since last request: 0.000053 seconds.
  path: Assets/Sprites/skeleton_2/idle_down/idle_down_2_0010.png
  artifactKey: Guid(757e5fa9f90818543a222dbb5c2c345b) Importer(2089858483,0ecaa5967403d082aa24f35e1b516d23)
Number of updated assets reloaded before import = 0
Start importing Assets/Sprites/skeleton_2/idle_down/idle_down_2_0010.png using Guid(757e5fa9f90818543a222dbb5c2c345b) Importer(2089858483,0ecaa5967403d082aa24f35e1b516d23)  -> (artifact id: 'a88eb2b1237e35ed3aa11f679569418b') in 0.023833 seconds 
Number of asset objects unloaded after import = 3
========================================================================
Received Import Request.
  Time since last request: 0.000027 seconds.
  path: Assets/Sprites/skeleton_2/death_right/death_right_2_0001.png
  artifactKey: Guid(4a455e96d12d58e498a8b96841414cfd) Importer(2089858483,0ecaa5967403d082aa24f35e1b516d23)
Number of updated assets reloaded before import = 0
Start importing Assets/Sprites/skeleton_2/death_right/death_right_2_0001.png using Guid(4a455e96d12d58e498a8b96841414cfd) Importer(2089858483,0ecaa5967403d082aa24f35e1b516d23)  -> (artifact id: 'aaae5aa858fbdd8960931089b552de4e') in 0.023989 seconds 
Number of asset objects unloaded after import = 3
========================================================================
Received Import Request.
  Time since last request: 0.000034 seconds.
  path: Assets/Sprites/skeleton_1/walk_right/walk_right_1_0003.png
  artifactKey: Guid(e9e4ccf29c438ae4390611a4c566ded6) Importer(2089858483,0ecaa5967403d082aa24f35e1b516d23)
Number of updated assets reloaded before import = 0
Start importing Assets/Sprites/skeleton_1/walk_right/walk_right_1_0003.png using Guid(e9e4ccf29c438ae4390611a4c566ded6) Importer(2089858483,0ecaa5967403d082aa24f35e1b516d23)  -> (artifact id: '028dacf8a46a1ea5a597d92a2dc881ac') in 0.025302 seconds 
Number of asset objects unloaded after import = 3
========================================================================
Received Import Request.
  Time since last request: 0.000030 seconds.
  path: Assets/Sprites/skeleton_2/idle_up/idle_up_2_0009.png
  artifactKey: Guid(7a79ac250c0448d408e75e053e8f448c) Importer(2089858483,0ecaa5967403d082aa24f35e1b516d23)
Number of updated assets reloaded before import = 0
Start importing Assets/Sprites/skeleton_2/idle_up/idle_up_2_0009.png using Guid(7a79ac250c0448d408e75e053e8f448c) Importer(2089858483,0ecaa5967403d082aa24f35e1b516d23)  -> (artifact id: '5e2b0e3da2ef9c43869bdfddb8f688f2') in 0.023026 seconds 
Number of asset objects unloaded after import = 3
========================================================================
Received Import Request.
  Time since last request: 0.000019 seconds.
  path: Assets/Sprites/skeleton_2/death_right/death_right_2_0011.png
  artifactKey: Guid(714b1eced226749418db957e1d81db16) Importer(2089858483,0ecaa5967403d082aa24f35e1b516d23)
Number of updated assets reloaded before import = 0
Start importing Assets/Sprites/skeleton_2/death_right/death_right_2_0011.png using Guid(714b1eced226749418db957e1d81db16) Importer(2089858483,0ecaa5967403d082aa24f35e1b516d23)  -> (artifact id: '745ecdbbde7afe4e5e67e6fa98788bad') in 0.023137 seconds 
Number of asset objects unloaded after import = 3
========================================================================
Received Import Request.
  Time since last request: 0.000026 seconds.
  path: Assets/Sprites/skeleton_2/idle_left/idle_left_2_0007.png
  artifactKey: Guid(e7f7761d19ca146449d17bfadb9de09a) Importer(2089858483,0ecaa5967403d082aa24f35e1b516d23)
Number of updated assets reloaded before import = 0
Start importing Assets/Sprites/skeleton_2/idle_left/idle_left_2_0007.png using Guid(e7f7761d19ca146449d17bfadb9de09a) Importer(2089858483,0ecaa5967403d082aa24f35e1b516d23)  -> (artifact id: 'a201871467791590e19286f356bb137d') in 0.021911 seconds 
Number of asset objects unloaded after import = 3
========================================================================
Received Import Request.
  Time since last request: 0.000032 seconds.
  path: Assets/Sprites/skeleton_2/walk_right/walk_right_2_0008.png
  artifactKey: Guid(5eb67236494b15c4cbc8f875a3c8113a) Importer(2089858483,0ecaa5967403d082aa24f35e1b516d23)
Number of updated assets reloaded before import = 0
Start importing Assets/Sprites/skeleton_2/walk_right/walk_right_2_0008.png using Guid(5eb67236494b15c4cbc8f875a3c8113a) Importer(2089858483,0ecaa5967403d082aa24f35e1b516d23)  -> (artifact id: 'e2577668ac98966176c3a4f445fa33d1') in 0.032094 seconds 
Number of asset objects unloaded after import = 3
========================================================================
Received Import Request.
  Time since last request: 0.000020 seconds.
  path: Assets/Sprites/skeleton_2/walk_right/walk_right_2_0002.png
  artifactKey: Guid(68b7fd7e14edb6d42975e6fff1491d47) Importer(2089858483,0ecaa5967403d082aa24f35e1b516d23)
Number of updated assets reloaded before import = 0
Start importing Assets/Sprites/skeleton_2/walk_right/walk_right_2_0002.png using Guid(68b7fd7e14edb6d42975e6fff1491d47) Importer(2089858483,0ecaa5967403d082aa24f35e1b516d23)  -> (artifact id: '4381fc780b93e57eb1820187753aaec9') in 0.025424 seconds 
Number of asset objects unloaded after import = 3
========================================================================
Received Import Request.
  Time since last request: 0.000027 seconds.
  path: Assets/Sprites/skeleton_1/walk_up/walk_up_1_0012.png
  artifactKey: Guid(b4492a79a74229d419842f2477c53ded) Importer(2089858483,0ecaa5967403d082aa24f35e1b516d23)
Number of updated assets reloaded before import = 0
Start importing Assets/Sprites/skeleton_1/walk_up/walk_up_1_0012.png using Guid(b4492a79a74229d419842f2477c53ded) Importer(2089858483,0ecaa5967403d082aa24f35e1b516d23)  -> (artifact id: 'e32677c1e979b08fccc268af1842cbda') in 0.023225 seconds 
Number of asset objects unloaded after import = 3
========================================================================
Received Import Request.
  Time since last request: 0.000025 seconds.
  path: Assets/Sprites/skeleton_1/idle_right/idle_right_1_0003.png
  artifactKey: Guid(ee33f8c80571ddd43ba85ae48489a52d) Importer(2089858483,0ecaa5967403d082aa24f35e1b516d23)
Number of updated assets reloaded before import = 0
Start importing Assets/Sprites/skeleton_1/idle_right/idle_right_1_0003.png using Guid(ee33f8c80571ddd43ba85ae48489a52d) Importer(2089858483,0ecaa5967403d082aa24f35e1b516d23)  -> (artifact id: 'b2f4bb24aa73d35fa6955a2cbf3365f7') in 0.026409 seconds 
Number of asset objects unloaded after import = 3
========================================================================
Received Import Request.
  Time since last request: 0.000028 seconds.
  path: Assets/Sprites/skeleton_1/walk_up/walk_up_1_0010.png
  artifactKey: Guid(d1d18ea7061af9447957c2cda57421dc) Importer(2089858483,0ecaa5967403d082aa24f35e1b516d23)
Number of updated assets reloaded before import = 0
Start importing Assets/Sprites/skeleton_1/walk_up/walk_up_1_0010.png using Guid(d1d18ea7061af9447957c2cda57421dc) Importer(2089858483,0ecaa5967403d082aa24f35e1b516d23)  -> (artifact id: 'fc615c311aee5713e2c27c103d65bd2a') in 0.022788 seconds 
Number of asset objects unloaded after import = 3
========================================================================
Received Import Request.
  Time since last request: 0.000034 seconds.
  path: Assets/Sprites/skeleton_2/death_up/death_up_2_0005.png
  artifactKey: Guid(e53e004a3c8dee041afae9efe58a2bf9) Importer(2089858483,0ecaa5967403d082aa24f35e1b516d23)
Number of updated assets reloaded before import = 0
Start importing Assets/Sprites/skeleton_2/death_up/death_up_2_0005.png using Guid(e53e004a3c8dee041afae9efe58a2bf9) Importer(2089858483,0ecaa5967403d082aa24f35e1b516d23)  -> (artifact id: 'b4169020cab69a8aadc94ad011901ff6') in 0.023976 seconds 
Number of asset objects unloaded after import = 3
========================================================================
Received Import Request.
  Time since last request: 0.000027 seconds.
  path: Assets/Sprites/skeleton_2/attack_down/attack_down_2_0004.png
  artifactKey: Guid(52590afbb83eedd408f055a43fe9c2ab) Importer(2089858483,0ecaa5967403d082aa24f35e1b516d23)
Number of updated assets reloaded before import = 0
Start importing Assets/Sprites/skeleton_2/attack_down/attack_down_2_0004.png using Guid(52590afbb83eedd408f055a43fe9c2ab) Importer(2089858483,0ecaa5967403d082aa24f35e1b516d23)  -> (artifact id: '0d028acf0b41f6cc5e7564d4eff4f542') in 0.023990 seconds 
Number of asset objects unloaded after import = 3
========================================================================
Received Import Request.
  Time since last request: 0.000022 seconds.
  path: Assets/Sprites/skeleton_1/idle_left/idle_left_1_0002.png
  artifactKey: Guid(5a32900894f4bd343bef75f5c9b9297d) Importer(2089858483,0ecaa5967403d082aa24f35e1b516d23)
Number of updated assets reloaded before import = 0
Start importing Assets/Sprites/skeleton_1/idle_left/idle_left_1_0002.png using Guid(5a32900894f4bd343bef75f5c9b9297d) Importer(2089858483,0ecaa5967403d082aa24f35e1b516d23)  -> (artifact id: 'fb9fe99dfe916860ffa099a8877f3753') in 0.031633 seconds 
Number of asset objects unloaded after import = 3
========================================================================
Received Import Request.
  Time since last request: 0.000031 seconds.
  path: Assets/Sprites/skeleton_2/walk_up/walk_up_2_0013.png
  artifactKey: Guid(3ebdf1fddd9b7444590d0d522c00707a) Importer(2089858483,0ecaa5967403d082aa24f35e1b516d23)
Number of updated assets reloaded before import = 0
Start importing Assets/Sprites/skeleton_2/walk_up/walk_up_2_0013.png using Guid(3ebdf1fddd9b7444590d0d522c00707a) Importer(2089858483,0ecaa5967403d082aa24f35e1b516d23)  -> (artifact id: '89ba6565448f4d5975997e29c7b69ba0') in 0.031093 seconds 
Number of asset objects unloaded after import = 3
========================================================================
Received Import Request.
  Time since last request: 0.000038 seconds.
  path: Assets/Sprites/skeleton_2/idle_left/idle_left_2_0008.png
  artifactKey: Guid(97ff1c522f4381d42991273e1db6360f) Importer(2089858483,0ecaa5967403d082aa24f35e1b516d23)
Number of updated assets reloaded before import = 0
Start importing Assets/Sprites/skeleton_2/idle_left/idle_left_2_0008.png using Guid(97ff1c522f4381d42991273e1db6360f) Importer(2089858483,0ecaa5967403d082aa24f35e1b516d23)  -> (artifact id: '88888adf3e1eb55d1cc8ed4f8ca6c902') in 0.024880 seconds 
Number of asset objects unloaded after import = 3
========================================================================
Received Import Request.
  Time since last request: 0.000018 seconds.
  path: Assets/Sprites/skeleton_1/walk_down/walk_down_1_0008.png
  artifactKey: Guid(25651266e3ffcd042b04254e337701a6) Importer(2089858483,0ecaa5967403d082aa24f35e1b516d23)
Number of updated assets reloaded before import = 0
Start importing Assets/Sprites/skeleton_1/walk_down/walk_down_1_0008.png using Guid(25651266e3ffcd042b04254e337701a6) Importer(2089858483,0ecaa5967403d082aa24f35e1b516d23)  -> (artifact id: '80440955e7c71915fb02ec93497cc507') in 0.021679 seconds 
Number of asset objects unloaded after import = 3
========================================================================
Received Import Request.
  Time since last request: 0.000034 seconds.
  path: Assets/Sprites/skeleton_2/attack_right/attack_right_2_0001.png
  artifactKey: Guid(4ccb1f848910a9541ad258e3f1123b93) Importer(2089858483,0ecaa5967403d082aa24f35e1b516d23)
Number of updated assets reloaded before import = 0
Start importing Assets/Sprites/skeleton_2/attack_right/attack_right_2_0001.png using Guid(4ccb1f848910a9541ad258e3f1123b93) Importer(2089858483,0ecaa5967403d082aa24f35e1b516d23)  -> (artifact id: 'fbf858629ef401735dcd94177d35278f') in 0.025323 seconds 
Number of asset objects unloaded after import = 3
========================================================================
Received Import Request.
  Time since last request: 0.000029 seconds.
  path: Assets/Sprites/skeleton_2/death_down/death_down_2_0010.png
  artifactKey: Guid(aee3fdbf1236fbf418a3a69421aeefd3) Importer(2089858483,0ecaa5967403d082aa24f35e1b516d23)
Number of updated assets reloaded before import = 0
Start importing Assets/Sprites/skeleton_2/death_down/death_down_2_0010.png using Guid(aee3fdbf1236fbf418a3a69421aeefd3) Importer(2089858483,0ecaa5967403d082aa24f35e1b516d23)  -> (artifact id: '0a37f27d30e3372e9127c42c52e34983') in 0.026861 seconds 
Number of asset objects unloaded after import = 3
========================================================================
Received Import Request.
  Time since last request: 0.000036 seconds.
  path: Assets/Sprites/skeleton_2/death_left/death_left_2_0004.png
  artifactKey: Guid(18359b2e9ae02d74984c72286f385948) Importer(2089858483,0ecaa5967403d082aa24f35e1b516d23)
Number of updated assets reloaded before import = 0
Start importing Assets/Sprites/skeleton_2/death_left/death_left_2_0004.png using Guid(18359b2e9ae02d74984c72286f385948) Importer(2089858483,0ecaa5967403d082aa24f35e1b516d23)  -> (artifact id: '118ba69af534acb43e471abfd79d85f4') in 0.026743 seconds 
Number of asset objects unloaded after import = 3
========================================================================
Received Import Request.
  Time since last request: 0.000023 seconds.
  path: Assets/Sprites/skeleton_2/attack_right/attack_right_2_0007.png
  artifactKey: Guid(520657ed7e60d6c4d975e6a27ab0e2e9) Importer(2089858483,0ecaa5967403d082aa24f35e1b516d23)
Number of updated assets reloaded before import = 0
Start importing Assets/Sprites/skeleton_2/attack_right/attack_right_2_0007.png using Guid(520657ed7e60d6c4d975e6a27ab0e2e9) Importer(2089858483,0ecaa5967403d082aa24f35e1b516d23)  -> (artifact id: 'bdc717cab6ae83af8e7b07aa91d60aae') in 0.024509 seconds 
Number of asset objects unloaded after import = 3
========================================================================
Received Import Request.
  Time since last request: 0.000022 seconds.
  path: Assets/Sprites/skeleton_1/walk_up/walk_up_1_0001.png
  artifactKey: Guid(b207de0650c6b5a42b43689f24d4d316) Importer(2089858483,0ecaa5967403d082aa24f35e1b516d23)
Number of updated assets reloaded before import = 0
Start importing Assets/Sprites/skeleton_1/walk_up/walk_up_1_0001.png using Guid(b207de0650c6b5a42b43689f24d4d316) Importer(2089858483,0ecaa5967403d082aa24f35e1b516d23)  -> (artifact id: 'f3463fd6b3e79c2eaa57c2d3d8af2c88') in 0.025309 seconds 
Number of asset objects unloaded after import = 3
========================================================================
Received Import Request.
  Time since last request: 0.000023 seconds.
  path: Assets/Sprites/skeleton_2/walk_left/walk_left_2_0006.png
  artifactKey: Guid(6ad7d7cc235bac64eb4902b30dd727c9) Importer(2089858483,0ecaa5967403d082aa24f35e1b516d23)
Number of updated assets reloaded before import = 0
Start importing Assets/Sprites/skeleton_2/walk_left/walk_left_2_0006.png using Guid(6ad7d7cc235bac64eb4902b30dd727c9) Importer(2089858483,0ecaa5967403d082aa24f35e1b516d23)  -> (artifact id: '5c83bc10a1191f66e5df5623cdf3de82') in 0.029366 seconds 
Number of asset objects unloaded after import = 3
========================================================================
Received Import Request.
  Time since last request: 0.000035 seconds.
  path: Assets/Sprites/skeleton_2/walk_right/walk_right_2_0012.png
  artifactKey: Guid(e7c1269f001ef2f419ca9570589537d4) Importer(2089858483,0ecaa5967403d082aa24f35e1b516d23)
Number of updated assets reloaded before import = 0
Start importing Assets/Sprites/skeleton_2/walk_right/walk_right_2_0012.png using Guid(e7c1269f001ef2f419ca9570589537d4) Importer(2089858483,0ecaa5967403d082aa24f35e1b516d23)  -> (artifact id: '3199ffddc3dfba47ce3b231f1e84d125') in 0.024913 seconds 
Number of asset objects unloaded after import = 3
========================================================================
Received Import Request.
  Time since last request: 0.000052 seconds.
  path: Assets/Sprites/skeleton_1/walk_left/walk_left_1_0009.png
  artifactKey: Guid(dd1f2cef81cf7a642949816052c48d27) Importer(2089858483,0ecaa5967403d082aa24f35e1b516d23)
Number of updated assets reloaded before import = 0
Start importing Assets/Sprites/skeleton_1/walk_left/walk_left_1_0009.png using Guid(dd1f2cef81cf7a642949816052c48d27) Importer(2089858483,0ecaa5967403d082aa24f35e1b516d23)  -> (artifact id: '0476542982f7de0a97a1bc53b10bd033') in 0.024119 seconds 
Number of asset objects unloaded after import = 3
========================================================================
Received Import Request.
  Time since last request: 0.000019 seconds.
  path: Assets/Sprites/skeleton_2/walk_up/walk_up_2_0011.png
  artifactKey: Guid(2639743abb44d41419903101a177de45) Importer(2089858483,0ecaa5967403d082aa24f35e1b516d23)
Number of updated assets reloaded before import = 0
Start importing Assets/Sprites/skeleton_2/walk_up/walk_up_2_0011.png using Guid(2639743abb44d41419903101a177de45) Importer(2089858483,0ecaa5967403d082aa24f35e1b516d23)  -> (artifact id: '767b81d0b83a0013f5e83ce18b095341') in 0.022466 seconds 
Number of asset objects unloaded after import = 3
========================================================================
Received Import Request.
  Time since last request: 0.000024 seconds.
  path: Assets/Sprites/skeleton_2/walk_down/walk_down_2_0003.png
  artifactKey: Guid(8d90be315cc534c4d9efbb3d8e7d23d7) Importer(2089858483,0ecaa5967403d082aa24f35e1b516d23)
Number of updated assets reloaded before import = 0
Start importing Assets/Sprites/skeleton_2/walk_down/walk_down_2_0003.png using Guid(8d90be315cc534c4d9efbb3d8e7d23d7) Importer(2089858483,0ecaa5967403d082aa24f35e1b516d23)  -> (artifact id: '65807994571deb9d050a3357b4166f68') in 0.024831 seconds 
Number of asset objects unloaded after import = 3
========================================================================
Received Import Request.
  Time since last request: 0.000024 seconds.
  path: Assets/Sprites/skeleton_1/death_up/death_up_1_0005.png
  artifactKey: Guid(eba5005533376b9419d9897713bfbdf0) Importer(2089858483,0ecaa5967403d082aa24f35e1b516d23)
Number of updated assets reloaded before import = 0
Start importing Assets/Sprites/skeleton_1/death_up/death_up_1_0005.png using Guid(eba5005533376b9419d9897713bfbdf0) Importer(2089858483,0ecaa5967403d082aa24f35e1b516d23)  -> (artifact id: '5fad5367d86d8cda7e7cf685ee4f5b66') in 0.024906 seconds 
Number of asset objects unloaded after import = 3
========================================================================
Received Import Request.
  Time since last request: 0.000027 seconds.
  path: Assets/Sprites/skeleton_2/attack_up/attack_up_2_0007.png
  artifactKey: Guid(f7dc8dab78e3cb947872a9d32624383b) Importer(2089858483,0ecaa5967403d082aa24f35e1b516d23)
Number of updated assets reloaded before import = 0
Start importing Assets/Sprites/skeleton_2/attack_up/attack_up_2_0007.png using Guid(f7dc8dab78e3cb947872a9d32624383b) Importer(2089858483,0ecaa5967403d082aa24f35e1b516d23)  -> (artifact id: '08cd2bc062e6343db8a822b9335723ce') in 0.021472 seconds 
Number of asset objects unloaded after import = 3
========================================================================
Received Import Request.
  Time since last request: 0.000031 seconds.
  path: Assets/Sprites/skeleton_1/walk_right/walk_right_1_0001.png
  artifactKey: Guid(4bb58539db188174992e07831d7d703d) Importer(2089858483,0ecaa5967403d082aa24f35e1b516d23)
Number of updated assets reloaded before import = 0
Start importing Assets/Sprites/skeleton_1/walk_right/walk_right_1_0001.png using Guid(4bb58539db188174992e07831d7d703d) Importer(2089858483,0ecaa5967403d082aa24f35e1b516d23)  -> (artifact id: 'bc2956683187186bc74821cf92e58dcc') in 0.024468 seconds 
Number of asset objects unloaded after import = 3
========================================================================
Received Import Request.
  Time since last request: 0.000050 seconds.
  path: Assets/Sprites/skeleton_2/walk_down/walk_down_2_0007.png
  artifactKey: Guid(4b5e6c86497aa464d9c745a2741d9d9d) Importer(2089858483,0ecaa5967403d082aa24f35e1b516d23)
Number of updated assets reloaded before import = 0
Start importing Assets/Sprites/skeleton_2/walk_down/walk_down_2_0007.png using Guid(4b5e6c86497aa464d9c745a2741d9d9d) Importer(2089858483,0ecaa5967403d082aa24f35e1b516d23)  -> (artifact id: 'c64ed6ee2d1ef48a27ae287f0c997741') in 0.049797 seconds 
Number of asset objects unloaded after import = 3
========================================================================
Received Import Request.
  Time since last request: 0.000023 seconds.
  path: Assets/Sprites/skeleton_2/death_up/death_up_2_0010.png
  artifactKey: Guid(6650b2eddfb848047b6c71c9e3843d95) Importer(2089858483,0ecaa5967403d082aa24f35e1b516d23)
Number of updated assets reloaded before import = 0
Start importing Assets/Sprites/skeleton_2/death_up/death_up_2_0010.png using Guid(6650b2eddfb848047b6c71c9e3843d95) Importer(2089858483,0ecaa5967403d082aa24f35e1b516d23)  -> (artifact id: 'a34e7dd0614d0aaee5dcd65c52275b6d') in 0.022419 seconds 
Number of asset objects unloaded after import = 3
========================================================================
Received Import Request.
  Time since last request: 0.000034 seconds.
  path: Assets/Sprites/skeleton_1/walk_left/walk_left_1_0007.png
  artifactKey: Guid(4471084f3bc6ff44f93f8f502e6cf6ee) Importer(2089858483,0ecaa5967403d082aa24f35e1b516d23)
Number of updated assets reloaded before import = 0
Start importing Assets/Sprites/skeleton_1/walk_left/walk_left_1_0007.png using Guid(4471084f3bc6ff44f93f8f502e6cf6ee) Importer(2089858483,0ecaa5967403d082aa24f35e1b516d23)  -> (artifact id: 'd1f25ad71a0b11c824e1eda45d2ed0a9') in 0.024866 seconds 
Number of asset objects unloaded after import = 3
========================================================================
Received Import Request.
  Time since last request: 0.000018 seconds.
  path: Assets/Sprites/skeleton_2/walk_down/walk_down_2_0009.png
  artifactKey: Guid(e3669140786dae2409a410fd9a132e6a) Importer(2089858483,0ecaa5967403d082aa24f35e1b516d23)
Number of updated assets reloaded before import = 0
Start importing Assets/Sprites/skeleton_2/walk_down/walk_down_2_0009.png using Guid(e3669140786dae2409a410fd9a132e6a) Importer(2089858483,0ecaa5967403d082aa24f35e1b516d23)  -> (artifact id: '6b74401d7199182bd2e3684175b997eb') in 0.022215 seconds 
Number of asset objects unloaded after import = 3
========================================================================
Received Import Request.
  Time since last request: 0.000032 seconds.
  path: Assets/Sprites/skeleton_2/death_up/death_up_2_0003.png
  artifactKey: Guid(0e76d12c809156f409d90f4d148e7a72) Importer(2089858483,0ecaa5967403d082aa24f35e1b516d23)
Number of updated assets reloaded before import = 0
Start importing Assets/Sprites/skeleton_2/death_up/death_up_2_0003.png using Guid(0e76d12c809156f409d90f4d148e7a72) Importer(2089858483,0ecaa5967403d082aa24f35e1b516d23)  -> (artifact id: '2f1603a1ff7272394503533c3d4f47a6') in 0.025865 seconds 
Number of asset objects unloaded after import = 3
========================================================================
Received Import Request.
  Time since last request: 0.000029 seconds.
  path: Assets/Sprites/skeleton_1/idle_down/idle_down_1_0010.png
  artifactKey: Guid(be4ac405051edfd4b953cfec34c87f09) Importer(2089858483,0ecaa5967403d082aa24f35e1b516d23)
Number of updated assets reloaded before import = 0
Start importing Assets/Sprites/skeleton_1/idle_down/idle_down_1_0010.png using Guid(be4ac405051edfd4b953cfec34c87f09) Importer(2089858483,0ecaa5967403d082aa24f35e1b516d23)  -> (artifact id: 'e1bb82704e850f1b49362396320569cc') in 0.023954 seconds 
Number of asset objects unloaded after import = 3
========================================================================
Received Import Request.
  Time since last request: 0.000022 seconds.
  path: Assets/Sprites/UI/Menus/play_button.png
  artifactKey: Guid(f4c20a774fb7d4042966e05a4326880f) Importer(2089858483,0ecaa5967403d082aa24f35e1b516d23)
Number of updated assets reloaded before import = 0
Start importing Assets/Sprites/UI/Menus/play_button.png using Guid(f4c20a774fb7d4042966e05a4326880f) Importer(2089858483,0ecaa5967403d082aa24f35e1b516d23)  -> (artifact id: 'b2446e8e07073bf19e0310b512d39ae6') in 0.023685 seconds 
Number of asset objects unloaded after import = 3
========================================================================
Received Import Request.
  Time since last request: 0.000024 seconds.
  path: Assets/Mirror/Components/InterestManagement/SpatialHashing/HexGrid2D.cs
  artifactKey: Guid(e9b8dc0273250624c91b6681065741ff) Importer(2089858483,0ecaa5967403d082aa24f35e1b516d23)
Number of updated assets reloaded before import = 0
Start importing Assets/Mirror/Components/InterestManagement/SpatialHashing/HexGrid2D.cs using Guid(e9b8dc0273250624c91b6681065741ff) Importer(2089858483,0ecaa5967403d082aa24f35e1b516d23)  -> (artifact id: '5cfddc910fab31e2e2de389931bc72d7') in 0.014252 seconds 
Number of asset objects unloaded after import = 0
========================================================================
Received Import Request.
  Time since last request: 0.000024 seconds.
  path: Assets/TextMesh Pro/Examples & Extras/Scripts/Benchmark01_UGUI.cs
  artifactKey: Guid(8ef7be1c625941f7ba8ed7cc71718c0d) Importer(2089858483,0ecaa5967403d082aa24f35e1b516d23)
Number of updated assets reloaded before import = 0
Start importing Assets/TextMesh Pro/Examples & Extras/Scripts/Benchmark01_UGUI.cs using Guid(8ef7be1c625941f7ba8ed7cc71718c0d) Importer(2089858483,0ecaa5967403d082aa24f35e1b516d23)  -> (artifact id: '5f95866bc0fc8931afbb303895a94418') in 0.010915 seconds 
Number of asset objects unloaded after import = 0
========================================================================
Received Import Request.
  Time since last request: 0.000026 seconds.
  path: Assets/TextMesh Pro/Examples & Extras/Scripts/TMP_ExampleScript_01.cs
  artifactKey: Guid(6f2c5b59b6874405865e2616e4ec276a) Importer(2089858483,0ecaa5967403d082aa24f35e1b516d23)
Number of updated assets reloaded before import = 0
Start importing Assets/TextMesh Pro/Examples & Extras/Scripts/TMP_ExampleScript_01.cs using Guid(6f2c5b59b6874405865e2616e4ec276a) Importer(2089858483,0ecaa5967403d082aa24f35e1b516d23)  -> (artifact id: '3aff8726c892eb62edbd6d19ad4b03e7') in 0.013371 seconds 
Number of asset objects unloaded after import = 0
========================================================================
Received Import Request.
  Time since last request: 0.000024 seconds.
  path: Assets/TextMesh Pro/Examples & Extras/Scripts/Benchmark01.cs
  artifactKey: Guid(f970ea55f9f84bf79b05dab180b8c125) Importer(2089858483,0ecaa5967403d082aa24f35e1b516d23)
Number of updated assets reloaded before import = 0
Start importing Assets/TextMesh Pro/Examples & Extras/Scripts/Benchmark01.cs using Guid(f970ea55f9f84bf79b05dab180b8c125) Importer(2089858483,0ecaa5967403d082aa24f35e1b516d23)  -> (artifact id: '59214ac487382490ee3ac09384cf198a') in 0.012387 seconds 
Number of asset objects unloaded after import = 0
========================================================================
Received Import Request.
  Time since last request: 0.000028 seconds.
  path: Assets/Mirror/Components/InterestManagement/Team/TeamInterestManagement.cs
  artifactKey: Guid(dceb9a7085758fd4590419ff5b14b636) Importer(2089858483,0ecaa5967403d082aa24f35e1b516d23)
Number of updated assets reloaded before import = 0
Start importing Assets/Mirror/Components/InterestManagement/Team/TeamInterestManagement.cs using Guid(dceb9a7085758fd4590419ff5b14b636) Importer(2089858483,0ecaa5967403d082aa24f35e1b516d23)  -> (artifact id: 'acc64c8f378977673d68131553c5f5fc') in 0.013434 seconds 
Number of asset objects unloaded after import = 1
========================================================================
Received Import Request.
  Time since last request: 0.000028 seconds.
  path: Assets/TextMesh Pro/Examples & Extras/Scripts/WarpTextExample.cs
  artifactKey: Guid(790744c462254b7ba8038e6ed28b3db2) Importer(2089858483,0ecaa5967403d082aa24f35e1b516d23)
Number of updated assets reloaded before import = 0
Start importing Assets/TextMesh Pro/Examples & Extras/Scripts/WarpTextExample.cs using Guid(790744c462254b7ba8038e6ed28b3db2) Importer(2089858483,0ecaa5967403d082aa24f35e1b516d23)  -> (artifact id: 'b939dc93ef67d6061981e21cb30d41d2') in 0.012623 seconds 
Number of asset objects unloaded after import = 0
========================================================================
Received Import Request.
  Time since last request: 0.000022 seconds.
  path: Assets/TextMesh Pro/Examples & Extras/Scenes/24 - Surface Shader Example.unity
  artifactKey: Guid(8c4969fd8ba94a68b07cf11f3e7a5137) Importer(2089858483,0ecaa5967403d082aa24f35e1b516d23)
Number of updated assets reloaded before import = 0
Start importing Assets/TextMesh Pro/Examples & Extras/Scenes/24 - Surface Shader Example.unity using Guid(8c4969fd8ba94a68b07cf11f3e7a5137) Importer(2089858483,0ecaa5967403d082aa24f35e1b516d23)  -> (artifact id: 'c6298be7bf899912e4766349045a09e0') in 0.018335 seconds 
Number of asset objects unloaded after import = 1
========================================================================
Received Import Request.
  Time since last request: 0.000031 seconds.
  path: Assets/TextMesh Pro/Examples & Extras/Textures/Wipe Pattern - Radial Quad.psd
  artifactKey: Guid(2b5e9ae96c5644d8bae932f8b4ca68a2) Importer(2089858483,0ecaa5967403d082aa24f35e1b516d23)
Number of updated assets reloaded before import = 0
Start importing Assets/TextMesh Pro/Examples & Extras/Textures/Wipe Pattern - Radial Quad.psd using Guid(2b5e9ae96c5644d8bae932f8b4ca68a2) Importer(2089858483,0ecaa5967403d082aa24f35e1b516d23)  -> (artifact id: '9de662a89e8a8a474bef2b395db739d7') in 0.024672 seconds 
Number of asset objects unloaded after import = 1
========================================================================
Received Import Request.
  Time since last request: 0.000028 seconds.
  path: Assets/TextMesh Pro/Examples & Extras/Textures/Mask Zig-n-Zag.psd
  artifactKey: Guid(bb8dfcd263ad4eb383a33d74a720be6f) Importer(2089858483,0ecaa5967403d082aa24f35e1b516d23)
Number of updated assets reloaded before import = 0
Start importing Assets/TextMesh Pro/Examples & Extras/Textures/Mask Zig-n-Zag.psd using Guid(bb8dfcd263ad4eb383a33d74a720be6f) Importer(2089858483,0ecaa5967403d082aa24f35e1b516d23)  -> (artifact id: 'ac920cc34e9673cdf5ee5a69b2efba24') in 0.021086 seconds 
Number of asset objects unloaded after import = 1
========================================================================
Received Import Request.
  Time since last request: 0.000027 seconds.
  path: Assets/Mirror/Editor/Weaver/Processors/CommandProcessor.cs
  artifactKey: Guid(73f6c9cdbb9e54f65b3a0a35cc8e55c2) Importer(2089858483,0ecaa5967403d082aa24f35e1b516d23)
Number of updated assets reloaded before import = 0
Start importing Assets/Mirror/Editor/Weaver/Processors/CommandProcessor.cs using Guid(73f6c9cdbb9e54f65b3a0a35cc8e55c2) Importer(2089858483,0ecaa5967403d082aa24f35e1b516d23)  -> (artifact id: 'cf136fa8cea8cbfc4b24027a3dc8e3e7') in 0.011795 seconds 
Number of asset objects unloaded after import = 0
========================================================================
Received Import Request.
  Time since last request: 0.000025 seconds.
  path: Assets/Mirror/Editor/Weaver/Processors/RpcProcessor.cs
  artifactKey: Guid(a3cb7051ff41947e59bba58bdd2b73fc) Importer(2089858483,0ecaa5967403d082aa24f35e1b516d23)
Number of updated assets reloaded before import = 0
Start importing Assets/Mirror/Editor/Weaver/Processors/RpcProcessor.cs using Guid(a3cb7051ff41947e59bba58bdd2b73fc) Importer(2089858483,0ecaa5967403d082aa24f35e1b516d23)  -> (artifact id: 'c178b277756e03d3cd5105f7c0cbf476') in 0.011471 seconds 
Number of asset objects unloaded after import = 0
========================================================================
Received Import Request.
  Time since last request: 0.000027 seconds.
  path: Assets/TextMesh Pro/Examples & Extras/Scripts/VertexZoom.cs
  artifactKey: Guid(52ec835d14bd486f900952b77698b7eb) Importer(2089858483,0ecaa5967403d082aa24f35e1b516d23)
Number of updated assets reloaded before import = 0
Start importing Assets/TextMesh Pro/Examples & Extras/Scripts/VertexZoom.cs using Guid(52ec835d14bd486f900952b77698b7eb) Importer(2089858483,0ecaa5967403d082aa24f35e1b516d23)  -> (artifact id: 'f37a17c56e5b825e017b6e051d094175') in 0.010854 seconds 
Number of asset objects unloaded after import = 0
========================================================================
Received Import Request.
  Time since last request: 0.000018 seconds.
  path: Assets/TextMesh Pro/Examples & Extras/Scripts/TMP_TextSelector_A.cs
  artifactKey: Guid(103e0a6a1d404693b9fb1a5173e0e979) Importer(2089858483,0ecaa5967403d082aa24f35e1b516d23)
Number of updated assets reloaded before import = 0
Start importing Assets/TextMesh Pro/Examples & Extras/Scripts/TMP_TextSelector_A.cs using Guid(103e0a6a1d404693b9fb1a5173e0e979) Importer(2089858483,0ecaa5967403d082aa24f35e1b516d23)  -> (artifact id: 'a29923b25d416d5fcd5a7f16af081ee2') in 0.010672 seconds 
Number of asset objects unloaded after import = 0
========================================================================
Received Import Request.
  Time since last request: 0.000026 seconds.
  path: Assets/TextMesh Pro/Examples & Extras/Materials/Ground - Logo Scene.mat
  artifactKey: Guid(c719e38f25a9480abd2480ab621a2949) Importer(2089858483,0ecaa5967403d082aa24f35e1b516d23)
Number of updated assets reloaded before import = 0
Start importing Assets/TextMesh Pro/Examples & Extras/Materials/Ground - Logo Scene.mat using Guid(c719e38f25a9480abd2480ab621a2949) Importer(2089858483,0ecaa5967403d082aa24f35e1b516d23)  -> (artifact id: 'e2fe80d30f81ef87251d48cba1f93ed4') in 0.053147 seconds 
Number of asset objects unloaded after import = 2
========================================================================
Received Import Request.
  Time since last request: 0.000020 seconds.
  path: Assets/TextMesh Pro/Examples & Extras/Scripts/TMP_TextSelector_B.cs
  artifactKey: Guid(a05dcd8be7ec4ccbb35c26219884aa37) Importer(2089858483,0ecaa5967403d082aa24f35e1b516d23)
Number of updated assets reloaded before import = 0
Start importing Assets/TextMesh Pro/Examples & Extras/Scripts/TMP_TextSelector_B.cs using Guid(a05dcd8be7ec4ccbb35c26219884aa37) Importer(2089858483,0ecaa5967403d082aa24f35e1b516d23)  -> (artifact id: 'e40cbdbd48e4852886c0dcff5ed534c3') in 0.013057 seconds 
Number of asset objects unloaded after import = 0
========================================================================
Received Import Request.
  Time since last request: 0.000029 seconds.
  path: Assets/TextMesh Pro/Examples & Extras/Textures/Wipe Pattern - Circle.psd
  artifactKey: Guid(10c49fcd9c64421db7c0133e61e55f97) Importer(2089858483,0ecaa5967403d082aa24f35e1b516d23)
Number of updated assets reloaded before import = 0
Start importing Assets/TextMesh Pro/Examples & Extras/Textures/Wipe Pattern - Circle.psd using Guid(10c49fcd9c64421db7c0133e61e55f97) Importer(2089858483,0ecaa5967403d082aa24f35e1b516d23)  -> (artifact id: 'e8576c727b876a2af80ee156fcfe3b4c') in 0.023536 seconds 
Number of asset objects unloaded after import = 1
========================================================================
Received Import Request.
  Time since last request: 0.000023 seconds.
  path: Assets/TextMesh Pro/Examples & Extras/Prefabs/TextMeshPro - Prefab 2.prefab
  artifactKey: Guid(fdad9d952ae84cafb74c63f2e694d042) Importer(2089858483,0ecaa5967403d082aa24f35e1b516d23)
Number of updated assets reloaded before import = 0
Start importing Assets/TextMesh Pro/Examples & Extras/Prefabs/TextMeshPro - Prefab 2.prefab using Guid(fdad9d952ae84cafb74c63f2e694d042) Importer(2089858483,0ecaa5967403d082aa24f35e1b516d23)  -> (artifact id: '9a92f10105180d7cbff19c513204680d') in 0.097747 seconds 
Number of asset objects unloaded after import = 16
========================================================================
Received Import Request.
  Time since last request: 0.000020 seconds.
  path: Assets/Mirror/Editor/Weaver/EntryPointILPostProcessor/ILPostProcessorReflectionImporter.cs
  artifactKey: Guid(6403a7e3b3ae4e009ae282f111d266e0) Importer(2089858483,0ecaa5967403d082aa24f35e1b516d23)
Number of updated assets reloaded before import = 0
Start importing Assets/Mirror/Editor/Weaver/EntryPointILPostProcessor/ILPostProcessorReflectionImporter.cs using Guid(6403a7e3b3ae4e009ae282f111d266e0) Importer(2089858483,0ecaa5967403d082aa24f35e1b516d23)  -> (artifact id: '8be43e9b8c715c3416b25a3d66f0d2b5') in 0.011959 seconds 
Number of asset objects unloaded after import = 0
========================================================================
Received Import Request.
  Time since last request: 0.000038 seconds.
  path: Assets/TextMesh Pro/Examples & Extras/Scenes/10 - Bullets & Numbered List Example.unity
  artifactKey: Guid(c3f814e1d12c45568daf3dd9a86a0e61) Importer(2089858483,0ecaa5967403d082aa24f35e1b516d23)
Number of updated assets reloaded before import = 0
Start importing Assets/TextMesh Pro/Examples & Extras/Scenes/10 - Bullets & Numbered List Example.unity using Guid(c3f814e1d12c45568daf3dd9a86a0e61) Importer(2089858483,0ecaa5967403d082aa24f35e1b516d23)  -> (artifact id: '9373e28ce5d6dbb3ad776b9c46c7bd9c') in 0.011573 seconds 
Number of asset objects unloaded after import = 1
========================================================================
Received Import Request.
  Time since last request: 0.000026 seconds.
  path: Assets/Sprites/UI/Quest log/frame_2.png
  artifactKey: Guid(993c490348c567e45b423b4bbc49b399) Importer(2089858483,0ecaa5967403d082aa24f35e1b516d23)
Number of updated assets reloaded before import = 0
Start importing Assets/Sprites/UI/Quest log/frame_2.png using Guid(993c490348c567e45b423b4bbc49b399) Importer(2089858483,0ecaa5967403d082aa24f35e1b516d23)  -> (artifact id: 'cab428743cdfec827a015cc5517c5078') in 0.025068 seconds 
Number of asset objects unloaded after import = 3
========================================================================
Received Import Request.
  Time since last request: 0.000021 seconds.
  path: Assets/TextMesh Pro/Examples & Extras/Materials/Small Crate_diffuse.mat
  artifactKey: Guid(22262639920f43d6be32430e4e58350d) Importer(2089858483,0ecaa5967403d082aa24f35e1b516d23)
Number of updated assets reloaded before import = 0
Start importing Assets/TextMesh Pro/Examples & Extras/Materials/Small Crate_diffuse.mat using Guid(22262639920f43d6be32430e4e58350d) Importer(2089858483,0ecaa5967403d082aa24f35e1b516d23)  -> (artifact id: '41a2a12c746e94f7f42dc88c6cd32f66') in 0.022805 seconds 
Number of asset objects unloaded after import = 3
========================================================================
Received Import Request.
  Time since last request: 0.000027 seconds.
  path: Assets/Mirror/Editor/Weaver/EntryPointILPostProcessor/ILPostProcessorHook.cs
  artifactKey: Guid(5f113eb695b348b5b28cd85358c8959a) Importer(2089858483,0ecaa5967403d082aa24f35e1b516d23)
Number of updated assets reloaded before import = 0
Start importing Assets/Mirror/Editor/Weaver/EntryPointILPostProcessor/ILPostProcessorHook.cs using Guid(5f113eb695b348b5b28cd85358c8959a) Importer(2089858483,0ecaa5967403d082aa24f35e1b516d23)  -> (artifact id: '579ad34725aa7518fca838b1d677d2ec') in 0.012178 seconds 
Number of asset objects unloaded after import = 0
========================================================================
Received Import Request.
  Time since last request: 0.000022 seconds.
  path: Assets/Sprites/UI/Inventory/empty_slot.png
  artifactKey: Guid(c98d5caebd8b6f0439fb19bd5d87dba6) Importer(2089858483,0ecaa5967403d082aa24f35e1b516d23)
Number of updated assets reloaded before import = 0
Start importing Assets/Sprites/UI/Inventory/empty_slot.png using Guid(c98d5caebd8b6f0439fb19bd5d87dba6) Importer(2089858483,0ecaa5967403d082aa24f35e1b516d23)  -> (artifact id: '7f0329b8307b55d9aafa1771c89bd99e') in 0.023099 seconds 
Number of asset objects unloaded after import = 3
========================================================================
Received Import Request.
  Time since last request: 0.000044 seconds.
  path: Assets/TextMesh Pro/Examples & Extras/Materials/Ground - Surface Shader Scene.mat
  artifactKey: Guid(aadd5a709a48466c887296bb5b1b8110) Importer(2089858483,0ecaa5967403d082aa24f35e1b516d23)
Number of updated assets reloaded before import = 0
Start importing Assets/TextMesh Pro/Examples & Extras/Materials/Ground - Surface Shader Scene.mat using Guid(aadd5a709a48466c887296bb5b1b8110) Importer(2089858483,0ecaa5967403d082aa24f35e1b516d23)  -> (artifact id: 'c48fe574c4fd2f963353a62e9cbef669') in 0.026063 seconds 
Number of asset objects unloaded after import = 2
========================================================================
Received Import Request.
  Time since last request: 0.000031 seconds.
  path: Assets/TextMesh Pro/Examples & Extras/Scripts/TMP_TextEventCheck.cs
  artifactKey: Guid(d736ce056cf444ca96e424f4d9c42b76) Importer(2089858483,0ecaa5967403d082aa24f35e1b516d23)
Number of updated assets reloaded before import = 0
Start importing Assets/TextMesh Pro/Examples & Extras/Scripts/TMP_TextEventCheck.cs using Guid(d736ce056cf444ca96e424f4d9c42b76) Importer(2089858483,0ecaa5967403d082aa24f35e1b516d23)  -> (artifact id: '33a235ca6d076b0b30d43c159cbd7dc0') in 0.012471 seconds 
Number of asset objects unloaded after import = 0
========================================================================
Received Import Request.
  Time since last request: 0.000037 seconds.
  path: Assets/Sprites/UI/Quest log/frame_3.png
  artifactKey: Guid(2eee330528c3e5149913b88480afe987) Importer(2089858483,0ecaa5967403d082aa24f35e1b516d23)
Number of updated assets reloaded before import = 0
Start importing Assets/Sprites/UI/Quest log/frame_3.png using Guid(2eee330528c3e5149913b88480afe987) Importer(2089858483,0ecaa5967403d082aa24f35e1b516d23)  -> (artifact id: 'e7256ff560908225cb4778715e65ddb4') in 0.024677 seconds 
Number of asset objects unloaded after import = 3
========================================================================
Received Import Request.
  Time since last request: 0.000027 seconds.
  path: Assets/Mirror/Components/InterestManagement/PhysicsSimulator/PhysicsSimulator.cs
  artifactKey: Guid(78e3051d2c03f27429276d8a55a6d15c) Importer(2089858483,0ecaa5967403d082aa24f35e1b516d23)
Number of updated assets reloaded before import = 0
Start importing Assets/Mirror/Components/InterestManagement/PhysicsSimulator/PhysicsSimulator.cs using Guid(78e3051d2c03f27429276d8a55a6d15c) Importer(2089858483,0ecaa5967403d082aa24f35e1b516d23)  -> (artifact id: 'ca0f0bd45d7a24fccafebf487a5a891e') in 0.013320 seconds 
Number of asset objects unloaded after import = 1
========================================================================
Received Import Request.
  Time since last request: 0.000023 seconds.
  path: Assets/Sprites/UI/Menus/TitleStats.png
  artifactKey: Guid(711b2331289553e49887c40b80880f50) Importer(2089858483,0ecaa5967403d082aa24f35e1b516d23)
Number of updated assets reloaded before import = 0
Start importing Assets/Sprites/UI/Menus/TitleStats.png using Guid(711b2331289553e49887c40b80880f50) Importer(2089858483,0ecaa5967403d082aa24f35e1b516d23)  -> (artifact id: '08666d1dd5a0758579254a7e853a2dd0') in 0.023429 seconds 
Number of asset objects unloaded after import = 3
========================================================================
Received Import Request.
  Time since last request: 0.000029 seconds.
  path: Assets/Mirror/Core/Tools/CustomStructs/Vector4Long.cs
  artifactKey: Guid(9f69bf6b6d73476ab3f31dd635bb6497) Importer(2089858483,0ecaa5967403d082aa24f35e1b516d23)
Number of updated assets reloaded before import = 0
Start importing Assets/Mirror/Core/Tools/CustomStructs/Vector4Long.cs using Guid(9f69bf6b6d73476ab3f31dd635bb6497) Importer(2089858483,0ecaa5967403d082aa24f35e1b516d23)  -> (artifact id: '408bcef095037735146f49097db9148f') in 0.013709 seconds 
Number of asset objects unloaded after import = 1
========================================================================
Received Import Request.
  Time since last request: 0.000046 seconds.
  path: Assets/Sprites/skeleton_2/death_left/death_left_2_0010.png
  artifactKey: Guid(6b6b0b85999b83b469fe94893c22a29d) Importer(2089858483,0ecaa5967403d082aa24f35e1b516d23)
Number of updated assets reloaded before import = 0
Start importing Assets/Sprites/skeleton_2/death_left/death_left_2_0010.png using Guid(6b6b0b85999b83b469fe94893c22a29d) Importer(2089858483,0ecaa5967403d082aa24f35e1b516d23)  -> (artifact id: '32e86c861d0d7fcfc0b4dfcad0c83ff5') in 0.024114 seconds 
Number of asset objects unloaded after import = 3
========================================================================
Received Import Request.
  Time since last request: 0.000023 seconds.
  path: Assets/TextMesh Pro/Examples & Extras/Scripts/TMPro_InstructionOverlay.cs
  artifactKey: Guid(c3c1afeda5e545e0b19add5373896d2e) Importer(2089858483,0ecaa5967403d082aa24f35e1b516d23)
Number of updated assets reloaded before import = 0
Start importing Assets/TextMesh Pro/Examples & Extras/Scripts/TMPro_InstructionOverlay.cs using Guid(c3c1afeda5e545e0b19add5373896d2e) Importer(2089858483,0ecaa5967403d082aa24f35e1b516d23)  -> (artifact id: '318fbddd88f791f9f2a921015ad2ebff') in 0.013194 seconds 
Number of asset objects unloaded after import = 0
========================================================================
Received Import Request.
  Time since last request: 0.000024 seconds.
  path: Assets/Sprites/skeleton_2/death_left/death_left_2_0011.png
  artifactKey: Guid(2be494f664bcbb441811ba4d44024399) Importer(2089858483,0ecaa5967403d082aa24f35e1b516d23)
Number of updated assets reloaded before import = 0
Start importing Assets/Sprites/skeleton_2/death_left/death_left_2_0011.png using Guid(2be494f664bcbb441811ba4d44024399) Importer(2089858483,0ecaa5967403d082aa24f35e1b516d23)  -> (artifact id: 'ad7f66a4b80c2a7c72ec95e47414ad74') in 0.022777 seconds 
Number of asset objects unloaded after import = 3
========================================================================
Received Import Request.
  Time since last request: 0.000027 seconds.
  path: Assets/Sprites/skeleton_2/death_up/death_up_2_0008.png
  artifactKey: Guid(a2391428a3c8a2649bf6827b145d4fa2) Importer(2089858483,0ecaa5967403d082aa24f35e1b516d23)
Number of updated assets reloaded before import = 0
Start importing Assets/Sprites/skeleton_2/death_up/death_up_2_0008.png using Guid(a2391428a3c8a2649bf6827b145d4fa2) Importer(2089858483,0ecaa5967403d082aa24f35e1b516d23)  -> (artifact id: 'a75827f0bf08feb57e73ee5a3a2184ac') in 0.024616 seconds 
Number of asset objects unloaded after import = 3
========================================================================
Received Import Request.
  Time since last request: 0.000025 seconds.
  path: Assets/Sprites/Gear/boots/boots_idle_left.png
  artifactKey: Guid(52293b999fc72144fb828a36d3963bd4) Importer(2089858483,0ecaa5967403d082aa24f35e1b516d23)
Number of updated assets reloaded before import = 0
Start importing Assets/Sprites/Gear/boots/boots_idle_left.png using Guid(52293b999fc72144fb828a36d3963bd4) Importer(2089858483,0ecaa5967403d082aa24f35e1b516d23)  -> (artifact id: '29886a06c55361e2b397d79eef5c9b43') in 0.062488 seconds 
Number of asset objects unloaded after import = 14
========================================================================
Received Import Request.
  Time since last request: 0.000041 seconds.
  path: Assets/Sprites/Gear/hat/hat_walk_left.png
  artifactKey: Guid(521634c2dbae67140a5e0b7782ad1cd3) Importer(2089858483,0ecaa5967403d082aa24f35e1b516d23)
Number of updated assets reloaded before import = 0
Start importing Assets/Sprites/Gear/hat/hat_walk_left.png using Guid(521634c2dbae67140a5e0b7782ad1cd3) Importer(2089858483,0ecaa5967403d082aa24f35e1b516d23)  -> (artifact id: '0e38e241bb58bf025ccc43eceafe9d40') in 0.064986 seconds 
Number of asset objects unloaded after import = 18
========================================================================
Received Import Request.
  Time since last request: 0.000035 seconds.
  path: Assets/Mirror/Presets/Network Transform (Unreliable)/ClientAuth-Responsive.preset
  artifactKey: Guid(393416c7c2b2f4366be81f82886c280c) Importer(2089858483,0ecaa5967403d082aa24f35e1b516d23)
Number of updated assets reloaded before import = 0
Start importing Assets/Mirror/Presets/Network Transform (Unreliable)/ClientAuth-Responsive.preset using Guid(393416c7c2b2f4366be81f82886c280c) Importer(2089858483,0ecaa5967403d082aa24f35e1b516d23)  -> (artifact id: '5b5997e18874ef3b8ad07d1ec3af4951') in 0.018625 seconds 
Number of asset objects unloaded after import = 1
========================================================================
Received Import Request.
  Time since last request: 0.000034 seconds.
  path: Assets/TextMesh Pro/Examples & Extras/Scenes/16 - Linked text overflow mode example.unity
  artifactKey: Guid(9442cda25baa4a0bb544c4d095b00caa) Importer(2089858483,0ecaa5967403d082aa24f35e1b516d23)
Number of updated assets reloaded before import = 0
Start importing Assets/TextMesh Pro/Examples & Extras/Scenes/16 - Linked text overflow mode example.unity using Guid(9442cda25baa4a0bb544c4d095b00caa) Importer(2089858483,0ecaa5967403d082aa24f35e1b516d23)  -> (artifact id: '6df39b7f9e64b240986a4e10388546ae') in 0.009470 seconds 
Number of asset objects unloaded after import = 1
========================================================================
Received Import Request.
  Time since last request: 0.000030 seconds.
  path: Assets/Sprites/UI/Menus/save_button.png
  artifactKey: Guid(33e9bfe3f4aa1fb43b67b6c8bc83f784) Importer(2089858483,0ecaa5967403d082aa24f35e1b516d23)
Number of updated assets reloaded before import = 0
Start importing Assets/Sprites/UI/Menus/save_button.png using Guid(33e9bfe3f4aa1fb43b67b6c8bc83f784) Importer(2089858483,0ecaa5967403d082aa24f35e1b516d23)  -> (artifact id: 'ab891442e5e55c2ba393a17fab75621d') in 0.021923 seconds 
Number of asset objects unloaded after import = 3
========================================================================
Received Import Request.
  Time since last request: 0.000030 seconds.
  path: Assets/Mirror/Components/InterestManagement/SpatialHashing/HexSpatialHash2DInterestManagement.cs
  artifactKey: Guid(9b8b055f11f85ff428da471a0e625dd4) Importer(2089858483,0ecaa5967403d082aa24f35e1b516d23)
Number of updated assets reloaded before import = 0
Start importing Assets/Mirror/Components/InterestManagement/SpatialHashing/HexSpatialHash2DInterestManagement.cs using Guid(9b8b055f11f85ff428da471a0e625dd4) Importer(2089858483,0ecaa5967403d082aa24f35e1b516d23)  -> (artifact id: '562e57e20e934017bc27cd10da5f0b4d') in 0.012506 seconds 
Number of asset objects unloaded after import = 1
========================================================================
Received Import Request.
  Time since last request: 0.000023 seconds.
  path: Assets/Sprites/skeleton_2/attack_left/attack_left_2_0002.png
  artifactKey: Guid(cc1f74d5e34959345bfe834853dc8578) Importer(2089858483,0ecaa5967403d082aa24f35e1b516d23)
Number of updated assets reloaded before import = 0
Start importing Assets/Sprites/skeleton_2/attack_left/attack_left_2_0002.png using Guid(cc1f74d5e34959345bfe834853dc8578) Importer(2089858483,0ecaa5967403d082aa24f35e1b516d23)  -> (artifact id: 'ca7aec381252bc4859b0b3992ce8245e') in 0.022701 seconds 
Number of asset objects unloaded after import = 3
========================================================================
Received Import Request.
  Time since last request: 0.000031 seconds.
  path: Assets/Sprites/skeleton_2/idle_right/idle_right_2_0003.png
  artifactKey: Guid(dc7f60d74aaa6b545a67ef4afe5193c4) Importer(2089858483,0ecaa5967403d082aa24f35e1b516d23)
Number of updated assets reloaded before import = 0
Start importing Assets/Sprites/skeleton_2/idle_right/idle_right_2_0003.png using Guid(dc7f60d74aaa6b545a67ef4afe5193c4) Importer(2089858483,0ecaa5967403d082aa24f35e1b516d23)  -> (artifact id: '3a8daf943a65bc33789a4e69ef9b9059') in 0.021490 seconds 
Number of asset objects unloaded after import = 3
========================================================================
Received Import Request.
  Time since last request: 0.000022 seconds.
  path: Assets/Sprites/skeleton_1/attack_right/attack_right_1_0006.png
  artifactKey: Guid(e9e21970b31399d43860831e33083000) Importer(2089858483,0ecaa5967403d082aa24f35e1b516d23)
Number of updated assets reloaded before import = 0
Start importing Assets/Sprites/skeleton_1/attack_right/attack_right_1_0006.png using Guid(e9e21970b31399d43860831e33083000) Importer(2089858483,0ecaa5967403d082aa24f35e1b516d23)  -> (artifact id: 'eb6151a5c234deaa0e5ed9326d961ea7') in 0.023307 seconds 
Number of asset objects unloaded after import = 3
========================================================================
Received Import Request.
  Time since last request: 0.000025 seconds.
  path: Assets/Mirror/Editor/Weaver/EntryPoint/CompilationFinishedLogger.cs
  artifactKey: Guid(47026732f0fa475c94bd1dd41f1de559) Importer(2089858483,0ecaa5967403d082aa24f35e1b516d23)
Number of updated assets reloaded before import = 0
Start importing Assets/Mirror/Editor/Weaver/EntryPoint/CompilationFinishedLogger.cs using Guid(47026732f0fa475c94bd1dd41f1de559) Importer(2089858483,0ecaa5967403d082aa24f35e1b516d23)  -> (artifact id: '0f2eeaa640e6ba1c1378fa6bd83a329a') in 0.010986 seconds 
Number of asset objects unloaded after import = 0
========================================================================
Received Import Request.
  Time since last request: 0.000022 seconds.
  path: Assets/TextMesh Pro/Examples & Extras/Scripts/TMP_TextEventHandler.cs
  artifactKey: Guid(1312ae25639a4bae8e25ae223209cc50) Importer(2089858483,0ecaa5967403d082aa24f35e1b516d23)
Number of updated assets reloaded before import = 0
Start importing Assets/TextMesh Pro/Examples & Extras/Scripts/TMP_TextEventHandler.cs using Guid(1312ae25639a4bae8e25ae223209cc50) Importer(2089858483,0ecaa5967403d082aa24f35e1b516d23)  -> (artifact id: '56c392b85ddb0eb2d62a3508a14a3d18') in 0.011716 seconds 
Number of asset objects unloaded after import = 0
========================================================================
Received Import Request.
  Time since last request: 0.000025 seconds.
  path: Assets/Sprites/skeleton_2/walk_up/walk_up_2_0005.png
  artifactKey: Guid(d2227bb344e01ad4f907ba46a6c3cadd) Importer(2089858483,0ecaa5967403d082aa24f35e1b516d23)
Number of updated assets reloaded before import = 0
Start importing Assets/Sprites/skeleton_2/walk_up/walk_up_2_0005.png using Guid(d2227bb344e01ad4f907ba46a6c3cadd) Importer(2089858483,0ecaa5967403d082aa24f35e1b516d23)  -> (artifact id: 'd1ee4db548ae3e1fa043906498f34a81') in 0.026422 seconds 
Number of asset objects unloaded after import = 3
========================================================================
Received Import Request.
  Time since last request: 0.000021 seconds.
  path: Assets/Mirror/Examples/AdditiveLevels/Textures/Up_Tex.jpeg
  artifactKey: Guid(bd9ad886b003944169e7ce1286756940) Importer(2089858483,0ecaa5967403d082aa24f35e1b516d23)
Number of updated assets reloaded before import = 0
Start importing Assets/Mirror/Examples/AdditiveLevels/Textures/Up_Tex.jpeg using Guid(bd9ad886b003944169e7ce1286756940) Importer(2089858483,0ecaa5967403d082aa24f35e1b516d23)  -> (artifact id: '8ede54d67314f2f6da5d9e308c934f72') in 0.024075 seconds 
Number of asset objects unloaded after import = 1
========================================================================
Received Import Request.
  Time since last request: 0.000023 seconds.
  path: Assets/Mirror/Examples/CharacterSelection/Materials/MaterialWhite.mat
  artifactKey: Guid(0eb01134dad314f879704d594ca8a7b2) Importer(2089858483,0ecaa5967403d082aa24f35e1b516d23)
Number of updated assets reloaded before import = 0
Start importing Assets/Mirror/Examples/CharacterSelection/Materials/MaterialWhite.mat using Guid(0eb01134dad314f879704d594ca8a7b2) Importer(2089858483,0ecaa5967403d082aa24f35e1b516d23)  -> (artifact id: 'c20653d25ce9774f39248f4a98a805d7') in 0.029559 seconds 
Number of asset objects unloaded after import = 1
========================================================================
Received Import Request.
  Time since last request: 0.000026 seconds.
  path: Assets/Mirror/Examples/CharacterSelection/Scripts/CanvasReferencer.cs
  artifactKey: Guid(faef105eb77a94bbaacfe57f48968e19) Importer(2089858483,0ecaa5967403d082aa24f35e1b516d23)
Number of updated assets reloaded before import = 0
Start importing Assets/Mirror/Examples/CharacterSelection/Scripts/CanvasReferencer.cs using Guid(faef105eb77a94bbaacfe57f48968e19) Importer(2089858483,0ecaa5967403d082aa24f35e1b516d23)  -> (artifact id: '6929e70dcd886e1ac713288f5cfde6f9') in 0.011456 seconds 
Number of asset objects unloaded after import = 0
========================================================================
Received Import Request.
  Time since last request: 0.000034 seconds.
  path: Assets/Mirror/Examples/Chat/Scripts/ChatAuthenticator.cs
  artifactKey: Guid(6e2e6b40604520d408bef0a5243a58cd) Importer(2089858483,0ecaa5967403d082aa24f35e1b516d23)
Number of updated assets reloaded before import = 0
Start importing Assets/Mirror/Examples/Chat/Scripts/ChatAuthenticator.cs using Guid(6e2e6b40604520d408bef0a5243a58cd) Importer(2089858483,0ecaa5967403d082aa24f35e1b516d23)  -> (artifact id: '69e02db5d5790d8856dda6342ed9aa80') in 0.011624 seconds 
Number of asset objects unloaded after import = 0
========================================================================
Received Import Request.
  Time since last request: 0.000023 seconds.
  path: Assets/Mirror/Examples/BilliardsPredicted/Ball/WhitePredicted.prefab
  artifactKey: Guid(8b8303075efb94c0e9478abfb2e558df) Importer(2089858483,0ecaa5967403d082aa24f35e1b516d23)
Number of updated assets reloaded before import = 0
Start importing Assets/Mirror/Examples/BilliardsPredicted/Ball/WhitePredicted.prefab using Guid(8b8303075efb94c0e9478abfb2e558df) Importer(2089858483,0ecaa5967403d082aa24f35e1b516d23)  -> (artifact id: '88caa9e2dbd73ba852203dcc079747c5') in 0.039468 seconds 
Number of asset objects unloaded after import = 17
========================================================================
Received Import Request.
  Time since last request: 0.000026 seconds.
  path: Assets/Mirror/Examples/Basic/Prefabs/PlayerUI.prefab
  artifactKey: Guid(22f1fa3a0aff72b46a371f667bb4fb30) Importer(2089858483,0ecaa5967403d082aa24f35e1b516d23)
Number of updated assets reloaded before import = 0
Start importing Assets/Mirror/Examples/Basic/Prefabs/PlayerUI.prefab using Guid(22f1fa3a0aff72b46a371f667bb4fb30) Importer(2089858483,0ecaa5967403d082aa24f35e1b516d23)  -> (artifact id: '632c073a11ad049f1716b745bea8af60') in 0.028465 seconds 
Number of asset objects unloaded after import = 15
========================================================================
Received Import Request.
  Time since last request: 0.000058 seconds.
  path: Assets/Mirror/Examples/HexSpatialHash/Prefabs/Hex3DPlayer.prefab
  artifactKey: Guid(85c3b622590282745ab702bb2ae1767f) Importer(2089858483,0ecaa5967403d082aa24f35e1b516d23)
Number of updated assets reloaded before import = 0
Start importing Assets/Mirror/Examples/HexSpatialHash/Prefabs/Hex3DPlayer.prefab using Guid(85c3b622590282745ab702bb2ae1767f) Importer(2089858483,0ecaa5967403d082aa24f35e1b516d23)  -> (artifact id: 'ca9948578a2543c6e5633d927045dfe7') in 0.032162 seconds 
Number of asset objects unloaded after import = 11
========================================================================
Received Import Request.
  Time since last request: 0.000050 seconds.
  path: Assets/Mirror/Examples/BenchmarkStinkySteak/Prefabs/GUIGame.prefab
  artifactKey: Guid(7c764c613d90a5e4eb9ae8c5f2483eca) Importer(2089858483,0ecaa5967403d082aa24f35e1b516d23)
Number of updated assets reloaded before import = 0
Start importing Assets/Mirror/Examples/BenchmarkStinkySteak/Prefabs/GUIGame.prefab using Guid(7c764c613d90a5e4eb9ae8c5f2483eca) Importer(2089858483,0ecaa5967403d082aa24f35e1b516d23)  -> (artifact id: '7392c0042d27d0a24f7bec1bdd64a6bd') in 0.060516 seconds 
Number of asset objects unloaded after import = 103
========================================================================
Received Import Request.
  Time since last request: 0.000061 seconds.
  path: Assets/Mirror/Examples/CouchCoop/Prefabs/CouchPlayerManager.prefab
  artifactKey: Guid(44329fdf23cc043648529f3cb0a8fd7c) Importer(2089858483,0ecaa5967403d082aa24f35e1b516d23)
Number of updated assets reloaded before import = 0
Start importing Assets/Mirror/Examples/CouchCoop/Prefabs/CouchPlayerManager.prefab using Guid(44329fdf23cc043648529f3cb0a8fd7c) Importer(2089858483,0ecaa5967403d082aa24f35e1b516d23)  -> (artifact id: 'b38d4b43cb3b2b7d04d6a0f51574d3d2') in 0.024405 seconds 
Number of asset objects unloaded after import = 34
========================================================================
Received Import Request.
  Time since last request: 0.000027 seconds.
  path: Assets/Mirror/Examples/Billiards/Table/Billiard Table.prefab
  artifactKey: Guid(dc0a91834ded843aba24753233b8c029) Importer(2089858483,0ecaa5967403d082aa24f35e1b516d23)
Number of updated assets reloaded before import = 0
Start importing Assets/Mirror/Examples/Billiards/Table/Billiard Table.prefab using Guid(dc0a91834ded843aba24753233b8c029) Importer(2089858483,0ecaa5967403d082aa24f35e1b516d23)  -> (artifact id: '217bfcd3a5ea4f544c7f297d4dc47355') in 0.032469 seconds 
Number of asset objects unloaded after import = 32
========================================================================
Received Import Request.
  Time since last request: 0.000044 seconds.
  path: Assets/Mirror/Examples/Benchmark/Scripts/PlayerMovement.cs
  artifactKey: Guid(c482338c8cc6d4a3cba81934c0151972) Importer(2089858483,0ecaa5967403d082aa24f35e1b516d23)
Number of updated assets reloaded before import = 0
Start importing Assets/Mirror/Examples/Benchmark/Scripts/PlayerMovement.cs using Guid(c482338c8cc6d4a3cba81934c0151972) Importer(2089858483,0ecaa5967403d082aa24f35e1b516d23)  -> (artifact id: '56028f706e130d4618f6838496988750') in 0.011585 seconds 
Number of asset objects unloaded after import = 0
========================================================================
Received Import Request.
  Time since last request: 0.000032 seconds.
  path: Assets/Mirror/Examples/CharacterSelection/Textures/dirtMoon.jpg
  artifactKey: Guid(1d05f8485741f4d4ca94e613ba38db65) Importer(2089858483,0ecaa5967403d082aa24f35e1b516d23)
Number of updated assets reloaded before import = 0
Start importing Assets/Mirror/Examples/CharacterSelection/Textures/dirtMoon.jpg using Guid(1d05f8485741f4d4ca94e613ba38db65) Importer(2089858483,0ecaa5967403d082aa24f35e1b516d23)  -> (artifact id: '632eb3fc179578bf5a48ae4f58209927') in 0.026779 seconds 
Number of asset objects unloaded after import = 1
========================================================================
Received Import Request.
  Time since last request: 0.000058 seconds.
  path: Assets/Mirror/Examples/BilliardsPredicted/Ball/WhiteBallPredicted.cs
  artifactKey: Guid(8fb3f86b63cef4b2093db683f699a13c) Importer(2089858483,0ecaa5967403d082aa24f35e1b516d23)
Number of updated assets reloaded before import = 0
Start importing Assets/Mirror/Examples/BilliardsPredicted/Ball/WhiteBallPredicted.cs using Guid(8fb3f86b63cef4b2093db683f699a13c) Importer(2089858483,0ecaa5967403d082aa24f35e1b516d23)  -> (artifact id: '1b92205d1b70ea394804fa0b039e49e3') in 0.012414 seconds 
Number of asset objects unloaded after import = 0
========================================================================
Received Import Request.
  Time since last request: 0.000030 seconds.
  path: Assets/Mirror/Examples/BenchmarkStinkySteak/Shaders/Unlit.mat
  artifactKey: Guid(1a4e2bf0f982f8341a79b69aaaadcf24) Importer(2089858483,0ecaa5967403d082aa24f35e1b516d23)
Number of updated assets reloaded before import = 0
Start importing Assets/Mirror/Examples/BenchmarkStinkySteak/Shaders/Unlit.mat using Guid(1a4e2bf0f982f8341a79b69aaaadcf24) Importer(2089858483,0ecaa5967403d082aa24f35e1b516d23)  -> (artifact id: 'fbb99f3ffd8c6d3c85818cf90f027cdd') in 0.082816 seconds 
Number of asset objects unloaded after import = 1
========================================================================
Received Import Request.
  Time since last request: 0.000026 seconds.
  path: Assets/Mirror/Examples/Chat/Scenes/MirrorChat.unity
  artifactKey: Guid(f4e8d4de4484e44bba666f2d1f66c73e) Importer(2089858483,0ecaa5967403d082aa24f35e1b516d23)
Number of updated assets reloaded before import = 0
Start importing Assets/Mirror/Examples/Chat/Scenes/MirrorChat.unity using Guid(f4e8d4de4484e44bba666f2d1f66c73e) Importer(2089858483,0ecaa5967403d082aa24f35e1b516d23)  -> (artifact id: '47fd0104a2bc79571072543cf09539d9') in 0.011834 seconds 
Number of asset objects unloaded after import = 1
========================================================================
Received Import Request.
  Time since last request: 0.000019 seconds.
  path: Assets/Mirror/Examples/BenchmarkStinkySteak/Scripts/GUIGame.cs
  artifactKey: Guid(89b59180da8577947a00064507b6f488) Importer(2089858483,0ecaa5967403d082aa24f35e1b516d23)
Number of updated assets reloaded before import = 0
Start importing Assets/Mirror/Examples/BenchmarkStinkySteak/Scripts/GUIGame.cs using Guid(89b59180da8577947a00064507b6f488) Importer(2089858483,0ecaa5967403d082aa24f35e1b516d23)  -> (artifact id: '50c419d35df0a9b66338176bb8d4dfd5') in 0.011211 seconds 
Number of asset objects unloaded after import = 0
========================================================================
Received Import Request.
  Time since last request: 0.000026 seconds.
  path: Assets/Mirror/Examples/CouchCoop/Scripts/CouchPlayerManager.cs
  artifactKey: Guid(32f263c662d1e4d33870c9411461bbd0) Importer(2089858483,0ecaa5967403d082aa24f35e1b516d23)
Number of updated assets reloaded before import = 0
Start importing Assets/Mirror/Examples/CouchCoop/Scripts/CouchPlayerManager.cs using Guid(32f263c662d1e4d33870c9411461bbd0) Importer(2089858483,0ecaa5967403d082aa24f35e1b516d23)  -> (artifact id: 'c91c04eaad4b477133bf807a672bae41') in 0.011865 seconds 
Number of asset objects unloaded after import = 0
========================================================================
Received Import Request.
  Time since last request: 0.000035 seconds.
  path: Assets/Mirror/Examples/Billiards/Table/Pockets.mat
  artifactKey: Guid(345f064ee294143f9ba2aabdef269c2e) Importer(2089858483,0ecaa5967403d082aa24f35e1b516d23)
Number of updated assets reloaded before import = 0
Start importing Assets/Mirror/Examples/Billiards/Table/Pockets.mat using Guid(345f064ee294143f9ba2aabdef269c2e) Importer(2089858483,0ecaa5967403d082aa24f35e1b516d23)  -> (artifact id: '23c798fff03d9b6700e5cac78b34f8fa') in 0.023812 seconds 
Number of asset objects unloaded after import = 1
========================================================================
Received Import Request.
  Time since last request: 0.000032 seconds.
  path: Assets/Mirror/Examples/Basic/Scripts/Player.cs
  artifactKey: Guid(a472ac3ae1701d149861871cf416a46d) Importer(2089858483,0ecaa5967403d082aa24f35e1b516d23)
Number of updated assets reloaded before import = 0
Start importing Assets/Mirror/Examples/Basic/Scripts/Player.cs using Guid(a472ac3ae1701d149861871cf416a46d) Importer(2089858483,0ecaa5967403d082aa24f35e1b516d23)  -> (artifact id: '596cddf2c9067bff9535d5feaec5cb31') in 0.013395 seconds 
Number of asset objects unloaded after import = 0
========================================================================
Received Import Request.
  Time since last request: 0.000042 seconds.
  path: Assets/Mirror/Examples/Benchmark/Materials/Red.mat
  artifactKey: Guid(451c5da2c5056496297cffba02216286) Importer(2089858483,0ecaa5967403d082aa24f35e1b516d23)
Number of updated assets reloaded before import = 0
Start importing Assets/Mirror/Examples/Benchmark/Materials/Red.mat using Guid(451c5da2c5056496297cffba02216286) Importer(2089858483,0ecaa5967403d082aa24f35e1b516d23)  -> (artifact id: 'cccc0cf79640538859d13488ee806148') in 0.018562 seconds 
Number of asset objects unloaded after import = 1
========================================================================
Received Import Request.
  Time since last request: 0.000029 seconds.
  path: Assets/Mirror/Examples/AdditiveLevels/Materials/Portal.mat
  artifactKey: Guid(3500dce637708024da2f2e45e4f71cd3) Importer(2089858483,0ecaa5967403d082aa24f35e1b516d23)
Number of updated assets reloaded before import = 0
Start importing Assets/Mirror/Examples/AdditiveLevels/Materials/Portal.mat using Guid(3500dce637708024da2f2e45e4f71cd3) Importer(2089858483,0ecaa5967403d082aa24f35e1b516d23)  -> (artifact id: '62c3771316475deb2fbeafe172bb13c8') in 0.052799 seconds 
Number of asset objects unloaded after import = 1
========================================================================
Received Import Request.
  Time since last request: 0.000023 seconds.
  path: Assets/Mirror/Examples/AdditiveScenes/Materials/Player.mat
  artifactKey: Guid(792117fe9a386a8489e8010bec746339) Importer(2089858483,0ecaa5967403d082aa24f35e1b516d23)
Number of updated assets reloaded before import = 0
Start importing Assets/Mirror/Examples/AdditiveScenes/Materials/Player.mat using Guid(792117fe9a386a8489e8010bec746339) Importer(2089858483,0ecaa5967403d082aa24f35e1b516d23)  -> (artifact id: 'b2bfa82da3c8bcd1ede82572332b5a8c') in 0.017366 seconds 
Number of asset objects unloaded after import = 1
========================================================================
Received Import Request.
  Time since last request: 0.000023 seconds.
  path: Assets/Mirror/Examples/MultipleAdditiveScenes/Prefabs/PlayerReliable.prefab
  artifactKey: Guid(1f4d376d8ca693049abd1744e4c79fad) Importer(2089858483,0ecaa5967403d082aa24f35e1b516d23)
Number of updated assets reloaded before import = 0
Start importing Assets/Mirror/Examples/MultipleAdditiveScenes/Prefabs/PlayerReliable.prefab using Guid(1f4d376d8ca693049abd1744e4c79fad) Importer(2089858483,0ecaa5967403d082aa24f35e1b516d23)  -> (artifact id: 'c48a2fec1cce6cee088f2fe79266d959') in 0.061770 seconds 
Number of asset objects unloaded after import = 166
========================================================================
Received Import Request.
  Time since last request: 0.000030 seconds.
  path: Assets/Mirror/Examples/CharacterSelection/Prefabs/PlayerEmpty.prefab
  artifactKey: Guid(622ba1e4799554a45a3443be2c75dace) Importer(2089858483,0ecaa5967403d082aa24f35e1b516d23)
Number of updated assets reloaded before import = 0
Start importing Assets/Mirror/Examples/CharacterSelection/Prefabs/PlayerEmpty.prefab using Guid(622ba1e4799554a45a3443be2c75dace) Importer(2089858483,0ecaa5967403d082aa24f35e1b516d23)  -> (artifact id: '5fbf6fed927c88c0283bcab34f48952e') in 0.020892 seconds 
Number of asset objects unloaded after import = 6
========================================================================
Received Import Request.
  Time since last request: 0.000023 seconds.
  path: Assets/Mirror/Examples/CouchCoop/Scripts/CouchPlayer.cs
  artifactKey: Guid(1931e6adfa27e41bbbea220a6436c0e9) Importer(2089858483,0ecaa5967403d082aa24f35e1b516d23)
Number of updated assets reloaded before import = 0
Start importing Assets/Mirror/Examples/CouchCoop/Scripts/CouchPlayer.cs using Guid(1931e6adfa27e41bbbea220a6436c0e9) Importer(2089858483,0ecaa5967403d082aa24f35e1b516d23)  -> (artifact id: '69970d5284b8b825741bee5f4da943e5') in 0.009877 seconds 
Number of asset objects unloaded after import = 0
========================================================================
Received Import Request.
  Time since last request: 0.000022 seconds.
  path: Assets/Mirror/Examples/AdditiveScenes/Prefabs/PlayerUnreliable.prefab
  artifactKey: Guid(6efc7d7e2d0d3b749b0819e56f989038) Importer(2089858483,0ecaa5967403d082aa24f35e1b516d23)
Number of updated assets reloaded before import = 0
Start importing Assets/Mirror/Examples/AdditiveScenes/Prefabs/PlayerUnreliable.prefab using Guid(6efc7d7e2d0d3b749b0819e56f989038) Importer(2089858483,0ecaa5967403d082aa24f35e1b516d23)  -> (artifact id: 'b351fb54c21e538876938f143a538b67') in 0.041566 seconds 
Number of asset objects unloaded after import = 165
========================================================================
Received Import Request.
  Time since last request: 0.000030 seconds.
  path: Assets/Mirror/Examples/AdditiveLevels/Scripts/AdditiveLevelsNetworkManager.cs
  artifactKey: Guid(01eafa8309a0894479f0f87ae1a9c30f) Importer(2089858483,0ecaa5967403d082aa24f35e1b516d23)
Number of updated assets reloaded before import = 0
Start importing Assets/Mirror/Examples/AdditiveLevels/Scripts/AdditiveLevelsNetworkManager.cs using Guid(01eafa8309a0894479f0f87ae1a9c30f) Importer(2089858483,0ecaa5967403d082aa24f35e1b516d23)  -> (artifact id: '69b2c4c7a127b42f14c05407fa511f8b') in 0.012266 seconds 
Number of asset objects unloaded after import = 0
========================================================================
Received Import Request.
  Time since last request: 0.000033 seconds.
  path: Assets/Mirror/Examples/Benchmark/Scripts/BenchmarkNetworkManager.cs
  artifactKey: Guid(f0f6e2c4566084948a433ee5285d3fb7) Importer(2089858483,0ecaa5967403d082aa24f35e1b516d23)
Number of updated assets reloaded before import = 0
Start importing Assets/Mirror/Examples/Benchmark/Scripts/BenchmarkNetworkManager.cs using Guid(f0f6e2c4566084948a433ee5285d3fb7) Importer(2089858483,0ecaa5967403d082aa24f35e1b516d23)  -> (artifact id: '448f1f1c731d8913fb10cd9fe0f2b0d1') in 0.012328 seconds 
Number of asset objects unloaded after import = 0
========================================================================
Received Import Request.
  Time since last request: 0.000017 seconds.
  path: Assets/Mirror/Examples/AutoLANClientController/Scripts/AutoLANNetworkDiscovery.cs
  artifactKey: Guid(ae7e7ce4a60904a8d927cce7422254c9) Importer(2089858483,0ecaa5967403d082aa24f35e1b516d23)
Number of updated assets reloaded before import = 0
Start importing Assets/Mirror/Examples/AutoLANClientController/Scripts/AutoLANNetworkDiscovery.cs using Guid(ae7e7ce4a60904a8d927cce7422254c9) Importer(2089858483,0ecaa5967403d082aa24f35e1b516d23)  -> (artifact id: '5fe7eecaf1d4be3acfa7725210b269c5') in 0.011971 seconds 
Number of asset objects unloaded after import = 0
========================================================================
Received Import Request.
  Time since last request: 0.000050 seconds.
  path: Assets/Mirror/Examples/AdditiveScenes/Prefabs/PlayerReliable.prefab
  artifactKey: Guid(a5bdca0a2315d43499be7dcef473fbc7) Importer(2089858483,0ecaa5967403d082aa24f35e1b516d23)
Number of updated assets reloaded before import = 0
Start importing Assets/Mirror/Examples/AdditiveScenes/Prefabs/PlayerReliable.prefab using Guid(a5bdca0a2315d43499be7dcef473fbc7) Importer(2089858483,0ecaa5967403d082aa24f35e1b516d23)  -> (artifact id: 'e0f4d6b0958cc506d9387b5f2a9d2085') in 0.045483 seconds 
Number of asset objects unloaded after import = 165
========================================================================
Received Import Request.
  Time since last request: 0.000022 seconds.
  path: Assets/Mirror/Examples/BenchmarkStinkySteak/Scripts/SineMoveYBehaviour.cs
  artifactKey: Guid(547d19395b603714c81fc33bfe0f37ca) Importer(2089858483,0ecaa5967403d082aa24f35e1b516d23)
Number of updated assets reloaded before import = 0
Start importing Assets/Mirror/Examples/BenchmarkStinkySteak/Scripts/SineMoveYBehaviour.cs using Guid(547d19395b603714c81fc33bfe0f37ca) Importer(2089858483,0ecaa5967403d082aa24f35e1b516d23)  -> (artifact id: '438ea8a08666fe0caee0a1b81cb79bc3') in 0.011700 seconds 
Number of asset objects unloaded after import = 0
========================================================================
Received Import Request.
  Time since last request: 0.000027 seconds.
  path: Assets/Mirror/Examples/RigidbodyBenchmark/PhysicMaterials/Ball.physicMaterial
  artifactKey: Guid(0597114e4b10a4ab3b8d8d07fbaca542) Importer(2089858483,0ecaa5967403d082aa24f35e1b516d23)
Number of updated assets reloaded before import = 0
Start importing Assets/Mirror/Examples/RigidbodyBenchmark/PhysicMaterials/Ball.physicMaterial using Guid(0597114e4b10a4ab3b8d8d07fbaca542) Importer(2089858483,0ecaa5967403d082aa24f35e1b516d23)  -> (artifact id: '56ea30ba6ea96fd113a37ca2a7813e2f') in 0.017093 seconds 
Number of asset objects unloaded after import = 1
========================================================================
Received Import Request.
  Time since last request: 0.000021 seconds.
  path: Assets/Mirror/Examples/TopDownShooter/Materials/MaterialGrey.mat
  artifactKey: Guid(3df2e2d59eac94c48be004914a40f41c) Importer(2089858483,0ecaa5967403d082aa24f35e1b516d23)
Number of updated assets reloaded before import = 0
Start importing Assets/Mirror/Examples/TopDownShooter/Materials/MaterialGrey.mat using Guid(3df2e2d59eac94c48be004914a40f41c) Importer(2089858483,0ecaa5967403d082aa24f35e1b516d23)  -> (artifact id: '210f2b3b63eddd84628238fcd72d9f7d') in 0.020255 seconds 
Number of asset objects unloaded after import = 1
========================================================================
Received Import Request.
  Time since last request: 0.000022 seconds.
  path: Assets/Mirror/Examples/MultipleMatches/Scripts/MatchGUI.cs
  artifactKey: Guid(e875a237ce12c3145b20f17222f10b68) Importer(2089858483,0ecaa5967403d082aa24f35e1b516d23)
Number of updated assets reloaded before import = 0
Start importing Assets/Mirror/Examples/MultipleMatches/Scripts/MatchGUI.cs using Guid(e875a237ce12c3145b20f17222f10b68) Importer(2089858483,0ecaa5967403d082aa24f35e1b516d23)  -> (artifact id: '1393a85279d22d4bcaa6bc883bcc9d48') in 0.012319 seconds 
Number of asset objects unloaded after import = 0
========================================================================
Received Import Request.
  Time since last request: 0.000031 seconds.
  path: Assets/Mirror/Examples/TopDownShooter/Prefabs/DeathSplatter.prefab
  artifactKey: Guid(1d97639f51ef2418da19d3639bf51b7d) Importer(2089858483,0ecaa5967403d082aa24f35e1b516d23)
Number of updated assets reloaded before import = 0
Start importing Assets/Mirror/Examples/TopDownShooter/Prefabs/DeathSplatter.prefab using Guid(1d97639f51ef2418da19d3639bf51b7d) Importer(2089858483,0ecaa5967403d082aa24f35e1b516d23)  -> (artifact id: 'c7a2eaf72f6c8cd1d61b947fc3e0fbf2') in 0.017780 seconds 
Number of asset objects unloaded after import = 11
========================================================================
Received Import Request.
  Time since last request: 0.000020 seconds.
  path: Assets/Mirror/Examples/TopDownShooter/Scripts/EnemyTopDown.cs
  artifactKey: Guid(72f6c4ff38c894d72957e061175c6cb9) Importer(2089858483,0ecaa5967403d082aa24f35e1b516d23)
Number of updated assets reloaded before import = 0
Start importing Assets/Mirror/Examples/TopDownShooter/Scripts/EnemyTopDown.cs using Guid(72f6c4ff38c894d72957e061175c6cb9) Importer(2089858483,0ecaa5967403d082aa24f35e1b516d23)  -> (artifact id: '39ed9f5added673f4b04810eb1eb7d05') in 0.011260 seconds 
Number of asset objects unloaded after import = 0
========================================================================
Received Import Request.
  Time since last request: 0.000023 seconds.
  path: Assets/Mirror/Examples/TanksHybrid/Scripts/Projectile.cs
  artifactKey: Guid(2f8639b3a1d2f431586ca8b52bb1337b) Importer(2089858483,0ecaa5967403d082aa24f35e1b516d23)
Number of updated assets reloaded before import = 0
Start importing Assets/Mirror/Examples/TanksHybrid/Scripts/Projectile.cs using Guid(2f8639b3a1d2f431586ca8b52bb1337b) Importer(2089858483,0ecaa5967403d082aa24f35e1b516d23)  -> (artifact id: '6d6fada7e0074c89f3ce26e6dc7160f1') in 0.010761 seconds 
Number of asset objects unloaded after import = 0
========================================================================
Received Import Request.
  Time since last request: 0.000031 seconds.
  path: Assets/Mirror/Examples/TopDownShooter/Prefabs/PlayerPrefab.prefab
  artifactKey: Guid(2931e3731a1254738a0cf509c91df75f) Importer(2089858483,0ecaa5967403d082aa24f35e1b516d23)
Number of updated assets reloaded before import = 0
Start importing Assets/Mirror/Examples/TopDownShooter/Prefabs/PlayerPrefab.prefab using Guid(2931e3731a1254738a0cf509c91df75f) Importer(2089858483,0ecaa5967403d082aa24f35e1b516d23)  -> (artifact id: 'b9ab7a851dc9da40ffa9ac87d2140c99') in 0.029275 seconds 
Number of asset objects unloaded after import = 83
========================================================================
Received Import Request.
  Time since last request: 0.000028 seconds.
  path: Assets/Mirror/Examples/PlayerTest/PlayerTestScene/Lightmap-0_comp_dir.png
  artifactKey: Guid(8fc63c09833904841adc8a0e97465d58) Importer(2089858483,0ecaa5967403d082aa24f35e1b516d23)
Number of updated assets reloaded before import = 0
Start importing Assets/Mirror/Examples/PlayerTest/PlayerTestScene/Lightmap-0_comp_dir.png using Guid(8fc63c09833904841adc8a0e97465d58) Importer(2089858483,0ecaa5967403d082aa24f35e1b516d23)  -> (artifact id: '522c1e0d50992a505af86d1f97e7e56e') in 0.025260 seconds 
Number of asset objects unloaded after import = 1
========================================================================
Received Import Request.
  Time since last request: 0.000046 seconds.
  path: Assets/Mirror/Examples/Tanks/Scenes/MirrorTanks.unity
  artifactKey: Guid(83f9d2fb76f5742448c6e51f258327a2) Importer(2089858483,0ecaa5967403d082aa24f35e1b516d23)
Number of updated assets reloaded before import = 0
Start importing Assets/Mirror/Examples/Tanks/Scenes/MirrorTanks.unity using Guid(83f9d2fb76f5742448c6e51f258327a2) Importer(2089858483,0ecaa5967403d082aa24f35e1b516d23)  -> (artifact id: '632a398bf8f8c0f2b114c7bc537fb8bf') in 0.011459 seconds 
Number of asset objects unloaded after import = 1
========================================================================
Received Import Request.
  Time since last request: 0.000031 seconds.
  path: Assets/Mirror/Examples/Room/Scenes/MirrorRoomOffline.unity
  artifactKey: Guid(9e6f14982412b2545a0911ebaaa46a23) Importer(2089858483,0ecaa5967403d082aa24f35e1b516d23)
Number of updated assets reloaded before import = 0
Start importing Assets/Mirror/Examples/Room/Scenes/MirrorRoomOffline.unity using Guid(9e6f14982412b2545a0911ebaaa46a23) Importer(2089858483,0ecaa5967403d082aa24f35e1b516d23)  -> (artifact id: '769a8d4ee05fcc8097e43291b23ac83e') in 0.011463 seconds 
Number of asset objects unloaded after import = 1
========================================================================
Received Import Request.
  Time since last request: 0.000022 seconds.
  path: Assets/Mirror/Examples/RigidbodyPhysics/Materials/Floor.mat
  artifactKey: Guid(2082151ae101a9445990e8a0fe9142da) Importer(2089858483,0ecaa5967403d082aa24f35e1b516d23)
Number of updated assets reloaded before import = 0
Start importing Assets/Mirror/Examples/RigidbodyPhysics/Materials/Floor.mat using Guid(2082151ae101a9445990e8a0fe9142da) Importer(2089858483,0ecaa5967403d082aa24f35e1b516d23)  -> (artifact id: '121b0b4c1326be930f1400aeec122b60') in 0.019663 seconds 
Number of asset objects unloaded after import = 1
========================================================================
Received Import Request.
  Time since last request: 0.000024 seconds.
  path: Assets/Mirror/Examples/TopDownShooter/Scenes/MirrorTopDownShooter.unity
  artifactKey: Guid(3dffd49e089f6414cb7c65f03ea07de0) Importer(2089858483,0ecaa5967403d082aa24f35e1b516d23)
Number of updated assets reloaded before import = 0
Start importing Assets/Mirror/Examples/TopDownShooter/Scenes/MirrorTopDownShooter.unity using Guid(3dffd49e089f6414cb7c65f03ea07de0) Importer(2089858483,0ecaa5967403d082aa24f35e1b516d23)  -> (artifact id: '393bef3930e5747e4eae22c191d39ee9') in 0.011429 seconds 
Number of asset objects unloaded after import = 1
========================================================================
Received Import Request.
  Time since last request: 0.000025 seconds.
  path: Assets/Mirror/Examples/TopDownShooter/Materials/MaterialBlack.mat
  artifactKey: Guid(dbced55099d7c40d5bd1ef53259f5771) Importer(2089858483,0ecaa5967403d082aa24f35e1b516d23)
Number of updated assets reloaded before import = 0
Start importing Assets/Mirror/Examples/TopDownShooter/Materials/MaterialBlack.mat using Guid(dbced55099d7c40d5bd1ef53259f5771) Importer(2089858483,0ecaa5967403d082aa24f35e1b516d23)  -> (artifact id: '5e2b7500ed1d57ac75030272cea36179') in 0.027805 seconds 
Number of asset objects unloaded after import = 1
========================================================================
Received Import Request.
  Time since last request: 0.000029 seconds.
  path: Assets/Mirror/Examples/TopDownShooter/Scripts/CanvasHUD.cs
  artifactKey: Guid(89f872f84342749b9a8f03a4bfa88ed7) Importer(2089858483,0ecaa5967403d082aa24f35e1b516d23)
Number of updated assets reloaded before import = 0
Start importing Assets/Mirror/Examples/TopDownShooter/Scripts/CanvasHUD.cs using Guid(89f872f84342749b9a8f03a4bfa88ed7) Importer(2089858483,0ecaa5967403d082aa24f35e1b516d23)  -> (artifact id: 'f660b7fa588973c84da801a17b2d34ef') in 0.010840 seconds 
Number of asset objects unloaded after import = 0
========================================================================
Received Import Request.
  Time since last request: 0.000026 seconds.
  path: Assets/Mirror/Examples/MultipleAdditiveScenes/Prefabs/Reward.prefab
  artifactKey: Guid(8cec47ed46e0eff45966a5173d3aa0d3) Importer(2089858483,0ecaa5967403d082aa24f35e1b516d23)
Number of updated assets reloaded before import = 0
Start importing Assets/Mirror/Examples/MultipleAdditiveScenes/Prefabs/Reward.prefab using Guid(8cec47ed46e0eff45966a5173d3aa0d3) Importer(2089858483,0ecaa5967403d082aa24f35e1b516d23)  -> (artifact id: '8fadd2c79ef8dac86b0d86a1625c7a14') in 0.023546 seconds 
Number of asset objects unloaded after import = 13
========================================================================
Received Import Request.
  Time since last request: 0.000023 seconds.
  path: Assets/Mirror/Examples/PlayerTest/CharacterController/PlayerUnreliable.prefab
  artifactKey: Guid(400bac1c9e1e96648a83f333d4837484) Importer(2089858483,0ecaa5967403d082aa24f35e1b516d23)
Number of updated assets reloaded before import = 0
Start importing Assets/Mirror/Examples/PlayerTest/CharacterController/PlayerUnreliable.prefab using Guid(400bac1c9e1e96648a83f333d4837484) Importer(2089858483,0ecaa5967403d082aa24f35e1b516d23)  -> (artifact id: '3477a5046c3187769e4ffab77e7d2fc0') in 0.033665 seconds 
Number of asset objects unloaded after import = 169
========================================================================
Received Import Request.
  Time since last request: 0.000022 seconds.
  path: Assets/Mirror/Examples/Pong/Scripts/Player.cs
  artifactKey: Guid(0748c7eda22b19845b9ce0e4d23d1021) Importer(2089858483,0ecaa5967403d082aa24f35e1b516d23)
Number of updated assets reloaded before import = 0
Start importing Assets/Mirror/Examples/Pong/Scripts/Player.cs using Guid(0748c7eda22b19845b9ce0e4d23d1021) Importer(2089858483,0ecaa5967403d082aa24f35e1b516d23)  -> (artifact id: 'b530af4b00d6f075e0b53729b6d6bf75') in 0.010261 seconds 
Number of asset objects unloaded after import = 0
========================================================================
Received Import Request.
  Time since last request: 0.000026 seconds.
  path: Assets/Mirror/Examples/Pong/Sprites/DottedLine.png
  artifactKey: Guid(1b5c0b514d8b2d24091d5aec516fe860) Importer(2089858483,0ecaa5967403d082aa24f35e1b516d23)
Number of updated assets reloaded before import = 0
Start importing Assets/Mirror/Examples/Pong/Sprites/DottedLine.png using Guid(1b5c0b514d8b2d24091d5aec516fe860) Importer(2089858483,0ecaa5967403d082aa24f35e1b516d23)  -> (artifact id: 'd46911fb50474bd2335c896339407dd5') in 0.023445 seconds 
Number of asset objects unloaded after import = 3
========================================================================
Received Import Request.
  Time since last request: 0.000033 seconds.
  path: Assets/Mirror/Examples/TankTheftAuto/Scripts/TankAuthority.cs
  artifactKey: Guid(f5af56d9f2233f74ba333eae5c1a17d0) Importer(2089858483,0ecaa5967403d082aa24f35e1b516d23)
Number of updated assets reloaded before import = 0
Start importing Assets/Mirror/Examples/TankTheftAuto/Scripts/TankAuthority.cs using Guid(f5af56d9f2233f74ba333eae5c1a17d0) Importer(2089858483,0ecaa5967403d082aa24f35e1b516d23)  -> (artifact id: 'f1993a77b3f4c7a28e083e144c1b5bd7') in 0.011704 seconds 
Number of asset objects unloaded after import = 1
========================================================================
Received Import Request.
  Time since last request: 0.000031 seconds.
  path: Assets/Mirror/Examples/TopDownShooter/Textures/Player.png
  artifactKey: Guid(1b7f974b645a6411a8b794e135abc4f6) Importer(2089858483,0ecaa5967403d082aa24f35e1b516d23)
Number of updated assets reloaded before import = 0
Start importing Assets/Mirror/Examples/TopDownShooter/Textures/Player.png using Guid(1b7f974b645a6411a8b794e135abc4f6) Importer(2089858483,0ecaa5967403d082aa24f35e1b516d23)  -> (artifact id: '4c831edda5b7b992194dbfef9cabc44a') in 0.019848 seconds 
Number of asset objects unloaded after import = 1
========================================================================
Received Import Request.
  Time since last request: 0.000029 seconds.
  path: Assets/Mirror/Examples/MultipleMatches/Scripts/CellGUI.cs
  artifactKey: Guid(9cda2a394a443474689a3c6d6044f7b0) Importer(2089858483,0ecaa5967403d082aa24f35e1b516d23)
Number of updated assets reloaded before import = 0
Start importing Assets/Mirror/Examples/MultipleMatches/Scripts/CellGUI.cs using Guid(9cda2a394a443474689a3c6d6044f7b0) Importer(2089858483,0ecaa5967403d082aa24f35e1b516d23)  -> (artifact id: '494fad0c2a34efe851d1fe0094ad46a8') in 0.011855 seconds 
Number of asset objects unloaded after import = 0
========================================================================
Received Import Request.
  Time since last request: 0.000023 seconds.
  path: Assets/Mirror/Examples/TopDownShooter/Materials/Floor.mat
  artifactKey: Guid(4b1f761172f864617b4edcc511eafc2b) Importer(2089858483,0ecaa5967403d082aa24f35e1b516d23)
Number of updated assets reloaded before import = 0
Start importing Assets/Mirror/Examples/TopDownShooter/Materials/Floor.mat using Guid(4b1f761172f864617b4edcc511eafc2b) Importer(2089858483,0ecaa5967403d082aa24f35e1b516d23)  -> (artifact id: '9449dae6490a4eeb5b40748dcb6d83f8') in 0.018261 seconds 
Number of asset objects unloaded after import = 2
========================================================================
Received Import Request.
  Time since last request: 0.000024 seconds.
  path: Assets/Mirror/Examples/TopDownShooter/Textures/DeathSplatter.png
  artifactKey: Guid(223849d2075984f6f84f4bbf6166b9a4) Importer(2089858483,0ecaa5967403d082aa24f35e1b516d23)
Number of updated assets reloaded before import = 0
Start importing Assets/Mirror/Examples/TopDownShooter/Textures/DeathSplatter.png using Guid(223849d2075984f6f84f4bbf6166b9a4) Importer(2089858483,0ecaa5967403d082aa24f35e1b516d23)  -> (artifact id: 'acd649a8896c05ca082322e734e00e4e') in 0.021158 seconds 
Number of asset objects unloaded after import = 1
========================================================================
Received Import Request.
  Time since last request: 0.000025 seconds.
  path: Assets/Mirror/Examples/MultipleAdditiveScenes/Scripts/PhysicsCollision.cs
  artifactKey: Guid(c709489168fec9348b7f8290ee2e8466) Importer(2089858483,0ecaa5967403d082aa24f35e1b516d23)
Number of updated assets reloaded before import = 0
Start importing Assets/Mirror/Examples/MultipleAdditiveScenes/Scripts/PhysicsCollision.cs using Guid(c709489168fec9348b7f8290ee2e8466) Importer(2089858483,0ecaa5967403d082aa24f35e1b516d23)  -> (artifact id: '38e15c5424f5813cc88d01675d399f91') in 0.014210 seconds 
Number of asset objects unloaded after import = 0
========================================================================
Received Import Request.
  Time since last request: 0.000022 seconds.
  path: Assets/Mirror/Examples/MultipleMatches/Prefabs/CellGUI.prefab
  artifactKey: Guid(5ab8c221183f0094eb04b7f6eb569e7b) Importer(2089858483,0ecaa5967403d082aa24f35e1b516d23)
Number of updated assets reloaded before import = 0
Start importing Assets/Mirror/Examples/MultipleMatches/Prefabs/CellGUI.prefab using Guid(5ab8c221183f0094eb04b7f6eb569e7b) Importer(2089858483,0ecaa5967403d082aa24f35e1b516d23)  -> (artifact id: '478039cbd68fbd0eb39755846c8f3664') in 0.028149 seconds 
Number of asset objects unloaded after import = 8
========================================================================
Received Import Request.
  Time since last request: 0.000024 seconds.
  path: Assets/Mirror/Examples/Room/Scenes/MirrorRoomOnline.unity
  artifactKey: Guid(d7a6763559b31854586c9e49916273ef) Importer(2089858483,0ecaa5967403d082aa24f35e1b516d23)
Number of updated assets reloaded before import = 0
Start importing Assets/Mirror/Examples/Room/Scenes/MirrorRoomOnline.unity using Guid(d7a6763559b31854586c9e49916273ef) Importer(2089858483,0ecaa5967403d082aa24f35e1b516d23)  -> (artifact id: 'b612c49069d569e806f26b0742b9c81b') in 0.011203 seconds 
Number of asset objects unloaded after import = 1
========================================================================
Received Import Request.
  Time since last request: 0.000027 seconds.
  path: Assets/Mirror/Examples/TankTheftAuto/Materials/MaterialPlayer.mat
  artifactKey: Guid(737121007c45641d8ac681913d09bdfe) Importer(2089858483,0ecaa5967403d082aa24f35e1b516d23)
Number of updated assets reloaded before import = 0
Start importing Assets/Mirror/Examples/TankTheftAuto/Materials/MaterialPlayer.mat using Guid(737121007c45641d8ac681913d09bdfe) Importer(2089858483,0ecaa5967403d082aa24f35e1b516d23)  -> (artifact id: 'e4c27921001b791fd0e7233396cb5913') in 0.019670 seconds 
Number of asset objects unloaded after import = 1
========================================================================
Received Import Request.
  Time since last request: 0.000026 seconds.
  path: Assets/Mirror/Examples/TopDownShooter/Textures/Enemy.png
  artifactKey: Guid(3fef0893e801b4419b3da757ca55f24b) Importer(2089858483,0ecaa5967403d082aa24f35e1b516d23)
Number of updated assets reloaded before import = 0
Start importing Assets/Mirror/Examples/TopDownShooter/Textures/Enemy.png using Guid(3fef0893e801b4419b3da757ca55f24b) Importer(2089858483,0ecaa5967403d082aa24f35e1b516d23)  -> (artifact id: '45ce975f4e0f5adc50123812e6e33bcd') in 0.020744 seconds 
Number of asset objects unloaded after import = 1
========================================================================
Received Import Request.
  Time since last request: 0.000029 seconds.
  path: Assets/Mirror/Examples/RigidbodyPhysics/Materials/Server.mat
  artifactKey: Guid(84335f003ad8f42408d13787e76d4f94) Importer(2089858483,0ecaa5967403d082aa24f35e1b516d23)
Number of updated assets reloaded before import = 0
Start importing Assets/Mirror/Examples/RigidbodyPhysics/Materials/Server.mat using Guid(84335f003ad8f42408d13787e76d4f94) Importer(2089858483,0ecaa5967403d082aa24f35e1b516d23)  -> (artifact id: 'fbad286b36a520f8af99ded4f9a5ab2c') in 0.012440 seconds 
Number of asset objects unloaded after import = 1
========================================================================
Received Import Request.
  Time since last request: 0.000031 seconds.
  path: Assets/Mirror/Examples/PickupsDropsChilds/Materials/Box.mat
  artifactKey: Guid(8f7d52257ab326949bc5715d14415e21) Importer(2089858483,0ecaa5967403d082aa24f35e1b516d23)
Number of updated assets reloaded before import = 0
Start importing Assets/Mirror/Examples/PickupsDropsChilds/Materials/Box.mat using Guid(8f7d52257ab326949bc5715d14415e21) Importer(2089858483,0ecaa5967403d082aa24f35e1b516d23)  -> (artifact id: '9d7f2519d005de4183a84f5b76037b6e') in 0.021174 seconds 
Number of asset objects unloaded after import = 1
========================================================================
Received Import Request.
  Time since last request: 0.000025 seconds.
  path: Assets/Mirror/Examples/PlayerTest/CharacterController/PlayerReliable.prefab
  artifactKey: Guid(34c79b503a7a04847be9745d119b655d) Importer(2089858483,0ecaa5967403d082aa24f35e1b516d23)
Number of updated assets reloaded before import = 0
Start importing Assets/Mirror/Examples/PlayerTest/CharacterController/PlayerReliable.prefab using Guid(34c79b503a7a04847be9745d119b655d) Importer(2089858483,0ecaa5967403d082aa24f35e1b516d23)  -> (artifact id: '65662f9b048dda4eb898e116ae11503b') in 0.032288 seconds 
Number of asset objects unloaded after import = 169
========================================================================
Received Import Request.
  Time since last request: 0.000044 seconds.
  path: Assets/Mirror/Examples/PickupsDropsChilds/Prefabs/Custom Robot Kyle.prefab
  artifactKey: Guid(e9b60bbc16b5cae499404eb80df64cee) Importer(2089858483,0ecaa5967403d082aa24f35e1b516d23)
Number of updated assets reloaded before import = 0
Start importing Assets/Mirror/Examples/PickupsDropsChilds/Prefabs/Custom Robot Kyle.prefab using Guid(e9b60bbc16b5cae499404eb80df64cee) Importer(2089858483,0ecaa5967403d082aa24f35e1b516d23)  -> (artifact id: 'bf89ae4b7d51be74252cc6a33fdb3fc1') in 0.035217 seconds 
Number of asset objects unloaded after import = 110
========================================================================
Received Import Request.
  Time since last request: 0.000022 seconds.
  path: Assets/Mirror/Examples/TopDownShooter/Scripts/CameraTopDown.cs
  artifactKey: Guid(a07de54c920be49f090362033974a3a9) Importer(2089858483,0ecaa5967403d082aa24f35e1b516d23)
Number of updated assets reloaded before import = 0
Start importing Assets/Mirror/Examples/TopDownShooter/Scripts/CameraTopDown.cs using Guid(a07de54c920be49f090362033974a3a9) Importer(2089858483,0ecaa5967403d082aa24f35e1b516d23)  -> (artifact id: '63dc49ec9b6b94740bfe2546afef9f25') in 0.012405 seconds 
Number of asset objects unloaded after import = 0
========================================================================
Received Import Request.
  Time since last request: 0.000023 seconds.
  path: Assets/Mirror/Examples/PickupsDropsChilds/Prefabs/Bat.prefab
  artifactKey: Guid(b69a433c73f41474da198fa7ef37e343) Importer(2089858483,0ecaa5967403d082aa24f35e1b516d23)
Number of updated assets reloaded before import = 0
Start importing Assets/Mirror/Examples/PickupsDropsChilds/Prefabs/Bat.prefab using Guid(b69a433c73f41474da198fa7ef37e343) Importer(2089858483,0ecaa5967403d082aa24f35e1b516d23)  -> (artifact id: '936bccd0b5ae1d85a74888002b600b26') in 0.028601 seconds 
Number of asset objects unloaded after import = 9
========================================================================
Received Import Request.
  Time since last request: 0.000026 seconds.
  path: Assets/Mirror/Examples/PlayerTest/PlayerTestScene/ReflectionProbe-0.exr
  artifactKey: Guid(e749e9604a0b46a4ca7a8fa5be0f18ad) Importer(2089858483,0ecaa5967403d082aa24f35e1b516d23)
Number of updated assets reloaded before import = 0
Start importing Assets/Mirror/Examples/PlayerTest/PlayerTestScene/ReflectionProbe-0.exr using Guid(e749e9604a0b46a4ca7a8fa5be0f18ad) Importer(2089858483,0ecaa5967403d082aa24f35e1b516d23)  -> (artifact id: 'a57a6f99c5c4240b82c5e97c2c41880c') in 0.027158 seconds 
Number of asset objects unloaded after import = 1
========================================================================
Received Import Request.
  Time since last request: 0.000019 seconds.
  path: Assets/Mirror/Hosting/Edgegap/Editor/CustomPopupContent.cs
  artifactKey: Guid(6a68367cec4322b4d8c9ac1545bf430a) Importer(2089858483,0ecaa5967403d082aa24f35e1b516d23)
Number of updated assets reloaded before import = 0
Start importing Assets/Mirror/Hosting/Edgegap/Editor/CustomPopupContent.cs using Guid(6a68367cec4322b4d8c9ac1545bf430a) Importer(2089858483,0ecaa5967403d082aa24f35e1b516d23)  -> (artifact id: '4cff7a57af7050dd5619c63908bf5eff') in 0.011483 seconds 
Number of asset objects unloaded after import = 0
========================================================================
Received Import Request.
  Time since last request: 0.000022 seconds.
  path: Assets/Mirror/Transports/Edgegap/EdgegapLobby/LobbyServiceCreateDialogue.cs
  artifactKey: Guid(25579cc004424981bf0b05bcec65df0a) Importer(2089858483,0ecaa5967403d082aa24f35e1b516d23)
Number of updated assets reloaded before import = 0
Start importing Assets/Mirror/Transports/Edgegap/EdgegapLobby/LobbyServiceCreateDialogue.cs using Guid(25579cc004424981bf0b05bcec65df0a) Importer(2089858483,0ecaa5967403d082aa24f35e1b516d23)  -> (artifact id: 'f7e281405f35cfa4010ae576f8a2a546') in 0.014429 seconds 
Number of asset objects unloaded after import = 1
========================================================================
Received Import Request.
  Time since last request: 0.000026 seconds.
  path: Assets/TextMesh Pro/Examples & Extras/Resources/Fonts & Materials/Electronic Highway Sign SDF.asset
  artifactKey: Guid(dc36b3fdc14f47ebb36fd484a67e268a) Importer(2089858483,0ecaa5967403d082aa24f35e1b516d23)
Number of updated assets reloaded before import = 0
Start importing Assets/TextMesh Pro/Examples & Extras/Resources/Fonts & Materials/Electronic Highway Sign SDF.asset using Guid(dc36b3fdc14f47ebb36fd484a67e268a) Importer(2089858483,0ecaa5967403d082aa24f35e1b516d23)  -> (artifact id: '53fa1fa94fc75e9c39149e732f32371f') in 0.048549 seconds 
Number of asset objects unloaded after import = 5
========================================================================
Received Import Request.
  Time since last request: 0.000029 seconds.
  path: Assets/Mirror/Transports/SimpleWeb/Editor/ClientWebsocketSettingsDrawer.cs
  artifactKey: Guid(2d0e5b00ac8e45c99e68ad95cf843f80) Importer(2089858483,0ecaa5967403d082aa24f35e1b516d23)
Number of updated assets reloaded before import = 0
Start importing Assets/Mirror/Transports/SimpleWeb/Editor/ClientWebsocketSettingsDrawer.cs using Guid(2d0e5b00ac8e45c99e68ad95cf843f80) Importer(2089858483,0ecaa5967403d082aa24f35e1b516d23)  -> (artifact id: '2bc61d62794a293004ff6460e5d4686a') in 0.012051 seconds 
Number of asset objects unloaded after import = 0
========================================================================
Received Import Request.
  Time since last request: 0.000030 seconds.
  path: Assets/TextMesh Pro/Examples & Extras/Resources/Sprite Assets/DropCap Numbers.asset
  artifactKey: Guid(14aa93acbb234d16aaef0e8b46814db6) Importer(2089858483,0ecaa5967403d082aa24f35e1b516d23)
Number of updated assets reloaded before import = 0
Start importing Assets/TextMesh Pro/Examples & Extras/Resources/Sprite Assets/DropCap Numbers.asset using Guid(14aa93acbb234d16aaef0e8b46814db6) Importer(2089858483,0ecaa5967403d082aa24f35e1b516d23)  -> (artifact id: '956127717cbb21d67b8b14fe69b55431') in 0.018790 seconds 
Number of asset objects unloaded after import = 3
========================================================================
Received Import Request.
  Time since last request: 0.000027 seconds.
  path: Assets/Mirror/Examples/AdditiveLevels/Scenes/MirrorAdditiveLevelsOnline/ReflectionProbe-0.exr
  artifactKey: Guid(865812f5b782c4748867c275df258bfc) Importer(2089858483,0ecaa5967403d082aa24f35e1b516d23)
Number of updated assets reloaded before import = 0
Start importing Assets/Mirror/Examples/AdditiveLevels/Scenes/MirrorAdditiveLevelsOnline/ReflectionProbe-0.exr using Guid(865812f5b782c4748867c275df258bfc) Importer(2089858483,0ecaa5967403d082aa24f35e1b516d23)  -> (artifact id: '847ea7c3b561058277b3702f7840118e') in 0.018934 seconds 
Number of asset objects unloaded after import = 1
========================================================================
Received Import Request.
  Time since last request: 0.000042 seconds.
  path: Assets/Sprites/Gear/hat/pants/pants_attack_front.png
  artifactKey: Guid(952ce901ce3f8f34e92aee7a12185f0b) Importer(2089858483,0ecaa5967403d082aa24f35e1b516d23)
Number of updated assets reloaded before import = 0
Start importing Assets/Sprites/Gear/hat/pants/pants_attack_front.png using Guid(952ce901ce3f8f34e92aee7a12185f0b) Importer(2089858483,0ecaa5967403d082aa24f35e1b516d23)  -> (artifact id: 'a731ce803eda78084357623a1a0caed9') in 0.042814 seconds 
Number of asset objects unloaded after import = 10
========================================================================
Received Import Request.
  Time since last request: 0.000022 seconds.
  path: Assets/Mirror/Hosting/Edgegap/Models/AppVersionUpdatePatchData.cs
  artifactKey: Guid(6020c692d54ec0944b7f85d3b5714f5c) Importer(2089858483,0ecaa5967403d082aa24f35e1b516d23)
Number of updated assets reloaded before import = 0
Start importing Assets/Mirror/Hosting/Edgegap/Models/AppVersionUpdatePatchData.cs using Guid(6020c692d54ec0944b7f85d3b5714f5c) Importer(2089858483,0ecaa5967403d082aa24f35e1b516d23)  -> (artifact id: 'b926bbd4c4c757da7dd958af1facc93b') in 0.012528 seconds 
Number of asset objects unloaded after import = 0
========================================================================
Received Import Request.
  Time since last request: 0.000022 seconds.
  path: Assets/Sprites/Gear/hat/pants/pants_walk_left.png
  artifactKey: Guid(5a5286b15dad47c4e87cd66cecb8a4fb) Importer(2089858483,0ecaa5967403d082aa24f35e1b516d23)
Number of updated assets reloaded before import = 0
Start importing Assets/Sprites/Gear/hat/pants/pants_walk_left.png using Guid(5a5286b15dad47c4e87cd66cecb8a4fb) Importer(2089858483,0ecaa5967403d082aa24f35e1b516d23)  -> (artifact id: 'b24514aa75e7d43776b247d7584bbe5a') in 0.069561 seconds 
Number of asset objects unloaded after import = 18
========================================================================
Received Import Request.
  Time since last request: 0.000024 seconds.
  path: Assets/Mirror/Transports/Telepathy/Telepathy/ConnectionState.cs
  artifactKey: Guid(af95e2b6f6343411aa8bdf871abd7b1b) Importer(2089858483,0ecaa5967403d082aa24f35e1b516d23)
Number of updated assets reloaded before import = 0
Start importing Assets/Mirror/Transports/Telepathy/Telepathy/ConnectionState.cs using Guid(af95e2b6f6343411aa8bdf871abd7b1b) Importer(2089858483,0ecaa5967403d082aa24f35e1b516d23)  -> (artifact id: '7a8ebeeda9617f9a5a9edb3ed7f617a1') in 0.022955 seconds 
Number of asset objects unloaded after import = 0
========================================================================
Received Import Request.
  Time since last request: 0.000041 seconds.
  path: Assets/Mirror/Hosting/Edgegap/Editor/EdgegapWindowMetadata.cs
  artifactKey: Guid(c17286cfb15166442920036353163fc0) Importer(2089858483,0ecaa5967403d082aa24f35e1b516d23)
Number of updated assets reloaded before import = 0
Start importing Assets/Mirror/Hosting/Edgegap/Editor/EdgegapWindowMetadata.cs using Guid(c17286cfb15166442920036353163fc0) Importer(2089858483,0ecaa5967403d082aa24f35e1b516d23)  -> (artifact id: 'e1023900826eccfe54a3d16700240f03') in 0.016809 seconds 
Number of asset objects unloaded after import = 0
========================================================================
Received Import Request.
  Time since last request: 0.000030 seconds.
  path: Assets/Sprites/Gear/hat/pants/pants_attack_back.png
  artifactKey: Guid(2dab5e465a1d88d42a42dcb634402a19) Importer(2089858483,0ecaa5967403d082aa24f35e1b516d23)
Number of updated assets reloaded before import = 0
Start importing Assets/Sprites/Gear/hat/pants/pants_attack_back.png using Guid(2dab5e465a1d88d42a42dcb634402a19) Importer(2089858483,0ecaa5967403d082aa24f35e1b516d23)  -> (artifact id: 'fcec6e00a5e340e2429f69a12b194995') in 0.046025 seconds 
Number of asset objects unloaded after import = 10
========================================================================
Received Import Request.
  Time since last request: 0.000037 seconds.
  path: Assets/Mirror/Transports/Telepathy/Telepathy/MagnificentSendPipe.cs
  artifactKey: Guid(d490021c2e6a64374bc88168cec75c70) Importer(2089858483,0ecaa5967403d082aa24f35e1b516d23)
Number of updated assets reloaded before import = 0
Start importing Assets/Mirror/Transports/Telepathy/Telepathy/MagnificentSendPipe.cs using Guid(d490021c2e6a64374bc88168cec75c70) Importer(2089858483,0ecaa5967403d082aa24f35e1b516d23)  -> (artifact id: 'f07a560ee0201c4d6323db562e175404') in 0.012974 seconds 
Number of asset objects unloaded after import = 0
========================================================================
Received Import Request.
  Time since last request: 0.000029 seconds.
  path: Assets/Sprites/Gear/hat/pants/pants_walk_right.png
  artifactKey: Guid(2c2c69776d62a594f9aef6c4cc93fc00) Importer(2089858483,0ecaa5967403d082aa24f35e1b516d23)
Number of updated assets reloaded before import = 0
Start importing Assets/Sprites/Gear/hat/pants/pants_walk_right.png using Guid(2c2c69776d62a594f9aef6c4cc93fc00) Importer(2089858483,0ecaa5967403d082aa24f35e1b516d23)  -> (artifact id: '68de1dc3c82c145d0dc55664a2a26bcb') in 0.076828 seconds 
Number of asset objects unloaded after import = 18
========================================================================
Received Import Request.
  Time since last request: 0.000034 seconds.
  path: Assets/TextMesh Pro/Examples & Extras/Resources/Sprite Assets/Default Sprite Asset.asset
  artifactKey: Guid(fbef3c704dce48f08a44612d6c856c8d) Importer(2089858483,0ecaa5967403d082aa24f35e1b516d23)
Number of updated assets reloaded before import = 0
Start importing Assets/TextMesh Pro/Examples & Extras/Resources/Sprite Assets/Default Sprite Asset.asset using Guid(fbef3c704dce48f08a44612d6c856c8d) Importer(2089858483,0ecaa5967403d082aa24f35e1b516d23)  -> (artifact id: '95a453864c7524249ac6b8d7bde64940') in 0.016480 seconds 
Number of asset objects unloaded after import = 3
========================================================================
Received Import Request.
  Time since last request: 0.000021 seconds.
  path: Assets/Sprites/Gear/hat/pants/pants_idle_back.png
  artifactKey: Guid(ed445a0d454330e44a6c0d6fb31a9d88) Importer(2089858483,0ecaa5967403d082aa24f35e1b516d23)
Number of updated assets reloaded before import = 0
Start importing Assets/Sprites/Gear/hat/pants/pants_idle_back.png using Guid(ed445a0d454330e44a6c0d6fb31a9d88) Importer(2089858483,0ecaa5967403d082aa24f35e1b516d23)  -> (artifact id: 'c4816b96dd027075b22bae6c78a11b90') in 0.058898 seconds 
Number of asset objects unloaded after import = 14
========================================================================
Received Import Request.
  Time since last request: 0.000022 seconds.
  path: Assets/Mirror/Examples/_Common/Scripts/PerlinNoise.cs
  artifactKey: Guid(86898d6de7df85e4aaaaca9663b06602) Importer(2089858483,0ecaa5967403d082aa24f35e1b516d23)
Number of updated assets reloaded before import = 0
Start importing Assets/Mirror/Examples/_Common/Scripts/PerlinNoise.cs using Guid(86898d6de7df85e4aaaaca9663b06602) Importer(2089858483,0ecaa5967403d082aa24f35e1b516d23)  -> (artifact id: '2bd04c357fabc66208a1d5e0b3745501') in 0.012283 seconds 
Number of asset objects unloaded after import = 1
========================================================================
Received Import Request.
  Time since last request: 0.000021 seconds.
  path: Assets/Mirror/Hosting/Edgegap/Editor/PackageJSON.cs
  artifactKey: Guid(e8abfa078881a944a81ac3bcc8e5e0f4) Importer(2089858483,0ecaa5967403d082aa24f35e1b516d23)
Number of updated assets reloaded before import = 0
Start importing Assets/Mirror/Hosting/Edgegap/Editor/PackageJSON.cs using Guid(e8abfa078881a944a81ac3bcc8e5e0f4) Importer(2089858483,0ecaa5967403d082aa24f35e1b516d23)  -> (artifact id: '9f1992406a392fc2d8c4c5c0cf3572e2') in 0.015077 seconds 
Number of asset objects unloaded after import = 0
========================================================================
Received Import Request.
  Time since last request: 0.000024 seconds.
  path: Assets/Mirror/Examples/Pong/Sprites/WallHorizontal.png
  artifactKey: Guid(b931587800e08c54aa8dbbd6c15c894f) Importer(2089858483,0ecaa5967403d082aa24f35e1b516d23)
Number of updated assets reloaded before import = 0
Start importing Assets/Mirror/Examples/Pong/Sprites/WallHorizontal.png using Guid(b931587800e08c54aa8dbbd6c15c894f) Importer(2089858483,0ecaa5967403d082aa24f35e1b516d23)  -> (artifact id: '71c39bc0cc04ceddae04bc8e9c21dfdc') in 0.025078 seconds 
Number of asset objects unloaded after import = 3
========================================================================
Received Import Request.
  Time since last request: 0.000032 seconds.
  path: Assets/Sprites/Gear/hat/pants/pants_idle_front.png
  artifactKey: Guid(3bf9b677a3da27c45b59710283031bc7) Importer(2089858483,0ecaa5967403d082aa24f35e1b516d23)
Number of updated assets reloaded before import = 0
Start importing Assets/Sprites/Gear/hat/pants/pants_idle_front.png using Guid(3bf9b677a3da27c45b59710283031bc7) Importer(2089858483,0ecaa5967403d082aa24f35e1b516d23)  -> (artifact id: '6014f997e65d77df5e23439d0880e1bd') in 0.054483 seconds 
Number of asset objects unloaded after import = 14
========================================================================
Received Import Request.
  Time since last request: 0.000033 seconds.
  path: Assets/Mirror/Hosting/Edgegap/Editor/Fonts/UbuntuMono-R SDF.asset
  artifactKey: Guid(2635d61c9807d6c46bcb00a3d8645b37) Importer(2089858483,0ecaa5967403d082aa24f35e1b516d23)
Number of updated assets reloaded before import = 0
Start importing Assets/Mirror/Hosting/Edgegap/Editor/Fonts/UbuntuMono-R SDF.asset using Guid(2635d61c9807d6c46bcb00a3d8645b37) Importer(2089858483,0ecaa5967403d082aa24f35e1b516d23)  -> (artifact id: 'e1a7838e8c8cfe0ae75e030237f0f4b1') in 0.053371 seconds 
Number of asset objects unloaded after import = 4
========================================================================
Received Import Request.
  Time since last request: 0.000019 seconds.
  path: Assets/Mirror/Examples/_Common/OpenGameArt/Sounds/8bit_gunloop_explosion.mp3
  artifactKey: Guid(24fa0215fc26f4239be505589d87ac68) Importer(2089858483,0ecaa5967403d082aa24f35e1b516d23)
Number of updated assets reloaded before import = 0
Start importing Assets/Mirror/Examples/_Common/OpenGameArt/Sounds/8bit_gunloop_explosion.mp3 using Guid(24fa0215fc26f4239be505589d87ac68) Importer(2089858483,0ecaa5967403d082aa24f35e1b516d23)  -> (artifact id: 'e8776759d08b34a03f54fc4293e8a3f4') in 0.063219 seconds 
Number of asset objects unloaded after import = 1
========================================================================
Received Import Request.
  Time since last request: 0.000026 seconds.
  path: Assets/Mirror/Examples/_Common/TankModel/(Public Domain) Recon_Tank/Metallic.png
  artifactKey: Guid(a7467e18a834e4d1390091c8b1ea562c) Importer(2089858483,0ecaa5967403d082aa24f35e1b516d23)
Number of updated assets reloaded before import = 0
Start importing Assets/Mirror/Examples/_Common/TankModel/(Public Domain) Recon_Tank/Metallic.png using Guid(a7467e18a834e4d1390091c8b1ea562c) Importer(2089858483,0ecaa5967403d082aa24f35e1b516d23)  -> (artifact id: '1045bbb762d3ff75616aa2995a070120') in 0.022041 seconds 
Number of asset objects unloaded after import = 1
========================================================================
Received Import Request.
  Time since last request: 0.000024 seconds.
  path: Assets/Mirror/Examples/_Common/Controllers/TankController/TankControllerUI.prefab
  artifactKey: Guid(e64b14552402f6745a7f0aca6237fae2) Importer(2089858483,0ecaa5967403d082aa24f35e1b516d23)
Number of updated assets reloaded before import = 0
Start importing Assets/Mirror/Examples/_Common/Controllers/TankController/TankControllerUI.prefab using Guid(e64b14552402f6745a7f0aca6237fae2) Importer(2089858483,0ecaa5967403d082aa24f35e1b516d23)  -> (artifact id: 'b643f8a0d5d0545da68d04abdee552eb') in 0.023572 seconds 
Number of asset objects unloaded after import = 121
========================================================================
Received Import Request.
  Time since last request: 0.000028 seconds.
  path: Assets/Mirror/Examples/_Common/Textures/(Public Domain) Dirt Hand Painted Texture/Dirt Hand Painted Texture - License.txt
  artifactKey: Guid(422e9f56a29ae488e836a23d1e0f21d0) Importer(2089858483,0ecaa5967403d082aa24f35e1b516d23)
Number of updated assets reloaded before import = 0
Start importing Assets/Mirror/Examples/_Common/Textures/(Public Domain) Dirt Hand Painted Texture/Dirt Hand Painted Texture - License.txt using Guid(422e9f56a29ae488e836a23d1e0f21d0) Importer(2089858483,0ecaa5967403d082aa24f35e1b516d23)  -> (artifact id: '8ae6d655e81a8d2c4428d245b4bbd595') in 0.018183 seconds 
Number of asset objects unloaded after import = 1
========================================================================
Received Import Request.
  Time since last request: 0.000034 seconds.
  path: Assets/Mirror/Examples/TopDownShooter/Scenes/MirrorTopDownShooter/NavMesh.asset
  artifactKey: Guid(26200e53649cbb64195f0b003979ac1b) Importer(2089858483,0ecaa5967403d082aa24f35e1b516d23)
Number of updated assets reloaded before import = 0
Start importing Assets/Mirror/Examples/TopDownShooter/Scenes/MirrorTopDownShooter/NavMesh.asset using Guid(26200e53649cbb64195f0b003979ac1b) Importer(2089858483,0ecaa5967403d082aa24f35e1b516d23)  -> (artifact id: '11303a4f6813eb2a0def404f8c22b177') in 0.014972 seconds 
Number of asset objects unloaded after import = 1
========================================================================
Received Import Request.
  Time since last request: 0.000025 seconds.
  path: Assets/Mirror/Hosting/Edgegap/Editor/Images/clipboard-128.png
  artifactKey: Guid(caa516cdb721dd143bbc8000ca78d50a) Importer(2089858483,0ecaa5967403d082aa24f35e1b516d23)
Number of updated assets reloaded before import = 0
Start importing Assets/Mirror/Hosting/Edgegap/Editor/Images/clipboard-128.png using Guid(caa516cdb721dd143bbc8000ca78d50a) Importer(2089858483,0ecaa5967403d082aa24f35e1b516d23)  -> (artifact id: 'c0cc4ef5f6245cc0e87d3d1931375498') in 0.024018 seconds 
Number of asset objects unloaded after import = 3
========================================================================
Received Import Request.
  Time since last request: 0.000035 seconds.
  path: Assets/Mirror/Examples/_Common/Scripts/CanvasNetworkManagerHUD/CanvasNetworkManagerHUD.prefab
  artifactKey: Guid(481ace15d5c62488e94a119ae14d62b8) Importer(2089858483,0ecaa5967403d082aa24f35e1b516d23)
Number of updated assets reloaded before import = 0
Start importing Assets/Mirror/Examples/_Common/Scripts/CanvasNetworkManagerHUD/CanvasNetworkManagerHUD.prefab using Guid(481ace15d5c62488e94a119ae14d62b8) Importer(2089858483,0ecaa5967403d082aa24f35e1b516d23)  -> (artifact id: '7127764407576e88cf540d46780a2f65') in 0.026321 seconds 
Number of asset objects unloaded after import = 89
========================================================================
Received Import Request.
  Time since last request: 0.000047 seconds.
  path: Assets/Mirror/Examples/_Common/Controllers/PlayerController/PlayerControllerUI.prefab
  artifactKey: Guid(7beee247444994f0281dadde274cc4af) Importer(2089858483,0ecaa5967403d082aa24f35e1b516d23)
Number of updated assets reloaded before import = 0
Start importing Assets/Mirror/Examples/_Common/Controllers/PlayerController/PlayerControllerUI.prefab using Guid(7beee247444994f0281dadde274cc4af) Importer(2089858483,0ecaa5967403d082aa24f35e1b516d23)  -> (artifact id: '950ad5d795cdaac75cd544e418962d27') in 0.021063 seconds 
Number of asset objects unloaded after import = 145
========================================================================
Received Import Request.
  Time since last request: 0.000022 seconds.
  path: Assets/Mirror/Examples/_Common/RobotKyle/Models/Robot Kyle.fbx
  artifactKey: Guid(320b1c2af77554f99a1658df4a6d3d5c) Importer(2089858483,0ecaa5967403d082aa24f35e1b516d23)
Number of updated assets reloaded before import = 0
Start importing Assets/Mirror/Examples/_Common/RobotKyle/Models/Robot Kyle.fbx using Guid(320b1c2af77554f99a1658df4a6d3d5c) Importer(2089858483,0ecaa5967403d082aa24f35e1b516d23)  -> (artifact id: '7748a56577dfca942adcaf32ed019ec1') in 0.047825 seconds 
Number of asset objects unloaded after import = 108
========================================================================
Received Import Request.
  Time since last request: 0.000025 seconds.
  path: Assets/Mirror/Examples/_Common/Controllers/PlayerController/PlayerControllerHybrid.cs
  artifactKey: Guid(442f181dd98a15148978a961afda8f94) Importer(2089858483,0ecaa5967403d082aa24f35e1b516d23)
Number of updated assets reloaded before import = 0
Start importing Assets/Mirror/Examples/_Common/Controllers/PlayerController/PlayerControllerHybrid.cs using Guid(442f181dd98a15148978a961afda8f94) Importer(2089858483,0ecaa5967403d082aa24f35e1b516d23)  -> (artifact id: '1d44c7749563883a398da859ca862b69') in 0.013704 seconds 
Number of asset objects unloaded after import = 1
========================================================================
Received Import Request.
  Time since last request: 0.000020 seconds.
  path: Assets/Mirror/Examples/PickupsDropsChilds/Scripts/Interfaces/EquippedBall.cs
  artifactKey: Guid(65881ca9607b5ea42b654a7ed2566027) Importer(2089858483,0ecaa5967403d082aa24f35e1b516d23)
Number of updated assets reloaded before import = 0
Start importing Assets/Mirror/Examples/PickupsDropsChilds/Scripts/Interfaces/EquippedBall.cs using Guid(65881ca9607b5ea42b654a7ed2566027) Importer(2089858483,0ecaa5967403d082aa24f35e1b516d23)  -> (artifact id: '07e314a25277974b2628efbb443b74fe') in 0.012365 seconds 
Number of asset objects unloaded after import = 0
========================================================================
Received Import Request.
  Time since last request: 0.000022 seconds.
  path: Assets/Mirror/Examples/_Common/Controllers/FlyerController/FlyerControllerBase.cs
  artifactKey: Guid(d7616003f8b749c43943908c2daa4e5d) Importer(2089858483,0ecaa5967403d082aa24f35e1b516d23)
Number of updated assets reloaded before import = 0
Start importing Assets/Mirror/Examples/_Common/Controllers/FlyerController/FlyerControllerBase.cs using Guid(d7616003f8b749c43943908c2daa4e5d) Importer(2089858483,0ecaa5967403d082aa24f35e1b516d23)  -> (artifact id: 'd8e59fcca9cee0dda4206ee1039aedd5') in 0.014471 seconds 
Number of asset objects unloaded after import = 1
========================================================================
Received Import Request.
  Time since last request: 0.000025 seconds.
  path: Assets/Mirror/Examples/MultipleAdditiveScenes/Models/Icosphere/Icosphere.obj
  artifactKey: Guid(1fe56a0e685b8434ebfeb53c69b59a5e) Importer(2089858483,0ecaa5967403d082aa24f35e1b516d23)
Number of updated assets reloaded before import = 0
Start importing Assets/Mirror/Examples/MultipleAdditiveScenes/Models/Icosphere/Icosphere.obj using Guid(1fe56a0e685b8434ebfeb53c69b59a5e) Importer(2089858483,0ecaa5967403d082aa24f35e1b516d23)  -> (artifact id: '36506970368965575e2b1835a9e29bf6') in 0.030246 seconds 
Number of asset objects unloaded after import = 10
========================================================================
Received Import Request.
  Time since last request: 0.000024 seconds.
  path: Assets/Mirror/Examples/_Common/OpenGameArt/Sounds/vgmenuhighlight.mp3
  artifactKey: Guid(f58b89ea4f81e41fcb5c5bec6d134986) Importer(2089858483,0ecaa5967403d082aa24f35e1b516d23)
Number of updated assets reloaded before import = 0
Start importing Assets/Mirror/Examples/_Common/OpenGameArt/Sounds/vgmenuhighlight.mp3 using Guid(f58b89ea4f81e41fcb5c5bec6d134986) Importer(2089858483,0ecaa5967403d082aa24f35e1b516d23)  -> (artifact id: '950b824c5f764c8117128ec57ddb985d') in 0.078589 seconds 
Number of asset objects unloaded after import = 1
========================================================================
Received Import Request.
  Time since last request: 0.000024 seconds.
  path: Assets/Mirror/Examples/_Common/Controllers/PlayerController/PlayerControllerUnreliable.cs
  artifactKey: Guid(f81b59082839c2e40938767457bb91ae) Importer(2089858483,0ecaa5967403d082aa24f35e1b516d23)
Number of updated assets reloaded before import = 0
Start importing Assets/Mirror/Examples/_Common/Controllers/PlayerController/PlayerControllerUnreliable.cs using Guid(f81b59082839c2e40938767457bb91ae) Importer(2089858483,0ecaa5967403d082aa24f35e1b516d23)  -> (artifact id: '8424eec4b2d61c5b1eda8e848e0a4139') in 0.012720 seconds 
Number of asset objects unloaded after import = 1
========================================================================
Received Import Request.
  Time since last request: 0.000042 seconds.
  path: Assets/Mirror/Hosting/Edgegap/Models/SDK/MatchmakerListResponse.cs
  artifactKey: Guid(87a98856b7f1cd141a83f6ab459c3fcc) Importer(2089858483,0ecaa5967403d082aa24f35e1b516d23)
Number of updated assets reloaded before import = 0
Start importing Assets/Mirror/Hosting/Edgegap/Models/SDK/MatchmakerListResponse.cs using Guid(87a98856b7f1cd141a83f6ab459c3fcc) Importer(2089858483,0ecaa5967403d082aa24f35e1b516d23)  -> (artifact id: '04d17863223168580ce583bd3da1605c') in 0.011019 seconds 
Number of asset objects unloaded after import = 0
========================================================================
Received Import Request.
  Time since last request: 0.000033 seconds.
  path: Assets/Mirror/Hosting/Edgegap/Models/SDK/ApiModelContainercrashdata.cs
  artifactKey: Guid(b888d877048876b40a346a5c2874b740) Importer(2089858483,0ecaa5967403d082aa24f35e1b516d23)
Number of updated assets reloaded before import = 0
Start importing Assets/Mirror/Hosting/Edgegap/Models/SDK/ApiModelContainercrashdata.cs using Guid(b888d877048876b40a346a5c2874b740) Importer(2089858483,0ecaa5967403d082aa24f35e1b516d23)  -> (artifact id: '0c73727d28fc31e1a3b6bba23b78d188') in 0.012970 seconds 
Number of asset objects unloaded after import = 0
========================================================================
Received Import Request.
  Time since last request: 0.000037 seconds.
  path: Assets/Mirror/Hosting/Edgegap/Models/SDK/Deployment.cs
  artifactKey: Guid(be5c72a695bab4245b25c3547c004227) Importer(2089858483,0ecaa5967403d082aa24f35e1b516d23)
Number of updated assets reloaded before import = 0
Start importing Assets/Mirror/Hosting/Edgegap/Models/SDK/Deployment.cs using Guid(be5c72a695bab4245b25c3547c004227) Importer(2089858483,0ecaa5967403d082aa24f35e1b516d23)  -> (artifact id: '193bcbd7453ac48724470f740ec29a9b') in 0.011562 seconds 
Number of asset objects unloaded after import = 0
========================================================================
Received Import Request.
  Time since last request: 0.000031 seconds.
  path: Assets/Mirror/Hosting/Edgegap/Models/SDK/BulkSessionDelete.cs
  artifactKey: Guid(f05e5c21cd34f6a4481b871e1c6d4b6a) Importer(2089858483,0ecaa5967403d082aa24f35e1b516d23)
Number of updated assets reloaded before import = 0
Start importing Assets/Mirror/Hosting/Edgegap/Models/SDK/BulkSessionDelete.cs using Guid(f05e5c21cd34f6a4481b871e1c6d4b6a) Importer(2089858483,0ecaa5967403d082aa24f35e1b516d23)  -> (artifact id: '7649c033515ce085f9f81482eee6b4f6') in 0.012556 seconds 
Number of asset objects unloaded after import = 0
========================================================================
Received Import Request.
  Time since last request: 0.000033 seconds.
  path: Assets/Mirror/Hosting/Edgegap/Models/SDK/GeoIpListModel.cs
  artifactKey: Guid(eca41b83179014a4b885b95165095575) Importer(2089858483,0ecaa5967403d082aa24f35e1b516d23)
Number of updated assets reloaded before import = 0
Start importing Assets/Mirror/Hosting/Edgegap/Models/SDK/GeoIpListModel.cs using Guid(eca41b83179014a4b885b95165095575) Importer(2089858483,0ecaa5967403d082aa24f35e1b516d23)  -> (artifact id: '00d5f59ba9d9c6e0ddbff832aa8d1f61') in 0.012789 seconds 
Number of asset objects unloaded after import = 0
========================================================================
Received Import Request.
  Time since last request: 0.000024 seconds.
  path: Assets/Mirror/Hosting/Edgegap/Models/SDK/BulkSessionPost.cs
  artifactKey: Guid(2b6aca9495ade244ab590d8ff446dd5d) Importer(2089858483,0ecaa5967403d082aa24f35e1b516d23)
Number of updated assets reloaded before import = 0
Start importing Assets/Mirror/Hosting/Edgegap/Models/SDK/BulkSessionPost.cs using Guid(2b6aca9495ade244ab590d8ff446dd5d) Importer(2089858483,0ecaa5967403d082aa24f35e1b516d23)  -> (artifact id: '22bd33d805fb18dd25cdf73afc569220') in 0.011743 seconds 
Number of asset objects unloaded after import = 0
========================================================================
Received Import Request.
  Time since last request: 0.000018 seconds.
  path: Assets/Mirror/Hosting/Edgegap/Models/SDK/MatchmakerComponentResponse.cs
  artifactKey: Guid(e8f7e8275b04c0148a38b7f878db4cf3) Importer(2089858483,0ecaa5967403d082aa24f35e1b516d23)
Number of updated assets reloaded before import = 0
Start importing Assets/Mirror/Hosting/Edgegap/Models/SDK/MatchmakerComponentResponse.cs using Guid(e8f7e8275b04c0148a38b7f878db4cf3) Importer(2089858483,0ecaa5967403d082aa24f35e1b516d23)  -> (artifact id: '35d02eebdefe27e9e72aac20a8d656e7') in 0.011993 seconds 
Number of asset objects unloaded after import = 0
========================================================================
Received Import Request.
  Time since last request: 0.000023 seconds.
  path: Assets/Mirror/Hosting/Edgegap/Models/SDK/ComponentCredentials.cs
  artifactKey: Guid(db129ae1efd1800498f963192357b08e) Importer(2089858483,0ecaa5967403d082aa24f35e1b516d23)
Number of updated assets reloaded before import = 0
Start importing Assets/Mirror/Hosting/Edgegap/Models/SDK/ComponentCredentials.cs using Guid(db129ae1efd1800498f963192357b08e) Importer(2089858483,0ecaa5967403d082aa24f35e1b516d23)  -> (artifact id: '4146b67ef40f372e6f1a33fd4ab9be63') in 0.011439 seconds 
Number of asset objects unloaded after import = 0
========================================================================
Received Import Request.
  Time since last request: 0.000025 seconds.
  path: Assets/Mirror/Hosting/Edgegap/Models/SDK/MatchmakerComponentEnvListResponse.cs
  artifactKey: Guid(aa28d406e5161444b94e884c4e06c7dc) Importer(2089858483,0ecaa5967403d082aa24f35e1b516d23)
Number of updated assets reloaded before import = 0
Start importing Assets/Mirror/Hosting/Edgegap/Models/SDK/MatchmakerComponentEnvListResponse.cs using Guid(aa28d406e5161444b94e884c4e06c7dc) Importer(2089858483,0ecaa5967403d082aa24f35e1b516d23)  -> (artifact id: '2f9b552461aa47d3363127d69520d42e') in 0.013858 seconds 
Number of asset objects unloaded after import = 0
========================================================================
Received Import Request.
  Time since last request: 0.000025 seconds.
  path: Assets/Mirror/Hosting/Edgegap/Models/SDK/AppVersion.cs
  artifactKey: Guid(c93e03e03405cab49bad0e219e383d16) Importer(2089858483,0ecaa5967403d082aa24f35e1b516d23)
Number of updated assets reloaded before import = 0
Start importing Assets/Mirror/Hosting/Edgegap/Models/SDK/AppVersion.cs using Guid(c93e03e03405cab49bad0e219e383d16) Importer(2089858483,0ecaa5967403d082aa24f35e1b516d23)  -> (artifact id: 'c512d2630248db78f3aee8ed8430df8e') in 0.013874 seconds 
Number of asset objects unloaded after import = 0
========================================================================
Received Import Request.
  Time since last request: 0.000021 seconds.
  path: Assets/Mirror/Hosting/Edgegap/Models/SDK/AppVersionProbe.cs
  artifactKey: Guid(61df96f44f0cdfb42bae8941be0121fe) Importer(2089858483,0ecaa5967403d082aa24f35e1b516d23)
Number of updated assets reloaded before import = 0
Start importing Assets/Mirror/Hosting/Edgegap/Models/SDK/AppVersionProbe.cs using Guid(61df96f44f0cdfb42bae8941be0121fe) Importer(2089858483,0ecaa5967403d082aa24f35e1b516d23)  -> (artifact id: 'e36cf4e242957e48ff17830497e7cc7c') in 0.010751 seconds 
Number of asset objects unloaded after import = 0
========================================================================
Received Import Request.
  Time since last request: 0.000020 seconds.
  path: Assets/Mirror/Hosting/Edgegap/Models/SDK/BaseModel.cs
  artifactKey: Guid(402da57a3af5ccb4c8a39a3d236399e5) Importer(2089858483,0ecaa5967403d082aa24f35e1b516d23)
Number of updated assets reloaded before import = 0
Start importing Assets/Mirror/Hosting/Edgegap/Models/SDK/BaseModel.cs using Guid(402da57a3af5ccb4c8a39a3d236399e5) Importer(2089858483,0ecaa5967403d082aa24f35e1b516d23)  -> (artifact id: 'c5c83adf1f3573fccb8e2dc17b9a21a9') in 0.012257 seconds 
Number of asset objects unloaded after import = 0
========================================================================
Received Import Request.
  Time since last request: 0.000037 seconds.
  path: Assets/Mirror/Hosting/Edgegap/Models/SDK/MetricsModel.cs
  artifactKey: Guid(00efa73392e3bb9499c40926a80d6f0c) Importer(2089858483,0ecaa5967403d082aa24f35e1b516d23)
Number of updated assets reloaded before import = 0
Start importing Assets/Mirror/Hosting/Edgegap/Models/SDK/MetricsModel.cs using Guid(00efa73392e3bb9499c40926a80d6f0c) Importer(2089858483,0ecaa5967403d082aa24f35e1b516d23)  -> (artifact id: 'a800c0a28c100287b866b598ecb30247') in 0.013464 seconds 
Number of asset objects unloaded after import = 0
========================================================================
Received Import Request.
  Time since last request: 0.000019 seconds.
  path: Assets/Mirror/Hosting/Edgegap/Models/SDK/MatchmakerReleaseResponse.cs
  artifactKey: Guid(8004c61251b68b047829099daf65b3ac) Importer(2089858483,0ecaa5967403d082aa24f35e1b516d23)
Number of updated assets reloaded before import = 0
Start importing Assets/Mirror/Hosting/Edgegap/Models/SDK/MatchmakerReleaseResponse.cs using Guid(8004c61251b68b047829099daf65b3ac) Importer(2089858483,0ecaa5967403d082aa24f35e1b516d23)  -> (artifact id: 'b007bfce4f720c86393878f498094d01') in 0.012814 seconds 
Number of asset objects unloaded after import = 0
========================================================================
Received Import Request.
  Time since last request: 0.000019 seconds.
  path: Assets/Mirror/Hosting/Edgegap/Models/SDK/CustomSessionModel.cs
  artifactKey: Guid(cadab219fe9aa04429246bb44aaa17ee) Importer(2089858483,0ecaa5967403d082aa24f35e1b516d23)
Number of updated assets reloaded before import = 0
Start importing Assets/Mirror/Hosting/Edgegap/Models/SDK/CustomSessionModel.cs using Guid(cadab219fe9aa04429246bb44aaa17ee) Importer(2089858483,0ecaa5967403d082aa24f35e1b516d23)  -> (artifact id: 'fc0386d66c1b17dd7cee2d2bc1d3baef') in 0.012415 seconds 
Number of asset objects unloaded after import = 0
========================================================================
Received Import Request.
  Time since last request: 0.000029 seconds.
  path: Assets/Mirror/Hosting/Edgegap/Models/SDK/Applications.cs
  artifactKey: Guid(9806c3999b04b1f48b255f6802422747) Importer(2089858483,0ecaa5967403d082aa24f35e1b516d23)
Number of updated assets reloaded before import = 0
Start importing Assets/Mirror/Hosting/Edgegap/Models/SDK/Applications.cs using Guid(9806c3999b04b1f48b255f6802422747) Importer(2089858483,0ecaa5967403d082aa24f35e1b516d23)  -> (artifact id: 'e24618c824d5438f17ae68423e6e0a49') in 0.011486 seconds 
Number of asset objects unloaded after import = 0
========================================================================
Received Import Request.
  Time since last request: 0.000044 seconds.
  path: Assets/Mirror/Hosting/Edgegap/Models/SDK/CustomSessionDeleteModel.cs
  artifactKey: Guid(6dacb4e01b4ec0c42a1ec4e2bd7524e8) Importer(2089858483,0ecaa5967403d082aa24f35e1b516d23)
Number of updated assets reloaded before import = 0
Start importing Assets/Mirror/Hosting/Edgegap/Models/SDK/CustomSessionDeleteModel.cs using Guid(6dacb4e01b4ec0c42a1ec4e2bd7524e8) Importer(2089858483,0ecaa5967403d082aa24f35e1b516d23)  -> (artifact id: 'c8003c90cecc6e2a1670e4d036c657c1') in 0.012726 seconds 
Number of asset objects unloaded after import = 0
========================================================================
Received Import Request.
  Time since last request: 0.000028 seconds.
  path: Assets/Mirror/Examples/PickupsDropsChilds/Materials/Bat.mat
  artifactKey: Guid(9668485f4f34ae3458ccb76195eb127e) Importer(2089858483,0ecaa5967403d082aa24f35e1b516d23)
Number of updated assets reloaded before import = 0
Start importing Assets/Mirror/Examples/PickupsDropsChilds/Materials/Bat.mat using Guid(9668485f4f34ae3458ccb76195eb127e) Importer(2089858483,0ecaa5967403d082aa24f35e1b516d23)  -> (artifact id: '66dd7be5fbab8f8ff91e444f8134edb4') in 0.022398 seconds 
Number of asset objects unloaded after import = 1
========================================================================
Received Import Request.
  Time since last request: 0.000029 seconds.
  path: Assets/Mirror/Examples/MultipleAdditiveScenes/Scenes/MirrorMultipleAdditiveScenesGame.unity
  artifactKey: Guid(d45ed07e5475d4740812c97ae565255c) Importer(2089858483,0ecaa5967403d082aa24f35e1b516d23)
Number of updated assets reloaded before import = 0
Start importing Assets/Mirror/Examples/MultipleAdditiveScenes/Scenes/MirrorMultipleAdditiveScenesGame.unity using Guid(d45ed07e5475d4740812c97ae565255c) Importer(2089858483,0ecaa5967403d082aa24f35e1b516d23)  -> (artifact id: '6778b86a7c7c85f23d114bce923ccff2') in 0.012498 seconds 
Number of asset objects unloaded after import = 1
========================================================================
Received Import Request.
  Time since last request: 0.000027 seconds.
  path: Assets/Mirror/Examples/CharacterSelection/Prefabs/Characters/CharacterHeavy.prefab
  artifactKey: Guid(59ffef73ea4ec43c09cd00a5135ca8f1) Importer(2089858483,0ecaa5967403d082aa24f35e1b516d23)
Number of updated assets reloaded before import = 0
Start importing Assets/Mirror/Examples/CharacterSelection/Prefabs/Characters/CharacterHeavy.prefab using Guid(59ffef73ea4ec43c09cd00a5135ca8f1) Importer(2089858483,0ecaa5967403d082aa24f35e1b516d23)  -> (artifact id: 'aed4ee30a8a17b91f9b0a552008fdde6') in 0.037270 seconds 
Number of asset objects unloaded after import = 219
========================================================================
Received Import Request.
  Time since last request: 0.000024 seconds.
  path: Assets/Mirror/Examples/PickupsDropsChilds/Scripts/PickupsDropsChilds.cs
  artifactKey: Guid(cb266ca5176fd4e438673d08fbb59491) Importer(2089858483,0ecaa5967403d082aa24f35e1b516d23)
Number of updated assets reloaded before import = 0
Start importing Assets/Mirror/Examples/PickupsDropsChilds/Scripts/PickupsDropsChilds.cs using Guid(cb266ca5176fd4e438673d08fbb59491) Importer(2089858483,0ecaa5967403d082aa24f35e1b516d23)  -> (artifact id: 'da57ee1b54f40f43b1643b0c19adffae') in 0.011959 seconds 
Number of asset objects unloaded after import = 1
========================================================================
Received Import Request.
  Time since last request: 0.000024 seconds.
  path: Assets/Mirror/Examples/TopDownShooter/Scripts/PlayerTopDown.cs
  artifactKey: Guid(e600b9ef999b64e7ba94300149e0a96e) Importer(2089858483,0ecaa5967403d082aa24f35e1b516d23)
Number of updated assets reloaded before import = 0
Start importing Assets/Mirror/Examples/TopDownShooter/Scripts/PlayerTopDown.cs using Guid(e600b9ef999b64e7ba94300149e0a96e) Importer(2089858483,0ecaa5967403d082aa24f35e1b516d23)  -> (artifact id: '425ae88a3649c87e520c54309536d330') in 0.013043 seconds 
Number of asset objects unloaded after import = 0
========================================================================
Received Import Request.
  Time since last request: 0.000027 seconds.
  path: Assets/Mirror/Hosting/Edgegap/Models/SDK/Application.cs
  artifactKey: Guid(f9f095c7512ac664486cfc6dedc7d6f4) Importer(2089858483,0ecaa5967403d082aa24f35e1b516d23)
Number of updated assets reloaded before import = 0
Start importing Assets/Mirror/Hosting/Edgegap/Models/SDK/Application.cs using Guid(f9f095c7512ac664486cfc6dedc7d6f4) Importer(2089858483,0ecaa5967403d082aa24f35e1b516d23)  -> (artifact id: '8e174f149a5733f900f0d21b35cfcc52') in 0.013767 seconds 
Number of asset objects unloaded after import = 0
========================================================================
Received Import Request.
  Time since last request: 0.000033 seconds.
  path: Assets/Mirror/Examples/_Common/Controllers/TankController/TankTurretHybrid.cs
  artifactKey: Guid(9d03cccae3cfa1842968563fa2248e35) Importer(2089858483,0ecaa5967403d082aa24f35e1b516d23)
Number of updated assets reloaded before import = 0
Start importing Assets/Mirror/Examples/_Common/Controllers/TankController/TankTurretHybrid.cs using Guid(9d03cccae3cfa1842968563fa2248e35) Importer(2089858483,0ecaa5967403d082aa24f35e1b516d23)  -> (artifact id: '362e9960cb9100862c966a340b5142ce') in 0.014031 seconds 
Number of asset objects unloaded after import = 1
========================================================================
Received Import Request.
  Time since last request: 0.000030 seconds.
  path: Assets/Mirror/Examples/RigidbodyBenchmark/Scripts/AddForce.cs
  artifactKey: Guid(a0e44d14fc08546319793f1932832d13) Importer(2089858483,0ecaa5967403d082aa24f35e1b516d23)
Number of updated assets reloaded before import = 0
Start importing Assets/Mirror/Examples/RigidbodyBenchmark/Scripts/AddForce.cs using Guid(a0e44d14fc08546319793f1932832d13) Importer(2089858483,0ecaa5967403d082aa24f35e1b516d23)  -> (artifact id: 'dcb3f827aab74967420505ba767a38c0') in 0.011081 seconds 
Number of asset objects unloaded after import = 0
========================================================================
Received Import Request.
  Time since last request: 0.000032 seconds.
  path: Assets/Mirror/Examples/PickupsDropsChilds/Materials/Bouncy.physicMaterial
  artifactKey: Guid(fc53950f3f182fc46bf014d257267e86) Importer(2089858483,0ecaa5967403d082aa24f35e1b516d23)
Number of updated assets reloaded before import = 0
Start importing Assets/Mirror/Examples/PickupsDropsChilds/Materials/Bouncy.physicMaterial using Guid(fc53950f3f182fc46bf014d257267e86) Importer(2089858483,0ecaa5967403d082aa24f35e1b516d23)  -> (artifact id: '0642aa4e6cc3d3c6d2fc7760b966d8d0') in 0.011425 seconds 
Number of asset objects unloaded after import = 1
========================================================================
Received Import Request.
  Time since last request: 0.000028 seconds.
  path: Assets/Mirror/Examples/MultipleAdditiveScenes/Prefabs/PlayerUnreliable.prefab
  artifactKey: Guid(8f9e691c1c5e6c8459a8e05388f9329e) Importer(2089858483,0ecaa5967403d082aa24f35e1b516d23)
Number of updated assets reloaded before import = 0
Start importing Assets/Mirror/Examples/MultipleAdditiveScenes/Prefabs/PlayerUnreliable.prefab using Guid(8f9e691c1c5e6c8459a8e05388f9329e) Importer(2089858483,0ecaa5967403d082aa24f35e1b516d23)  -> (artifact id: '3c90ab9f03579decf4da2d38f0df77cf') in 0.052524 seconds 
Number of asset objects unloaded after import = 166
========================================================================
Received Import Request.
  Time since last request: 0.000030 seconds.
  path: Assets/Mirror/Hosting/Edgegap/Models/SDK/MatchmakerUpdate.cs
  artifactKey: Guid(f0d67b036e37ed547a553d8e08642144) Importer(2089858483,0ecaa5967403d082aa24f35e1b516d23)
Number of updated assets reloaded before import = 0
Start importing Assets/Mirror/Hosting/Edgegap/Models/SDK/MatchmakerUpdate.cs using Guid(f0d67b036e37ed547a553d8e08642144) Importer(2089858483,0ecaa5967403d082aa24f35e1b516d23)  -> (artifact id: 'df613d451b5b1d5fa22ebb32f609f238') in 0.012233 seconds 
Number of asset objects unloaded after import = 0
========================================================================
Received Import Request.
  Time since last request: 0.000044 seconds.
  path: Assets/Mirror/Transports/Threaded/ThreadedTransport.cs
  artifactKey: Guid(af1f2befa05c14b2ea463791ae56081e) Importer(2089858483,0ecaa5967403d082aa24f35e1b516d23)
Number of updated assets reloaded before import = 0
Start importing Assets/Mirror/Transports/Threaded/ThreadedTransport.cs using Guid(af1f2befa05c14b2ea463791ae56081e) Importer(2089858483,0ecaa5967403d082aa24f35e1b516d23)  -> (artifact id: '282b92fd3123224ce8f7acd8076de2c7') in 0.011763 seconds 
Number of asset objects unloaded after import = 1
========================================================================
Received Import Request.
  Time since last request: 0.000029 seconds.
  path: Assets/TextMesh Pro/Examples & Extras/Textures/Small Crate_normal.jpg
  artifactKey: Guid(8878a782f4334ecbbcf683b3ac780966) Importer(2089858483,0ecaa5967403d082aa24f35e1b516d23)
Number of updated assets reloaded before import = 0
Start importing Assets/TextMesh Pro/Examples & Extras/Textures/Small Crate_normal.jpg using Guid(8878a782f4334ecbbcf683b3ac780966) Importer(2089858483,0ecaa5967403d082aa24f35e1b516d23)  -> (artifact id: 'c23154576c62d1fc026a406d9912a803') in 0.021954 seconds 
Number of asset objects unloaded after import = 1
========================================================================
Received Import Request.
  Time since last request: 0.000021 seconds.
  path: Assets/Mirror/Examples/_Common/KenneyAssets/kenney_rpg-audio/Audio/footstep09.ogg
  artifactKey: Guid(ccf7de35293e248b6a37333d49a4e3f6) Importer(2089858483,0ecaa5967403d082aa24f35e1b516d23)
Number of updated assets reloaded before import = 0
Start importing Assets/Mirror/Examples/_Common/KenneyAssets/kenney_rpg-audio/Audio/footstep09.ogg using Guid(ccf7de35293e248b6a37333d49a4e3f6) Importer(2089858483,0ecaa5967403d082aa24f35e1b516d23)  -> (artifact id: '794f2ca4341e28dc0e53029320a8b080') in 0.093965 seconds 
Number of asset objects unloaded after import = 1
========================================================================
Received Import Request.
  Time since last request: 0.000024 seconds.
  path: Assets/Mirror/Hosting/Edgegap/Editor/Api/Models/Results/EdgegapHttpResult.cs
  artifactKey: Guid(888bfc2c113487b44a3103648d2c2ae3) Importer(2089858483,0ecaa5967403d082aa24f35e1b516d23)
Number of updated assets reloaded before import = 0
Start importing Assets/Mirror/Hosting/Edgegap/Editor/Api/Models/Results/EdgegapHttpResult.cs using Guid(888bfc2c113487b44a3103648d2c2ae3) Importer(2089858483,0ecaa5967403d082aa24f35e1b516d23)  -> (artifact id: '01e3e1e79bee16b2af9b4d52aa4c1330') in 0.012993 seconds 
Number of asset objects unloaded after import = 0
========================================================================
Received Import Request.
  Time since last request: 0.000021 seconds.
  path: Assets/Mirror/Hosting/Edgegap/Editor/Fonts/Src/Spartan/Spartan-SemiBold.ttf
  artifactKey: Guid(52c456e5bd94b2b4b9045a79143694e9) Importer(2089858483,0ecaa5967403d082aa24f35e1b516d23)
Number of updated assets reloaded before import = 0
Start importing Assets/Mirror/Hosting/Edgegap/Editor/Fonts/Src/Spartan/Spartan-SemiBold.ttf using Guid(52c456e5bd94b2b4b9045a79143694e9) Importer(2089858483,0ecaa5967403d082aa24f35e1b516d23)  -> (artifact id: '6e6f19ca527cbf954da044b96b419056') in 0.017107 seconds 
Number of asset objects unloaded after import = 3
========================================================================
Received Import Request.
  Time since last request: 0.000026 seconds.
  path: Assets/Mirror/Transports/Encryption/Plugins/BouncyCastle/Mirror.BouncyCastle.Cryptography.dll
  artifactKey: Guid(03a89f29994a3b44cb3015b3c5ece010) Importer(2089858483,0ecaa5967403d082aa24f35e1b516d23)
Number of updated assets reloaded before import = 0
Start importing Assets/Mirror/Transports/Encryption/Plugins/BouncyCastle/Mirror.BouncyCastle.Cryptography.dll using Guid(03a89f29994a3b44cb3015b3c5ece010) Importer(2089858483,0ecaa5967403d082aa24f35e1b516d23)  -> (artifact id: '29085422be0b0657793a456125bae16a') in 0.019025 seconds 
Number of asset objects unloaded after import = 1
========================================================================
Received Import Request.
  Time since last request: 0.000029 seconds.
  path: Assets/Mirror/Transports/KCP/kcp2k/kcp/Pool.cs
  artifactKey: Guid(35c07818fc4784bb4ba472c8e5029002) Importer(2089858483,0ecaa5967403d082aa24f35e1b516d23)
Number of updated assets reloaded before import = 0
Start importing Assets/Mirror/Transports/KCP/kcp2k/kcp/Pool.cs using Guid(35c07818fc4784bb4ba472c8e5029002) Importer(2089858483,0ecaa5967403d082aa24f35e1b516d23)  -> (artifact id: 'dccdcb3609df79e5507acec074c5262e') in 0.011118 seconds 
Number of asset objects unloaded after import = 0
========================================================================
Received Import Request.
  Time since last request: 0.000030 seconds.
  path: Assets/Mirror/Hosting/Edgegap/Models/SDK/SelectorModel.cs
  artifactKey: Guid(f8c6e90e8d48e4644acb39ad543db2ef) Importer(2089858483,0ecaa5967403d082aa24f35e1b516d23)
Number of updated assets reloaded before import = 0
Start importing Assets/Mirror/Hosting/Edgegap/Models/SDK/SelectorModel.cs using Guid(f8c6e90e8d48e4644acb39ad543db2ef) Importer(2089858483,0ecaa5967403d082aa24f35e1b516d23)  -> (artifact id: '454f2d3a3cf3ea84bcc72f8167d39603') in 0.012516 seconds 
Number of asset objects unloaded after import = 0
========================================================================
Received Import Request.
  Time since last request: 0.000027 seconds.
  path: Assets/Mirror/Transports/KCP/kcp2k/highlevel/Extensions.cs
  artifactKey: Guid(c0649195e5ba4fcf8e0e1231fee7d5f6) Importer(2089858483,0ecaa5967403d082aa24f35e1b516d23)
Number of updated assets reloaded before import = 0
Start importing Assets/Mirror/Transports/KCP/kcp2k/highlevel/Extensions.cs using Guid(c0649195e5ba4fcf8e0e1231fee7d5f6) Importer(2089858483,0ecaa5967403d082aa24f35e1b516d23)  -> (artifact id: '7ecd3db03727c6b3fed1a0cb87b59a27') in 0.012292 seconds 
Number of asset objects unloaded after import = 0
========================================================================
Received Import Request.
  Time since last request: 0.000031 seconds.
  path: Assets/Mirror/Examples/BenchmarkStinkySteak/Dependencies/netcode-benchmarker-util/Runtime/Prefabs/BaseGUIGame.prefab
  artifactKey: Guid(6e6b75e5db829b54ba9287ce8d21b551) Importer(2089858483,0ecaa5967403d082aa24f35e1b516d23)
Number of updated assets reloaded before import = 0
Start importing Assets/Mirror/Examples/BenchmarkStinkySteak/Dependencies/netcode-benchmarker-util/Runtime/Prefabs/BaseGUIGame.prefab using Guid(6e6b75e5db829b54ba9287ce8d21b551) Importer(2089858483,0ecaa5967403d082aa24f35e1b516d23)  -> (artifact id: '663da71aeed21035529d498004a52764') in 0.052380 seconds 
Number of asset objects unloaded after import = 64
========================================================================
Received Import Request.
  Time since last request: 0.000025 seconds.
  path: Assets/Mirror/Examples/BenchmarkStinkySteak/Dependencies/netcode-benchmarker-util/Runtime/Scripts/BehaviourWrapper/IMoveWrapper.cs
  artifactKey: Guid(62941d180260d4743b36d0b3214ca3b4) Importer(2089858483,0ecaa5967403d082aa24f35e1b516d23)
Number of updated assets reloaded before import = 0
Start importing Assets/Mirror/Examples/BenchmarkStinkySteak/Dependencies/netcode-benchmarker-util/Runtime/Scripts/BehaviourWrapper/IMoveWrapper.cs using Guid(62941d180260d4743b36d0b3214ca3b4) Importer(2089858483,0ecaa5967403d082aa24f35e1b516d23)  -> (artifact id: '37dbcc83716cbe688a7adeb1a18006b1') in 0.014698 seconds 
Number of asset objects unloaded after import = 0
========================================================================
Received Import Request.
  Time since last request: 0.000031 seconds.
  path: Assets/Mirror/Hosting/Edgegap/Editor/Api/Models/Results/GetAppVersionsResult.cs
  artifactKey: Guid(39dff8eb2a96db14581701965c2663c2) Importer(2089858483,0ecaa5967403d082aa24f35e1b516d23)
Number of updated assets reloaded before import = 0
Start importing Assets/Mirror/Hosting/Edgegap/Editor/Api/Models/Results/GetAppVersionsResult.cs using Guid(39dff8eb2a96db14581701965c2663c2) Importer(2089858483,0ecaa5967403d082aa24f35e1b516d23)  -> (artifact id: '6e08aebe420f921eeede23ca3d8a1f4a') in 0.012599 seconds 
Number of asset objects unloaded after import = 0
========================================================================
Received Import Request.
  Time since last request: 0.000028 seconds.
  path: Assets/Mirror/Hosting/Edgegap/Models/SDK/SessionUserContext.cs
  artifactKey: Guid(334e01f039c2c6c49bd4e96ce0edcb95) Importer(2089858483,0ecaa5967403d082aa24f35e1b516d23)
Number of updated assets reloaded before import = 0
Start importing Assets/Mirror/Hosting/Edgegap/Models/SDK/SessionUserContext.cs using Guid(334e01f039c2c6c49bd4e96ce0edcb95) Importer(2089858483,0ecaa5967403d082aa24f35e1b516d23)  -> (artifact id: '55b3c5521e622a059b29e26e81d1942f') in 0.012192 seconds 
Number of asset objects unloaded after import = 0
========================================================================
Received Import Request.
  Time since last request: 0.000028 seconds.
  path: Assets/Mirror/Transports/KCP/kcp2k/highlevel/Log.cs
  artifactKey: Guid(7b5e1de98d6d84c3793a61cf7d8da9a4) Importer(2089858483,0ecaa5967403d082aa24f35e1b516d23)
Number of updated assets reloaded before import = 0
Start importing Assets/Mirror/Transports/KCP/kcp2k/highlevel/Log.cs using Guid(7b5e1de98d6d84c3793a61cf7d8da9a4) Importer(2089858483,0ecaa5967403d082aa24f35e1b516d23)  -> (artifact id: '704ec97c581b19b1621eb1351336df4c') in 0.011450 seconds 
Number of asset objects unloaded after import = 0
========================================================================
Received Import Request.
  Time since last request: 0.000029 seconds.
  path: Assets/Mirror/Transports/SimpleWeb/SimpleWeb/Client/Webgl/plugin/SuppressInvalidEnumWarning.jspre
  artifactKey: Guid(1ca66f7a0092d5b41ab13296eda7a278) Importer(2089858483,0ecaa5967403d082aa24f35e1b516d23)
Number of updated assets reloaded before import = 0
Start importing Assets/Mirror/Transports/SimpleWeb/SimpleWeb/Client/Webgl/plugin/SuppressInvalidEnumWarning.jspre using Guid(1ca66f7a0092d5b41ab13296eda7a278) Importer(2089858483,0ecaa5967403d082aa24f35e1b516d23)  -> (artifact id: '95469c5ea68aabc3f222544f3c756966') in 0.016938 seconds 
Number of asset objects unloaded after import = 1
========================================================================
Received Import Request.
  Time since last request: 0.000026 seconds.
  path: Assets/Mirror/Transports/SimpleWeb/SimpleWeb/Common/Utils.cs
  artifactKey: Guid(4643ffb4cb0562847b1ae925d07e15b6) Importer(2089858483,0ecaa5967403d082aa24f35e1b516d23)
Number of updated assets reloaded before import = 0
Start importing Assets/Mirror/Transports/SimpleWeb/SimpleWeb/Common/Utils.cs using Guid(4643ffb4cb0562847b1ae925d07e15b6) Importer(2089858483,0ecaa5967403d082aa24f35e1b516d23)  -> (artifact id: '1b6ce406a2077e515eb693031ffe0f5a') in 0.011388 seconds 
Number of asset objects unloaded after import = 0
========================================================================
Received Import Request.
  Time since last request: 0.000026 seconds.
  path: Assets/Mirror/Hosting/Edgegap/Models/SDK/Pagination.cs
  artifactKey: Guid(4a7e6b1adc3c98749bf60c94680dbfff) Importer(2089858483,0ecaa5967403d082aa24f35e1b516d23)
Number of updated assets reloaded before import = 0
Start importing Assets/Mirror/Hosting/Edgegap/Models/SDK/Pagination.cs using Guid(4a7e6b1adc3c98749bf60c94680dbfff) Importer(2089858483,0ecaa5967403d082aa24f35e1b516d23)  -> (artifact id: 'e824c678bb56a9410a80a2f7077e0c8c') in 0.013114 seconds 
Number of asset objects unloaded after import = 0
========================================================================
Received Import Request.
  Time since last request: 0.000035 seconds.
  path: Assets/Mirror/Transports/SimpleWeb/SimpleWeb/Client/Webgl/plugin/SimpleWeb.jslib
  artifactKey: Guid(54452a8c6d2ca9b49a8c79f81b50305c) Importer(2089858483,0ecaa5967403d082aa24f35e1b516d23)
Number of updated assets reloaded before import = 0
Start importing Assets/Mirror/Transports/SimpleWeb/SimpleWeb/Client/Webgl/plugin/SimpleWeb.jslib using Guid(54452a8c6d2ca9b49a8c79f81b50305c) Importer(2089858483,0ecaa5967403d082aa24f35e1b516d23)  -> (artifact id: '3bc17ff101b4d149b41b7b10c3c514eb') in 0.016672 seconds 
Number of asset objects unloaded after import = 1
========================================================================
Received Import Request.
  Time since last request: 0.000027 seconds.
  path: Assets/Mirror/Transports/SimpleWeb/SimpleWeb/Common/Constants.cs
  artifactKey: Guid(85d110a089d6ad348abf2d073ebce7cd) Importer(2089858483,0ecaa5967403d082aa24f35e1b516d23)
Number of updated assets reloaded before import = 0
Start importing Assets/Mirror/Transports/SimpleWeb/SimpleWeb/Common/Constants.cs using Guid(85d110a089d6ad348abf2d073ebce7cd) Importer(2089858483,0ecaa5967403d082aa24f35e1b516d23)  -> (artifact id: 'f1bc26f2415d4329c5670a011164c236') in 0.011697 seconds 
Number of asset objects unloaded after import = 0
========================================================================
Received Import Request.
  Time since last request: 0.000026 seconds.
  path: Assets/Mirror/Hosting/Edgegap/Editor/Api/Models/VersionData.cs
  artifactKey: Guid(7dfe72e265bef484ea78bd7e105e0e77) Importer(2089858483,0ecaa5967403d082aa24f35e1b516d23)
Number of updated assets reloaded before import = 0
Start importing Assets/Mirror/Hosting/Edgegap/Editor/Api/Models/VersionData.cs using Guid(7dfe72e265bef484ea78bd7e105e0e77) Importer(2089858483,0ecaa5967403d082aa24f35e1b516d23)  -> (artifact id: '2b14a9bbce118a64cf674fbf7867068c') in 0.013016 seconds 
Number of asset objects unloaded after import = 0
========================================================================
Received Import Request.
  Time since last request: 0.000025 seconds.
  path: Assets/Mirror/Hosting/Edgegap/Models/SDK/SelectorEnvModel.cs
  artifactKey: Guid(22e4606294ddb5249852ea135b8f7792) Importer(2089858483,0ecaa5967403d082aa24f35e1b516d23)
Number of updated assets reloaded before import = 0
Start importing Assets/Mirror/Hosting/Edgegap/Models/SDK/SelectorEnvModel.cs using Guid(22e4606294ddb5249852ea135b8f7792) Importer(2089858483,0ecaa5967403d082aa24f35e1b516d23)  -> (artifact id: '484030473ec06f3ed20601d30ae52017') in 0.012336 seconds 
Number of asset objects unloaded after import = 0
========================================================================
Received Import Request.
  Time since last request: 0.000028 seconds.
  path: Assets/Mirror/Hosting/Edgegap/Models/SDK/Request.cs
  artifactKey: Guid(ee10b60a64f79f342b359c0144540719) Importer(2089858483,0ecaa5967403d082aa24f35e1b516d23)
Number of updated assets reloaded before import = 0
Start importing Assets/Mirror/Hosting/Edgegap/Models/SDK/Request.cs using Guid(ee10b60a64f79f342b359c0144540719) Importer(2089858483,0ecaa5967403d082aa24f35e1b516d23)  -> (artifact id: '85c51ad0a3904005989e47cd053bf683') in 0.011444 seconds 
Number of asset objects unloaded after import = 0
========================================================================
Received Import Request.
  Time since last request: 0.000045 seconds.
  path: Assets/Mirror/Hosting/Edgegap/Models/SDK/SessionModel.cs
  artifactKey: Guid(39e91c0894e0a3841951d031abe91cc0) Importer(2089858483,0ecaa5967403d082aa24f35e1b516d23)
Number of updated assets reloaded before import = 0
Start importing Assets/Mirror/Hosting/Edgegap/Models/SDK/SessionModel.cs using Guid(39e91c0894e0a3841951d031abe91cc0) Importer(2089858483,0ecaa5967403d082aa24f35e1b516d23)  -> (artifact id: '596fa9b3ee34315d48ab8d5cc66af01c') in 0.013313 seconds 
Number of asset objects unloaded after import = 0
========================================================================
Received Import Request.
  Time since last request: 0.000027 seconds.
  path: Assets/Mirror/Examples/BenchmarkStinkySteak/Dependencies/netcode-benchmarker-util/Runtime/Scripts/RandomVector3.cs
  artifactKey: Guid(17d9458a0ed386d4281f9c5085b42118) Importer(2089858483,0ecaa5967403d082aa24f35e1b516d23)
Number of updated assets reloaded before import = 0
Start importing Assets/Mirror/Examples/BenchmarkStinkySteak/Dependencies/netcode-benchmarker-util/Runtime/Scripts/RandomVector3.cs using Guid(17d9458a0ed386d4281f9c5085b42118) Importer(2089858483,0ecaa5967403d082aa24f35e1b516d23)  -> (artifact id: '4b5c85cf3b4c8877bffdfe4cf5f459c8') in 0.024155 seconds 
Number of asset objects unloaded after import = 0
========================================================================
Received Import Request.
  Time since last request: 0.000034 seconds.
  path: Assets/Mirror/Transports/Edgegap/EdgegapLobby/Models/LobbyUpdateRequest.cs
  artifactKey: Guid(ee158bc379f44cdf9904578f37a5e7a4) Importer(2089858483,0ecaa5967403d082aa24f35e1b516d23)
Number of updated assets reloaded before import = 0
Start importing Assets/Mirror/Transports/Edgegap/EdgegapLobby/Models/LobbyUpdateRequest.cs using Guid(ee158bc379f44cdf9904578f37a5e7a4) Importer(2089858483,0ecaa5967403d082aa24f35e1b516d23)  -> (artifact id: '7c3803692e43582bd69a82b4946bfbe0') in 0.014431 seconds 
Number of asset objects unloaded after import = 1
========================================================================
Received Import Request.
  Time since last request: 0.000026 seconds.
  path: Assets/Mirror/Hosting/Edgegap/Editor/Api/Models/Requests/CreateAppRequest.cs
  artifactKey: Guid(0a492d7c515b8894ea30b37db6b7efe4) Importer(2089858483,0ecaa5967403d082aa24f35e1b516d23)
Number of updated assets reloaded before import = 0
Start importing Assets/Mirror/Hosting/Edgegap/Editor/Api/Models/Requests/CreateAppRequest.cs using Guid(0a492d7c515b8894ea30b37db6b7efe4) Importer(2089858483,0ecaa5967403d082aa24f35e1b516d23)  -> (artifact id: '51ce65a78ea104f7946e716bab19bc2a') in 0.012430 seconds 
Number of asset objects unloaded after import = 0
========================================================================
Received Import Request.
  Time since last request: 0.000033 seconds.
  path: Assets/Mirror/Examples/TopDownShooter/Textures/Floor.jpg
  artifactKey: Guid(aca014eaf30464b8c83f4dd8ba4aa0ef) Importer(2089858483,0ecaa5967403d082aa24f35e1b516d23)
Number of updated assets reloaded before import = 0
Start importing Assets/Mirror/Examples/TopDownShooter/Textures/Floor.jpg using Guid(aca014eaf30464b8c83f4dd8ba4aa0ef) Importer(2089858483,0ecaa5967403d082aa24f35e1b516d23)  -> (artifact id: 'a72d961b59dc54a6bb132d2a074d3929') in 0.019977 seconds 
Number of asset objects unloaded after import = 1
========================================================================
Received Import Request.
  Time since last request: 0.000030 seconds.
  path: Assets/Mirror/Examples/BenchmarkStinkySteak/Dependencies/netcode-benchmarker-util/Runtime/Scripts/BehaviourWrapper/WanderMoveWrapper.cs
  artifactKey: Guid(5e236bbe49894bf4f972fe81f2081c8a) Importer(2089858483,0ecaa5967403d082aa24f35e1b516d23)
Number of updated assets reloaded before import = 0
Start importing Assets/Mirror/Examples/BenchmarkStinkySteak/Dependencies/netcode-benchmarker-util/Runtime/Scripts/BehaviourWrapper/WanderMoveWrapper.cs using Guid(5e236bbe49894bf4f972fe81f2081c8a) Importer(2089858483,0ecaa5967403d082aa24f35e1b516d23)  -> (artifact id: '465441b2ea9f31ba75524233661ca574') in 0.012946 seconds 
Number of asset objects unloaded after import = 0
========================================================================
Received Import Request.
  Time since last request: 0.000026 seconds.
  path: Assets/Sprites/skeleton_2/attack_down/attack_down_2_0007.png
  artifactKey: Guid(8cf15375df0882e418f42e76c1c53bc8) Importer(2089858483,0ecaa5967403d082aa24f35e1b516d23)
Number of updated assets reloaded before import = 0
Start importing Assets/Sprites/skeleton_2/attack_down/attack_down_2_0007.png using Guid(8cf15375df0882e418f42e76c1c53bc8) Importer(2089858483,0ecaa5967403d082aa24f35e1b516d23)  -> (artifact id: 'a11165ea2e66309f21f005f1da5e304a') in 0.025331 seconds 
Number of asset objects unloaded after import = 3
========================================================================
Received Import Request.
  Time since last request: 0.000021 seconds.
  path: Assets/Mirror/Examples/Tanks/Prefabs/Tank.prefab
  artifactKey: Guid(6f43bf5488a7443d19ab2a83c6b91f35) Importer(2089858483,0ecaa5967403d082aa24f35e1b516d23)
Number of updated assets reloaded before import = 0
Start importing Assets/Mirror/Examples/Tanks/Prefabs/Tank.prefab using Guid(6f43bf5488a7443d19ab2a83c6b91f35) Importer(2089858483,0ecaa5967403d082aa24f35e1b516d23)  -> (artifact id: '121ee1f63c98edd0270a6a5527e21716') in 0.033938 seconds 
Number of asset objects unloaded after import = 68
========================================================================
Received Import Request.
  Time since last request: 0.000028 seconds.
  path: Assets/Mirror/Transports/Edgegap/EdgegapLobby/Models/LobbyCreateRequest.cs
  artifactKey: Guid(4040c1adafc3449eaebd3bd22aa3ff26) Importer(2089858483,0ecaa5967403d082aa24f35e1b516d23)
Number of updated assets reloaded before import = 0
Start importing Assets/Mirror/Transports/Edgegap/EdgegapLobby/Models/LobbyCreateRequest.cs using Guid(4040c1adafc3449eaebd3bd22aa3ff26) Importer(2089858483,0ecaa5967403d082aa24f35e1b516d23)  -> (artifact id: 'fedc11baf2e456bc38464d53b052d230') in 0.014199 seconds 
Number of asset objects unloaded after import = 1
========================================================================
Received Import Request.
  Time since last request: 0.000027 seconds.
  path: Assets/TextMesh Pro/Examples & Extras/Scripts/TeleType.cs
  artifactKey: Guid(e32c266ee6204b21a427753cb0694c81) Importer(2089858483,0ecaa5967403d082aa24f35e1b516d23)
Number of updated assets reloaded before import = 0
Start importing Assets/TextMesh Pro/Examples & Extras/Scripts/TeleType.cs using Guid(e32c266ee6204b21a427753cb0694c81) Importer(2089858483,0ecaa5967403d082aa24f35e1b516d23)  -> (artifact id: 'a3da8ac3f06d3d026b874d7244f463df') in 0.012632 seconds 
Number of asset objects unloaded after import = 0
========================================================================
Received Import Request.
  Time since last request: 0.000018 seconds.
  path: Assets/Sprites/UI/Spells/fireball.png
  artifactKey: Guid(c395270526e1d0748b6ca6b03a2e642a) Importer(2089858483,0ecaa5967403d082aa24f35e1b516d23)
Number of updated assets reloaded before import = 0
Start importing Assets/Sprites/UI/Spells/fireball.png using Guid(c395270526e1d0748b6ca6b03a2e642a) Importer(2089858483,0ecaa5967403d082aa24f35e1b516d23)  -> (artifact id: '91d041072d74eeab8ec0fd9545e54f19') in 0.022054 seconds 
Number of asset objects unloaded after import = 3
========================================================================
Received Import Request.
  Time since last request: 0.000028 seconds.
  path: Assets/Mirror/Examples/CharacterSelection/Materials/MaterialGreenDark.mat
  artifactKey: Guid(b4814d6b577aa424991905946c0fe6dc) Importer(2089858483,0ecaa5967403d082aa24f35e1b516d23)
Number of updated assets reloaded before import = 0
Start importing Assets/Mirror/Examples/CharacterSelection/Materials/MaterialGreenDark.mat using Guid(b4814d6b577aa424991905946c0fe6dc) Importer(2089858483,0ecaa5967403d082aa24f35e1b516d23)  -> (artifact id: '4fd78eb85d7092b54299866302c02c6a') in 0.019005 seconds 
Number of asset objects unloaded after import = 1
========================================================================
Received Import Request.
  Time since last request: 0.000039 seconds.
  path: Assets/Mirror/Hosting/Edgegap/Models/SDK/AppVersionWhitelistEntrySuccess.cs
  artifactKey: Guid(2fd2776b60ac941479df7e8dd021993e) Importer(2089858483,0ecaa5967403d082aa24f35e1b516d23)
Number of updated assets reloaded before import = 0
Start importing Assets/Mirror/Hosting/Edgegap/Models/SDK/AppVersionWhitelistEntrySuccess.cs using Guid(2fd2776b60ac941479df7e8dd021993e) Importer(2089858483,0ecaa5967403d082aa24f35e1b516d23)  -> (artifact id: 'd4ac7c7539a7ef3cae8b4753989eafdc') in 0.011595 seconds 
Number of asset objects unloaded after import = 0
========================================================================
Received Import Request.
  Time since last request: 0.000025 seconds.
  path: Assets/Sprites/skeleton_1/death_left/death_left_1_0011.png
  artifactKey: Guid(30c0cd15789f16449ba5bddea7d5902f) Importer(2089858483,0ecaa5967403d082aa24f35e1b516d23)
Number of updated assets reloaded before import = 0
Start importing Assets/Sprites/skeleton_1/death_left/death_left_1_0011.png using Guid(30c0cd15789f16449ba5bddea7d5902f) Importer(2089858483,0ecaa5967403d082aa24f35e1b516d23)  -> (artifact id: '5cf1d11af8b5654d4ffbc3a509b2d183') in 0.024164 seconds 
Number of asset objects unloaded after import = 3
========================================================================
Received Import Request.
  Time since last request: 0.000025 seconds.
  path: Assets/Mirror/Hosting/Edgegap/Editor/GithubRelease.cs
  artifactKey: Guid(6ef365e2acd5a5044a4a14fa83c7d9b9) Importer(2089858483,0ecaa5967403d082aa24f35e1b516d23)
Number of updated assets reloaded before import = 0
Start importing Assets/Mirror/Hosting/Edgegap/Editor/GithubRelease.cs using Guid(6ef365e2acd5a5044a4a14fa83c7d9b9) Importer(2089858483,0ecaa5967403d082aa24f35e1b516d23)  -> (artifact id: '169540969b7cf6719a6a0814db337b74') in 0.010380 seconds 
Number of asset objects unloaded after import = 0
========================================================================
Received Import Request.
  Time since last request: 0.000029 seconds.
  path: Assets/Sprites/UI/Inventory/epmtyFrame.png
  artifactKey: Guid(4837799503835ea419facf4b9b12c32c) Importer(2089858483,0ecaa5967403d082aa24f35e1b516d23)
Number of updated assets reloaded before import = 0
Start importing Assets/Sprites/UI/Inventory/epmtyFrame.png using Guid(4837799503835ea419facf4b9b12c32c) Importer(2089858483,0ecaa5967403d082aa24f35e1b516d23)  -> (artifact id: 'e2f2db9b861f7f7c40690517c1408883') in 0.021976 seconds 
Number of asset objects unloaded after import = 3
========================================================================
Received Import Request.
  Time since last request: 0.000024 seconds.
  path: Assets/Mirror/Hosting/Edgegap/Models/SDK/MatchmakerReleaseCreateBase.cs
  artifactKey: Guid(3b170b5cb33caa2498eb7f0106e47297) Importer(2089858483,0ecaa5967403d082aa24f35e1b516d23)
Number of updated assets reloaded before import = 0
Start importing Assets/Mirror/Hosting/Edgegap/Models/SDK/MatchmakerReleaseCreateBase.cs using Guid(3b170b5cb33caa2498eb7f0106e47297) Importer(2089858483,0ecaa5967403d082aa24f35e1b516d23)  -> (artifact id: 'd11d76222181965ee908ce98e24d3b20') in 0.012233 seconds 
Number of asset objects unloaded after import = 0
========================================================================
Received Import Request.
  Time since last request: 0.000026 seconds.
  path: Assets/Sprites/UI/Menus/TooltipBackground.png
  artifactKey: Guid(ef0c8595d1f60cb4a8634c307f3d746c) Importer(2089858483,0ecaa5967403d082aa24f35e1b516d23)
Number of updated assets reloaded before import = 0
Start importing Assets/Sprites/UI/Menus/TooltipBackground.png using Guid(ef0c8595d1f60cb4a8634c307f3d746c) Importer(2089858483,0ecaa5967403d082aa24f35e1b516d23)  -> (artifact id: 'de6e6b42d327f3be632e2e8288c729a0') in 0.029501 seconds 
Number of asset objects unloaded after import = 3
========================================================================
Received Import Request.
  Time since last request: 0.000025 seconds.
  path: Assets/Mirror/Examples/TankTheftAuto/Prefabs/PlayerUnreliable.prefab
  artifactKey: Guid(eb1c655bdd46c2f4d9a6c48490fa1a5f) Importer(2089858483,0ecaa5967403d082aa24f35e1b516d23)
Number of updated assets reloaded before import = 0
Start importing Assets/Mirror/Examples/TankTheftAuto/Prefabs/PlayerUnreliable.prefab using Guid(eb1c655bdd46c2f4d9a6c48490fa1a5f) Importer(2089858483,0ecaa5967403d082aa24f35e1b516d23)  -> (artifact id: '9af70ba3f1c8014b67fab157387a92a2') in 0.038404 seconds 
Number of asset objects unloaded after import = 164
========================================================================
Received Import Request.
  Time since last request: 0.000027 seconds.
  path: Assets/Sprites/skeleton_1/attack_up/attack_up_1_0003.png
  artifactKey: Guid(f77e96de8b87778439ba6758eba8eee2) Importer(2089858483,0ecaa5967403d082aa24f35e1b516d23)
Number of updated assets reloaded before import = 0
Start importing Assets/Sprites/skeleton_1/attack_up/attack_up_1_0003.png using Guid(f77e96de8b87778439ba6758eba8eee2) Importer(2089858483,0ecaa5967403d082aa24f35e1b516d23)  -> (artifact id: 'a9c14b2164aef7ab37e35c452f586bbe') in 0.034284 seconds 
Number of asset objects unloaded after import = 3
========================================================================
Received Import Request.
  Time since last request: 0.000019 seconds.
  path: Assets/Mirror/Examples/TopDownShooter/Textures/EnemyHand1.png
  artifactKey: Guid(555fa33eb6b0f42629907a4f86546c88) Importer(2089858483,0ecaa5967403d082aa24f35e1b516d23)
Number of updated assets reloaded before import = 0
Start importing Assets/Mirror/Examples/TopDownShooter/Textures/EnemyHand1.png using Guid(555fa33eb6b0f42629907a4f86546c88) Importer(2089858483,0ecaa5967403d082aa24f35e1b516d23)  -> (artifact id: 'cc6021b2826892a071cac9a8c32cb885') in 0.020438 seconds 
Number of asset objects unloaded after import = 1
========================================================================
Received Import Request.
  Time since last request: 0.000028 seconds.
  path: Assets/Mirror/Examples/_Common/TankModel/(Public Domain) Recon_Tank/Recon_Tank - License.txt
  artifactKey: Guid(6e745106dbbc3412bbe43eaf25dabd4f) Importer(2089858483,0ecaa5967403d082aa24f35e1b516d23)
Number of updated assets reloaded before import = 0
Start importing Assets/Mirror/Examples/_Common/TankModel/(Public Domain) Recon_Tank/Recon_Tank - License.txt using Guid(6e745106dbbc3412bbe43eaf25dabd4f) Importer(2089858483,0ecaa5967403d082aa24f35e1b516d23)  -> (artifact id: '23c017a271341b6ac1e373773b28b423') in 0.018504 seconds 
Number of asset objects unloaded after import = 1
========================================================================
Received Import Request.
  Time since last request: 0.000034 seconds.
  path: Assets/Sprites/Enviroment/WaterTiles/29.png
  artifactKey: Guid(a2ca00cc097952c47a9601286199cd05) Importer(2089858483,0ecaa5967403d082aa24f35e1b516d23)
Number of updated assets reloaded before import = 0
Start importing Assets/Sprites/Enviroment/WaterTiles/29.png using Guid(a2ca00cc097952c47a9601286199cd05) Importer(2089858483,0ecaa5967403d082aa24f35e1b516d23)  -> (artifact id: 'c147ab9004f1dbf5d4c3438fe90b1a42') in 0.023666 seconds 
Number of asset objects unloaded after import = 3
========================================================================
Received Import Request.
  Time since last request: 0.000024 seconds.
  path: Assets/Sprites/skeleton_2/death_right/death_right_2_0006.png
  artifactKey: Guid(d472778167fec3249bae50c0a2969cb9) Importer(2089858483,0ecaa5967403d082aa24f35e1b516d23)
Number of updated assets reloaded before import = 0
Start importing Assets/Sprites/skeleton_2/death_right/death_right_2_0006.png using Guid(d472778167fec3249bae50c0a2969cb9) Importer(2089858483,0ecaa5967403d082aa24f35e1b516d23)  -> (artifact id: 'eb7145ab2413ff5a85d87cddb221b7ef') in 0.023675 seconds 
Number of asset objects unloaded after import = 3
========================================================================
Received Import Request.
  Time since last request: 0.000017 seconds.
  path: Assets/TextMesh Pro/Examples & Extras/Scenes/02 - Multi-line TextMesh Pro.unity
  artifactKey: Guid(251716609f634449bfe8ce75c0ed78fe) Importer(2089858483,0ecaa5967403d082aa24f35e1b516d23)
Number of updated assets reloaded before import = 0
Start importing Assets/TextMesh Pro/Examples & Extras/Scenes/02 - Multi-line TextMesh Pro.unity using Guid(251716609f634449bfe8ce75c0ed78fe) Importer(2089858483,0ecaa5967403d082aa24f35e1b516d23)  -> (artifact id: '04069bf20162b6fe49e9196a6c944163') in 0.011620 seconds 
Number of asset objects unloaded after import = 1
========================================================================
Received Import Request.
  Time since last request: 0.000022 seconds.
  path: Assets/Mirror/Editor/Weaver/Processors/SyncObjectProcessor.cs
  artifactKey: Guid(78f71efc83cde4917b7d21efa90bcc9a) Importer(2089858483,0ecaa5967403d082aa24f35e1b516d23)
Number of updated assets reloaded before import = 0
Start importing Assets/Mirror/Editor/Weaver/Processors/SyncObjectProcessor.cs using Guid(78f71efc83cde4917b7d21efa90bcc9a) Importer(2089858483,0ecaa5967403d082aa24f35e1b516d23)  -> (artifact id: '5db316e934451ed2c4b3b803373493f9') in 0.011414 seconds 
Number of asset objects unloaded after import = 0
========================================================================
Received Import Request.
  Time since last request: 0.000022 seconds.
  path: Assets/Mirror/Transports/Telepathy/Telepathy/Log.cs
  artifactKey: Guid(0a123d054bef34d059057ac2ce936605) Importer(2089858483,0ecaa5967403d082aa24f35e1b516d23)
Number of updated assets reloaded before import = 0
Start importing Assets/Mirror/Transports/Telepathy/Telepathy/Log.cs using Guid(0a123d054bef34d059057ac2ce936605) Importer(2089858483,0ecaa5967403d082aa24f35e1b516d23)  -> (artifact id: '3352dece0aea0fb9c84150242c983975') in 0.010292 seconds 
Number of asset objects unloaded after import = 0
========================================================================
Received Import Request.
  Time since last request: 0.000033 seconds.
  path: Assets/Sprites/skeleton_1/idle_left/idle_left_1_0007.png
  artifactKey: Guid(4faf27bbead8734468e9bcc0acac90d4) Importer(2089858483,0ecaa5967403d082aa24f35e1b516d23)
Number of updated assets reloaded before import = 0
Start importing Assets/Sprites/skeleton_1/idle_left/idle_left_1_0007.png using Guid(4faf27bbead8734468e9bcc0acac90d4) Importer(2089858483,0ecaa5967403d082aa24f35e1b516d23)  -> (artifact id: 'd00cd2823a979ea75ac477782079790d') in 0.022849 seconds 
Number of asset objects unloaded after import = 3
========================================================================
Received Import Request.
  Time since last request: 0.000019 seconds.
  path: Assets/Mirror/Examples/PickupsDropsChilds/Prefabs/Player.prefab
  artifactKey: Guid(0a718236edc07af46a9f3ebb74fd1e45) Importer(2089858483,0ecaa5967403d082aa24f35e1b516d23)
Number of updated assets reloaded before import = 0
Start importing Assets/Mirror/Examples/PickupsDropsChilds/Prefabs/Player.prefab using Guid(0a718236edc07af46a9f3ebb74fd1e45) Importer(2089858483,0ecaa5967403d082aa24f35e1b516d23)  -> (artifact id: 'e68684c801aff9e2cbca98b2e411526a') in 0.030501 seconds 
Number of asset objects unloaded after import = 142
========================================================================
Received Import Request.
  Time since last request: 0.000023 seconds.
  path: Assets/Mirror/Transports/Latency/LatencySimulation.cs
  artifactKey: Guid(96b149f511061407fb54895c057b7736) Importer(2089858483,0ecaa5967403d082aa24f35e1b516d23)
Number of updated assets reloaded before import = 0
Start importing Assets/Mirror/Transports/Latency/LatencySimulation.cs using Guid(96b149f511061407fb54895c057b7736) Importer(2089858483,0ecaa5967403d082aa24f35e1b516d23)  -> (artifact id: 'f39ba0778849164e3876e4a33595d57f') in 0.012787 seconds 
Number of asset objects unloaded after import = 1
========================================================================
Received Import Request.
  Time since last request: 0.000019 seconds.
  path: Assets/Sprites/skeleton_1/walk_left/walk_left_1_0012.png
  artifactKey: Guid(d33fc1db743aab6498cc028b7b05a41e) Importer(2089858483,0ecaa5967403d082aa24f35e1b516d23)
Number of updated assets reloaded before import = 0
Start importing Assets/Sprites/skeleton_1/walk_left/walk_left_1_0012.png using Guid(d33fc1db743aab6498cc028b7b05a41e) Importer(2089858483,0ecaa5967403d082aa24f35e1b516d23)  -> (artifact id: '5b120b1c1e050bae1799471efad5014b') in 0.022013 seconds 
Number of asset objects unloaded after import = 3
========================================================================
Received Import Request.
  Time since last request: 0.000027 seconds.
  path: Assets/Sprites/skeleton_1/walk_down/walk_down_1_0010.png
  artifactKey: Guid(49ab513eeb1fa3b47b5c8ce5f5ebf637) Importer(2089858483,0ecaa5967403d082aa24f35e1b516d23)
Number of updated assets reloaded before import = 0
Start importing Assets/Sprites/skeleton_1/walk_down/walk_down_1_0010.png using Guid(49ab513eeb1fa3b47b5c8ce5f5ebf637) Importer(2089858483,0ecaa5967403d082aa24f35e1b516d23)  -> (artifact id: 'd399dbbd966d1e4745baffaab0ce9e8f') in 0.023903 seconds 
Number of asset objects unloaded after import = 3
========================================================================
Received Import Request.
  Time since last request: 0.000025 seconds.
  path: Assets/Mirror/Examples/MultipleAdditiveScenes/Materials/Render/Prize.mat
  artifactKey: Guid(2becd2014627a774e9e8f668f281f1d2) Importer(2089858483,0ecaa5967403d082aa24f35e1b516d23)
Number of updated assets reloaded before import = 0
Start importing Assets/Mirror/Examples/MultipleAdditiveScenes/Materials/Render/Prize.mat using Guid(2becd2014627a774e9e8f668f281f1d2) Importer(2089858483,0ecaa5967403d082aa24f35e1b516d23)  -> (artifact id: '72fafad662863b1e58014d0a44b22cd4') in 0.013792 seconds 
Number of asset objects unloaded after import = 1
========================================================================
Received Import Request.
  Time since last request: 0.000025 seconds.
  path: Assets/Mirror/Editor/Weaver/Processors/TargetRpcProcessor.cs
  artifactKey: Guid(fb3ce6c6f3f2942ae88178b86f5a8282) Importer(2089858483,0ecaa5967403d082aa24f35e1b516d23)
Number of updated assets reloaded before import = 0
Start importing Assets/Mirror/Editor/Weaver/Processors/TargetRpcProcessor.cs using Guid(fb3ce6c6f3f2942ae88178b86f5a8282) Importer(2089858483,0ecaa5967403d082aa24f35e1b516d23)  -> (artifact id: '44146ed1e49e1813eec66cf2ee471826') in 0.011886 seconds 
Number of asset objects unloaded after import = 0
========================================================================
Received Import Request.
  Time since last request: 0.000031 seconds.
  path: Assets/Sprites/skeleton_2/idle_left/idle_left_2_0004.png
  artifactKey: Guid(2769a97f16f20d84d9d6d55479f22a45) Importer(2089858483,0ecaa5967403d082aa24f35e1b516d23)
Number of updated assets reloaded before import = 0
Start importing Assets/Sprites/skeleton_2/idle_left/idle_left_2_0004.png using Guid(2769a97f16f20d84d9d6d55479f22a45) Importer(2089858483,0ecaa5967403d082aa24f35e1b516d23)  -> (artifact id: 'db3730282da756d3258dd7781cb56a18') in 0.024380 seconds 
Number of asset objects unloaded after import = 3
========================================================================
Received Import Request.
  Time since last request: 0.000024 seconds.
  path: Assets/Mirror/Examples/_Common/Controllers/TankController/TankTurretUnreliable.cs
  artifactKey: Guid(2cd78b1021803ce4fa7c95ca67f19aec) Importer(2089858483,0ecaa5967403d082aa24f35e1b516d23)
Number of updated assets reloaded before import = 0
Start importing Assets/Mirror/Examples/_Common/Controllers/TankController/TankTurretUnreliable.cs using Guid(2cd78b1021803ce4fa7c95ca67f19aec) Importer(2089858483,0ecaa5967403d082aa24f35e1b516d23)  -> (artifact id: '2bd2e398618d21eb4b821139ab68127b') in 0.014192 seconds 
Number of asset objects unloaded after import = 1
========================================================================
Received Import Request.
  Time since last request: 0.000023 seconds.
  path: Assets/Sprites/Gear/hat/hat_walk_back.png
  artifactKey: Guid(7d1eddcc3b72242449961e2fd70c74e9) Importer(2089858483,0ecaa5967403d082aa24f35e1b516d23)
Number of updated assets reloaded before import = 0
Start importing Assets/Sprites/Gear/hat/hat_walk_back.png using Guid(7d1eddcc3b72242449961e2fd70c74e9) Importer(2089858483,0ecaa5967403d082aa24f35e1b516d23)  -> (artifact id: '9a3e69a3a237a673edaf477dc5787016') in 0.075496 seconds 
Number of asset objects unloaded after import = 18
========================================================================
Received Import Request.
  Time since last request: 0.000021 seconds.
  path: Assets/Mirror/Examples/AdditiveScenes/Materials/Cube.mat
  artifactKey: Guid(1d5f3015968dad04780bf9d2113cc772) Importer(2089858483,0ecaa5967403d082aa24f35e1b516d23)
Number of updated assets reloaded before import = 0
Start importing Assets/Mirror/Examples/AdditiveScenes/Materials/Cube.mat using Guid(1d5f3015968dad04780bf9d2113cc772) Importer(2089858483,0ecaa5967403d082aa24f35e1b516d23)  -> (artifact id: '5480db69ee5faf153d466f644ef075ba') in 0.019470 seconds 
Number of asset objects unloaded after import = 1
========================================================================
Received Import Request.
  Time since last request: 0.000026 seconds.
  path: Assets/Mirror/Examples/Room/Scenes/MirrorRoomGame.unity
  artifactKey: Guid(48478f4d522f96945b8396f376299d3a) Importer(2089858483,0ecaa5967403d082aa24f35e1b516d23)
Number of updated assets reloaded before import = 0
Start importing Assets/Mirror/Examples/Room/Scenes/MirrorRoomGame.unity using Guid(48478f4d522f96945b8396f376299d3a) Importer(2089858483,0ecaa5967403d082aa24f35e1b516d23)  -> (artifact id: '392e7498f9ae13c1e2bde3f784ad1de2') in 0.010627 seconds 
Number of asset objects unloaded after import = 1
========================================================================
Received Import Request.
  Time since last request: 0.000031 seconds.
  path: Assets/Mirror/Hosting/Edgegap/Models/SDK/MatchmakerComponentListResponse.cs
  artifactKey: Guid(627a76aa213f30b4f8b7ceeb49945faf) Importer(2089858483,0ecaa5967403d082aa24f35e1b516d23)
Number of updated assets reloaded before import = 0
Start importing Assets/Mirror/Hosting/Edgegap/Models/SDK/MatchmakerComponentListResponse.cs using Guid(627a76aa213f30b4f8b7ceeb49945faf) Importer(2089858483,0ecaa5967403d082aa24f35e1b516d23)  -> (artifact id: '8747ebe526495717c60b00f4414dcce9') in 0.012599 seconds 
Number of asset objects unloaded after import = 0
========================================================================
Received Import Request.
  Time since last request: 0.000025 seconds.
  path: Assets/Mirror/Examples/Billiards/Table/Holes.mat
  artifactKey: Guid(963c1008ac3af4b1db863a7f7a858eac) Importer(2089858483,0ecaa5967403d082aa24f35e1b516d23)
Number of updated assets reloaded before import = 0
Start importing Assets/Mirror/Examples/Billiards/Table/Holes.mat using Guid(963c1008ac3af4b1db863a7f7a858eac) Importer(2089858483,0ecaa5967403d082aa24f35e1b516d23)  -> (artifact id: 'c9f2ca93d09e20eb3bf915f0dc2c6152') in 0.020242 seconds 
Number of asset objects unloaded after import = 1
========================================================================
Received Import Request.
  Time since last request: 0.000023 seconds.
  path: Assets/Sprites/skeleton_2/idle_right/idle_right_2_0004.png
  artifactKey: Guid(2364150f904d8a44b9ec81532b3e8a1a) Importer(2089858483,0ecaa5967403d082aa24f35e1b516d23)
Number of updated assets reloaded before import = 0
Start importing Assets/Sprites/skeleton_2/idle_right/idle_right_2_0004.png using Guid(2364150f904d8a44b9ec81532b3e8a1a) Importer(2089858483,0ecaa5967403d082aa24f35e1b516d23)  -> (artifact id: '896b13b22e71ca68e95cb63f0c6c7b8d') in 0.022339 seconds 
Number of asset objects unloaded after import = 3
========================================================================
Received Import Request.
  Time since last request: 0.000027 seconds.
  path: Assets/Mirror/Editor/Weaver/Processors/SyncVarAttributeAccessReplacer.cs
  artifactKey: Guid(d48f1ab125e9940a995603796bccc59e) Importer(2089858483,0ecaa5967403d082aa24f35e1b516d23)
Number of updated assets reloaded before import = 0
Start importing Assets/Mirror/Editor/Weaver/Processors/SyncVarAttributeAccessReplacer.cs using Guid(d48f1ab125e9940a995603796bccc59e) Importer(2089858483,0ecaa5967403d082aa24f35e1b516d23)  -> (artifact id: '60f4793fcce5f6e3be70834926fc6ab4') in 0.013261 seconds 
Number of asset objects unloaded after import = 0
========================================================================
Received Import Request.
  Time since last request: 0.000039 seconds.
  path: Assets/Mirror/Examples/CharacterSelection/Scripts/PlayerEmpty.cs
  artifactKey: Guid(ef22691ec32ce4b5f8dd75e8330b07ce) Importer(2089858483,0ecaa5967403d082aa24f35e1b516d23)
Number of updated assets reloaded before import = 0
Start importing Assets/Mirror/Examples/CharacterSelection/Scripts/PlayerEmpty.cs using Guid(ef22691ec32ce4b5f8dd75e8330b07ce) Importer(2089858483,0ecaa5967403d082aa24f35e1b516d23)  -> (artifact id: 'd68b2b69851b1f3cb4c55b9f2d7923c9') in 0.010790 seconds 
Number of asset objects unloaded after import = 0
========================================================================
Received Import Request.
  Time since last request: 0.000029 seconds.
  path: Assets/Sprites/skeleton_2/death_down/death_down_2_0001.png
  artifactKey: Guid(d1f3645b8beee0140b1af12ef4c92d66) Importer(2089858483,0ecaa5967403d082aa24f35e1b516d23)
Number of updated assets reloaded before import = 0
Start importing Assets/Sprites/skeleton_2/death_down/death_down_2_0001.png using Guid(d1f3645b8beee0140b1af12ef4c92d66) Importer(2089858483,0ecaa5967403d082aa24f35e1b516d23)  -> (artifact id: '017f94c944ee61c4aba239e24072fae6') in 0.023878 seconds 
Number of asset objects unloaded after import = 3
========================================================================
Received Import Request.
  Time since last request: 0.000027 seconds.
  path: Assets/Mirror/Examples/AutoLANClientController/Prefabs/PlayerController.prefab
  artifactKey: Guid(2b6efbce53c9140b88da2ec384c5a120) Importer(2089858483,0ecaa5967403d082aa24f35e1b516d23)
Number of updated assets reloaded before import = 0
Start importing Assets/Mirror/Examples/AutoLANClientController/Prefabs/PlayerController.prefab using Guid(2b6efbce53c9140b88da2ec384c5a120) Importer(2089858483,0ecaa5967403d082aa24f35e1b516d23)  -> (artifact id: '8b8ade3f2721f9ed1fd6fba3696319be') in 0.018939 seconds 
Number of asset objects unloaded after import = 5
========================================================================
Received Import Request.
  Time since last request: 0.000019 seconds.
  path: Assets/TextMesh Pro/Examples & Extras/Textures/Gradient Diagonal (Color).jpg
  artifactKey: Guid(2ce5c55e85304b819a1826ecbc839aa5) Importer(2089858483,0ecaa5967403d082aa24f35e1b516d23)
Number of updated assets reloaded before import = 0
Start importing Assets/TextMesh Pro/Examples & Extras/Textures/Gradient Diagonal (Color).jpg using Guid(2ce5c55e85304b819a1826ecbc839aa5) Importer(2089858483,0ecaa5967403d082aa24f35e1b516d23)  -> (artifact id: 'cf579af5363ec22ce9b5c9984e488e17') in 0.023713 seconds 
Number of asset objects unloaded after import = 1
========================================================================
Received Import Request.
  Time since last request: 0.000024 seconds.
  path: Assets/Sprites/Gear/boots/boots_idle_right.png
  artifactKey: Guid(fa43a853f9e467f419d9285e623f6e75) Importer(2089858483,0ecaa5967403d082aa24f35e1b516d23)
Number of updated assets reloaded before import = 0
Start importing Assets/Sprites/Gear/boots/boots_idle_right.png using Guid(fa43a853f9e467f419d9285e623f6e75) Importer(2089858483,0ecaa5967403d082aa24f35e1b516d23)  -> (artifact id: '918326eebc073a72720cd66d7930e18d') in 0.063906 seconds 
Number of asset objects unloaded after import = 14
========================================================================
Received Import Request.
  Time since last request: 0.000030 seconds.
  path: Assets/Sprites/Gear/boots/boots_idle_front.png
  artifactKey: Guid(4a1452875921f0841bea0f4cb8f9b421) Importer(2089858483,0ecaa5967403d082aa24f35e1b516d23)
Number of updated assets reloaded before import = 0
Start importing Assets/Sprites/Gear/boots/boots_idle_front.png using Guid(4a1452875921f0841bea0f4cb8f9b421) Importer(2089858483,0ecaa5967403d082aa24f35e1b516d23)  -> (artifact id: '250bef029bef39e15bc306faaaa63bde') in 0.070408 seconds 
Number of asset objects unloaded after import = 14
========================================================================
Received Import Request.
  Time since last request: 0.000027 seconds.
  path: Assets/Sprites/skeleton_2/idle_right/idle_right_2_0002.png
  artifactKey: Guid(6072fbe154b040244ad6a62dfe1de94a) Importer(2089858483,0ecaa5967403d082aa24f35e1b516d23)
Number of updated assets reloaded before import = 0
Start importing Assets/Sprites/skeleton_2/idle_right/idle_right_2_0002.png using Guid(6072fbe154b040244ad6a62dfe1de94a) Importer(2089858483,0ecaa5967403d082aa24f35e1b516d23)  -> (artifact id: 'cc76c1e2aa2b8e0b9c004121295b4275') in 0.026125 seconds 
Number of asset objects unloaded after import = 3
========================================================================
Received Import Request.
  Time since last request: 0.000039 seconds.
  path: Assets/Sprites/skeleton_2/attack_up/attack_up_2_0004.png
  artifactKey: Guid(b4411a04046f8c4498683e78c181c475) Importer(2089858483,0ecaa5967403d082aa24f35e1b516d23)
Number of updated assets reloaded before import = 0
Start importing Assets/Sprites/skeleton_2/attack_up/attack_up_2_0004.png using Guid(b4411a04046f8c4498683e78c181c475) Importer(2089858483,0ecaa5967403d082aa24f35e1b516d23)  -> (artifact id: 'e05a585251442a9234d8d5ac31ccaa86') in 0.026360 seconds 
Number of asset objects unloaded after import = 3
========================================================================
Received Import Request.
  Time since last request: 0.000022 seconds.
  path: Assets/Sprites/skeleton_1/death_left/death_left_1_0005.png
  artifactKey: Guid(c22d2cfc4fd17404e81f46ae2103f23b) Importer(2089858483,0ecaa5967403d082aa24f35e1b516d23)
Number of updated assets reloaded before import = 0
Start importing Assets/Sprites/skeleton_1/death_left/death_left_1_0005.png using Guid(c22d2cfc4fd17404e81f46ae2103f23b) Importer(2089858483,0ecaa5967403d082aa24f35e1b516d23)  -> (artifact id: '25469ef0a813406b7a218bd237583f55') in 0.020317 seconds 
Number of asset objects unloaded after import = 3
========================================================================
Received Import Request.
  Time since last request: 0.000018 seconds.
  path: Assets/Sprites/skeleton_2/walk_right/walk_right_2_0003.png
  artifactKey: Guid(227bde116726d9c458e1ac003eb13587) Importer(2089858483,0ecaa5967403d082aa24f35e1b516d23)
Number of updated assets reloaded before import = 0
Start importing Assets/Sprites/skeleton_2/walk_right/walk_right_2_0003.png using Guid(227bde116726d9c458e1ac003eb13587) Importer(2089858483,0ecaa5967403d082aa24f35e1b516d23)  -> (artifact id: '93828f9aeac2d68e594c207e30bb2151') in 0.024178 seconds 
Number of asset objects unloaded after import = 3
========================================================================
Received Import Request.
  Time since last request: 0.000028 seconds.
  path: Assets/Mirror/Examples/BilliardsPredicted/Ball/Red.mat
  artifactKey: Guid(919ef8af6341a428380e25d2f2ced7f9) Importer(2089858483,0ecaa5967403d082aa24f35e1b516d23)
Number of updated assets reloaded before import = 0
Start importing Assets/Mirror/Examples/BilliardsPredicted/Ball/Red.mat using Guid(919ef8af6341a428380e25d2f2ced7f9) Importer(2089858483,0ecaa5967403d082aa24f35e1b516d23)  -> (artifact id: '101a079c1759efa99f77482733f48e4f') in 0.021478 seconds 
Number of asset objects unloaded after import = 1
========================================================================
Received Import Request.
  Time since last request: 0.000021 seconds.
  path: Assets/Mirror/Examples/AutoLANClientController/Scripts/AutoLANNetworkManager.cs
  artifactKey: Guid(37536f0bfd25347478e4b742ee9144fa) Importer(2089858483,0ecaa5967403d082aa24f35e1b516d23)
Number of updated assets reloaded before import = 0
Start importing Assets/Mirror/Examples/AutoLANClientController/Scripts/AutoLANNetworkManager.cs using Guid(37536f0bfd25347478e4b742ee9144fa) Importer(2089858483,0ecaa5967403d082aa24f35e1b516d23)  -> (artifact id: 'f956d7d41d399c552f637c02b6ba73ef') in 0.012052 seconds 
Number of asset objects unloaded after import = 0
========================================================================
Received Import Request.
  Time since last request: 0.000020 seconds.
  path: Assets/Sprites/Gear/hat/hat_idle_back.png
  artifactKey: Guid(5631688cf24842948bca2ffb38209dac) Importer(2089858483,0ecaa5967403d082aa24f35e1b516d23)
Number of updated assets reloaded before import = 0
Start importing Assets/Sprites/Gear/hat/hat_idle_back.png using Guid(5631688cf24842948bca2ffb38209dac) Importer(2089858483,0ecaa5967403d082aa24f35e1b516d23)  -> (artifact id: 'd1874e30079999dc26ae6e23c635b7b5') in 0.064009 seconds 
Number of asset objects unloaded after import = 14
========================================================================
Received Import Request.
  Time since last request: 0.000034 seconds.
  path: Assets/Sprites/skeleton_2/attack_down/attack_down_2_0003.png
  artifactKey: Guid(03c8044819f399148b73d39dd3c26920) Importer(2089858483,0ecaa5967403d082aa24f35e1b516d23)
Number of updated assets reloaded before import = 0
Start importing Assets/Sprites/skeleton_2/attack_down/attack_down_2_0003.png using Guid(03c8044819f399148b73d39dd3c26920) Importer(2089858483,0ecaa5967403d082aa24f35e1b516d23)  -> (artifact id: 'a4241d65b4f3a95fe447ce2c9c49a873') in 0.024497 seconds 
Number of asset objects unloaded after import = 3
========================================================================
Received Import Request.
  Time since last request: 0.000034 seconds.
  path: Assets/Mirror/Examples/BilliardsPredicted/Player/PlayerPredicted.cs
  artifactKey: Guid(79c6ff7781e8c4174b07ea7e905f62b2) Importer(2089858483,0ecaa5967403d082aa24f35e1b516d23)
Number of updated assets reloaded before import = 0
Start importing Assets/Mirror/Examples/BilliardsPredicted/Player/PlayerPredicted.cs using Guid(79c6ff7781e8c4174b07ea7e905f62b2) Importer(2089858483,0ecaa5967403d082aa24f35e1b516d23)  -> (artifact id: '628037208aabd405f61c5f14639ca7c9') in 0.011291 seconds 
Number of asset objects unloaded after import = 0
========================================================================
Received Prepare
Refreshing native plugins compatible for Editor in 11.63 ms, found 2 plugins.
Preloading 0 native plugins for Editor in 0.00 ms.
Unloading 49 Unused Serialized files (Serialized files now loaded: 0)
Unloading 232 unused Assets / (85.2 KB). Loaded Objects now: 3578.
Memory consumption went from 56.6 MB to 56.5 MB.
Total: 10.749200 ms (FindLiveObjects: 0.292000 ms CreateObjectMapping: 0.102100 ms MarkObjects: 10.151400 ms  DeleteObjects: 0.202700 ms)

AssetImportParameters requested are different than current active one (requested -> active):
  custom:video-decoder-ogg-theora: a1e56fd34408186e4bbccfd4996cb3dc -> 
  custom:container-muxer-webm: aa71ff27fc2769a1b78a27578f13a17b -> 
  custom:container-demuxer-webm: 4f35f7cbe854078d1ac9338744f61a02 -> 
  custom:video-encoder-webm-vp8: eb34c28f22e8b96e1ab97ce403110664 -> 
  custom:CustomObjectIndexerAttribute: bc11b3a6c3213fcdd17b65e7da85e133 -> 
  custom:audio-encoder-webm-vorbis: bf7c407c2cedff20999df2af8eb42d56 -> 
  custom:framework-win-MediaFoundation: 216162199b28c13a410421893ffa2e32 -> 
  custom:SearchIndexIgnoredProperties: e643bd26f0fe6173181afceb89e7c659 -> 
  custom:container-demuxer-ogg: 62fdf1f143b41e24485cea50d1cbac27 -> 
  custom:video-decoder-webm-vp8: 9c59270c3fd7afecdb556c50c9e8de78 -> 
  custom:audio-decoder-ogg-vorbis: bf7c407c2cedff20999df2af8eb42d56 -> 
Editor requested this worker to shutdown with reason: Scaling down because of idle timeout
AssetImportWorker is now disconnected from the server
Process exiting
Exiting without the bug reporter. Application will terminate with return code 0