Using pre-set license
Built from '2021.3/respin/2021.3.45f2-0da89fac8e' branch; Version is '2021.3.45f2 (88f88f591b2e) revision 8976527'; Using compiler version '192829333'; Build Type 'Release'
OS: 'Windows 11  (10.0.26300) 64bit Professional' Language: 'fr' Physical Memory: 32635 MB
BatchMode: 1, IsHumanControllingUs: 0, StartBugReporterOnCrash: 0, Is64bit: 1, IsPro: 1

COMMAND LINE ARGUMENTS:
C:\Program Files\Unity\Hub\Editor\2021.3.45f2\Editor\Unity.exe
-adb2
-batchMode
-noUpm
-name
AssetImportWorker1
-projectPath
C:/Servers/Sources/Universe2D
-logFile
Logs/AssetImportWorker1.log
-srvPort
56430
Successfully changed project path to: C:/Servers/Sources/Universe2D
C:/Servers/Sources/Universe2D
[UnityMemory] Configuration Parameters - Can be set up in boot.config
    "memorysetup-bucket-allocator-granularity=16"
    "memorysetup-bucket-allocator-bucket-count=8"
    "memorysetup-bucket-allocator-block-size=33554432"
    "memorysetup-bucket-allocator-block-count=8"
    "memorysetup-main-allocator-block-size=16777216"
    "memorysetup-thread-allocator-block-size=16777216"
    "memorysetup-gfx-main-allocator-block-size=16777216"
    "memorysetup-gfx-thread-allocator-block-size=16777216"
    "memorysetup-cache-allocator-block-size=4194304"
    "memorysetup-typetree-allocator-block-size=2097152"
    "memorysetup-profiler-bucket-allocator-granularity=16"
    "memorysetup-profiler-bucket-allocator-bucket-count=8"
    "memorysetup-profiler-bucket-allocator-block-size=33554432"
    "memorysetup-profiler-bucket-allocator-block-count=8"
    "memorysetup-profiler-allocator-block-size=16777216"
    "memorysetup-profiler-editor-allocator-block-size=1048576"
    "memorysetup-temp-allocator-size-main=16777216"
    "memorysetup-job-temp-allocator-block-size=2097152"
    "memorysetup-job-temp-allocator-block-size-background=1048576"
    "memorysetup-job-temp-allocator-reduction-small-platforms=262144"
    "memorysetup-temp-allocator-size-background-worker=32768"
    "memorysetup-temp-allocator-size-job-worker=262144"
    "memorysetup-temp-allocator-size-preload-manager=33554432"
    "memorysetup-temp-allocator-size-nav-mesh-worker=65536"
    "memorysetup-temp-allocator-size-audio-worker=65536"
    "memorysetup-temp-allocator-size-cloud-worker=32768"
    "memorysetup-temp-allocator-size-gi-baking-worker=262144"
    "memorysetup-temp-allocator-size-gfx=262144"
Player connection [34036] Host "[IP] 192.168.42.100 [Port] 0 [Flags] 2 [Guid] 1234487935 [EditorId] 1234487935 [Version] 1048832 [Id] WindowsEditor(7,DESKTOP-R30U5VV) [Debug] 1 [PackageName] WindowsEditor [ProjectName] Editor" joined multi-casting on [225.0.0.222:54997]...

Player connection [34036] Host "[IP] 192.168.42.100 [Port] 0 [Flags] 2 [Guid] 1234487935 [EditorId] 1234487935 [Version] 1048832 [Id] WindowsEditor(7,DESKTOP-R30U5VV) [Debug] 1 [PackageName] WindowsEditor [ProjectName] Editor" joined alternative multi-casting on [225.0.0.222:34997]...

[Physics::Module] Initialized MultithreadedJobDispatcher with {0} workers.
Refreshing native plugins compatible for Editor in 42.52 ms, found 2 plugins.
Preloading 0 native plugins for Editor in 0.00 ms.
Initialize engine version: 2021.3.45f2 (88f88f591b2e)
[Subsystems] Discovering subsystems at path C:/Program Files/Unity/Hub/Editor/2021.3.45f2/Editor/Data/Resources/UnitySubsystems
[Subsystems] Discovering subsystems at path C:/Servers/Sources/Universe2D/Assets
GfxDevice: creating device client; threaded=0; jobified=0
Direct3D:
    Version:  Direct3D 11.0 [level 11.1]
    Renderer: AMD Radeon RX 7600 (ID=0x7480)
    Vendor:   ATI
    VRAM:     8150 MB
    Driver:   32.0.31041.1004
Initialize mono
Mono path[0] = 'C:/Program Files/Unity/Hub/Editor/2021.3.45f2/Editor/Data/Managed'
Mono path[1] = 'C:/Program Files/Unity/Hub/Editor/2021.3.45f2/Editor/Data/MonoBleedingEdge/lib/mono/unityjit-win32'
Mono config path = 'C:/Program Files/Unity/Hub/Editor/2021.3.45f2/Editor/Data/MonoBleedingEdge/etc'
Using monoOptions --debugger-agent=transport=dt_socket,embedding=1,server=y,suspend=n,address=127.0.0.1:56672
Begin MonoManager ReloadAssembly
Registering precompiled unity dll's ...
Register platform support module: C:/Program Files/Unity/Hub/Editor/2021.3.45f2/Editor/Data/PlaybackEngines/WebGLSupport/UnityEditor.WebGL.Extensions.dll
Register platform support module: C:/Program Files/Unity/Hub/Editor/2021.3.45f2/Editor/Data/PlaybackEngines/AndroidPlayer/UnityEditor.Android.Extensions.dll
Register platform support module: C:/Program Files/Unity/Hub/Editor/2021.3.45f2/Editor/Data/PlaybackEngines/WindowsStandaloneSupport/UnityEditor.WindowsStandalone.Extensions.dll
Register platform support module: C:/Program Files/Unity/Hub/Editor/2021.3.45f2/Editor/Data/PlaybackEngines/MetroSupport/UnityEditor.UWP.Extensions.dll
Registered in 0.005824 seconds.
Native extension for UWP target not found
Native extension for WindowsStandalone target not found
Native extension for Android target not found
Android Extension - Scanning For ADB Devices 309 ms
Native extension for WebGL target not found
Refreshing native plugins compatible for Editor in 33.03 ms, found 2 plugins.
Preloading 0 native plugins for Editor in 0.00 ms.
Mono: successfully reloaded assembly
- Completed reload, in  0.829 seconds
Domain Reload Profiling:
	ReloadAssembly (829ms)
		BeginReloadAssembly (78ms)
			ExecutionOrderSort (0ms)
			DisableScriptedObjects (0ms)
			BackupInstance (0ms)
			ReleaseScriptingObjects (0ms)
			CreateAndSetChildDomain (1ms)
		EndReloadAssembly (673ms)
			LoadAssemblies (77ms)
			RebuildTransferFunctionScriptingTraits (0ms)
			SetupTypeCache (87ms)
			ReleaseScriptCaches (0ms)
			RebuildScriptCaches (22ms)
			SetupLoadedEditorAssemblies (529ms)
				LogAssemblyErrors (0ms)
				InitializePlatformSupportModulesInManaged (384ms)
				SetLoadedEditorAssemblies (0ms)
				RefreshPlugins (33ms)
				BeforeProcessingInitializeOnLoad (1ms)
				ProcessInitializeOnLoadAttributes (77ms)
				ProcessInitializeOnLoadMethodAttributes (34ms)
				AfterProcessingInitializeOnLoad (0ms)
				EditorAssembliesLoaded (0ms)
			ExecutionOrderSort2 (0ms)
			AwakeInstancesAfterBackupRestoration (0ms)
Platform modules already initialized, skipping
Registering precompiled user dll's ...
Registered in 0.006243 seconds.
Begin MonoManager ReloadAssembly
Symbol file LoadedFromMemory is not a mono symbol file
Native extension for UWP target not found
Native extension for WindowsStandalone target not found
Native extension for Android target not found
Native extension for WebGL target not found
Refreshing native plugins compatible for Editor in 0.94 ms, found 2 plugins.
Preloading 0 native plugins for Editor in 0.00 ms.
Package Manager log level set to [2]
[Package Manager] Server::EnsureServerProcessIsRunning -- launch failed, reason: Unity was launched with the -noUpm command-line argument
[Package Manager] Cannot connect to Unity Package Manager local server
[ScriptCompilation] NOT recompiling all scripts because this is an import worker process. Reason to compile was: Define symbols changed
Mirror | mirror-networking.com | discord.gg/N9QVxbM
Mono: successfully reloaded assembly
- Completed reload, in  1.324 seconds
Domain Reload Profiling:
	ReloadAssembly (1325ms)
		BeginReloadAssembly (115ms)
			ExecutionOrderSort (0ms)
			DisableScriptedObjects (5ms)
			BackupInstance (0ms)
			ReleaseScriptingObjects (0ms)
			CreateAndSetChildDomain (22ms)
		EndReloadAssembly (1126ms)
			LoadAssemblies (94ms)
			RebuildTransferFunctionScriptingTraits (0ms)
			SetupTypeCache (185ms)
			ReleaseScriptCaches (1ms)
			RebuildScriptCaches (54ms)
			SetupLoadedEditorAssemblies (762ms)
				LogAssemblyErrors (0ms)
				InitializePlatformSupportModulesInManaged (14ms)
				SetLoadedEditorAssemblies (0ms)
				RefreshPlugins (1ms)
				BeforeProcessingInitializeOnLoad (46ms)
				ProcessInitializeOnLoadAttributes (589ms)
				ProcessInitializeOnLoadMethodAttributes (105ms)
				AfterProcessingInitializeOnLoad (7ms)
				EditorAssembliesLoaded (0ms)
			ExecutionOrderSort2 (0ms)
			AwakeInstancesAfterBackupRestoration (6ms)
Platform modules already initialized, skipping
========================================================================
Worker process is ready to serve import requests
Launched and connected shader compiler UnityShaderCompiler.exe after 0.06 seconds
Refreshing native plugins compatible for Editor in 0.82 ms, found 2 plugins.
Preloading 0 native plugins for Editor in 0.00 ms.
Unloading 3122 Unused Serialized files (Serialized files now loaded: 0)
Unloading 60 unused Assets / (47.9 KB). Loaded Objects now: 3566.
Memory consumption went from 116.8 MB to 116.7 MB.
Total: 6.184400 ms (FindLiveObjects: 0.233800 ms CreateObjectMapping: 0.077200 ms MarkObjects: 5.776400 ms  DeleteObjects: 0.096000 ms)

AssetImportParameters requested are different than current active one (requested -> active):
  custom:video-decoder-ogg-theora: a1e56fd34408186e4bbccfd4996cb3dc -> 
  custom:container-muxer-webm: aa71ff27fc2769a1b78a27578f13a17b -> 
  custom:container-demuxer-webm: 4f35f7cbe854078d1ac9338744f61a02 -> 
  custom:video-encoder-webm-vp8: eb34c28f22e8b96e1ab97ce403110664 -> 
  custom:CustomObjectIndexerAttribute: bc11b3a6c3213fcdd17b65e7da85e133 -> 
  custom:audio-encoder-webm-vorbis: bf7c407c2cedff20999df2af8eb42d56 -> 
  custom:framework-win-MediaFoundation: 216162199b28c13a410421893ffa2e32 -> 
  custom:SearchIndexIgnoredProperties: e643bd26f0fe6173181afceb89e7c659 -> 
  custom:container-demuxer-ogg: 62fdf1f143b41e24485cea50d1cbac27 -> 
  custom:video-decoder-webm-vp8: 9c59270c3fd7afecdb556c50c9e8de78 -> 
  custom:audio-decoder-ogg-vorbis: bf7c407c2cedff20999df2af8eb42d56 -> 
========================================================================
Received Prepare
Registering precompiled user dll's ...
Registered in 0.005421 seconds.
Begin MonoManager ReloadAssembly
Symbol file LoadedFromMemory is not a mono symbol file
Native extension for UWP target not found
Native extension for WindowsStandalone target not found
Native extension for Android target not found
Native extension for WebGL target not found
Refreshing native plugins compatible for Editor in 0.94 ms, found 2 plugins.
Preloading 0 native plugins for Editor in 0.00 ms.
[Package Manager] Server::EnsureServerProcessIsRunning -- launch failed, reason: Unity was launched with the -noUpm command-line argument
[Package Manager] Cannot connect to Unity Package Manager local server
Mono: successfully reloaded assembly
- Completed reload, in  1.345 seconds
Domain Reload Profiling:
	ReloadAssembly (1345ms)
		BeginReloadAssembly (137ms)
			ExecutionOrderSort (0ms)
			DisableScriptedObjects (5ms)
			BackupInstance (0ms)
			ReleaseScriptingObjects (0ms)
			CreateAndSetChildDomain (38ms)
		EndReloadAssembly (1125ms)
			LoadAssemblies (102ms)
			RebuildTransferFunctionScriptingTraits (0ms)
			SetupTypeCache (199ms)
			ReleaseScriptCaches (1ms)
			RebuildScriptCaches (34ms)
			SetupLoadedEditorAssemblies (757ms)
				LogAssemblyErrors (0ms)
				InitializePlatformSupportModulesInManaged (16ms)
				SetLoadedEditorAssemblies (0ms)
				RefreshPlugins (1ms)
				BeforeProcessingInitializeOnLoad (46ms)
				ProcessInitializeOnLoadAttributes (578ms)
				ProcessInitializeOnLoadMethodAttributes (110ms)
				AfterProcessingInitializeOnLoad (6ms)
				EditorAssembliesLoaded (0ms)
			ExecutionOrderSort2 (0ms)
			AwakeInstancesAfterBackupRestoration (6ms)
Platform modules already initialized, skipping
Refreshing native plugins compatible for Editor in 0.93 ms, found 2 plugins.
Preloading 0 native plugins for Editor in 0.00 ms.
Unloading 3099 Unused Serialized files (Serialized files now loaded: 0)
Unloading 51 unused Assets / (22.9 KB). Loaded Objects now: 3569.
Memory consumption went from 114.6 MB to 114.6 MB.
Total: 6.093600 ms (FindLiveObjects: 0.246100 ms CreateObjectMapping: 0.101700 ms MarkObjects: 5.703200 ms  DeleteObjects: 0.041500 ms)

AssetImportParameters requested are different than current active one (requested -> active):
  custom:video-decoder-ogg-theora: a1e56fd34408186e4bbccfd4996cb3dc -> 
  custom:container-muxer-webm: aa71ff27fc2769a1b78a27578f13a17b -> 
  custom:container-demuxer-webm: 4f35f7cbe854078d1ac9338744f61a02 -> 
  custom:video-encoder-webm-vp8: eb34c28f22e8b96e1ab97ce403110664 -> 
  custom:CustomObjectIndexerAttribute: bc11b3a6c3213fcdd17b65e7da85e133 -> 
  custom:audio-encoder-webm-vorbis: bf7c407c2cedff20999df2af8eb42d56 -> 
  custom:framework-win-MediaFoundation: 216162199b28c13a410421893ffa2e32 -> 
  custom:SearchIndexIgnoredProperties: e643bd26f0fe6173181afceb89e7c659 -> 
  custom:container-demuxer-ogg: 62fdf1f143b41e24485cea50d1cbac27 -> 
  custom:video-decoder-webm-vp8: 9c59270c3fd7afecdb556c50c9e8de78 -> 
  custom:audio-decoder-ogg-vorbis: bf7c407c2cedff20999df2af8eb42d56 -> 
========================================================================
Received Prepare
Registering precompiled user dll's ...
Registered in 0.007326 seconds.
Begin MonoManager ReloadAssembly
Symbol file LoadedFromMemory is not a mono symbol file
Native extension for UWP target not found
Native extension for WindowsStandalone target not found
Native extension for Android target not found
Native extension for WebGL target not found
Refreshing native plugins compatible for Editor in 0.95 ms, found 2 plugins.
Preloading 0 native plugins for Editor in 0.00 ms.
[Package Manager] Server::EnsureServerProcessIsRunning -- launch failed, reason: Unity was launched with the -noUpm command-line argument
[Package Manager] Cannot connect to Unity Package Manager local server
Mono: successfully reloaded assembly
- Completed reload, in  1.334 seconds
Domain Reload Profiling:
	ReloadAssembly (1335ms)
		BeginReloadAssembly (133ms)
			ExecutionOrderSort (0ms)
			DisableScriptedObjects (5ms)
			BackupInstance (0ms)
			ReleaseScriptingObjects (0ms)
			CreateAndSetChildDomain (37ms)
		EndReloadAssembly (1124ms)
			LoadAssemblies (95ms)
			RebuildTransferFunctionScriptingTraits (0ms)
			SetupTypeCache (199ms)
			ReleaseScriptCaches (1ms)
			RebuildScriptCaches (33ms)
			SetupLoadedEditorAssemblies (759ms)
				LogAssemblyErrors (0ms)
				InitializePlatformSupportModulesInManaged (15ms)
				SetLoadedEditorAssemblies (0ms)
				RefreshPlugins (1ms)
				BeforeProcessingInitializeOnLoad (43ms)
				ProcessInitializeOnLoadAttributes (581ms)
				ProcessInitializeOnLoadMethodAttributes (112ms)
				AfterProcessingInitializeOnLoad (6ms)
				EditorAssembliesLoaded (0ms)
			ExecutionOrderSort2 (0ms)
			AwakeInstancesAfterBackupRestoration (6ms)
Platform modules already initialized, skipping
Refreshing native plugins compatible for Editor in 0.91 ms, found 2 plugins.
Preloading 0 native plugins for Editor in 0.00 ms.
Unloading 3099 Unused Serialized files (Serialized files now loaded: 0)
Unloading 51 unused Assets / (23.0 KB). Loaded Objects now: 3572.
Memory consumption went from 114.6 MB to 114.6 MB.
Total: 6.106900 ms (FindLiveObjects: 0.241300 ms CreateObjectMapping: 0.088500 ms MarkObjects: 5.738500 ms  DeleteObjects: 0.037300 ms)

AssetImportParameters requested are different than current active one (requested -> active):
  custom:video-decoder-ogg-theora: a1e56fd34408186e4bbccfd4996cb3dc -> 
  custom:container-muxer-webm: aa71ff27fc2769a1b78a27578f13a17b -> 
  custom:container-demuxer-webm: 4f35f7cbe854078d1ac9338744f61a02 -> 
  custom:video-encoder-webm-vp8: eb34c28f22e8b96e1ab97ce403110664 -> 
  custom:CustomObjectIndexerAttribute: bc11b3a6c3213fcdd17b65e7da85e133 -> 
  custom:audio-encoder-webm-vorbis: bf7c407c2cedff20999df2af8eb42d56 -> 
  custom:framework-win-MediaFoundation: 216162199b28c13a410421893ffa2e32 -> 
  custom:SearchIndexIgnoredProperties: e643bd26f0fe6173181afceb89e7c659 -> 
  custom:container-demuxer-ogg: 62fdf1f143b41e24485cea50d1cbac27 -> 
  custom:video-decoder-webm-vp8: 9c59270c3fd7afecdb556c50c9e8de78 -> 
  custom:audio-decoder-ogg-vorbis: bf7c407c2cedff20999df2af8eb42d56 -> 
========================================================================
Received Prepare
Registering precompiled user dll's ...
Registered in 0.007005 seconds.
Begin MonoManager ReloadAssembly
Symbol file LoadedFromMemory is not a mono symbol file
Native extension for UWP target not found
Native extension for WindowsStandalone target not found
Native extension for Android target not found
Native extension for WebGL target not found
Refreshing native plugins compatible for Editor in 1.00 ms, found 2 plugins.
Preloading 0 native plugins for Editor in 0.00 ms.
[Package Manager] Server::EnsureServerProcessIsRunning -- launch failed, reason: Unity was launched with the -noUpm command-line argument
[Package Manager] Cannot connect to Unity Package Manager local server
Mono: successfully reloaded assembly
- Completed reload, in  1.324 seconds
Domain Reload Profiling:
	ReloadAssembly (1325ms)
		BeginReloadAssembly (135ms)
			ExecutionOrderSort (0ms)
			DisableScriptedObjects (5ms)
			BackupInstance (0ms)
			ReleaseScriptingObjects (0ms)
			CreateAndSetChildDomain (36ms)
		EndReloadAssembly (1113ms)
			LoadAssemblies (96ms)
			RebuildTransferFunctionScriptingTraits (0ms)
			SetupTypeCache (196ms)
			ReleaseScriptCaches (1ms)
			RebuildScriptCaches (37ms)
			SetupLoadedEditorAssemblies (746ms)
				LogAssemblyErrors (0ms)
				InitializePlatformSupportModulesInManaged (14ms)
				SetLoadedEditorAssemblies (0ms)
				RefreshPlugins (1ms)
				BeforeProcessingInitializeOnLoad (42ms)
				ProcessInitializeOnLoadAttributes (572ms)
				ProcessInitializeOnLoadMethodAttributes (110ms)
				AfterProcessingInitializeOnLoad (6ms)
				EditorAssembliesLoaded (0ms)
			ExecutionOrderSort2 (0ms)
			AwakeInstancesAfterBackupRestoration (6ms)
Platform modules already initialized, skipping
Refreshing native plugins compatible for Editor in 0.95 ms, found 2 plugins.
Preloading 0 native plugins for Editor in 0.00 ms.
Unloading 3099 Unused Serialized files (Serialized files now loaded: 0)
Unloading 51 unused Assets / (23.0 KB). Loaded Objects now: 3575.
Memory consumption went from 114.6 MB to 114.6 MB.
Total: 6.377600 ms (FindLiveObjects: 0.242000 ms CreateObjectMapping: 0.165700 ms MarkObjects: 5.919100 ms  DeleteObjects: 0.049900 ms)

AssetImportParameters requested are different than current active one (requested -> active):
  custom:video-decoder-ogg-theora: a1e56fd34408186e4bbccfd4996cb3dc -> 
  custom:container-muxer-webm: aa71ff27fc2769a1b78a27578f13a17b -> 
  custom:container-demuxer-webm: 4f35f7cbe854078d1ac9338744f61a02 -> 
  custom:video-encoder-webm-vp8: eb34c28f22e8b96e1ab97ce403110664 -> 
  custom:CustomObjectIndexerAttribute: bc11b3a6c3213fcdd17b65e7da85e133 -> 
  custom:audio-encoder-webm-vorbis: bf7c407c2cedff20999df2af8eb42d56 -> 
  custom:framework-win-MediaFoundation: 216162199b28c13a410421893ffa2e32 -> 
  custom:SearchIndexIgnoredProperties: e643bd26f0fe6173181afceb89e7c659 -> 
  custom:container-demuxer-ogg: 62fdf1f143b41e24485cea50d1cbac27 -> 
  custom:video-decoder-webm-vp8: 9c59270c3fd7afecdb556c50c9e8de78 -> 
  custom:audio-decoder-ogg-vorbis: bf7c407c2cedff20999df2af8eb42d56 -> 
========================================================================
Received Prepare
Registering precompiled user dll's ...
Registered in 0.005717 seconds.
Begin MonoManager ReloadAssembly
Symbol file LoadedFromMemory is not a mono symbol file
Native extension for UWP target not found
Native extension for WindowsStandalone target not found
Native extension for Android target not found
Native extension for WebGL target not found
Refreshing native plugins compatible for Editor in 1.02 ms, found 2 plugins.
Preloading 0 native plugins for Editor in 0.00 ms.
[Package Manager] Server::EnsureServerProcessIsRunning -- launch failed, reason: Unity was launched with the -noUpm command-line argument
[Package Manager] Cannot connect to Unity Package Manager local server
Mono: successfully reloaded assembly
- Completed reload, in  1.322 seconds
Domain Reload Profiling:
	ReloadAssembly (1323ms)
		BeginReloadAssembly (132ms)
			ExecutionOrderSort (0ms)
			DisableScriptedObjects (5ms)
			BackupInstance (0ms)
			ReleaseScriptingObjects (0ms)
			CreateAndSetChildDomain (38ms)
		EndReloadAssembly (1115ms)
			LoadAssemblies (96ms)
			RebuildTransferFunctionScriptingTraits (0ms)
			SetupTypeCache (187ms)
			ReleaseScriptCaches (1ms)
			RebuildScriptCaches (35ms)
			SetupLoadedEditorAssemblies (760ms)
				LogAssemblyErrors (0ms)
				InitializePlatformSupportModulesInManaged (16ms)
				SetLoadedEditorAssemblies (0ms)
				RefreshPlugins (1ms)
				BeforeProcessingInitializeOnLoad (45ms)
				ProcessInitializeOnLoadAttributes (584ms)
				ProcessInitializeOnLoadMethodAttributes (107ms)
				AfterProcessingInitializeOnLoad (6ms)
				EditorAssembliesLoaded (0ms)
			ExecutionOrderSort2 (0ms)
			AwakeInstancesAfterBackupRestoration (6ms)
Platform modules already initialized, skipping
Refreshing native plugins compatible for Editor in 0.93 ms, found 2 plugins.
Preloading 0 native plugins for Editor in 0.00 ms.
Unloading 3099 Unused Serialized files (Serialized files now loaded: 0)
Unloading 51 unused Assets / (23.0 KB). Loaded Objects now: 3578.
Memory consumption went from 114.6 MB to 114.6 MB.
Total: 6.655700 ms (FindLiveObjects: 0.236100 ms CreateObjectMapping: 0.119300 ms MarkObjects: 6.258200 ms  DeleteObjects: 0.041300 ms)

AssetImportParameters requested are different than current active one (requested -> active):
  custom:video-decoder-ogg-theora: a1e56fd34408186e4bbccfd4996cb3dc -> 
  custom:container-muxer-webm: aa71ff27fc2769a1b78a27578f13a17b -> 
  custom:container-demuxer-webm: 4f35f7cbe854078d1ac9338744f61a02 -> 
  custom:video-encoder-webm-vp8: eb34c28f22e8b96e1ab97ce403110664 -> 
  custom:CustomObjectIndexerAttribute: bc11b3a6c3213fcdd17b65e7da85e133 -> 
  custom:audio-encoder-webm-vorbis: bf7c407c2cedff20999df2af8eb42d56 -> 
  custom:framework-win-MediaFoundation: 216162199b28c13a410421893ffa2e32 -> 
  custom:SearchIndexIgnoredProperties: e643bd26f0fe6173181afceb89e7c659 -> 
  custom:container-demuxer-ogg: 62fdf1f143b41e24485cea50d1cbac27 -> 
  custom:video-decoder-webm-vp8: 9c59270c3fd7afecdb556c50c9e8de78 -> 
  custom:audio-decoder-ogg-vorbis: bf7c407c2cedff20999df2af8eb42d56 -> 
========================================================================
Received Prepare
Registering precompiled user dll's ...
Registered in 0.009585 seconds.
Begin MonoManager ReloadAssembly
Symbol file LoadedFromMemory is not a mono symbol file
Native extension for UWP target not found
Native extension for WindowsStandalone target not found
Native extension for Android target not found
Native extension for WebGL target not found
Refreshing native plugins compatible for Editor in 1.47 ms, found 2 plugins.
Preloading 0 native plugins for Editor in 0.00 ms.
[Package Manager] Server::EnsureServerProcessIsRunning -- launch failed, reason: Unity was launched with the -noUpm command-line argument
[Package Manager] Cannot connect to Unity Package Manager local server
Mono: successfully reloaded assembly
- Completed reload, in  1.718 seconds
Domain Reload Profiling:
	ReloadAssembly (1719ms)
		BeginReloadAssembly (192ms)
			ExecutionOrderSort (0ms)
			DisableScriptedObjects (8ms)
			BackupInstance (0ms)
			ReleaseScriptingObjects (0ms)
			CreateAndSetChildDomain (49ms)
		EndReloadAssembly (1415ms)
			LoadAssemblies (140ms)
			RebuildTransferFunctionScriptingTraits (0ms)
			SetupTypeCache (268ms)
			ReleaseScriptCaches (1ms)
			RebuildScriptCaches (49ms)
			SetupLoadedEditorAssemblies (927ms)
				LogAssemblyErrors (0ms)
				InitializePlatformSupportModulesInManaged (22ms)
				SetLoadedEditorAssemblies (1ms)
				RefreshPlugins (2ms)
				BeforeProcessingInitializeOnLoad (70ms)
				ProcessInitializeOnLoadAttributes (661ms)
				ProcessInitializeOnLoadMethodAttributes (163ms)
				AfterProcessingInitializeOnLoad (9ms)
				EditorAssembliesLoaded (0ms)
			ExecutionOrderSort2 (0ms)
			AwakeInstancesAfterBackupRestoration (8ms)
Platform modules already initialized, skipping
Refreshing native plugins compatible for Editor in 1.34 ms, found 2 plugins.
Preloading 0 native plugins for Editor in 0.00 ms.
Unloading 3099 Unused Serialized files (Serialized files now loaded: 0)
Unloading 51 unused Assets / (23.0 KB). Loaded Objects now: 3581.
Memory consumption went from 114.6 MB to 114.6 MB.
Total: 9.095900 ms (FindLiveObjects: 0.383500 ms CreateObjectMapping: 0.114000 ms MarkObjects: 8.553200 ms  DeleteObjects: 0.044500 ms)

AssetImportParameters requested are different than current active one (requested -> active):
  custom:video-decoder-ogg-theora: a1e56fd34408186e4bbccfd4996cb3dc -> 
  custom:container-muxer-webm: aa71ff27fc2769a1b78a27578f13a17b -> 
  custom:container-demuxer-webm: 4f35f7cbe854078d1ac9338744f61a02 -> 
  custom:video-encoder-webm-vp8: eb34c28f22e8b96e1ab97ce403110664 -> 
  custom:CustomObjectIndexerAttribute: bc11b3a6c3213fcdd17b65e7da85e133 -> 
  custom:audio-encoder-webm-vorbis: bf7c407c2cedff20999df2af8eb42d56 -> 
  custom:framework-win-MediaFoundation: 216162199b28c13a410421893ffa2e32 -> 
  custom:SearchIndexIgnoredProperties: e643bd26f0fe6173181afceb89e7c659 -> 
  custom:container-demuxer-ogg: 62fdf1f143b41e24485cea50d1cbac27 -> 
  custom:video-decoder-webm-vp8: 9c59270c3fd7afecdb556c50c9e8de78 -> 
  custom:audio-decoder-ogg-vorbis: bf7c407c2cedff20999df2af8eb42d56 -> 
========================================================================
Received Prepare
Registering precompiled user dll's ...
Registered in 0.006844 seconds.
Begin MonoManager ReloadAssembly
Symbol file LoadedFromMemory is not a mono symbol file
Native extension for UWP target not found
Native extension for WindowsStandalone target not found
Native extension for Android target not found
Native extension for WebGL target not found
Refreshing native plugins compatible for Editor in 0.91 ms, found 2 plugins.
Preloading 0 native plugins for Editor in 0.00 ms.
[Package Manager] Server::EnsureServerProcessIsRunning -- launch failed, reason: Unity was launched with the -noUpm command-line argument
[Package Manager] Cannot connect to Unity Package Manager local server
Mono: successfully reloaded assembly
- Completed reload, in  1.327 seconds
Domain Reload Profiling:
	ReloadAssembly (1328ms)
		BeginReloadAssembly (130ms)
			ExecutionOrderSort (0ms)
			DisableScriptedObjects (5ms)
			BackupInstance (0ms)
			ReleaseScriptingObjects (0ms)
			CreateAndSetChildDomain (35ms)
		EndReloadAssembly (1122ms)
			LoadAssemblies (97ms)
			RebuildTransferFunctionScriptingTraits (0ms)
			SetupTypeCache (189ms)
			ReleaseScriptCaches (1ms)
			RebuildScriptCaches (32ms)
			SetupLoadedEditorAssemblies (766ms)
				LogAssemblyErrors (0ms)
				InitializePlatformSupportModulesInManaged (16ms)
				SetLoadedEditorAssemblies (0ms)
				RefreshPlugins (1ms)
				BeforeProcessingInitializeOnLoad (45ms)
				ProcessInitializeOnLoadAttributes (587ms)
				ProcessInitializeOnLoadMethodAttributes (110ms)
				AfterProcessingInitializeOnLoad (6ms)
				EditorAssembliesLoaded (0ms)
			ExecutionOrderSort2 (0ms)
			AwakeInstancesAfterBackupRestoration (6ms)
Platform modules already initialized, skipping
Refreshing native plugins compatible for Editor in 0.92 ms, found 2 plugins.
Preloading 0 native plugins for Editor in 0.00 ms.
Unloading 3099 Unused Serialized files (Serialized files now loaded: 0)
Unloading 51 unused Assets / (23.0 KB). Loaded Objects now: 3584.
Memory consumption went from 114.6 MB to 114.6 MB.
Total: 7.379200 ms (FindLiveObjects: 0.306900 ms CreateObjectMapping: 0.093400 ms MarkObjects: 6.938000 ms  DeleteObjects: 0.039400 ms)

AssetImportParameters requested are different than current active one (requested -> active):
  custom:video-decoder-ogg-theora: a1e56fd34408186e4bbccfd4996cb3dc -> 
  custom:container-muxer-webm: aa71ff27fc2769a1b78a27578f13a17b -> 
  custom:container-demuxer-webm: 4f35f7cbe854078d1ac9338744f61a02 -> 
  custom:video-encoder-webm-vp8: eb34c28f22e8b96e1ab97ce403110664 -> 
  custom:CustomObjectIndexerAttribute: bc11b3a6c3213fcdd17b65e7da85e133 -> 
  custom:audio-encoder-webm-vorbis: bf7c407c2cedff20999df2af8eb42d56 -> 
  custom:framework-win-MediaFoundation: 216162199b28c13a410421893ffa2e32 -> 
  custom:SearchIndexIgnoredProperties: e643bd26f0fe6173181afceb89e7c659 -> 
  custom:container-demuxer-ogg: 62fdf1f143b41e24485cea50d1cbac27 -> 
  custom:video-decoder-webm-vp8: 9c59270c3fd7afecdb556c50c9e8de78 -> 
  custom:audio-decoder-ogg-vorbis: bf7c407c2cedff20999df2af8eb42d56 -> 
========================================================================
Received Prepare
Registering precompiled user dll's ...
Registered in 0.007178 seconds.
Begin MonoManager ReloadAssembly
Symbol file LoadedFromMemory is not a mono symbol file
Native extension for UWP target not found
Native extension for WindowsStandalone target not found
Native extension for Android target not found
Native extension for WebGL target not found
Refreshing native plugins compatible for Editor in 0.94 ms, found 2 plugins.
Preloading 0 native plugins for Editor in 0.00 ms.
[Package Manager] Server::EnsureServerProcessIsRunning -- launch failed, reason: Unity was launched with the -noUpm command-line argument
[Package Manager] Cannot connect to Unity Package Manager local server
Mono: successfully reloaded assembly
- Completed reload, in  1.321 seconds
Domain Reload Profiling:
	ReloadAssembly (1322ms)
		BeginReloadAssembly (132ms)
			ExecutionOrderSort (0ms)
			DisableScriptedObjects (5ms)
			BackupInstance (0ms)
			ReleaseScriptingObjects (0ms)
			CreateAndSetChildDomain (37ms)
		EndReloadAssembly (1114ms)
			LoadAssemblies (94ms)
			RebuildTransferFunctionScriptingTraits (0ms)
			SetupTypeCache (193ms)
			ReleaseScriptCaches (1ms)
			RebuildScriptCaches (33ms)
			SetupLoadedEditorAssemblies (760ms)
				LogAssemblyErrors (0ms)
				InitializePlatformSupportModulesInManaged (16ms)
				SetLoadedEditorAssemblies (0ms)
				RefreshPlugins (1ms)
				BeforeProcessingInitializeOnLoad (44ms)
				ProcessInitializeOnLoadAttributes (582ms)
				ProcessInitializeOnLoadMethodAttributes (110ms)
				AfterProcessingInitializeOnLoad (7ms)
				EditorAssembliesLoaded (0ms)
			ExecutionOrderSort2 (0ms)
			AwakeInstancesAfterBackupRestoration (6ms)
Platform modules already initialized, skipping
Refreshing native plugins compatible for Editor in 1.94 ms, found 2 plugins.
Preloading 0 native plugins for Editor in 0.00 ms.
Unloading 3099 Unused Serialized files (Serialized files now loaded: 0)
Unloading 51 unused Assets / (23.0 KB). Loaded Objects now: 3587.
Memory consumption went from 114.6 MB to 114.6 MB.
Total: 6.928000 ms (FindLiveObjects: 0.255600 ms CreateObjectMapping: 0.214300 ms MarkObjects: 6.412400 ms  DeleteObjects: 0.044100 ms)

AssetImportParameters requested are different than current active one (requested -> active):
  custom:video-decoder-ogg-theora: a1e56fd34408186e4bbccfd4996cb3dc -> 
  custom:container-muxer-webm: aa71ff27fc2769a1b78a27578f13a17b -> 
  custom:container-demuxer-webm: 4f35f7cbe854078d1ac9338744f61a02 -> 
  custom:video-encoder-webm-vp8: eb34c28f22e8b96e1ab97ce403110664 -> 
  custom:CustomObjectIndexerAttribute: bc11b3a6c3213fcdd17b65e7da85e133 -> 
  custom:audio-encoder-webm-vorbis: bf7c407c2cedff20999df2af8eb42d56 -> 
  custom:framework-win-MediaFoundation: 216162199b28c13a410421893ffa2e32 -> 
  custom:SearchIndexIgnoredProperties: e643bd26f0fe6173181afceb89e7c659 -> 
  custom:container-demuxer-ogg: 62fdf1f143b41e24485cea50d1cbac27 -> 
  custom:video-decoder-webm-vp8: 9c59270c3fd7afecdb556c50c9e8de78 -> 
  custom:audio-decoder-ogg-vorbis: bf7c407c2cedff20999df2af8eb42d56 -> 
========================================================================
Received Prepare
Registering precompiled user dll's ...
Registered in 0.005931 seconds.
Begin MonoManager ReloadAssembly
Symbol file LoadedFromMemory is not a mono symbol file
Native extension for UWP target not found
Native extension for WindowsStandalone target not found
Native extension for Android target not found
Native extension for WebGL target not found
Refreshing native plugins compatible for Editor in 0.94 ms, found 2 plugins.
Preloading 0 native plugins for Editor in 0.00 ms.
[Package Manager] Server::EnsureServerProcessIsRunning -- launch failed, reason: Unity was launched with the -noUpm command-line argument
[Package Manager] Cannot connect to Unity Package Manager local server
Mono: successfully reloaded assembly
- Completed reload, in  1.324 seconds
Domain Reload Profiling:
	ReloadAssembly (1325ms)
		BeginReloadAssembly (131ms)
			ExecutionOrderSort (0ms)
			DisableScriptedObjects (5ms)
			BackupInstance (0ms)
			ReleaseScriptingObjects (0ms)
			CreateAndSetChildDomain (37ms)
		EndReloadAssembly (1114ms)
			LoadAssemblies (94ms)
			RebuildTransferFunctionScriptingTraits (0ms)
			SetupTypeCache (182ms)
			ReleaseScriptCaches (1ms)
			RebuildScriptCaches (36ms)
			SetupLoadedEditorAssemblies (767ms)
				LogAssemblyErrors (0ms)
				InitializePlatformSupportModulesInManaged (15ms)
				SetLoadedEditorAssemblies (0ms)
				RefreshPlugins (1ms)
				BeforeProcessingInitializeOnLoad (47ms)
				ProcessInitializeOnLoadAttributes (585ms)
				ProcessInitializeOnLoadMethodAttributes (113ms)
				AfterProcessingInitializeOnLoad (5ms)
				EditorAssembliesLoaded (0ms)
			ExecutionOrderSort2 (0ms)
			AwakeInstancesAfterBackupRestoration (6ms)
Platform modules already initialized, skipping
Refreshing native plugins compatible for Editor in 0.93 ms, found 2 plugins.
Preloading 0 native plugins for Editor in 0.00 ms.
Unloading 3099 Unused Serialized files (Serialized files now loaded: 0)
Unloading 51 unused Assets / (22.9 KB). Loaded Objects now: 3590.
Memory consumption went from 114.6 MB to 114.6 MB.
Total: 6.903700 ms (FindLiveObjects: 0.248000 ms CreateObjectMapping: 0.198900 ms MarkObjects: 6.412500 ms  DeleteObjects: 0.043000 ms)

AssetImportParameters requested are different than current active one (requested -> active):
  custom:video-decoder-ogg-theora: a1e56fd34408186e4bbccfd4996cb3dc -> 
  custom:container-muxer-webm: aa71ff27fc2769a1b78a27578f13a17b -> 
  custom:container-demuxer-webm: 4f35f7cbe854078d1ac9338744f61a02 -> 
  custom:video-encoder-webm-vp8: eb34c28f22e8b96e1ab97ce403110664 -> 
  custom:CustomObjectIndexerAttribute: bc11b3a6c3213fcdd17b65e7da85e133 -> 
  custom:audio-encoder-webm-vorbis: bf7c407c2cedff20999df2af8eb42d56 -> 
  custom:framework-win-MediaFoundation: 216162199b28c13a410421893ffa2e32 -> 
  custom:SearchIndexIgnoredProperties: e643bd26f0fe6173181afceb89e7c659 -> 
  custom:container-demuxer-ogg: 62fdf1f143b41e24485cea50d1cbac27 -> 
  custom:video-decoder-webm-vp8: 9c59270c3fd7afecdb556c50c9e8de78 -> 
  custom:audio-decoder-ogg-vorbis: bf7c407c2cedff20999df2af8eb42d56 -> 
========================================================================
Received Import Request.
  Time since last request: 95552.704603 seconds.
  path: Assets/Login.unity
  artifactKey: Guid(a2795e4d016e46b29ee062ba9c8475da) Importer(815301076,1909f56bfc062723c751e8b465ee728b)
Number of updated assets reloaded before import = 0
Start importing Assets/Login.unity using Guid(a2795e4d016e46b29ee062ba9c8475da) Importer(815301076,1909f56bfc062723c751e8b465ee728b)  -> (artifact id: '062d35fc7a7274878f4c0de595c6f328') in 0.008093 seconds 
Number of asset objects unloaded after import = 0
========================================================================
Received Prepare
Refreshing native plugins compatible for Editor in 11.23 ms, found 2 plugins.
Preloading 0 native plugins for Editor in 0.00 ms.
Unloading 49 Unused Serialized files (Serialized files now loaded: 0)
Unloading 49 unused Assets / (22.9 KB). Loaded Objects now: 3590.
Memory consumption went from 52.4 MB to 52.4 MB.
Total: 6.815700 ms (FindLiveObjects: 0.276800 ms CreateObjectMapping: 0.106900 ms MarkObjects: 6.394600 ms  DeleteObjects: 0.036900 ms)

AssetImportParameters requested are different than current active one (requested -> active):
  custom:video-decoder-ogg-theora: a1e56fd34408186e4bbccfd4996cb3dc -> 
  custom:container-muxer-webm: aa71ff27fc2769a1b78a27578f13a17b -> 
  custom:container-demuxer-webm: 4f35f7cbe854078d1ac9338744f61a02 -> 
  custom:video-encoder-webm-vp8: eb34c28f22e8b96e1ab97ce403110664 -> 
  custom:CustomObjectIndexerAttribute: bc11b3a6c3213fcdd17b65e7da85e133 -> 
  custom:audio-encoder-webm-vorbis: bf7c407c2cedff20999df2af8eb42d56 -> 
  custom:framework-win-MediaFoundation: 216162199b28c13a410421893ffa2e32 -> 
  custom:SearchIndexIgnoredProperties: e643bd26f0fe6173181afceb89e7c659 -> 
  custom:container-demuxer-ogg: 62fdf1f143b41e24485cea50d1cbac27 -> 
  custom:video-decoder-webm-vp8: 9c59270c3fd7afecdb556c50c9e8de78 -> 
  custom:audio-decoder-ogg-vorbis: bf7c407c2cedff20999df2af8eb42d56 -> 
========================================================================
Received Prepare
Registering precompiled user dll's ...
Registered in 0.007356 seconds.
Begin MonoManager ReloadAssembly
Symbol file LoadedFromMemory is not a mono symbol file
Native extension for UWP target not found
Native extension for WindowsStandalone target not found
Native extension for Android target not found
Native extension for WebGL target not found
Refreshing native plugins compatible for Editor in 0.95 ms, found 2 plugins.
Preloading 0 native plugins for Editor in 0.00 ms.
[Package Manager] Server::EnsureServerProcessIsRunning -- launch failed, reason: Unity was launched with the -noUpm command-line argument
[Package Manager] Cannot connect to Unity Package Manager local server
Mono: successfully reloaded assembly
- Completed reload, in  1.315 seconds
Domain Reload Profiling:
	ReloadAssembly (1316ms)
		BeginReloadAssembly (131ms)
			ExecutionOrderSort (0ms)
			DisableScriptedObjects (5ms)
			BackupInstance (0ms)
			ReleaseScriptingObjects (0ms)
			CreateAndSetChildDomain (35ms)
		EndReloadAssembly (1109ms)
			LoadAssemblies (97ms)
			RebuildTransferFunctionScriptingTraits (0ms)
			SetupTypeCache (193ms)
			ReleaseScriptCaches (1ms)
			RebuildScriptCaches (33ms)
			SetupLoadedEditorAssemblies (749ms)
				LogAssemblyErrors (0ms)
				InitializePlatformSupportModulesInManaged (16ms)
				SetLoadedEditorAssemblies (0ms)
				RefreshPlugins (1ms)
				BeforeProcessingInitializeOnLoad (44ms)
				ProcessInitializeOnLoadAttributes (570ms)
				ProcessInitializeOnLoadMethodAttributes (111ms)
				AfterProcessingInitializeOnLoad (6ms)
				EditorAssembliesLoaded (0ms)
			ExecutionOrderSort2 (0ms)
			AwakeInstancesAfterBackupRestoration (6ms)
Platform modules already initialized, skipping
Refreshing native plugins compatible for Editor in 1.02 ms, found 2 plugins.
Preloading 0 native plugins for Editor in 0.00 ms.
Unloading 3099 Unused Serialized files (Serialized files now loaded: 0)
Unloading 51 unused Assets / (23.0 KB). Loaded Objects now: 3593.
Memory consumption went from 114.7 MB to 114.6 MB.
Total: 6.793300 ms (FindLiveObjects: 0.285900 ms CreateObjectMapping: 0.135500 ms MarkObjects: 6.328400 ms  DeleteObjects: 0.042400 ms)

AssetImportParameters requested are different than current active one (requested -> active):
  custom:video-decoder-ogg-theora: a1e56fd34408186e4bbccfd4996cb3dc -> 
  custom:container-muxer-webm: aa71ff27fc2769a1b78a27578f13a17b -> 
  custom:container-demuxer-webm: 4f35f7cbe854078d1ac9338744f61a02 -> 
  custom:video-encoder-webm-vp8: eb34c28f22e8b96e1ab97ce403110664 -> 
  custom:CustomObjectIndexerAttribute: bc11b3a6c3213fcdd17b65e7da85e133 -> 
  custom:audio-encoder-webm-vorbis: bf7c407c2cedff20999df2af8eb42d56 -> 
  custom:framework-win-MediaFoundation: 216162199b28c13a410421893ffa2e32 -> 
  custom:SearchIndexIgnoredProperties: e643bd26f0fe6173181afceb89e7c659 -> 
  custom:container-demuxer-ogg: 62fdf1f143b41e24485cea50d1cbac27 -> 
  custom:video-decoder-webm-vp8: 9c59270c3fd7afecdb556c50c9e8de78 -> 
  custom:audio-decoder-ogg-vorbis: bf7c407c2cedff20999df2af8eb42d56 -> 
========================================================================
Received Prepare
Registering precompiled user dll's ...
Registered in 0.006856 seconds.
Begin MonoManager ReloadAssembly
Symbol file LoadedFromMemory is not a mono symbol file
Native extension for UWP target not found
Native extension for WindowsStandalone target not found
Native extension for Android target not found
Native extension for WebGL target not found
Refreshing native plugins compatible for Editor in 0.96 ms, found 2 plugins.
Preloading 0 native plugins for Editor in 0.00 ms.
[Package Manager] Server::EnsureServerProcessIsRunning -- launch failed, reason: Unity was launched with the -noUpm command-line argument
[Package Manager] Cannot connect to Unity Package Manager local server
Mono: successfully reloaded assembly
- Completed reload, in  1.310 seconds
Domain Reload Profiling:
	ReloadAssembly (1311ms)
		BeginReloadAssembly (130ms)
			ExecutionOrderSort (0ms)
			DisableScriptedObjects (5ms)
			BackupInstance (0ms)
			ReleaseScriptingObjects (0ms)
			CreateAndSetChildDomain (36ms)
		EndReloadAssembly (1102ms)
			LoadAssemblies (95ms)
			RebuildTransferFunctionScriptingTraits (0ms)
			SetupTypeCache (184ms)
			ReleaseScriptCaches (1ms)
			RebuildScriptCaches (33ms)
			SetupLoadedEditorAssemblies (756ms)
				LogAssemblyErrors (0ms)
				InitializePlatformSupportModulesInManaged (15ms)
				SetLoadedEditorAssemblies (0ms)
				RefreshPlugins (1ms)
				BeforeProcessingInitializeOnLoad (43ms)
				ProcessInitializeOnLoadAttributes (580ms)
				ProcessInitializeOnLoadMethodAttributes (110ms)
				AfterProcessingInitializeOnLoad (6ms)
				EditorAssembliesLoaded (0ms)
			ExecutionOrderSort2 (0ms)
			AwakeInstancesAfterBackupRestoration (6ms)
Platform modules already initialized, skipping
Refreshing native plugins compatible for Editor in 0.96 ms, found 2 plugins.
Preloading 0 native plugins for Editor in 0.00 ms.
Unloading 3099 Unused Serialized files (Serialized files now loaded: 0)
Unloading 51 unused Assets / (23.0 KB). Loaded Objects now: 3596.
Memory consumption went from 114.7 MB to 114.6 MB.
Total: 6.549200 ms (FindLiveObjects: 0.275800 ms CreateObjectMapping: 0.103300 ms MarkObjects: 6.120100 ms  DeleteObjects: 0.048700 ms)

AssetImportParameters requested are different than current active one (requested -> active):
  custom:video-decoder-ogg-theora: a1e56fd34408186e4bbccfd4996cb3dc -> 
  custom:container-muxer-webm: aa71ff27fc2769a1b78a27578f13a17b -> 
  custom:container-demuxer-webm: 4f35f7cbe854078d1ac9338744f61a02 -> 
  custom:video-encoder-webm-vp8: eb34c28f22e8b96e1ab97ce403110664 -> 
  custom:CustomObjectIndexerAttribute: bc11b3a6c3213fcdd17b65e7da85e133 -> 
  custom:audio-encoder-webm-vorbis: bf7c407c2cedff20999df2af8eb42d56 -> 
  custom:framework-win-MediaFoundation: 216162199b28c13a410421893ffa2e32 -> 
  custom:SearchIndexIgnoredProperties: e643bd26f0fe6173181afceb89e7c659 -> 
  custom:container-demuxer-ogg: 62fdf1f143b41e24485cea50d1cbac27 -> 
  custom:video-decoder-webm-vp8: 9c59270c3fd7afecdb556c50c9e8de78 -> 
  custom:audio-decoder-ogg-vorbis: bf7c407c2cedff20999df2af8eb42d56 -> 
========================================================================
Received Prepare
Registering precompiled user dll's ...
Registered in 0.007379 seconds.
Begin MonoManager ReloadAssembly
Symbol file LoadedFromMemory is not a mono symbol file
Native extension for UWP target not found
Native extension for WindowsStandalone target not found
Native extension for Android target not found
Native extension for WebGL target not found
Refreshing native plugins compatible for Editor in 0.86 ms, found 2 plugins.
Preloading 0 native plugins for Editor in 0.00 ms.
[Package Manager] Server::EnsureServerProcessIsRunning -- launch failed, reason: Unity was launched with the -noUpm command-line argument
[Package Manager] Cannot connect to Unity Package Manager local server
Mono: successfully reloaded assembly
- Completed reload, in  1.340 seconds
Domain Reload Profiling:
	ReloadAssembly (1341ms)
		BeginReloadAssembly (131ms)
			ExecutionOrderSort (0ms)
			DisableScriptedObjects (5ms)
			BackupInstance (0ms)
			ReleaseScriptingObjects (0ms)
			CreateAndSetChildDomain (36ms)
		EndReloadAssembly (1134ms)
			LoadAssemblies (99ms)
			RebuildTransferFunctionScriptingTraits (0ms)
			SetupTypeCache (193ms)
			ReleaseScriptCaches (1ms)
			RebuildScriptCaches (33ms)
			SetupLoadedEditorAssemblies (772ms)
				LogAssemblyErrors (0ms)
				InitializePlatformSupportModulesInManaged (17ms)
				SetLoadedEditorAssemblies (0ms)
				RefreshPlugins (1ms)
				BeforeProcessingInitializeOnLoad (44ms)
				ProcessInitializeOnLoadAttributes (588ms)
				ProcessInitializeOnLoadMethodAttributes (116ms)
				AfterProcessingInitializeOnLoad (6ms)
				EditorAssembliesLoaded (0ms)
			ExecutionOrderSort2 (0ms)
			AwakeInstancesAfterBackupRestoration (6ms)
Platform modules already initialized, skipping
Refreshing native plugins compatible for Editor in 0.93 ms, found 2 plugins.
Preloading 0 native plugins for Editor in 0.00 ms.
Unloading 3099 Unused Serialized files (Serialized files now loaded: 0)
Unloading 51 unused Assets / (23.0 KB). Loaded Objects now: 3599.
Memory consumption went from 114.7 MB to 114.7 MB.
Total: 6.439900 ms (FindLiveObjects: 0.243800 ms CreateObjectMapping: 0.085900 ms MarkObjects: 6.067300 ms  DeleteObjects: 0.042000 ms)

AssetImportParameters requested are different than current active one (requested -> active):
  custom:video-decoder-ogg-theora: a1e56fd34408186e4bbccfd4996cb3dc -> 
  custom:container-muxer-webm: aa71ff27fc2769a1b78a27578f13a17b -> 
  custom:container-demuxer-webm: 4f35f7cbe854078d1ac9338744f61a02 -> 
  custom:video-encoder-webm-vp8: eb34c28f22e8b96e1ab97ce403110664 -> 
  custom:CustomObjectIndexerAttribute: bc11b3a6c3213fcdd17b65e7da85e133 -> 
  custom:audio-encoder-webm-vorbis: bf7c407c2cedff20999df2af8eb42d56 -> 
  custom:framework-win-MediaFoundation: 216162199b28c13a410421893ffa2e32 -> 
  custom:SearchIndexIgnoredProperties: e643bd26f0fe6173181afceb89e7c659 -> 
  custom:container-demuxer-ogg: 62fdf1f143b41e24485cea50d1cbac27 -> 
  custom:video-decoder-webm-vp8: 9c59270c3fd7afecdb556c50c9e8de78 -> 
  custom:audio-decoder-ogg-vorbis: bf7c407c2cedff20999df2af8eb42d56 -> 
========================================================================
Received Prepare
Registering precompiled user dll's ...
Registered in 0.011193 seconds.
Begin MonoManager ReloadAssembly
Symbol file LoadedFromMemory is not a mono symbol file
Native extension for UWP target not found
Native extension for WindowsStandalone target not found
Native extension for Android target not found
Native extension for WebGL target not found
Refreshing native plugins compatible for Editor in 0.90 ms, found 2 plugins.
Preloading 0 native plugins for Editor in 0.00 ms.
[Package Manager] Server::EnsureServerProcessIsRunning -- launch failed, reason: Unity was launched with the -noUpm command-line argument
[Package Manager] Cannot connect to Unity Package Manager local server
Mono: successfully reloaded assembly
- Completed reload, in  1.432 seconds
Domain Reload Profiling:
	ReloadAssembly (1433ms)
		BeginReloadAssembly (159ms)
			ExecutionOrderSort (0ms)
			DisableScriptedObjects (5ms)
			BackupInstance (0ms)
			ReleaseScriptingObjects (0ms)
			CreateAndSetChildDomain (43ms)
		EndReloadAssembly (1157ms)
			LoadAssemblies (113ms)
			RebuildTransferFunctionScriptingTraits (0ms)
			SetupTypeCache (182ms)
			ReleaseScriptCaches (1ms)
			RebuildScriptCaches (32ms)
			SetupLoadedEditorAssemblies (813ms)
				LogAssemblyErrors (0ms)
				InitializePlatformSupportModulesInManaged (14ms)
				SetLoadedEditorAssemblies (0ms)
				RefreshPlugins (1ms)
				BeforeProcessingInitializeOnLoad (41ms)
				ProcessInitializeOnLoadAttributes (617ms)
				ProcessInitializeOnLoadMethodAttributes (134ms)
				AfterProcessingInitializeOnLoad (5ms)
				EditorAssembliesLoaded (0ms)
			ExecutionOrderSort2 (0ms)
			AwakeInstancesAfterBackupRestoration (6ms)
Platform modules already initialized, skipping
Refreshing native plugins compatible for Editor in 0.71 ms, found 2 plugins.
Preloading 0 native plugins for Editor in 0.00 ms.
Unloading 3099 Unused Serialized files (Serialized files now loaded: 0)
Unloading 51 unused Assets / (23.0 KB). Loaded Objects now: 3602.
Memory consumption went from 114.7 MB to 114.7 MB.
Total: 7.252500 ms (FindLiveObjects: 0.258800 ms CreateObjectMapping: 0.102000 ms MarkObjects: 6.840500 ms  DeleteObjects: 0.050000 ms)

AssetImportParameters requested are different than current active one (requested -> active):
  custom:video-decoder-ogg-theora: a1e56fd34408186e4bbccfd4996cb3dc -> 
  custom:container-muxer-webm: aa71ff27fc2769a1b78a27578f13a17b -> 
  custom:container-demuxer-webm: 4f35f7cbe854078d1ac9338744f61a02 -> 
  custom:video-encoder-webm-vp8: eb34c28f22e8b96e1ab97ce403110664 -> 
  custom:CustomObjectIndexerAttribute: bc11b3a6c3213fcdd17b65e7da85e133 -> 
  custom:audio-encoder-webm-vorbis: bf7c407c2cedff20999df2af8eb42d56 -> 
  custom:framework-win-MediaFoundation: 216162199b28c13a410421893ffa2e32 -> 
  custom:SearchIndexIgnoredProperties: e643bd26f0fe6173181afceb89e7c659 -> 
  custom:container-demuxer-ogg: 62fdf1f143b41e24485cea50d1cbac27 -> 
  custom:video-decoder-webm-vp8: 9c59270c3fd7afecdb556c50c9e8de78 -> 
  custom:audio-decoder-ogg-vorbis: bf7c407c2cedff20999df2af8eb42d56 -> 
========================================================================
Received Prepare
Registering precompiled user dll's ...
Registered in 0.007217 seconds.
Begin MonoManager ReloadAssembly
Symbol file LoadedFromMemory is not a mono symbol file
Native extension for UWP target not found
Native extension for WindowsStandalone target not found
Native extension for Android target not found
Native extension for WebGL target not found
Refreshing native plugins compatible for Editor in 0.94 ms, found 2 plugins.
Preloading 0 native plugins for Editor in 0.00 ms.
[Package Manager] Server::EnsureServerProcessIsRunning -- launch failed, reason: Unity was launched with the -noUpm command-line argument
[Package Manager] Cannot connect to Unity Package Manager local server
Mono: successfully reloaded assembly
- Completed reload, in  1.309 seconds
Domain Reload Profiling:
	ReloadAssembly (1310ms)
		BeginReloadAssembly (130ms)
			ExecutionOrderSort (0ms)
			DisableScriptedObjects (5ms)
			BackupInstance (0ms)
			ReleaseScriptingObjects (0ms)
			CreateAndSetChildDomain (36ms)
		EndReloadAssembly (1102ms)
			LoadAssemblies (93ms)
			RebuildTransferFunctionScriptingTraits (0ms)
			SetupTypeCache (188ms)
			ReleaseScriptCaches (1ms)
			RebuildScriptCaches (35ms)
			SetupLoadedEditorAssemblies (751ms)
				LogAssemblyErrors (0ms)
				InitializePlatformSupportModulesInManaged (15ms)
				SetLoadedEditorAssemblies (0ms)
				RefreshPlugins (1ms)
				BeforeProcessingInitializeOnLoad (43ms)
				ProcessInitializeOnLoadAttributes (575ms)
				ProcessInitializeOnLoadMethodAttributes (111ms)
				AfterProcessingInitializeOnLoad (6ms)
				EditorAssembliesLoaded (0ms)
			ExecutionOrderSort2 (0ms)
			AwakeInstancesAfterBackupRestoration (6ms)
Platform modules already initialized, skipping
Refreshing native plugins compatible for Editor in 0.92 ms, found 2 plugins.
Preloading 0 native plugins for Editor in 0.00 ms.
Unloading 3099 Unused Serialized files (Serialized files now loaded: 0)
Unloading 51 unused Assets / (23.0 KB). Loaded Objects now: 3605.
Memory consumption went from 114.7 MB to 114.7 MB.
Total: 6.586400 ms (FindLiveObjects: 0.256200 ms CreateObjectMapping: 0.093900 ms MarkObjects: 6.191600 ms  DeleteObjects: 0.043700 ms)

AssetImportParameters requested are different than current active one (requested -> active):
  custom:video-decoder-ogg-theora: a1e56fd34408186e4bbccfd4996cb3dc -> 
  custom:container-muxer-webm: aa71ff27fc2769a1b78a27578f13a17b -> 
  custom:container-demuxer-webm: 4f35f7cbe854078d1ac9338744f61a02 -> 
  custom:video-encoder-webm-vp8: eb34c28f22e8b96e1ab97ce403110664 -> 
  custom:CustomObjectIndexerAttribute: bc11b3a6c3213fcdd17b65e7da85e133 -> 
  custom:audio-encoder-webm-vorbis: bf7c407c2cedff20999df2af8eb42d56 -> 
  custom:framework-win-MediaFoundation: 216162199b28c13a410421893ffa2e32 -> 
  custom:SearchIndexIgnoredProperties: e643bd26f0fe6173181afceb89e7c659 -> 
  custom:container-demuxer-ogg: 62fdf1f143b41e24485cea50d1cbac27 -> 
  custom:video-decoder-webm-vp8: 9c59270c3fd7afecdb556c50c9e8de78 -> 
  custom:audio-decoder-ogg-vorbis: bf7c407c2cedff20999df2af8eb42d56 -> 
========================================================================
Received Prepare
Registering precompiled user dll's ...
Registered in 0.007142 seconds.
Begin MonoManager ReloadAssembly
Symbol file LoadedFromMemory is not a mono symbol file
Native extension for UWP target not found
Native extension for WindowsStandalone target not found
Native extension for Android target not found
Native extension for WebGL target not found
Refreshing native plugins compatible for Editor in 0.89 ms, found 2 plugins.
Preloading 0 native plugins for Editor in 0.00 ms.
[Package Manager] Server::EnsureServerProcessIsRunning -- launch failed, reason: Unity was launched with the -noUpm command-line argument
[Package Manager] Cannot connect to Unity Package Manager local server
Mono: successfully reloaded assembly
- Completed reload, in  1.229 seconds
Domain Reload Profiling:
	ReloadAssembly (1229ms)
		BeginReloadAssembly (131ms)
			ExecutionOrderSort (0ms)
			DisableScriptedObjects (5ms)
			BackupInstance (0ms)
			ReleaseScriptingObjects (0ms)
			CreateAndSetChildDomain (37ms)
		EndReloadAssembly (1021ms)
			LoadAssemblies (95ms)
			RebuildTransferFunctionScriptingTraits (0ms)
			SetupTypeCache (162ms)
			ReleaseScriptCaches (1ms)
			RebuildScriptCaches (29ms)
			SetupLoadedEditorAssemblies (710ms)
				LogAssemblyErrors (0ms)
				InitializePlatformSupportModulesInManaged (13ms)
				SetLoadedEditorAssemblies (0ms)
				RefreshPlugins (1ms)
				BeforeProcessingInitializeOnLoad (39ms)
				ProcessInitializeOnLoadAttributes (555ms)
				ProcessInitializeOnLoadMethodAttributes (97ms)
				AfterProcessingInitializeOnLoad (5ms)
				EditorAssembliesLoaded (0ms)
			ExecutionOrderSort2 (0ms)
			AwakeInstancesAfterBackupRestoration (5ms)
Platform modules already initialized, skipping
Refreshing native plugins compatible for Editor in 0.89 ms, found 2 plugins.
Preloading 0 native plugins for Editor in 0.00 ms.
Unloading 3099 Unused Serialized files (Serialized files now loaded: 0)
Unloading 51 unused Assets / (23.0 KB). Loaded Objects now: 3608.
Memory consumption went from 114.7 MB to 114.7 MB.
Total: 6.013300 ms (FindLiveObjects: 0.257600 ms CreateObjectMapping: 0.088800 ms MarkObjects: 5.623600 ms  DeleteObjects: 0.042000 ms)

AssetImportParameters requested are different than current active one (requested -> active):
  custom:video-decoder-ogg-theora: a1e56fd34408186e4bbccfd4996cb3dc -> 
  custom:container-muxer-webm: aa71ff27fc2769a1b78a27578f13a17b -> 
  custom:container-demuxer-webm: 4f35f7cbe854078d1ac9338744f61a02 -> 
  custom:video-encoder-webm-vp8: eb34c28f22e8b96e1ab97ce403110664 -> 
  custom:CustomObjectIndexerAttribute: bc11b3a6c3213fcdd17b65e7da85e133 -> 
  custom:audio-encoder-webm-vorbis: bf7c407c2cedff20999df2af8eb42d56 -> 
  custom:framework-win-MediaFoundation: 216162199b28c13a410421893ffa2e32 -> 
  custom:SearchIndexIgnoredProperties: e643bd26f0fe6173181afceb89e7c659 -> 
  custom:container-demuxer-ogg: 62fdf1f143b41e24485cea50d1cbac27 -> 
  custom:video-decoder-webm-vp8: 9c59270c3fd7afecdb556c50c9e8de78 -> 
  custom:audio-decoder-ogg-vorbis: bf7c407c2cedff20999df2af8eb42d56 -> 
========================================================================
Received Prepare
Registering precompiled user dll's ...
Registered in 0.005280 seconds.
Begin MonoManager ReloadAssembly
Symbol file LoadedFromMemory is not a mono symbol file
Native extension for UWP target not found
Native extension for WindowsStandalone target not found
Native extension for Android target not found
Native extension for WebGL target not found
Refreshing native plugins compatible for Editor in 0.93 ms, found 2 plugins.
Preloading 0 native plugins for Editor in 0.00 ms.
[Package Manager] Server::EnsureServerProcessIsRunning -- launch failed, reason: Unity was launched with the -noUpm command-line argument
[Package Manager] Cannot connect to Unity Package Manager local server
Mono: successfully reloaded assembly
- Completed reload, in  1.317 seconds
Domain Reload Profiling:
	ReloadAssembly (1317ms)
		BeginReloadAssembly (131ms)
			ExecutionOrderSort (0ms)
			DisableScriptedObjects (5ms)
			BackupInstance (0ms)
			ReleaseScriptingObjects (0ms)
			CreateAndSetChildDomain (36ms)
		EndReloadAssembly (1112ms)
			LoadAssemblies (97ms)
			RebuildTransferFunctionScriptingTraits (0ms)
			SetupTypeCache (188ms)
			ReleaseScriptCaches (1ms)
			RebuildScriptCaches (34ms)
			SetupLoadedEditorAssemblies (759ms)
				LogAssemblyErrors (0ms)
				InitializePlatformSupportModulesInManaged (15ms)
				SetLoadedEditorAssemblies (0ms)
				RefreshPlugins (1ms)
				BeforeProcessingInitializeOnLoad (45ms)
				ProcessInitializeOnLoadAttributes (576ms)
				ProcessInitializeOnLoadMethodAttributes (116ms)
				AfterProcessingInitializeOnLoad (6ms)
				EditorAssembliesLoaded (0ms)
			ExecutionOrderSort2 (0ms)
			AwakeInstancesAfterBackupRestoration (6ms)
Platform modules already initialized, skipping
Refreshing native plugins compatible for Editor in 0.91 ms, found 2 plugins.
Preloading 0 native plugins for Editor in 0.00 ms.
Unloading 3099 Unused Serialized files (Serialized files now loaded: 0)
Unloading 51 unused Assets / (23.0 KB). Loaded Objects now: 3611.
Memory consumption went from 114.7 MB to 114.7 MB.
Total: 6.346300 ms (FindLiveObjects: 0.252100 ms CreateObjectMapping: 0.086500 ms MarkObjects: 5.965600 ms  DeleteObjects: 0.040900 ms)

AssetImportParameters requested are different than current active one (requested -> active):
  custom:video-decoder-ogg-theora: a1e56fd34408186e4bbccfd4996cb3dc -> 
  custom:container-muxer-webm: aa71ff27fc2769a1b78a27578f13a17b -> 
  custom:container-demuxer-webm: 4f35f7cbe854078d1ac9338744f61a02 -> 
  custom:video-encoder-webm-vp8: eb34c28f22e8b96e1ab97ce403110664 -> 
  custom:CustomObjectIndexerAttribute: bc11b3a6c3213fcdd17b65e7da85e133 -> 
  custom:audio-encoder-webm-vorbis: bf7c407c2cedff20999df2af8eb42d56 -> 
  custom:framework-win-MediaFoundation: 216162199b28c13a410421893ffa2e32 -> 
  custom:SearchIndexIgnoredProperties: e643bd26f0fe6173181afceb89e7c659 -> 
  custom:container-demuxer-ogg: 62fdf1f143b41e24485cea50d1cbac27 -> 
  custom:video-decoder-webm-vp8: 9c59270c3fd7afecdb556c50c9e8de78 -> 
  custom:audio-decoder-ogg-vorbis: bf7c407c2cedff20999df2af8eb42d56 -> 
========================================================================
Received Prepare
Registering precompiled user dll's ...
Registered in 0.007709 seconds.
Begin MonoManager ReloadAssembly
Symbol file LoadedFromMemory is not a mono symbol file
Native extension for UWP target not found
Native extension for WindowsStandalone target not found
Native extension for Android target not found
Native extension for WebGL target not found
Refreshing native plugins compatible for Editor in 1.56 ms, found 2 plugins.
Preloading 0 native plugins for Editor in 0.00 ms.
[Package Manager] Server::EnsureServerProcessIsRunning -- launch failed, reason: Unity was launched with the -noUpm command-line argument
[Package Manager] Cannot connect to Unity Package Manager local server
Mono: successfully reloaded assembly
- Completed reload, in  1.301 seconds
Domain Reload Profiling:
	ReloadAssembly (1302ms)
		BeginReloadAssembly (129ms)
			ExecutionOrderSort (0ms)
			DisableScriptedObjects (5ms)
			BackupInstance (0ms)
			ReleaseScriptingObjects (0ms)
			CreateAndSetChildDomain (35ms)
		EndReloadAssembly (1098ms)
			LoadAssemblies (93ms)
			RebuildTransferFunctionScriptingTraits (0ms)
			SetupTypeCache (176ms)
			ReleaseScriptCaches (1ms)
			RebuildScriptCaches (33ms)
			SetupLoadedEditorAssemblies (760ms)
				LogAssemblyErrors (0ms)
				InitializePlatformSupportModulesInManaged (15ms)
				SetLoadedEditorAssemblies (1ms)
				RefreshPlugins (2ms)
				BeforeProcessingInitializeOnLoad (41ms)
				ProcessInitializeOnLoadAttributes (582ms)
				ProcessInitializeOnLoadMethodAttributes (114ms)
				AfterProcessingInitializeOnLoad (6ms)
				EditorAssembliesLoaded (0ms)
			ExecutionOrderSort2 (0ms)
			AwakeInstancesAfterBackupRestoration (6ms)
Platform modules already initialized, skipping
Refreshing native plugins compatible for Editor in 0.92 ms, found 2 plugins.
Preloading 0 native plugins for Editor in 0.00 ms.
Unloading 3099 Unused Serialized files (Serialized files now loaded: 0)
Unloading 51 unused Assets / (23.0 KB). Loaded Objects now: 3614.
Memory consumption went from 114.7 MB to 114.7 MB.
Total: 6.240300 ms (FindLiveObjects: 0.245200 ms CreateObjectMapping: 0.084300 ms MarkObjects: 5.868700 ms  DeleteObjects: 0.040900 ms)

AssetImportParameters requested are different than current active one (requested -> active):
  custom:video-decoder-ogg-theora: a1e56fd34408186e4bbccfd4996cb3dc -> 
  custom:container-muxer-webm: aa71ff27fc2769a1b78a27578f13a17b -> 
  custom:container-demuxer-webm: 4f35f7cbe854078d1ac9338744f61a02 -> 
  custom:video-encoder-webm-vp8: eb34c28f22e8b96e1ab97ce403110664 -> 
  custom:CustomObjectIndexerAttribute: bc11b3a6c3213fcdd17b65e7da85e133 -> 
  custom:audio-encoder-webm-vorbis: bf7c407c2cedff20999df2af8eb42d56 -> 
  custom:framework-win-MediaFoundation: 216162199b28c13a410421893ffa2e32 -> 
  custom:SearchIndexIgnoredProperties: e643bd26f0fe6173181afceb89e7c659 -> 
  custom:container-demuxer-ogg: 62fdf1f143b41e24485cea50d1cbac27 -> 
  custom:video-decoder-webm-vp8: 9c59270c3fd7afecdb556c50c9e8de78 -> 
  custom:audio-decoder-ogg-vorbis: bf7c407c2cedff20999df2af8eb42d56 -> 
========================================================================
Received Prepare
Refreshing native plugins compatible for Editor in 9.94 ms, found 2 plugins.
Preloading 0 native plugins for Editor in 0.00 ms.
Unloading 49 Unused Serialized files (Serialized files now loaded: 0)
Unloading 49 unused Assets / (23.0 KB). Loaded Objects now: 3614.
Memory consumption went from 52.8 MB to 52.8 MB.
Total: 6.240000 ms (FindLiveObjects: 0.245000 ms CreateObjectMapping: 0.081000 ms MarkObjects: 5.873700 ms  DeleteObjects: 0.039500 ms)

AssetImportParameters requested are different than current active one (requested -> active):
  custom:video-decoder-ogg-theora: a1e56fd34408186e4bbccfd4996cb3dc -> 
  custom:container-muxer-webm: aa71ff27fc2769a1b78a27578f13a17b -> 
  custom:container-demuxer-webm: 4f35f7cbe854078d1ac9338744f61a02 -> 
  custom:video-encoder-webm-vp8: eb34c28f22e8b96e1ab97ce403110664 -> 
  custom:CustomObjectIndexerAttribute: bc11b3a6c3213fcdd17b65e7da85e133 -> 
  custom:audio-encoder-webm-vorbis: bf7c407c2cedff20999df2af8eb42d56 -> 
  custom:framework-win-MediaFoundation: 216162199b28c13a410421893ffa2e32 -> 
  custom:SearchIndexIgnoredProperties: e643bd26f0fe6173181afceb89e7c659 -> 
  custom:container-demuxer-ogg: 62fdf1f143b41e24485cea50d1cbac27 -> 
  custom:video-decoder-webm-vp8: 9c59270c3fd7afecdb556c50c9e8de78 -> 
  custom:audio-decoder-ogg-vorbis: bf7c407c2cedff20999df2af8eb42d56 -> 
========================================================================
Received Prepare
Registering precompiled user dll's ...
Registered in 0.007127 seconds.
Begin MonoManager ReloadAssembly
Symbol file LoadedFromMemory is not a mono symbol file
Native extension for UWP target not found
Native extension for WindowsStandalone target not found
Native extension for Android target not found
Native extension for WebGL target not found
Refreshing native plugins compatible for Editor in 0.87 ms, found 2 plugins.
Preloading 0 native plugins for Editor in 0.00 ms.
[Package Manager] Server::EnsureServerProcessIsRunning -- launch failed, reason: Unity was launched with the -noUpm command-line argument
[Package Manager] Cannot connect to Unity Package Manager local server
Mono: successfully reloaded assembly
- Completed reload, in  1.264 seconds
Domain Reload Profiling:
	ReloadAssembly (1265ms)
		BeginReloadAssembly (136ms)
			ExecutionOrderSort (0ms)
			DisableScriptedObjects (5ms)
			BackupInstance (0ms)
			ReleaseScriptingObjects (0ms)
			CreateAndSetChildDomain (38ms)
		EndReloadAssembly (1053ms)
			LoadAssemblies (96ms)
			RebuildTransferFunctionScriptingTraits (0ms)
			SetupTypeCache (174ms)
			ReleaseScriptCaches (1ms)
			RebuildScriptCaches (28ms)
			SetupLoadedEditorAssemblies (731ms)
				LogAssemblyErrors (0ms)
				InitializePlatformSupportModulesInManaged (14ms)
				SetLoadedEditorAssemblies (0ms)
				RefreshPlugins (1ms)
				BeforeProcessingInitializeOnLoad (41ms)
				ProcessInitializeOnLoadAttributes (565ms)
				ProcessInitializeOnLoadMethodAttributes (105ms)
				AfterProcessingInitializeOnLoad (6ms)
				EditorAssembliesLoaded (0ms)
			ExecutionOrderSort2 (0ms)
			AwakeInstancesAfterBackupRestoration (6ms)
Platform modules already initialized, skipping
Refreshing native plugins compatible for Editor in 0.87 ms, found 2 plugins.
Preloading 0 native plugins for Editor in 0.00 ms.
Unloading 3099 Unused Serialized files (Serialized files now loaded: 0)
Unloading 51 unused Assets / (23.0 KB). Loaded Objects now: 3617.
Memory consumption went from 114.7 MB to 114.7 MB.
Total: 7.115600 ms (FindLiveObjects: 0.284200 ms CreateObjectMapping: 0.115500 ms MarkObjects: 6.671800 ms  DeleteObjects: 0.043100 ms)

AssetImportParameters requested are different than current active one (requested -> active):
  custom:video-decoder-ogg-theora: a1e56fd34408186e4bbccfd4996cb3dc -> 
  custom:container-muxer-webm: aa71ff27fc2769a1b78a27578f13a17b -> 
  custom:container-demuxer-webm: 4f35f7cbe854078d1ac9338744f61a02 -> 
  custom:video-encoder-webm-vp8: eb34c28f22e8b96e1ab97ce403110664 -> 
  custom:CustomObjectIndexerAttribute: bc11b3a6c3213fcdd17b65e7da85e133 -> 
  custom:audio-encoder-webm-vorbis: bf7c407c2cedff20999df2af8eb42d56 -> 
  custom:framework-win-MediaFoundation: 216162199b28c13a410421893ffa2e32 -> 
  custom:SearchIndexIgnoredProperties: e643bd26f0fe6173181afceb89e7c659 -> 
  custom:container-demuxer-ogg: 62fdf1f143b41e24485cea50d1cbac27 -> 
  custom:video-decoder-webm-vp8: 9c59270c3fd7afecdb556c50c9e8de78 -> 
  custom:audio-decoder-ogg-vorbis: bf7c407c2cedff20999df2af8eb42d56 -> 
========================================================================
Received Prepare
Registering precompiled user dll's ...
Registered in 0.007256 seconds.
Begin MonoManager ReloadAssembly
Symbol file LoadedFromMemory is not a mono symbol file
Native extension for UWP target not found
Native extension for WindowsStandalone target not found
Native extension for Android target not found
Native extension for WebGL target not found
Refreshing native plugins compatible for Editor in 0.91 ms, found 2 plugins.
Preloading 0 native plugins for Editor in 0.00 ms.
[Package Manager] Server::EnsureServerProcessIsRunning -- launch failed, reason: Unity was launched with the -noUpm command-line argument
[Package Manager] Cannot connect to Unity Package Manager local server
Mono: successfully reloaded assembly
- Completed reload, in  1.260 seconds
Domain Reload Profiling:
	ReloadAssembly (1261ms)
		BeginReloadAssembly (132ms)
			ExecutionOrderSort (0ms)
			DisableScriptedObjects (5ms)
			BackupInstance (0ms)
			ReleaseScriptingObjects (0ms)
			CreateAndSetChildDomain (39ms)
		EndReloadAssembly (1052ms)
			LoadAssemblies (93ms)
			RebuildTransferFunctionScriptingTraits (0ms)
			SetupTypeCache (171ms)
			ReleaseScriptCaches (1ms)
			RebuildScriptCaches (30ms)
			SetupLoadedEditorAssemblies (729ms)
				LogAssemblyErrors (0ms)
				InitializePlatformSupportModulesInManaged (14ms)
				SetLoadedEditorAssemblies (0ms)
				RefreshPlugins (1ms)
				BeforeProcessingInitializeOnLoad (40ms)
				ProcessInitializeOnLoadAttributes (564ms)
				ProcessInitializeOnLoadMethodAttributes (104ms)
				AfterProcessingInitializeOnLoad (5ms)
				EditorAssembliesLoaded (0ms)
			ExecutionOrderSort2 (0ms)
			AwakeInstancesAfterBackupRestoration (5ms)
Platform modules already initialized, skipping
Refreshing native plugins compatible for Editor in 0.95 ms, found 2 plugins.
Preloading 0 native plugins for Editor in 0.00 ms.
Unloading 3099 Unused Serialized files (Serialized files now loaded: 0)
Unloading 51 unused Assets / (23.0 KB). Loaded Objects now: 3620.
Memory consumption went from 114.7 MB to 114.7 MB.
Total: 6.093400 ms (FindLiveObjects: 0.246100 ms CreateObjectMapping: 0.077400 ms MarkObjects: 5.724500 ms  DeleteObjects: 0.044200 ms)

AssetImportParameters requested are different than current active one (requested -> active):
  custom:video-decoder-ogg-theora: a1e56fd34408186e4bbccfd4996cb3dc -> 
  custom:container-muxer-webm: aa71ff27fc2769a1b78a27578f13a17b -> 
  custom:container-demuxer-webm: 4f35f7cbe854078d1ac9338744f61a02 -> 
  custom:video-encoder-webm-vp8: eb34c28f22e8b96e1ab97ce403110664 -> 
  custom:CustomObjectIndexerAttribute: bc11b3a6c3213fcdd17b65e7da85e133 -> 
  custom:audio-encoder-webm-vorbis: bf7c407c2cedff20999df2af8eb42d56 -> 
  custom:framework-win-MediaFoundation: 216162199b28c13a410421893ffa2e32 -> 
  custom:SearchIndexIgnoredProperties: e643bd26f0fe6173181afceb89e7c659 -> 
  custom:container-demuxer-ogg: 62fdf1f143b41e24485cea50d1cbac27 -> 
  custom:video-decoder-webm-vp8: 9c59270c3fd7afecdb556c50c9e8de78 -> 
  custom:audio-decoder-ogg-vorbis: bf7c407c2cedff20999df2af8eb42d56 -> 
========================================================================
Received Prepare
Refreshing native plugins compatible for Editor in 10.92 ms, found 2 plugins.
Preloading 0 native plugins for Editor in 0.00 ms.
Unloading 49 Unused Serialized files (Serialized files now loaded: 0)
Unloading 49 unused Assets / (23.0 KB). Loaded Objects now: 3620.
Memory consumption went from 52.8 MB to 52.8 MB.
Total: 6.407600 ms (FindLiveObjects: 0.253300 ms CreateObjectMapping: 0.079600 ms MarkObjects: 6.037300 ms  DeleteObjects: 0.036500 ms)

AssetImportParameters requested are different than current active one (requested -> active):
  custom:video-decoder-ogg-theora: a1e56fd34408186e4bbccfd4996cb3dc -> 
  custom:container-muxer-webm: aa71ff27fc2769a1b78a27578f13a17b -> 
  custom:container-demuxer-webm: 4f35f7cbe854078d1ac9338744f61a02 -> 
  custom:video-encoder-webm-vp8: eb34c28f22e8b96e1ab97ce403110664 -> 
  custom:CustomObjectIndexerAttribute: bc11b3a6c3213fcdd17b65e7da85e133 -> 
  custom:audio-encoder-webm-vorbis: bf7c407c2cedff20999df2af8eb42d56 -> 
  custom:framework-win-MediaFoundation: 216162199b28c13a410421893ffa2e32 -> 
  custom:SearchIndexIgnoredProperties: e643bd26f0fe6173181afceb89e7c659 -> 
  custom:container-demuxer-ogg: 62fdf1f143b41e24485cea50d1cbac27 -> 
  custom:video-decoder-webm-vp8: 9c59270c3fd7afecdb556c50c9e8de78 -> 
  custom:audio-decoder-ogg-vorbis: bf7c407c2cedff20999df2af8eb42d56 -> 
========================================================================
Received Prepare
Registering precompiled user dll's ...
Registered in 0.007115 seconds.
Begin MonoManager ReloadAssembly
Symbol file LoadedFromMemory is not a mono symbol file
Native extension for UWP target not found
Native extension for WindowsStandalone target not found
Native extension for Android target not found
Native extension for WebGL target not found
Refreshing native plugins compatible for Editor in 0.90 ms, found 2 plugins.
Preloading 0 native plugins for Editor in 0.00 ms.
[Package Manager] Server::EnsureServerProcessIsRunning -- launch failed, reason: Unity was launched with the -noUpm command-line argument
[Package Manager] Cannot connect to Unity Package Manager local server
Mono: successfully reloaded assembly
- Completed reload, in  1.334 seconds
Domain Reload Profiling:
	ReloadAssembly (1335ms)
		BeginReloadAssembly (132ms)
			ExecutionOrderSort (0ms)
			DisableScriptedObjects (5ms)
			BackupInstance (0ms)
			ReleaseScriptingObjects (0ms)
			CreateAndSetChildDomain (37ms)
		EndReloadAssembly (1127ms)
			LoadAssemblies (96ms)
			RebuildTransferFunctionScriptingTraits (0ms)
			SetupTypeCache (187ms)
			ReleaseScriptCaches (1ms)
			RebuildScriptCaches (36ms)
			SetupLoadedEditorAssemblies (765ms)
				LogAssemblyErrors (0ms)
				InitializePlatformSupportModulesInManaged (15ms)
				SetLoadedEditorAssemblies (1ms)
				RefreshPlugins (1ms)
				BeforeProcessingInitializeOnLoad (44ms)
				ProcessInitializeOnLoadAttributes (580ms)
				ProcessInitializeOnLoadMethodAttributes (118ms)
				AfterProcessingInitializeOnLoad (6ms)
				EditorAssembliesLoaded (0ms)
			ExecutionOrderSort2 (0ms)
			AwakeInstancesAfterBackupRestoration (8ms)
Platform modules already initialized, skipping
Refreshing native plugins compatible for Editor in 0.91 ms, found 2 plugins.
Preloading 0 native plugins for Editor in 0.00 ms.
Unloading 3099 Unused Serialized files (Serialized files now loaded: 0)
Unloading 51 unused Assets / (23.1 KB). Loaded Objects now: 3623.
Memory consumption went from 114.7 MB to 114.7 MB.
Total: 6.426000 ms (FindLiveObjects: 0.383400 ms CreateObjectMapping: 0.106600 ms MarkObjects: 5.893600 ms  DeleteObjects: 0.041500 ms)

AssetImportParameters requested are different than current active one (requested -> active):
  custom:video-decoder-ogg-theora: a1e56fd34408186e4bbccfd4996cb3dc -> 
  custom:container-muxer-webm: aa71ff27fc2769a1b78a27578f13a17b -> 
  custom:container-demuxer-webm: 4f35f7cbe854078d1ac9338744f61a02 -> 
  custom:video-encoder-webm-vp8: eb34c28f22e8b96e1ab97ce403110664 -> 
  custom:CustomObjectIndexerAttribute: bc11b3a6c3213fcdd17b65e7da85e133 -> 
  custom:audio-encoder-webm-vorbis: bf7c407c2cedff20999df2af8eb42d56 -> 
  custom:framework-win-MediaFoundation: 216162199b28c13a410421893ffa2e32 -> 
  custom:SearchIndexIgnoredProperties: e643bd26f0fe6173181afceb89e7c659 -> 
  custom:container-demuxer-ogg: 62fdf1f143b41e24485cea50d1cbac27 -> 
  custom:video-decoder-webm-vp8: 9c59270c3fd7afecdb556c50c9e8de78 -> 
  custom:audio-decoder-ogg-vorbis: bf7c407c2cedff20999df2af8eb42d56 -> 
========================================================================
Received Import Request.
  Time since last request: 4979.568934 seconds.
  path: Assets/Prefabs/SavedGame.prefab
  artifactKey: Guid(ea9591973ec9b494581286950b5f0ab2) Importer(815301076,1909f56bfc062723c751e8b465ee728b)
Number of updated assets reloaded before import = 0
Start importing Assets/Prefabs/SavedGame.prefab using Guid(ea9591973ec9b494581286950b5f0ab2) Importer(815301076,1909f56bfc062723c751e8b465ee728b)  -> (artifact id: 'de1d5bcd95dc622652469bf6749733b7') in 0.087383 seconds 
Number of asset objects unloaded after import = 106
========================================================================
Received Import Request.
  Time since last request: 0.000038 seconds.
  path: Assets/Prefabs/TargetDebuff.prefab
  artifactKey: Guid(615abe6d9cf0017418471c1117a319e6) Importer(815301076,1909f56bfc062723c751e8b465ee728b)
Number of updated assets reloaded before import = 0
Start importing Assets/Prefabs/TargetDebuff.prefab using Guid(615abe6d9cf0017418471c1117a319e6) Importer(815301076,1909f56bfc062723c751e8b465ee728b)  -> (artifact id: '16df012d5866310a3bdf7887172de524') in 0.010996 seconds 
Number of asset objects unloaded after import = 13
========================================================================
Received Import Request.
  Time since last request: 13.339613 seconds.
  path: Assets/Prefabs/Characters/Player.prefab
  artifactKey: Guid(206ba08d4fe851042abcfec0a35020d5) Importer(815301076,1909f56bfc062723c751e8b465ee728b)
Number of updated assets reloaded before import = 0
Start importing Assets/Prefabs/Characters/Player.prefab using Guid(206ba08d4fe851042abcfec0a35020d5) Importer(815301076,1909f56bfc062723c751e8b465ee728b)  -> (artifact id: '04da0f048497f5d7533f65f96c1b04be') in 0.014798 seconds 
Number of asset objects unloaded after import = 71
========================================================================
Received Prepare
Registering precompiled user dll's ...
Registered in 0.005650 seconds.
Begin MonoManager ReloadAssembly
Symbol file LoadedFromMemory is not a mono symbol file
Native extension for UWP target not found
Native extension for WindowsStandalone target not found
Native extension for Android target not found
Native extension for WebGL target not found
Refreshing native plugins compatible for Editor in 0.94 ms, found 2 plugins.
Preloading 0 native plugins for Editor in 0.00 ms.
[Package Manager] Server::EnsureServerProcessIsRunning -- launch failed, reason: Unity was launched with the -noUpm command-line argument
[Package Manager] Cannot connect to Unity Package Manager local server
Mono: successfully reloaded assembly
- Completed reload, in  1.271 seconds
Domain Reload Profiling:
	ReloadAssembly (1272ms)
		BeginReloadAssembly (145ms)
			ExecutionOrderSort (0ms)
			DisableScriptedObjects (5ms)
			BackupInstance (0ms)
			ReleaseScriptingObjects (0ms)
			CreateAndSetChildDomain (48ms)
		EndReloadAssembly (1052ms)
			LoadAssemblies (94ms)
			RebuildTransferFunctionScriptingTraits (0ms)
			SetupTypeCache (171ms)
			ReleaseScriptCaches (1ms)
			RebuildScriptCaches (29ms)
			SetupLoadedEditorAssemblies (730ms)
				LogAssemblyErrors (0ms)
				InitializePlatformSupportModulesInManaged (15ms)
				SetLoadedEditorAssemblies (0ms)
				RefreshPlugins (1ms)
				BeforeProcessingInitializeOnLoad (40ms)
				ProcessInitializeOnLoadAttributes (566ms)
				ProcessInitializeOnLoadMethodAttributes (102ms)
				AfterProcessingInitializeOnLoad (6ms)
				EditorAssembliesLoaded (0ms)
			ExecutionOrderSort2 (0ms)
			AwakeInstancesAfterBackupRestoration (6ms)
Platform modules already initialized, skipping
Refreshing native plugins compatible for Editor in 0.90 ms, found 2 plugins.
Preloading 0 native plugins for Editor in 0.00 ms.
Unloading 3099 Unused Serialized files (Serialized files now loaded: 0)
Unloading 51 unused Assets / (23.0 KB). Loaded Objects now: 3627.
Memory consumption went from 114.7 MB to 114.7 MB.
Total: 6.778600 ms (FindLiveObjects: 0.248300 ms CreateObjectMapping: 0.088500 ms MarkObjects: 6.381600 ms  DeleteObjects: 0.058700 ms)

AssetImportParameters requested are different than current active one (requested -> active):
  custom:video-decoder-ogg-theora: a1e56fd34408186e4bbccfd4996cb3dc -> 
  custom:container-muxer-webm: aa71ff27fc2769a1b78a27578f13a17b -> 
  custom:container-demuxer-webm: 4f35f7cbe854078d1ac9338744f61a02 -> 
  custom:video-encoder-webm-vp8: eb34c28f22e8b96e1ab97ce403110664 -> 
  custom:CustomObjectIndexerAttribute: bc11b3a6c3213fcdd17b65e7da85e133 -> 
  custom:audio-encoder-webm-vorbis: bf7c407c2cedff20999df2af8eb42d56 -> 
  custom:framework-win-MediaFoundation: 216162199b28c13a410421893ffa2e32 -> 
  custom:SearchIndexIgnoredProperties: e643bd26f0fe6173181afceb89e7c659 -> 
  custom:container-demuxer-ogg: 62fdf1f143b41e24485cea50d1cbac27 -> 
  custom:video-decoder-webm-vp8: 9c59270c3fd7afecdb556c50c9e8de78 -> 
  custom:audio-decoder-ogg-vorbis: bf7c407c2cedff20999df2af8eb42d56 -> 
========================================================================
Received Import Request.
  Time since last request: 1135.343266 seconds.
  path: Assets/Prefabs/Characters/Player.prefab
  artifactKey: Guid(206ba08d4fe851042abcfec0a35020d5) Importer(815301076,1909f56bfc062723c751e8b465ee728b)
Number of updated assets reloaded before import = 0
Start importing Assets/Prefabs/Characters/Player.prefab using Guid(206ba08d4fe851042abcfec0a35020d5) Importer(815301076,1909f56bfc062723c751e8b465ee728b)  -> (artifact id: 'b818de007eb9aec0dc467182f861aaea') in 0.044278 seconds 
Number of asset objects unloaded after import = 73
========================================================================
Received Prepare
Refreshing native plugins compatible for Editor in 10.85 ms, found 2 plugins.
Preloading 0 native plugins for Editor in 0.00 ms.
Unloading 49 Unused Serialized files (Serialized files now loaded: 0)
Unloading 49 unused Assets / (23.0 KB). Loaded Objects now: 3627.
Memory consumption went from 52.7 MB to 52.6 MB.
Total: 6.931000 ms (FindLiveObjects: 0.295500 ms CreateObjectMapping: 0.218200 ms MarkObjects: 6.379300 ms  DeleteObjects: 0.037400 ms)

AssetImportParameters requested are different than current active one (requested -> active):
  custom:video-decoder-ogg-theora: a1e56fd34408186e4bbccfd4996cb3dc -> 
  custom:container-muxer-webm: aa71ff27fc2769a1b78a27578f13a17b -> 
  custom:container-demuxer-webm: 4f35f7cbe854078d1ac9338744f61a02 -> 
  custom:video-encoder-webm-vp8: eb34c28f22e8b96e1ab97ce403110664 -> 
  custom:CustomObjectIndexerAttribute: bc11b3a6c3213fcdd17b65e7da85e133 -> 
  custom:audio-encoder-webm-vorbis: bf7c407c2cedff20999df2af8eb42d56 -> 
  custom:framework-win-MediaFoundation: 216162199b28c13a410421893ffa2e32 -> 
  custom:SearchIndexIgnoredProperties: e643bd26f0fe6173181afceb89e7c659 -> 
  custom:container-demuxer-ogg: 62fdf1f143b41e24485cea50d1cbac27 -> 
  custom:video-decoder-webm-vp8: 9c59270c3fd7afecdb556c50c9e8de78 -> 
  custom:audio-decoder-ogg-vorbis: bf7c407c2cedff20999df2af8eb42d56 -> 
========================================================================
Received Prepare
Refreshing native plugins compatible for Editor in 9.55 ms, found 2 plugins.
Preloading 0 native plugins for Editor in 0.00 ms.
Unloading 49 Unused Serialized files (Serialized files now loaded: 0)
Unloading 49 unused Assets / (23.0 KB). Loaded Objects now: 3627.
Memory consumption went from 52.7 MB to 52.6 MB.
Total: 8.168200 ms (FindLiveObjects: 0.236800 ms CreateObjectMapping: 0.168400 ms MarkObjects: 7.722100 ms  DeleteObjects: 0.040200 ms)

AssetImportParameters requested are different than current active one (requested -> active):
  custom:video-decoder-ogg-theora: a1e56fd34408186e4bbccfd4996cb3dc -> 
  custom:container-muxer-webm: aa71ff27fc2769a1b78a27578f13a17b -> 
  custom:container-demuxer-webm: 4f35f7cbe854078d1ac9338744f61a02 -> 
  custom:video-encoder-webm-vp8: eb34c28f22e8b96e1ab97ce403110664 -> 
  custom:CustomObjectIndexerAttribute: bc11b3a6c3213fcdd17b65e7da85e133 -> 
  custom:audio-encoder-webm-vorbis: bf7c407c2cedff20999df2af8eb42d56 -> 
  custom:framework-win-MediaFoundation: 216162199b28c13a410421893ffa2e32 -> 
  custom:SearchIndexIgnoredProperties: e643bd26f0fe6173181afceb89e7c659 -> 
  custom:container-demuxer-ogg: 62fdf1f143b41e24485cea50d1cbac27 -> 
  custom:video-decoder-webm-vp8: 9c59270c3fd7afecdb556c50c9e8de78 -> 
  custom:audio-decoder-ogg-vorbis: bf7c407c2cedff20999df2af8eb42d56 -> 
========================================================================
Received Prepare
Registering precompiled user dll's ...
Registered in 0.009838 seconds.
Begin MonoManager ReloadAssembly
Symbol file LoadedFromMemory is not a mono symbol file
Native extension for UWP target not found
Native extension for WindowsStandalone target not found
Native extension for Android target not found
Native extension for WebGL target not found
Refreshing native plugins compatible for Editor in 1.34 ms, found 2 plugins.
Preloading 0 native plugins for Editor in 0.00 ms.
[Package Manager] Server::EnsureServerProcessIsRunning -- launch failed, reason: Unity was launched with the -noUpm command-line argument
[Package Manager] Cannot connect to Unity Package Manager local server
[ScriptCompilation] NOT recompiling all scripts because this is an import worker process. Reason to compile was: Define symbols changed
Mono: successfully reloaded assembly
- Completed reload, in  1.712 seconds
Domain Reload Profiling:
	ReloadAssembly (1713ms)
		BeginReloadAssembly (179ms)
			ExecutionOrderSort (0ms)
			DisableScriptedObjects (7ms)
			BackupInstance (0ms)
			ReleaseScriptingObjects (0ms)
			CreateAndSetChildDomain (48ms)
		EndReloadAssembly (1399ms)
			LoadAssemblies (132ms)
			RebuildTransferFunctionScriptingTraits (0ms)
			SetupTypeCache (263ms)
			ReleaseScriptCaches (2ms)
			RebuildScriptCaches (51ms)
			SetupLoadedEditorAssemblies (909ms)
				LogAssemblyErrors (0ms)
				InitializePlatformSupportModulesInManaged (20ms)
				SetLoadedEditorAssemblies (0ms)
				RefreshPlugins (1ms)
				BeforeProcessingInitializeOnLoad (47ms)
				ProcessInitializeOnLoadAttributes (664ms)
				ProcessInitializeOnLoadMethodAttributes (168ms)
				AfterProcessingInitializeOnLoad (9ms)
				EditorAssembliesLoaded (0ms)
			ExecutionOrderSort2 (0ms)
			AwakeInstancesAfterBackupRestoration (8ms)
Platform modules already initialized, skipping
Refreshing native plugins compatible for Editor in 1.01 ms, found 2 plugins.
Preloading 0 native plugins for Editor in 0.00 ms.
Unloading 3099 Unused Serialized files (Serialized files now loaded: 0)
Unloading 51 unused Assets / (23.0 KB). Loaded Objects now: 3630.
Memory consumption went from 114.8 MB to 114.7 MB.
Total: 6.264200 ms (FindLiveObjects: 0.248400 ms CreateObjectMapping: 0.171700 ms MarkObjects: 5.809900 ms  DeleteObjects: 0.033400 ms)

AssetImportParameters requested are different than current active one (requested -> active):
  custom:video-decoder-ogg-theora: a1e56fd34408186e4bbccfd4996cb3dc -> 
  custom:container-muxer-webm: aa71ff27fc2769a1b78a27578f13a17b -> 
  custom:container-demuxer-webm: 4f35f7cbe854078d1ac9338744f61a02 -> 
  custom:video-encoder-webm-vp8: eb34c28f22e8b96e1ab97ce403110664 -> 
  custom:CustomObjectIndexerAttribute: bc11b3a6c3213fcdd17b65e7da85e133 -> 
  custom:audio-encoder-webm-vorbis: bf7c407c2cedff20999df2af8eb42d56 -> 
  custom:framework-win-MediaFoundation: 216162199b28c13a410421893ffa2e32 -> 
  custom:SearchIndexIgnoredProperties: e643bd26f0fe6173181afceb89e7c659 -> 
  custom:container-demuxer-ogg: 62fdf1f143b41e24485cea50d1cbac27 -> 
  custom:video-decoder-webm-vp8: 9c59270c3fd7afecdb556c50c9e8de78 -> 
  custom:audio-decoder-ogg-vorbis: bf7c407c2cedff20999df2af8eb42d56 -> 
========================================================================
Received Prepare
Refreshing native plugins compatible for Editor in 12.36 ms, found 2 plugins.
Preloading 0 native plugins for Editor in 0.00 ms.
Unloading 49 Unused Serialized files (Serialized files now loaded: 0)
Unloading 49 unused Assets / (23.1 KB). Loaded Objects now: 3630.
Memory consumption went from 52.9 MB to 52.8 MB.
Total: 6.878600 ms (FindLiveObjects: 0.455900 ms CreateObjectMapping: 0.102500 ms MarkObjects: 6.265800 ms  DeleteObjects: 0.053600 ms)

AssetImportParameters requested are different than current active one (requested -> active):
  custom:video-decoder-ogg-theora: a1e56fd34408186e4bbccfd4996cb3dc -> 
  custom:container-muxer-webm: aa71ff27fc2769a1b78a27578f13a17b -> 
  custom:container-demuxer-webm: 4f35f7cbe854078d1ac9338744f61a02 -> 
  custom:video-encoder-webm-vp8: eb34c28f22e8b96e1ab97ce403110664 -> 
  custom:CustomObjectIndexerAttribute: bc11b3a6c3213fcdd17b65e7da85e133 -> 
  custom:audio-encoder-webm-vorbis: bf7c407c2cedff20999df2af8eb42d56 -> 
  custom:framework-win-MediaFoundation: 216162199b28c13a410421893ffa2e32 -> 
  custom:SearchIndexIgnoredProperties: e643bd26f0fe6173181afceb89e7c659 -> 
  custom:container-demuxer-ogg: 62fdf1f143b41e24485cea50d1cbac27 -> 
  custom:video-decoder-webm-vp8: 9c59270c3fd7afecdb556c50c9e8de78 -> 
  custom:audio-decoder-ogg-vorbis: bf7c407c2cedff20999df2af8eb42d56 -> 
========================================================================
Received Prepare
Refreshing native plugins compatible for Editor in 11.32 ms, found 2 plugins.
Preloading 0 native plugins for Editor in 0.00 ms.
Unloading 49 Unused Serialized files (Serialized files now loaded: 0)
Unloading 49 unused Assets / (23.0 KB). Loaded Objects now: 3630.
Memory consumption went from 52.5 MB to 52.5 MB.
Total: 6.966100 ms (FindLiveObjects: 0.235500 ms CreateObjectMapping: 0.221200 ms MarkObjects: 6.470700 ms  DeleteObjects: 0.037800 ms)

AssetImportParameters requested are different than current active one (requested -> active):
  custom:video-decoder-ogg-theora: a1e56fd34408186e4bbccfd4996cb3dc -> 
  custom:container-muxer-webm: aa71ff27fc2769a1b78a27578f13a17b -> 
  custom:container-demuxer-webm: 4f35f7cbe854078d1ac9338744f61a02 -> 
  custom:video-encoder-webm-vp8: eb34c28f22e8b96e1ab97ce403110664 -> 
  custom:CustomObjectIndexerAttribute: bc11b3a6c3213fcdd17b65e7da85e133 -> 
  custom:audio-encoder-webm-vorbis: bf7c407c2cedff20999df2af8eb42d56 -> 
  custom:framework-win-MediaFoundation: 216162199b28c13a410421893ffa2e32 -> 
  custom:SearchIndexIgnoredProperties: e643bd26f0fe6173181afceb89e7c659 -> 
  custom:container-demuxer-ogg: 62fdf1f143b41e24485cea50d1cbac27 -> 
  custom:video-decoder-webm-vp8: 9c59270c3fd7afecdb556c50c9e8de78 -> 
  custom:audio-decoder-ogg-vorbis: bf7c407c2cedff20999df2af8eb42d56 -> 
========================================================================
Received Prepare
Refreshing native plugins compatible for Editor in 12.33 ms, found 2 plugins.
Preloading 0 native plugins for Editor in 0.00 ms.
Unloading 49 Unused Serialized files (Serialized files now loaded: 0)
Unloading 49 unused Assets / (23.0 KB). Loaded Objects now: 3630.
Memory consumption went from 52.5 MB to 52.5 MB.
Total: 9.399800 ms (FindLiveObjects: 0.260300 ms CreateObjectMapping: 0.087200 ms MarkObjects: 9.006500 ms  DeleteObjects: 0.044800 ms)

AssetImportParameters requested are different than current active one (requested -> active):
  custom:video-decoder-ogg-theora: a1e56fd34408186e4bbccfd4996cb3dc -> 
  custom:container-muxer-webm: aa71ff27fc2769a1b78a27578f13a17b -> 
  custom:container-demuxer-webm: 4f35f7cbe854078d1ac9338744f61a02 -> 
  custom:video-encoder-webm-vp8: eb34c28f22e8b96e1ab97ce403110664 -> 
  custom:CustomObjectIndexerAttribute: bc11b3a6c3213fcdd17b65e7da85e133 -> 
  custom:audio-encoder-webm-vorbis: bf7c407c2cedff20999df2af8eb42d56 -> 
  custom:framework-win-MediaFoundation: 216162199b28c13a410421893ffa2e32 -> 
  custom:SearchIndexIgnoredProperties: e643bd26f0fe6173181afceb89e7c659 -> 
  custom:container-demuxer-ogg: 62fdf1f143b41e24485cea50d1cbac27 -> 
  custom:video-decoder-webm-vp8: 9c59270c3fd7afecdb556c50c9e8de78 -> 
  custom:audio-decoder-ogg-vorbis: bf7c407c2cedff20999df2af8eb42d56 -> 
========================================================================
Received Prepare
Registering precompiled user dll's ...
Registered in 0.008797 seconds.
Begin MonoManager ReloadAssembly
Symbol file LoadedFromMemory is not a mono symbol file
Native extension for UWP target not found
Native extension for WindowsStandalone target not found
Native extension for Android target not found
Native extension for WebGL target not found
Refreshing native plugins compatible for Editor in 1.58 ms, found 2 plugins.
Preloading 0 native plugins for Editor in 0.00 ms.
[Package Manager] Server::EnsureServerProcessIsRunning -- launch failed, reason: Unity was launched with the -noUpm command-line argument
[Package Manager] Cannot connect to Unity Package Manager local server
Mono: successfully reloaded assembly
- Completed reload, in  1.690 seconds
Domain Reload Profiling:
	ReloadAssembly (1691ms)
		BeginReloadAssembly (175ms)
			ExecutionOrderSort (0ms)
			DisableScriptedObjects (8ms)
			BackupInstance (0ms)
			ReleaseScriptingObjects (0ms)
			CreateAndSetChildDomain (48ms)
		EndReloadAssembly (1395ms)
			LoadAssemblies (117ms)
			RebuildTransferFunctionScriptingTraits (0ms)
			SetupTypeCache (274ms)
			ReleaseScriptCaches (2ms)
			RebuildScriptCaches (48ms)
			SetupLoadedEditorAssemblies (915ms)
				LogAssemblyErrors (0ms)
				InitializePlatformSupportModulesInManaged (21ms)
				SetLoadedEditorAssemblies (1ms)
				RefreshPlugins (2ms)
				BeforeProcessingInitializeOnLoad (67ms)
				ProcessInitializeOnLoadAttributes (652ms)
				ProcessInitializeOnLoadMethodAttributes (167ms)
				AfterProcessingInitializeOnLoad (6ms)
				EditorAssembliesLoaded (0ms)
			ExecutionOrderSort2 (0ms)
			AwakeInstancesAfterBackupRestoration (7ms)
Platform modules already initialized, skipping
Refreshing native plugins compatible for Editor in 0.88 ms, found 2 plugins.
Preloading 0 native plugins for Editor in 0.00 ms.
Unloading 3099 Unused Serialized files (Serialized files now loaded: 0)
Unloading 51 unused Assets / (23.0 KB). Loaded Objects now: 3633.
Memory consumption went from 114.7 MB to 114.7 MB.
Total: 8.550200 ms (FindLiveObjects: 0.267800 ms CreateObjectMapping: 0.090700 ms MarkObjects: 8.141100 ms  DeleteObjects: 0.049200 ms)

AssetImportParameters requested are different than current active one (requested -> active):
  custom:video-decoder-ogg-theora: a1e56fd34408186e4bbccfd4996cb3dc -> 
  custom:container-muxer-webm: aa71ff27fc2769a1b78a27578f13a17b -> 
  custom:container-demuxer-webm: 4f35f7cbe854078d1ac9338744f61a02 -> 
  custom:video-encoder-webm-vp8: eb34c28f22e8b96e1ab97ce403110664 -> 
  custom:CustomObjectIndexerAttribute: bc11b3a6c3213fcdd17b65e7da85e133 -> 
  custom:audio-encoder-webm-vorbis: bf7c407c2cedff20999df2af8eb42d56 -> 
  custom:framework-win-MediaFoundation: 216162199b28c13a410421893ffa2e32 -> 
  custom:SearchIndexIgnoredProperties: e643bd26f0fe6173181afceb89e7c659 -> 
  custom:container-demuxer-ogg: 62fdf1f143b41e24485cea50d1cbac27 -> 
  custom:video-decoder-webm-vp8: 9c59270c3fd7afecdb556c50c9e8de78 -> 
  custom:audio-decoder-ogg-vorbis: bf7c407c2cedff20999df2af8eb42d56 -> 
========================================================================
Received Prepare
Refreshing native plugins compatible for Editor in 9.94 ms, found 2 plugins.
Preloading 0 native plugins for Editor in 0.00 ms.
Unloading 49 Unused Serialized files (Serialized files now loaded: 0)
Unloading 49 unused Assets / (23.1 KB). Loaded Objects now: 3633.
Memory consumption went from 52.8 MB to 52.8 MB.
Total: 6.084200 ms (FindLiveObjects: 0.232400 ms CreateObjectMapping: 0.083200 ms MarkObjects: 5.730100 ms  DeleteObjects: 0.037700 ms)

AssetImportParameters requested are different than current active one (requested -> active):
  custom:video-decoder-ogg-theora: a1e56fd34408186e4bbccfd4996cb3dc -> 
  custom:container-muxer-webm: aa71ff27fc2769a1b78a27578f13a17b -> 
  custom:container-demuxer-webm: 4f35f7cbe854078d1ac9338744f61a02 -> 
  custom:video-encoder-webm-vp8: eb34c28f22e8b96e1ab97ce403110664 -> 
  custom:CustomObjectIndexerAttribute: bc11b3a6c3213fcdd17b65e7da85e133 -> 
  custom:audio-encoder-webm-vorbis: bf7c407c2cedff20999df2af8eb42d56 -> 
  custom:framework-win-MediaFoundation: 216162199b28c13a410421893ffa2e32 -> 
  custom:SearchIndexIgnoredProperties: e643bd26f0fe6173181afceb89e7c659 -> 
  custom:container-demuxer-ogg: 62fdf1f143b41e24485cea50d1cbac27 -> 
  custom:video-decoder-webm-vp8: 9c59270c3fd7afecdb556c50c9e8de78 -> 
  custom:audio-decoder-ogg-vorbis: bf7c407c2cedff20999df2af8eb42d56 -> 
========================================================================
Received Prepare
Registering precompiled user dll's ...
Registered in 0.007364 seconds.
Begin MonoManager ReloadAssembly
Symbol file LoadedFromMemory is not a mono symbol file
Native extension for UWP target not found
Native extension for WindowsStandalone target not found
Native extension for Android target not found
Native extension for WebGL target not found
Refreshing native plugins compatible for Editor in 0.89 ms, found 2 plugins.
Preloading 0 native plugins for Editor in 0.00 ms.
[Package Manager] Server::EnsureServerProcessIsRunning -- launch failed, reason: Unity was launched with the -noUpm command-line argument
[Package Manager] Cannot connect to Unity Package Manager local server
Mono: successfully reloaded assembly
- Completed reload, in  1.316 seconds
Domain Reload Profiling:
	ReloadAssembly (1317ms)
		BeginReloadAssembly (133ms)
			ExecutionOrderSort (0ms)
			DisableScriptedObjects (5ms)
			BackupInstance (0ms)
			ReleaseScriptingObjects (0ms)
			CreateAndSetChildDomain (36ms)
		EndReloadAssembly (1108ms)
			LoadAssemblies (95ms)
			RebuildTransferFunctionScriptingTraits (0ms)
			SetupTypeCache (187ms)
			ReleaseScriptCaches (1ms)
			RebuildScriptCaches (33ms)
			SetupLoadedEditorAssemblies (756ms)
				LogAssemblyErrors (0ms)
				InitializePlatformSupportModulesInManaged (16ms)
				SetLoadedEditorAssemblies (0ms)
				RefreshPlugins (1ms)
				BeforeProcessingInitializeOnLoad (45ms)
				ProcessInitializeOnLoadAttributes (574ms)
				ProcessInitializeOnLoadMethodAttributes (114ms)
				AfterProcessingInitializeOnLoad (6ms)
				EditorAssembliesLoaded (0ms)
			ExecutionOrderSort2 (0ms)
			AwakeInstancesAfterBackupRestoration (6ms)
Platform modules already initialized, skipping
Refreshing native plugins compatible for Editor in 1.58 ms, found 2 plugins.
Preloading 0 native plugins for Editor in 0.00 ms.
Unloading 3099 Unused Serialized files (Serialized files now loaded: 0)
Unloading 51 unused Assets / (23.0 KB). Loaded Objects now: 3636.
Memory consumption went from 114.7 MB to 114.7 MB.
Total: 6.481200 ms (FindLiveObjects: 0.259000 ms CreateObjectMapping: 0.094800 ms MarkObjects: 6.082100 ms  DeleteObjects: 0.044100 ms)

AssetImportParameters requested are different than current active one (requested -> active):
  custom:video-decoder-ogg-theora: a1e56fd34408186e4bbccfd4996cb3dc -> 
  custom:container-muxer-webm: aa71ff27fc2769a1b78a27578f13a17b -> 
  custom:container-demuxer-webm: 4f35f7cbe854078d1ac9338744f61a02 -> 
  custom:video-encoder-webm-vp8: eb34c28f22e8b96e1ab97ce403110664 -> 
  custom:CustomObjectIndexerAttribute: bc11b3a6c3213fcdd17b65e7da85e133 -> 
  custom:audio-encoder-webm-vorbis: bf7c407c2cedff20999df2af8eb42d56 -> 
  custom:framework-win-MediaFoundation: 216162199b28c13a410421893ffa2e32 -> 
  custom:SearchIndexIgnoredProperties: e643bd26f0fe6173181afceb89e7c659 -> 
  custom:container-demuxer-ogg: 62fdf1f143b41e24485cea50d1cbac27 -> 
  custom:video-decoder-webm-vp8: 9c59270c3fd7afecdb556c50c9e8de78 -> 
  custom:audio-decoder-ogg-vorbis: bf7c407c2cedff20999df2af8eb42d56 -> 
========================================================================
Received Prepare
Registering precompiled user dll's ...
Registered in 0.007102 seconds.
Begin MonoManager ReloadAssembly
Symbol file LoadedFromMemory is not a mono symbol file
Native extension for UWP target not found
Native extension for WindowsStandalone target not found
Native extension for Android target not found
Native extension for WebGL target not found
Refreshing native plugins compatible for Editor in 0.92 ms, found 2 plugins.
Preloading 0 native plugins for Editor in 0.00 ms.
[Package Manager] Server::EnsureServerProcessIsRunning -- launch failed, reason: Unity was launched with the -noUpm command-line argument
[Package Manager] Cannot connect to Unity Package Manager local server
Mono: successfully reloaded assembly
- Completed reload, in  1.355 seconds
Domain Reload Profiling:
	ReloadAssembly (1356ms)
		BeginReloadAssembly (131ms)
			ExecutionOrderSort (0ms)
			DisableScriptedObjects (5ms)
			BackupInstance (0ms)
			ReleaseScriptingObjects (0ms)
			CreateAndSetChildDomain (37ms)
		EndReloadAssembly (1147ms)
			LoadAssemblies (94ms)
			RebuildTransferFunctionScriptingTraits (0ms)
			SetupTypeCache (206ms)
			ReleaseScriptCaches (1ms)
			RebuildScriptCaches (37ms)
			SetupLoadedEditorAssemblies (774ms)
				LogAssemblyErrors (0ms)
				InitializePlatformSupportModulesInManaged (15ms)
				SetLoadedEditorAssemblies (0ms)
				RefreshPlugins (1ms)
				BeforeProcessingInitializeOnLoad (46ms)
				ProcessInitializeOnLoadAttributes (589ms)
				ProcessInitializeOnLoadMethodAttributes (116ms)
				AfterProcessingInitializeOnLoad (6ms)
				EditorAssembliesLoaded (0ms)
			ExecutionOrderSort2 (0ms)
			AwakeInstancesAfterBackupRestoration (6ms)
Platform modules already initialized, skipping
Refreshing native plugins compatible for Editor in 1.15 ms, found 2 plugins.
Preloading 0 native plugins for Editor in 0.00 ms.
Unloading 3099 Unused Serialized files (Serialized files now loaded: 0)
Unloading 51 unused Assets / (23.0 KB). Loaded Objects now: 3639.
Memory consumption went from 114.8 MB to 114.7 MB.
Total: 6.711200 ms (FindLiveObjects: 0.251200 ms CreateObjectMapping: 0.168800 ms MarkObjects: 6.238700 ms  DeleteObjects: 0.051200 ms)

AssetImportParameters requested are different than current active one (requested -> active):
  custom:video-decoder-ogg-theora: a1e56fd34408186e4bbccfd4996cb3dc -> 
  custom:container-muxer-webm: aa71ff27fc2769a1b78a27578f13a17b -> 
  custom:container-demuxer-webm: 4f35f7cbe854078d1ac9338744f61a02 -> 
  custom:video-encoder-webm-vp8: eb34c28f22e8b96e1ab97ce403110664 -> 
  custom:CustomObjectIndexerAttribute: bc11b3a6c3213fcdd17b65e7da85e133 -> 
  custom:audio-encoder-webm-vorbis: bf7c407c2cedff20999df2af8eb42d56 -> 
  custom:framework-win-MediaFoundation: 216162199b28c13a410421893ffa2e32 -> 
  custom:SearchIndexIgnoredProperties: e643bd26f0fe6173181afceb89e7c659 -> 
  custom:container-demuxer-ogg: 62fdf1f143b41e24485cea50d1cbac27 -> 
  custom:video-decoder-webm-vp8: 9c59270c3fd7afecdb556c50c9e8de78 -> 
  custom:audio-decoder-ogg-vorbis: bf7c407c2cedff20999df2af8eb42d56 -> 
========================================================================
Received Prepare
Registering precompiled user dll's ...
Registered in 0.006955 seconds.
Begin MonoManager ReloadAssembly
Symbol file LoadedFromMemory is not a mono symbol file
Native extension for UWP target not found
Native extension for WindowsStandalone target not found
Native extension for Android target not found
Native extension for WebGL target not found
Refreshing native plugins compatible for Editor in 0.83 ms, found 2 plugins.
Preloading 0 native plugins for Editor in 0.00 ms.
[Package Manager] Server::EnsureServerProcessIsRunning -- launch failed, reason: Unity was launched with the -noUpm command-line argument
[Package Manager] Cannot connect to Unity Package Manager local server
Mono: successfully reloaded assembly
- Completed reload, in  1.324 seconds
Domain Reload Profiling:
	ReloadAssembly (1324ms)
		BeginReloadAssembly (129ms)
			ExecutionOrderSort (0ms)
			DisableScriptedObjects (5ms)
			BackupInstance (0ms)
			ReleaseScriptingObjects (0ms)
			CreateAndSetChildDomain (36ms)
		EndReloadAssembly (1117ms)
			LoadAssemblies (94ms)
			RebuildTransferFunctionScriptingTraits (0ms)
			SetupTypeCache (193ms)
			ReleaseScriptCaches (1ms)
			RebuildScriptCaches (34ms)
			SetupLoadedEditorAssemblies (756ms)
				LogAssemblyErrors (0ms)
				InitializePlatformSupportModulesInManaged (15ms)
				SetLoadedEditorAssemblies (0ms)
				RefreshPlugins (1ms)
				BeforeProcessingInitializeOnLoad (45ms)
				ProcessInitializeOnLoadAttributes (577ms)
				ProcessInitializeOnLoadMethodAttributes (112ms)
				AfterProcessingInitializeOnLoad (6ms)
				EditorAssembliesLoaded (0ms)
			ExecutionOrderSort2 (0ms)
			AwakeInstancesAfterBackupRestoration (6ms)
Platform modules already initialized, skipping
Refreshing native plugins compatible for Editor in 0.97 ms, found 2 plugins.
Preloading 0 native plugins for Editor in 0.00 ms.
Unloading 3099 Unused Serialized files (Serialized files now loaded: 0)
Unloading 51 unused Assets / (23.0 KB). Loaded Objects now: 3642.
Memory consumption went from 114.8 MB to 114.7 MB.
Total: 6.789100 ms (FindLiveObjects: 0.252800 ms CreateObjectMapping: 0.192000 ms MarkObjects: 6.299100 ms  DeleteObjects: 0.043900 ms)

AssetImportParameters requested are different than current active one (requested -> active):
  custom:video-decoder-ogg-theora: a1e56fd34408186e4bbccfd4996cb3dc -> 
  custom:container-muxer-webm: aa71ff27fc2769a1b78a27578f13a17b -> 
  custom:container-demuxer-webm: 4f35f7cbe854078d1ac9338744f61a02 -> 
  custom:video-encoder-webm-vp8: eb34c28f22e8b96e1ab97ce403110664 -> 
  custom:CustomObjectIndexerAttribute: bc11b3a6c3213fcdd17b65e7da85e133 -> 
  custom:audio-encoder-webm-vorbis: bf7c407c2cedff20999df2af8eb42d56 -> 
  custom:framework-win-MediaFoundation: 216162199b28c13a410421893ffa2e32 -> 
  custom:SearchIndexIgnoredProperties: e643bd26f0fe6173181afceb89e7c659 -> 
  custom:container-demuxer-ogg: 62fdf1f143b41e24485cea50d1cbac27 -> 
  custom:video-decoder-webm-vp8: 9c59270c3fd7afecdb556c50c9e8de78 -> 
  custom:audio-decoder-ogg-vorbis: bf7c407c2cedff20999df2af8eb42d56 -> 
========================================================================
Received Prepare
Refreshing native plugins compatible for Editor in 10.18 ms, found 2 plugins.
Preloading 0 native plugins for Editor in 0.00 ms.
Unloading 49 Unused Serialized files (Serialized files now loaded: 0)
Unloading 49 unused Assets / (23.0 KB). Loaded Objects now: 3642.
Memory consumption went from 52.9 MB to 52.9 MB.
Total: 7.287800 ms (FindLiveObjects: 0.325200 ms CreateObjectMapping: 0.307800 ms MarkObjects: 6.616100 ms  DeleteObjects: 0.037700 ms)

AssetImportParameters requested are different than current active one (requested -> active):
  custom:video-decoder-ogg-theora: a1e56fd34408186e4bbccfd4996cb3dc -> 
  custom:container-muxer-webm: aa71ff27fc2769a1b78a27578f13a17b -> 
  custom:container-demuxer-webm: 4f35f7cbe854078d1ac9338744f61a02 -> 
  custom:video-encoder-webm-vp8: eb34c28f22e8b96e1ab97ce403110664 -> 
  custom:CustomObjectIndexerAttribute: bc11b3a6c3213fcdd17b65e7da85e133 -> 
  custom:audio-encoder-webm-vorbis: bf7c407c2cedff20999df2af8eb42d56 -> 
  custom:framework-win-MediaFoundation: 216162199b28c13a410421893ffa2e32 -> 
  custom:SearchIndexIgnoredProperties: e643bd26f0fe6173181afceb89e7c659 -> 
  custom:container-demuxer-ogg: 62fdf1f143b41e24485cea50d1cbac27 -> 
  custom:video-decoder-webm-vp8: 9c59270c3fd7afecdb556c50c9e8de78 -> 
  custom:audio-decoder-ogg-vorbis: bf7c407c2cedff20999df2af8eb42d56 -> 
========================================================================
Received Prepare
Refreshing native plugins compatible for Editor in 9.34 ms, found 2 plugins.
Preloading 0 native plugins for Editor in 0.00 ms.
Unloading 49 Unused Serialized files (Serialized files now loaded: 0)
Unloading 49 unused Assets / (23.0 KB). Loaded Objects now: 3642.
Memory consumption went from 52.6 MB to 52.6 MB.
Total: 6.042400 ms (FindLiveObjects: 0.274500 ms CreateObjectMapping: 0.182600 ms MarkObjects: 5.552300 ms  DeleteObjects: 0.032400 ms)

AssetImportParameters requested are different than current active one (requested -> active):
  custom:video-decoder-ogg-theora: a1e56fd34408186e4bbccfd4996cb3dc -> 
  custom:container-muxer-webm: aa71ff27fc2769a1b78a27578f13a17b -> 
  custom:container-demuxer-webm: 4f35f7cbe854078d1ac9338744f61a02 -> 
  custom:video-encoder-webm-vp8: eb34c28f22e8b96e1ab97ce403110664 -> 
  custom:CustomObjectIndexerAttribute: bc11b3a6c3213fcdd17b65e7da85e133 -> 
  custom:audio-encoder-webm-vorbis: bf7c407c2cedff20999df2af8eb42d56 -> 
  custom:framework-win-MediaFoundation: 216162199b28c13a410421893ffa2e32 -> 
  custom:SearchIndexIgnoredProperties: e643bd26f0fe6173181afceb89e7c659 -> 
  custom:container-demuxer-ogg: 62fdf1f143b41e24485cea50d1cbac27 -> 
  custom:video-decoder-webm-vp8: 9c59270c3fd7afecdb556c50c9e8de78 -> 
  custom:audio-decoder-ogg-vorbis: bf7c407c2cedff20999df2af8eb42d56 -> 
========================================================================
Received Prepare
Registering precompiled user dll's ...
Registered in 0.006292 seconds.
Begin MonoManager ReloadAssembly
Symbol file LoadedFromMemory is not a mono symbol file
Native extension for UWP target not found
Native extension for WindowsStandalone target not found
Native extension for Android target not found
Native extension for WebGL target not found
Refreshing native plugins compatible for Editor in 0.86 ms, found 2 plugins.
Preloading 0 native plugins for Editor in 0.00 ms.
[Package Manager] Server::EnsureServerProcessIsRunning -- launch failed, reason: Unity was launched with the -noUpm command-line argument
[Package Manager] Cannot connect to Unity Package Manager local server
Mono: successfully reloaded assembly
- Completed reload, in  1.276 seconds
Domain Reload Profiling:
	ReloadAssembly (1277ms)
		BeginReloadAssembly (151ms)
			ExecutionOrderSort (0ms)
			DisableScriptedObjects (5ms)
			BackupInstance (0ms)
			ReleaseScriptingObjects (0ms)
			CreateAndSetChildDomain (44ms)
		EndReloadAssembly (1038ms)
			LoadAssemblies (104ms)
			RebuildTransferFunctionScriptingTraits (0ms)
			SetupTypeCache (179ms)
			ReleaseScriptCaches (1ms)
			RebuildScriptCaches (30ms)
			SetupLoadedEditorAssemblies (712ms)
				LogAssemblyErrors (0ms)
				InitializePlatformSupportModulesInManaged (14ms)
				SetLoadedEditorAssemblies (0ms)
				RefreshPlugins (1ms)
				BeforeProcessingInitializeOnLoad (39ms)
				ProcessInitializeOnLoadAttributes (550ms)
				ProcessInitializeOnLoadMethodAttributes (100ms)
				AfterProcessingInitializeOnLoad (8ms)
				EditorAssembliesLoaded (0ms)
			ExecutionOrderSort2 (0ms)
			AwakeInstancesAfterBackupRestoration (6ms)
Platform modules already initialized, skipping
Refreshing native plugins compatible for Editor in 0.90 ms, found 2 plugins.
Preloading 0 native plugins for Editor in 0.00 ms.
Unloading 3099 Unused Serialized files (Serialized files now loaded: 0)
Unloading 51 unused Assets / (23.0 KB). Loaded Objects now: 3645.
Memory consumption went from 114.8 MB to 114.8 MB.
Total: 6.313200 ms (FindLiveObjects: 0.264100 ms CreateObjectMapping: 0.088600 ms MarkObjects: 5.924100 ms  DeleteObjects: 0.035500 ms)

AssetImportParameters requested are different than current active one (requested -> active):
  custom:video-decoder-ogg-theora: a1e56fd34408186e4bbccfd4996cb3dc -> 
  custom:container-muxer-webm: aa71ff27fc2769a1b78a27578f13a17b -> 
  custom:container-demuxer-webm: 4f35f7cbe854078d1ac9338744f61a02 -> 
  custom:video-encoder-webm-vp8: eb34c28f22e8b96e1ab97ce403110664 -> 
  custom:CustomObjectIndexerAttribute: bc11b3a6c3213fcdd17b65e7da85e133 -> 
  custom:audio-encoder-webm-vorbis: bf7c407c2cedff20999df2af8eb42d56 -> 
  custom:framework-win-MediaFoundation: 216162199b28c13a410421893ffa2e32 -> 
  custom:SearchIndexIgnoredProperties: e643bd26f0fe6173181afceb89e7c659 -> 
  custom:container-demuxer-ogg: 62fdf1f143b41e24485cea50d1cbac27 -> 
  custom:video-decoder-webm-vp8: 9c59270c3fd7afecdb556c50c9e8de78 -> 
  custom:audio-decoder-ogg-vorbis: bf7c407c2cedff20999df2af8eb42d56 -> 
========================================================================
Received Prepare
Refreshing native plugins compatible for Editor in 10.07 ms, found 2 plugins.
Preloading 0 native plugins for Editor in 0.00 ms.
Unloading 49 Unused Serialized files (Serialized files now loaded: 0)
Unloading 49 unused Assets / (23.0 KB). Loaded Objects now: 3645.
Memory consumption went from 52.9 MB to 52.9 MB.
Total: 5.982500 ms (FindLiveObjects: 0.249800 ms CreateObjectMapping: 0.079100 ms MarkObjects: 5.618200 ms  DeleteObjects: 0.034800 ms)

AssetImportParameters requested are different than current active one (requested -> active):
  custom:video-decoder-ogg-theora: a1e56fd34408186e4bbccfd4996cb3dc -> 
  custom:container-muxer-webm: aa71ff27fc2769a1b78a27578f13a17b -> 
  custom:container-demuxer-webm: 4f35f7cbe854078d1ac9338744f61a02 -> 
  custom:video-encoder-webm-vp8: eb34c28f22e8b96e1ab97ce403110664 -> 
  custom:CustomObjectIndexerAttribute: bc11b3a6c3213fcdd17b65e7da85e133 -> 
  custom:audio-encoder-webm-vorbis: bf7c407c2cedff20999df2af8eb42d56 -> 
  custom:framework-win-MediaFoundation: 216162199b28c13a410421893ffa2e32 -> 
  custom:SearchIndexIgnoredProperties: e643bd26f0fe6173181afceb89e7c659 -> 
  custom:container-demuxer-ogg: 62fdf1f143b41e24485cea50d1cbac27 -> 
  custom:video-decoder-webm-vp8: 9c59270c3fd7afecdb556c50c9e8de78 -> 
  custom:audio-decoder-ogg-vorbis: bf7c407c2cedff20999df2af8eb42d56 -> 
========================================================================
Received Prepare
Refreshing native plugins compatible for Editor in 10.82 ms, found 2 plugins.
Preloading 0 native plugins for Editor in 0.00 ms.
Unloading 49 Unused Serialized files (Serialized files now loaded: 0)
Unloading 49 unused Assets / (23.0 KB). Loaded Objects now: 3645.
Memory consumption went from 52.6 MB to 52.5 MB.
Total: 7.046200 ms (FindLiveObjects: 0.278600 ms CreateObjectMapping: 0.083200 ms MarkObjects: 6.561400 ms  DeleteObjects: 0.121800 ms)

AssetImportParameters requested are different than current active one (requested -> active):
  custom:video-decoder-ogg-theora: a1e56fd34408186e4bbccfd4996cb3dc -> 
  custom:container-muxer-webm: aa71ff27fc2769a1b78a27578f13a17b -> 
  custom:container-demuxer-webm: 4f35f7cbe854078d1ac9338744f61a02 -> 
  custom:video-encoder-webm-vp8: eb34c28f22e8b96e1ab97ce403110664 -> 
  custom:CustomObjectIndexerAttribute: bc11b3a6c3213fcdd17b65e7da85e133 -> 
  custom:audio-encoder-webm-vorbis: bf7c407c2cedff20999df2af8eb42d56 -> 
  custom:framework-win-MediaFoundation: 216162199b28c13a410421893ffa2e32 -> 
  custom:SearchIndexIgnoredProperties: e643bd26f0fe6173181afceb89e7c659 -> 
  custom:container-demuxer-ogg: 62fdf1f143b41e24485cea50d1cbac27 -> 
  custom:video-decoder-webm-vp8: 9c59270c3fd7afecdb556c50c9e8de78 -> 
  custom:audio-decoder-ogg-vorbis: bf7c407c2cedff20999df2af8eb42d56 -> 
========================================================================
Received Prepare
Refreshing native plugins compatible for Editor in 9.17 ms, found 2 plugins.
Preloading 0 native plugins for Editor in 0.00 ms.
Unloading 49 Unused Serialized files (Serialized files now loaded: 0)
Unloading 49 unused Assets / (22.9 KB). Loaded Objects now: 3645.
Memory consumption went from 52.6 MB to 52.5 MB.
Total: 6.351100 ms (FindLiveObjects: 0.244400 ms CreateObjectMapping: 0.167800 ms MarkObjects: 5.904500 ms  DeleteObjects: 0.033700 ms)

AssetImportParameters requested are different than current active one (requested -> active):
  custom:video-decoder-ogg-theora: a1e56fd34408186e4bbccfd4996cb3dc -> 
  custom:container-muxer-webm: aa71ff27fc2769a1b78a27578f13a17b -> 
  custom:container-demuxer-webm: 4f35f7cbe854078d1ac9338744f61a02 -> 
  custom:video-encoder-webm-vp8: eb34c28f22e8b96e1ab97ce403110664 -> 
  custom:CustomObjectIndexerAttribute: bc11b3a6c3213fcdd17b65e7da85e133 -> 
  custom:audio-encoder-webm-vorbis: bf7c407c2cedff20999df2af8eb42d56 -> 
  custom:framework-win-MediaFoundation: 216162199b28c13a410421893ffa2e32 -> 
  custom:SearchIndexIgnoredProperties: e643bd26f0fe6173181afceb89e7c659 -> 
  custom:container-demuxer-ogg: 62fdf1f143b41e24485cea50d1cbac27 -> 
  custom:video-decoder-webm-vp8: 9c59270c3fd7afecdb556c50c9e8de78 -> 
  custom:audio-decoder-ogg-vorbis: bf7c407c2cedff20999df2af8eb42d56 -> 
========================================================================
Received Prepare
Registering precompiled user dll's ...
Registered in 0.007632 seconds.
Begin MonoManager ReloadAssembly
Symbol file LoadedFromMemory is not a mono symbol file
Native extension for UWP target not found
Native extension for WindowsStandalone target not found
Native extension for Android target not found
Native extension for WebGL target not found
Refreshing native plugins compatible for Editor in 1.03 ms, found 2 plugins.
Preloading 0 native plugins for Editor in 0.00 ms.
[Package Manager] Server::EnsureServerProcessIsRunning -- launch failed, reason: Unity was launched with the -noUpm command-line argument
[Package Manager] Cannot connect to Unity Package Manager local server
Mono: successfully reloaded assembly
- Completed reload, in  1.284 seconds
Domain Reload Profiling:
	ReloadAssembly (1285ms)
		BeginReloadAssembly (136ms)
			ExecutionOrderSort (0ms)
			DisableScriptedObjects (5ms)
			BackupInstance (0ms)
			ReleaseScriptingObjects (0ms)
			CreateAndSetChildDomain (37ms)
		EndReloadAssembly (1066ms)
			LoadAssemblies (95ms)
			RebuildTransferFunctionScriptingTraits (0ms)
			SetupTypeCache (183ms)
			ReleaseScriptCaches (1ms)
			RebuildScriptCaches (35ms)
			SetupLoadedEditorAssemblies (725ms)
				LogAssemblyErrors (0ms)
				InitializePlatformSupportModulesInManaged (16ms)
				SetLoadedEditorAssemblies (0ms)
				RefreshPlugins (1ms)
				BeforeProcessingInitializeOnLoad (43ms)
				ProcessInitializeOnLoadAttributes (558ms)
				ProcessInitializeOnLoadMethodAttributes (100ms)
				AfterProcessingInitializeOnLoad (6ms)
				EditorAssembliesLoaded (0ms)
			ExecutionOrderSort2 (0ms)
			AwakeInstancesAfterBackupRestoration (5ms)
Platform modules already initialized, skipping
Refreshing native plugins compatible for Editor in 0.89 ms, found 2 plugins.
Preloading 0 native plugins for Editor in 0.00 ms.
Unloading 3099 Unused Serialized files (Serialized files now loaded: 0)
Unloading 51 unused Assets / (23.0 KB). Loaded Objects now: 3648.
Memory consumption went from 114.8 MB to 114.8 MB.
Total: 6.508100 ms (FindLiveObjects: 0.291400 ms CreateObjectMapping: 0.081800 ms MarkObjects: 6.040100 ms  DeleteObjects: 0.093500 ms)

AssetImportParameters requested are different than current active one (requested -> active):
  custom:video-decoder-ogg-theora: a1e56fd34408186e4bbccfd4996cb3dc -> 
  custom:container-muxer-webm: aa71ff27fc2769a1b78a27578f13a17b -> 
  custom:container-demuxer-webm: 4f35f7cbe854078d1ac9338744f61a02 -> 
  custom:video-encoder-webm-vp8: eb34c28f22e8b96e1ab97ce403110664 -> 
  custom:CustomObjectIndexerAttribute: bc11b3a6c3213fcdd17b65e7da85e133 -> 
  custom:audio-encoder-webm-vorbis: bf7c407c2cedff20999df2af8eb42d56 -> 
  custom:framework-win-MediaFoundation: 216162199b28c13a410421893ffa2e32 -> 
  custom:SearchIndexIgnoredProperties: e643bd26f0fe6173181afceb89e7c659 -> 
  custom:container-demuxer-ogg: 62fdf1f143b41e24485cea50d1cbac27 -> 
  custom:video-decoder-webm-vp8: 9c59270c3fd7afecdb556c50c9e8de78 -> 
  custom:audio-decoder-ogg-vorbis: bf7c407c2cedff20999df2af8eb42d56 -> 
========================================================================
Received Prepare
Refreshing native plugins compatible for Editor in 9.38 ms, found 2 plugins.
Preloading 0 native plugins for Editor in 0.00 ms.
Unloading 49 Unused Serialized files (Serialized files now loaded: 0)
Unloading 49 unused Assets / (23.0 KB). Loaded Objects now: 3648.
Memory consumption went from 52.9 MB to 52.9 MB.
Total: 6.159800 ms (FindLiveObjects: 0.270600 ms CreateObjectMapping: 0.094500 ms MarkObjects: 5.734300 ms  DeleteObjects: 0.059600 ms)

AssetImportParameters requested are different than current active one (requested -> active):
  custom:video-decoder-ogg-theora: a1e56fd34408186e4bbccfd4996cb3dc -> 
  custom:container-muxer-webm: aa71ff27fc2769a1b78a27578f13a17b -> 
  custom:container-demuxer-webm: 4f35f7cbe854078d1ac9338744f61a02 -> 
  custom:video-encoder-webm-vp8: eb34c28f22e8b96e1ab97ce403110664 -> 
  custom:CustomObjectIndexerAttribute: bc11b3a6c3213fcdd17b65e7da85e133 -> 
  custom:audio-encoder-webm-vorbis: bf7c407c2cedff20999df2af8eb42d56 -> 
  custom:framework-win-MediaFoundation: 216162199b28c13a410421893ffa2e32 -> 
  custom:SearchIndexIgnoredProperties: e643bd26f0fe6173181afceb89e7c659 -> 
  custom:container-demuxer-ogg: 62fdf1f143b41e24485cea50d1cbac27 -> 
  custom:video-decoder-webm-vp8: 9c59270c3fd7afecdb556c50c9e8de78 -> 
  custom:audio-decoder-ogg-vorbis: bf7c407c2cedff20999df2af8eb42d56 -> 
========================================================================
Received Prepare
Registering precompiled user dll's ...
Registered in 0.007591 seconds.
Begin MonoManager ReloadAssembly
Symbol file LoadedFromMemory is not a mono symbol file
Native extension for UWP target not found
Native extension for WindowsStandalone target not found
Native extension for Android target not found
Native extension for WebGL target not found
Refreshing native plugins compatible for Editor in 1.64 ms, found 2 plugins.
Preloading 0 native plugins for Editor in 0.00 ms.
[Package Manager] Server::EnsureServerProcessIsRunning -- launch failed, reason: Unity was launched with the -noUpm command-line argument
[Package Manager] Cannot connect to Unity Package Manager local server
Mono: successfully reloaded assembly
- Completed reload, in  1.674 seconds
Domain Reload Profiling:
	ReloadAssembly (1675ms)
		BeginReloadAssembly (175ms)
			ExecutionOrderSort (0ms)
			DisableScriptedObjects (7ms)
			BackupInstance (0ms)
			ReleaseScriptingObjects (0ms)
			CreateAndSetChildDomain (47ms)
		EndReloadAssembly (1383ms)
			LoadAssemblies (131ms)
			RebuildTransferFunctionScriptingTraits (0ms)
			SetupTypeCache (254ms)
			ReleaseScriptCaches (2ms)
			RebuildScriptCaches (50ms)
			SetupLoadedEditorAssemblies (908ms)
				LogAssemblyErrors (0ms)
				InitializePlatformSupportModulesInManaged (20ms)
				SetLoadedEditorAssemblies (1ms)
				RefreshPlugins (2ms)
				BeforeProcessingInitializeOnLoad (64ms)
				ProcessInitializeOnLoadAttributes (647ms)
				ProcessInitializeOnLoadMethodAttributes (164ms)
				AfterProcessingInitializeOnLoad (10ms)
				EditorAssembliesLoaded (0ms)
			ExecutionOrderSort2 (0ms)
			AwakeInstancesAfterBackupRestoration (8ms)
Platform modules already initialized, skipping
Refreshing native plugins compatible for Editor in 1.43 ms, found 2 plugins.
Preloading 0 native plugins for Editor in 0.00 ms.
Unloading 3099 Unused Serialized files (Serialized files now loaded: 0)
Unloading 51 unused Assets / (23.0 KB). Loaded Objects now: 3651.
Memory consumption went from 114.8 MB to 114.8 MB.
Total: 6.268300 ms (FindLiveObjects: 0.239000 ms CreateObjectMapping: 0.153400 ms MarkObjects: 5.790400 ms  DeleteObjects: 0.084700 ms)

AssetImportParameters requested are different than current active one (requested -> active):
  custom:video-decoder-ogg-theora: a1e56fd34408186e4bbccfd4996cb3dc -> 
  custom:container-muxer-webm: aa71ff27fc2769a1b78a27578f13a17b -> 
  custom:container-demuxer-webm: 4f35f7cbe854078d1ac9338744f61a02 -> 
  custom:video-encoder-webm-vp8: eb34c28f22e8b96e1ab97ce403110664 -> 
  custom:CustomObjectIndexerAttribute: bc11b3a6c3213fcdd17b65e7da85e133 -> 
  custom:audio-encoder-webm-vorbis: bf7c407c2cedff20999df2af8eb42d56 -> 
  custom:framework-win-MediaFoundation: 216162199b28c13a410421893ffa2e32 -> 
  custom:SearchIndexIgnoredProperties: e643bd26f0fe6173181afceb89e7c659 -> 
  custom:container-demuxer-ogg: 62fdf1f143b41e24485cea50d1cbac27 -> 
  custom:video-decoder-webm-vp8: 9c59270c3fd7afecdb556c50c9e8de78 -> 
  custom:audio-decoder-ogg-vorbis: bf7c407c2cedff20999df2af8eb42d56 -> 
========================================================================
Received Prepare
Refreshing native plugins compatible for Editor in 10.89 ms, found 2 plugins.
Preloading 0 native plugins for Editor in 0.00 ms.
Unloading 49 Unused Serialized files (Serialized files now loaded: 0)
Unloading 49 unused Assets / (23.0 KB). Loaded Objects now: 3651.
Memory consumption went from 52.9 MB to 52.9 MB.
Total: 7.424000 ms (FindLiveObjects: 0.294300 ms CreateObjectMapping: 0.082300 ms MarkObjects: 6.933900 ms  DeleteObjects: 0.112600 ms)

AssetImportParameters requested are different than current active one (requested -> active):
  custom:video-decoder-ogg-theora: a1e56fd34408186e4bbccfd4996cb3dc -> 
  custom:container-muxer-webm: aa71ff27fc2769a1b78a27578f13a17b -> 
  custom:container-demuxer-webm: 4f35f7cbe854078d1ac9338744f61a02 -> 
  custom:video-encoder-webm-vp8: eb34c28f22e8b96e1ab97ce403110664 -> 
  custom:CustomObjectIndexerAttribute: bc11b3a6c3213fcdd17b65e7da85e133 -> 
  custom:audio-encoder-webm-vorbis: bf7c407c2cedff20999df2af8eb42d56 -> 
  custom:framework-win-MediaFoundation: 216162199b28c13a410421893ffa2e32 -> 
  custom:SearchIndexIgnoredProperties: e643bd26f0fe6173181afceb89e7c659 -> 
  custom:container-demuxer-ogg: 62fdf1f143b41e24485cea50d1cbac27 -> 
  custom:video-decoder-webm-vp8: 9c59270c3fd7afecdb556c50c9e8de78 -> 
  custom:audio-decoder-ogg-vorbis: bf7c407c2cedff20999df2af8eb42d56 -> 
========================================================================
Received Prepare
Refreshing native plugins compatible for Editor in 9.70 ms, found 2 plugins.
Preloading 0 native plugins for Editor in 0.00 ms.
Unloading 49 Unused Serialized files (Serialized files now loaded: 0)
Unloading 49 unused Assets / (23.0 KB). Loaded Objects now: 3651.
Memory consumption went from 52.6 MB to 52.6 MB.
Total: 5.868900 ms (FindLiveObjects: 0.246000 ms CreateObjectMapping: 0.078700 ms MarkObjects: 5.508200 ms  DeleteObjects: 0.034800 ms)

AssetImportParameters requested are different than current active one (requested -> active):
  custom:video-decoder-ogg-theora: a1e56fd34408186e4bbccfd4996cb3dc -> 
  custom:container-muxer-webm: aa71ff27fc2769a1b78a27578f13a17b -> 
  custom:container-demuxer-webm: 4f35f7cbe854078d1ac9338744f61a02 -> 
  custom:video-encoder-webm-vp8: eb34c28f22e8b96e1ab97ce403110664 -> 
  custom:CustomObjectIndexerAttribute: bc11b3a6c3213fcdd17b65e7da85e133 -> 
  custom:audio-encoder-webm-vorbis: bf7c407c2cedff20999df2af8eb42d56 -> 
  custom:framework-win-MediaFoundation: 216162199b28c13a410421893ffa2e32 -> 
  custom:SearchIndexIgnoredProperties: e643bd26f0fe6173181afceb89e7c659 -> 
  custom:container-demuxer-ogg: 62fdf1f143b41e24485cea50d1cbac27 -> 
  custom:video-decoder-webm-vp8: 9c59270c3fd7afecdb556c50c9e8de78 -> 
  custom:audio-decoder-ogg-vorbis: bf7c407c2cedff20999df2af8eb42d56 -> 
========================================================================
Received Prepare
Registering precompiled user dll's ...
Registered in 0.006980 seconds.
Begin MonoManager ReloadAssembly
Symbol file LoadedFromMemory is not a mono symbol file
Native extension for UWP target not found
Native extension for WindowsStandalone target not found
Native extension for Android target not found
Native extension for WebGL target not found
Refreshing native plugins compatible for Editor in 0.88 ms, found 2 plugins.
Preloading 0 native plugins for Editor in 0.00 ms.
[Package Manager] Server::EnsureServerProcessIsRunning -- launch failed, reason: Unity was launched with the -noUpm command-line argument
[Package Manager] Cannot connect to Unity Package Manager local server
Mono: successfully reloaded assembly
- Completed reload, in  1.228 seconds
Domain Reload Profiling:
	ReloadAssembly (1229ms)
		BeginReloadAssembly (130ms)
			ExecutionOrderSort (0ms)
			DisableScriptedObjects (5ms)
			BackupInstance (0ms)
			ReleaseScriptingObjects (0ms)
			CreateAndSetChildDomain (38ms)
		EndReloadAssembly (1021ms)
			LoadAssemblies (92ms)
			RebuildTransferFunctionScriptingTraits (0ms)
			SetupTypeCache (167ms)
			ReleaseScriptCaches (1ms)
			RebuildScriptCaches (29ms)
			SetupLoadedEditorAssemblies (707ms)
				LogAssemblyErrors (0ms)
				InitializePlatformSupportModulesInManaged (13ms)
				SetLoadedEditorAssemblies (0ms)
				RefreshPlugins (1ms)
				BeforeProcessingInitializeOnLoad (40ms)
				ProcessInitializeOnLoadAttributes (547ms)
				ProcessInitializeOnLoadMethodAttributes (100ms)
				AfterProcessingInitializeOnLoad (6ms)
				EditorAssembliesLoaded (0ms)
			ExecutionOrderSort2 (0ms)
			AwakeInstancesAfterBackupRestoration (5ms)
Platform modules already initialized, skipping
Refreshing native plugins compatible for Editor in 0.90 ms, found 2 plugins.
Preloading 0 native plugins for Editor in 0.00 ms.
Unloading 3099 Unused Serialized files (Serialized files now loaded: 0)
Unloading 51 unused Assets / (23.0 KB). Loaded Objects now: 3654.
Memory consumption went from 114.8 MB to 114.8 MB.
Total: 6.318300 ms (FindLiveObjects: 0.255400 ms CreateObjectMapping: 0.088400 ms MarkObjects: 5.933100 ms  DeleteObjects: 0.039200 ms)

AssetImportParameters requested are different than current active one (requested -> active):
  custom:video-decoder-ogg-theora: a1e56fd34408186e4bbccfd4996cb3dc -> 
  custom:container-muxer-webm: aa71ff27fc2769a1b78a27578f13a17b -> 
  custom:container-demuxer-webm: 4f35f7cbe854078d1ac9338744f61a02 -> 
  custom:video-encoder-webm-vp8: eb34c28f22e8b96e1ab97ce403110664 -> 
  custom:CustomObjectIndexerAttribute: bc11b3a6c3213fcdd17b65e7da85e133 -> 
  custom:audio-encoder-webm-vorbis: bf7c407c2cedff20999df2af8eb42d56 -> 
  custom:framework-win-MediaFoundation: 216162199b28c13a410421893ffa2e32 -> 
  custom:SearchIndexIgnoredProperties: e643bd26f0fe6173181afceb89e7c659 -> 
  custom:container-demuxer-ogg: 62fdf1f143b41e24485cea50d1cbac27 -> 
  custom:video-decoder-webm-vp8: 9c59270c3fd7afecdb556c50c9e8de78 -> 
  custom:audio-decoder-ogg-vorbis: bf7c407c2cedff20999df2af8eb42d56 -> 
========================================================================
Received Prepare
Refreshing native plugins compatible for Editor in 9.56 ms, found 2 plugins.
Preloading 0 native plugins for Editor in 0.00 ms.
Unloading 49 Unused Serialized files (Serialized files now loaded: 0)
Unloading 49 unused Assets / (23.0 KB). Loaded Objects now: 3654.
Memory consumption went from 52.9 MB to 52.9 MB.
Total: 5.893400 ms (FindLiveObjects: 0.240600 ms CreateObjectMapping: 0.076700 ms MarkObjects: 5.496300 ms  DeleteObjects: 0.078900 ms)

AssetImportParameters requested are different than current active one (requested -> active):
  custom:video-decoder-ogg-theora: a1e56fd34408186e4bbccfd4996cb3dc -> 
  custom:container-muxer-webm: aa71ff27fc2769a1b78a27578f13a17b -> 
  custom:container-demuxer-webm: 4f35f7cbe854078d1ac9338744f61a02 -> 
  custom:video-encoder-webm-vp8: eb34c28f22e8b96e1ab97ce403110664 -> 
  custom:CustomObjectIndexerAttribute: bc11b3a6c3213fcdd17b65e7da85e133 -> 
  custom:audio-encoder-webm-vorbis: bf7c407c2cedff20999df2af8eb42d56 -> 
  custom:framework-win-MediaFoundation: 216162199b28c13a410421893ffa2e32 -> 
  custom:SearchIndexIgnoredProperties: e643bd26f0fe6173181afceb89e7c659 -> 
  custom:container-demuxer-ogg: 62fdf1f143b41e24485cea50d1cbac27 -> 
  custom:video-decoder-webm-vp8: 9c59270c3fd7afecdb556c50c9e8de78 -> 
  custom:audio-decoder-ogg-vorbis: bf7c407c2cedff20999df2af8eb42d56 -> 
========================================================================
Received Prepare
Refreshing native plugins compatible for Editor in 9.59 ms, found 2 plugins.
Preloading 0 native plugins for Editor in 0.00 ms.
Unloading 49 Unused Serialized files (Serialized files now loaded: 0)
Unloading 49 unused Assets / (23.0 KB). Loaded Objects now: 3654.
Memory consumption went from 52.6 MB to 52.6 MB.
Total: 8.844200 ms (FindLiveObjects: 0.361400 ms CreateObjectMapping: 0.152200 ms MarkObjects: 8.287100 ms  DeleteObjects: 0.042700 ms)

AssetImportParameters requested are different than current active one (requested -> active):
  custom:video-decoder-ogg-theora: a1e56fd34408186e4bbccfd4996cb3dc -> 
  custom:container-muxer-webm: aa71ff27fc2769a1b78a27578f13a17b -> 
  custom:container-demuxer-webm: 4f35f7cbe854078d1ac9338744f61a02 -> 
  custom:video-encoder-webm-vp8: eb34c28f22e8b96e1ab97ce403110664 -> 
  custom:CustomObjectIndexerAttribute: bc11b3a6c3213fcdd17b65e7da85e133 -> 
  custom:audio-encoder-webm-vorbis: bf7c407c2cedff20999df2af8eb42d56 -> 
  custom:framework-win-MediaFoundation: 216162199b28c13a410421893ffa2e32 -> 
  custom:SearchIndexIgnoredProperties: e643bd26f0fe6173181afceb89e7c659 -> 
  custom:container-demuxer-ogg: 62fdf1f143b41e24485cea50d1cbac27 -> 
  custom:video-decoder-webm-vp8: 9c59270c3fd7afecdb556c50c9e8de78 -> 
  custom:audio-decoder-ogg-vorbis: bf7c407c2cedff20999df2af8eb42d56 -> 
========================================================================
Received Prepare
Refreshing native plugins compatible for Editor in 9.28 ms, found 2 plugins.
Preloading 0 native plugins for Editor in 0.00 ms.
Unloading 49 Unused Serialized files (Serialized files now loaded: 0)
Unloading 49 unused Assets / (23.0 KB). Loaded Objects now: 3654.
Memory consumption went from 52.6 MB to 52.6 MB.
Total: 6.360900 ms (FindLiveObjects: 0.239900 ms CreateObjectMapping: 0.178900 ms MarkObjects: 5.907700 ms  DeleteObjects: 0.033900 ms)

AssetImportParameters requested are different than current active one (requested -> active):
  custom:video-decoder-ogg-theora: a1e56fd34408186e4bbccfd4996cb3dc -> 
  custom:container-muxer-webm: aa71ff27fc2769a1b78a27578f13a17b -> 
  custom:container-demuxer-webm: 4f35f7cbe854078d1ac9338744f61a02 -> 
  custom:video-encoder-webm-vp8: eb34c28f22e8b96e1ab97ce403110664 -> 
  custom:CustomObjectIndexerAttribute: bc11b3a6c3213fcdd17b65e7da85e133 -> 
  custom:audio-encoder-webm-vorbis: bf7c407c2cedff20999df2af8eb42d56 -> 
  custom:framework-win-MediaFoundation: 216162199b28c13a410421893ffa2e32 -> 
  custom:SearchIndexIgnoredProperties: e643bd26f0fe6173181afceb89e7c659 -> 
  custom:container-demuxer-ogg: 62fdf1f143b41e24485cea50d1cbac27 -> 
  custom:video-decoder-webm-vp8: 9c59270c3fd7afecdb556c50c9e8de78 -> 
  custom:audio-decoder-ogg-vorbis: bf7c407c2cedff20999df2af8eb42d56 -> 
========================================================================
Received Prepare
Registering precompiled user dll's ...
Registered in 0.007476 seconds.
Begin MonoManager ReloadAssembly
Symbol file LoadedFromMemory is not a mono symbol file
Native extension for UWP target not found
Native extension for WindowsStandalone target not found
Native extension for Android target not found
Native extension for WebGL target not found
Refreshing native plugins compatible for Editor in 1.00 ms, found 2 plugins.
Preloading 0 native plugins for Editor in 0.00 ms.
[Package Manager] Server::EnsureServerProcessIsRunning -- launch failed, reason: Unity was launched with the -noUpm command-line argument
[Package Manager] Cannot connect to Unity Package Manager local server
Mono: successfully reloaded assembly
- Completed reload, in  1.270 seconds
Domain Reload Profiling:
	ReloadAssembly (1271ms)
		BeginReloadAssembly (131ms)
			ExecutionOrderSort (0ms)
			DisableScriptedObjects (5ms)
			BackupInstance (0ms)
			ReleaseScriptingObjects (0ms)
			CreateAndSetChildDomain (37ms)
		EndReloadAssembly (1061ms)
			LoadAssemblies (97ms)
			RebuildTransferFunctionScriptingTraits (0ms)
			SetupTypeCache (189ms)
			ReleaseScriptCaches (1ms)
			RebuildScriptCaches (35ms)
			SetupLoadedEditorAssemblies (711ms)
				LogAssemblyErrors (0ms)
				InitializePlatformSupportModulesInManaged (15ms)
				SetLoadedEditorAssemblies (0ms)
				RefreshPlugins (1ms)
				BeforeProcessingInitializeOnLoad (45ms)
				ProcessInitializeOnLoadAttributes (546ms)
				ProcessInitializeOnLoadMethodAttributes (98ms)
				AfterProcessingInitializeOnLoad (5ms)
				EditorAssembliesLoaded (0ms)
			ExecutionOrderSort2 (0ms)
			AwakeInstancesAfterBackupRestoration (5ms)
Platform modules already initialized, skipping
Refreshing native plugins compatible for Editor in 0.78 ms, found 2 plugins.
Preloading 0 native plugins for Editor in 0.00 ms.
Unloading 3099 Unused Serialized files (Serialized files now loaded: 0)
Unloading 51 unused Assets / (23.0 KB). Loaded Objects now: 3657.
Memory consumption went from 114.8 MB to 114.8 MB.
Total: 6.368900 ms (FindLiveObjects: 0.252100 ms CreateObjectMapping: 0.076800 ms MarkObjects: 5.990900 ms  DeleteObjects: 0.047400 ms)

AssetImportParameters requested are different than current active one (requested -> active):
  custom:video-decoder-ogg-theora: a1e56fd34408186e4bbccfd4996cb3dc -> 
  custom:container-muxer-webm: aa71ff27fc2769a1b78a27578f13a17b -> 
  custom:container-demuxer-webm: 4f35f7cbe854078d1ac9338744f61a02 -> 
  custom:video-encoder-webm-vp8: eb34c28f22e8b96e1ab97ce403110664 -> 
  custom:CustomObjectIndexerAttribute: bc11b3a6c3213fcdd17b65e7da85e133 -> 
  custom:audio-encoder-webm-vorbis: bf7c407c2cedff20999df2af8eb42d56 -> 
  custom:framework-win-MediaFoundation: 216162199b28c13a410421893ffa2e32 -> 
  custom:SearchIndexIgnoredProperties: e643bd26f0fe6173181afceb89e7c659 -> 
  custom:container-demuxer-ogg: 62fdf1f143b41e24485cea50d1cbac27 -> 
  custom:video-decoder-webm-vp8: 9c59270c3fd7afecdb556c50c9e8de78 -> 
  custom:audio-decoder-ogg-vorbis: bf7c407c2cedff20999df2af8eb42d56 -> 
========================================================================
Received Prepare
Refreshing native plugins compatible for Editor in 9.70 ms, found 2 plugins.
Preloading 0 native plugins for Editor in 0.00 ms.
Unloading 49 Unused Serialized files (Serialized files now loaded: 0)
Unloading 49 unused Assets / (23.0 KB). Loaded Objects now: 3657.
Memory consumption went from 52.9 MB to 52.9 MB.
Total: 6.464300 ms (FindLiveObjects: 0.250500 ms CreateObjectMapping: 0.202700 ms MarkObjects: 5.951100 ms  DeleteObjects: 0.058900 ms)

AssetImportParameters requested are different than current active one (requested -> active):
  custom:video-decoder-ogg-theora: a1e56fd34408186e4bbccfd4996cb3dc -> 
  custom:container-muxer-webm: aa71ff27fc2769a1b78a27578f13a17b -> 
  custom:container-demuxer-webm: 4f35f7cbe854078d1ac9338744f61a02 -> 
  custom:video-encoder-webm-vp8: eb34c28f22e8b96e1ab97ce403110664 -> 
  custom:CustomObjectIndexerAttribute: bc11b3a6c3213fcdd17b65e7da85e133 -> 
  custom:audio-encoder-webm-vorbis: bf7c407c2cedff20999df2af8eb42d56 -> 
  custom:framework-win-MediaFoundation: 216162199b28c13a410421893ffa2e32 -> 
  custom:SearchIndexIgnoredProperties: e643bd26f0fe6173181afceb89e7c659 -> 
  custom:container-demuxer-ogg: 62fdf1f143b41e24485cea50d1cbac27 -> 
  custom:video-decoder-webm-vp8: 9c59270c3fd7afecdb556c50c9e8de78 -> 
  custom:audio-decoder-ogg-vorbis: bf7c407c2cedff20999df2af8eb42d56 -> 
========================================================================
Received Prepare
Registering precompiled user dll's ...
Registered in 0.006634 seconds.
Begin MonoManager ReloadAssembly
Symbol file LoadedFromMemory is not a mono symbol file
Native extension for UWP target not found
Native extension for WindowsStandalone target not found
Native extension for Android target not found
Native extension for WebGL target not found
Refreshing native plugins compatible for Editor in 0.78 ms, found 2 plugins.
Preloading 0 native plugins for Editor in 0.00 ms.
[Package Manager] Server::EnsureServerProcessIsRunning -- launch failed, reason: Unity was launched with the -noUpm command-line argument
[Package Manager] Cannot connect to Unity Package Manager local server
Mono: successfully reloaded assembly
- Completed reload, in  1.258 seconds
Domain Reload Profiling:
	ReloadAssembly (1259ms)
		BeginReloadAssembly (146ms)
			ExecutionOrderSort (0ms)
			DisableScriptedObjects (5ms)
			BackupInstance (0ms)
			ReleaseScriptingObjects (0ms)
			CreateAndSetChildDomain (37ms)
		EndReloadAssembly (1025ms)
			LoadAssemblies (105ms)
			RebuildTransferFunctionScriptingTraits (0ms)
			SetupTypeCache (172ms)
			ReleaseScriptCaches (1ms)
			RebuildScriptCaches (29ms)
			SetupLoadedEditorAssemblies (706ms)
				LogAssemblyErrors (0ms)
				InitializePlatformSupportModulesInManaged (14ms)
				SetLoadedEditorAssemblies (0ms)
				RefreshPlugins (1ms)
				BeforeProcessingInitializeOnLoad (41ms)
				ProcessInitializeOnLoadAttributes (546ms)
				ProcessInitializeOnLoadMethodAttributes (98ms)
				AfterProcessingInitializeOnLoad (5ms)
				EditorAssembliesLoaded (0ms)
			ExecutionOrderSort2 (0ms)
			AwakeInstancesAfterBackupRestoration (5ms)
Platform modules already initialized, skipping
Refreshing native plugins compatible for Editor in 0.87 ms, found 2 plugins.
Preloading 0 native plugins for Editor in 0.00 ms.
Unloading 3099 Unused Serialized files (Serialized files now loaded: 0)
Unloading 51 unused Assets / (23.0 KB). Loaded Objects now: 3660.
Memory consumption went from 114.8 MB to 114.8 MB.
Total: 6.198200 ms (FindLiveObjects: 0.249900 ms CreateObjectMapping: 0.074700 ms MarkObjects: 5.826600 ms  DeleteObjects: 0.046500 ms)

AssetImportParameters requested are different than current active one (requested -> active):
  custom:video-decoder-ogg-theora: a1e56fd34408186e4bbccfd4996cb3dc -> 
  custom:container-muxer-webm: aa71ff27fc2769a1b78a27578f13a17b -> 
  custom:container-demuxer-webm: 4f35f7cbe854078d1ac9338744f61a02 -> 
  custom:video-encoder-webm-vp8: eb34c28f22e8b96e1ab97ce403110664 -> 
  custom:CustomObjectIndexerAttribute: bc11b3a6c3213fcdd17b65e7da85e133 -> 
  custom:audio-encoder-webm-vorbis: bf7c407c2cedff20999df2af8eb42d56 -> 
  custom:framework-win-MediaFoundation: 216162199b28c13a410421893ffa2e32 -> 
  custom:SearchIndexIgnoredProperties: e643bd26f0fe6173181afceb89e7c659 -> 
  custom:container-demuxer-ogg: 62fdf1f143b41e24485cea50d1cbac27 -> 
  custom:video-decoder-webm-vp8: 9c59270c3fd7afecdb556c50c9e8de78 -> 
  custom:audio-decoder-ogg-vorbis: bf7c407c2cedff20999df2af8eb42d56 -> 
========================================================================
Received Prepare
Refreshing native plugins compatible for Editor in 10.39 ms, found 2 plugins.
Preloading 0 native plugins for Editor in 0.00 ms.
Unloading 49 Unused Serialized files (Serialized files now loaded: 0)
Unloading 49 unused Assets / (23.0 KB). Loaded Objects now: 3660.
Memory consumption went from 53.0 MB to 52.9 MB.
Total: 7.798600 ms (FindLiveObjects: 0.297900 ms CreateObjectMapping: 0.089400 ms MarkObjects: 7.244900 ms  DeleteObjects: 0.165100 ms)

AssetImportParameters requested are different than current active one (requested -> active):
  custom:video-decoder-ogg-theora: a1e56fd34408186e4bbccfd4996cb3dc -> 
  custom:container-muxer-webm: aa71ff27fc2769a1b78a27578f13a17b -> 
  custom:container-demuxer-webm: 4f35f7cbe854078d1ac9338744f61a02 -> 
  custom:video-encoder-webm-vp8: eb34c28f22e8b96e1ab97ce403110664 -> 
  custom:CustomObjectIndexerAttribute: bc11b3a6c3213fcdd17b65e7da85e133 -> 
  custom:audio-encoder-webm-vorbis: bf7c407c2cedff20999df2af8eb42d56 -> 
  custom:framework-win-MediaFoundation: 216162199b28c13a410421893ffa2e32 -> 
  custom:SearchIndexIgnoredProperties: e643bd26f0fe6173181afceb89e7c659 -> 
  custom:container-demuxer-ogg: 62fdf1f143b41e24485cea50d1cbac27 -> 
  custom:video-decoder-webm-vp8: 9c59270c3fd7afecdb556c50c9e8de78 -> 
  custom:audio-decoder-ogg-vorbis: bf7c407c2cedff20999df2af8eb42d56 -> 
========================================================================
Received Prepare
Refreshing native plugins compatible for Editor in 8.90 ms, found 2 plugins.
Preloading 0 native plugins for Editor in 0.00 ms.
Unloading 49 Unused Serialized files (Serialized files now loaded: 0)
Unloading 49 unused Assets / (23.1 KB). Loaded Objects now: 3660.
Memory consumption went from 52.6 MB to 52.6 MB.
Total: 5.916700 ms (FindLiveObjects: 0.239300 ms CreateObjectMapping: 0.077100 ms MarkObjects: 5.568700 ms  DeleteObjects: 0.031000 ms)

AssetImportParameters requested are different than current active one (requested -> active):
  custom:video-decoder-ogg-theora: a1e56fd34408186e4bbccfd4996cb3dc -> 
  custom:container-muxer-webm: aa71ff27fc2769a1b78a27578f13a17b -> 
  custom:container-demuxer-webm: 4f35f7cbe854078d1ac9338744f61a02 -> 
  custom:video-encoder-webm-vp8: eb34c28f22e8b96e1ab97ce403110664 -> 
  custom:CustomObjectIndexerAttribute: bc11b3a6c3213fcdd17b65e7da85e133 -> 
  custom:audio-encoder-webm-vorbis: bf7c407c2cedff20999df2af8eb42d56 -> 
  custom:framework-win-MediaFoundation: 216162199b28c13a410421893ffa2e32 -> 
  custom:SearchIndexIgnoredProperties: e643bd26f0fe6173181afceb89e7c659 -> 
  custom:container-demuxer-ogg: 62fdf1f143b41e24485cea50d1cbac27 -> 
  custom:video-decoder-webm-vp8: 9c59270c3fd7afecdb556c50c9e8de78 -> 
  custom:audio-decoder-ogg-vorbis: bf7c407c2cedff20999df2af8eb42d56 -> 
========================================================================
Received Prepare
Registering precompiled user dll's ...
Registered in 0.009819 seconds.
Begin MonoManager ReloadAssembly
Symbol file LoadedFromMemory is not a mono symbol file
Native extension for UWP target not found
Native extension for WindowsStandalone target not found
Native extension for Android target not found
Native extension for WebGL target not found
Refreshing native plugins compatible for Editor in 1.30 ms, found 2 plugins.
Preloading 0 native plugins for Editor in 0.00 ms.
[Package Manager] Server::EnsureServerProcessIsRunning -- launch failed, reason: Unity was launched with the -noUpm command-line argument
[Package Manager] Cannot connect to Unity Package Manager local server
Mono: successfully reloaded assembly
- Completed reload, in  1.660 seconds
Domain Reload Profiling:
	ReloadAssembly (1661ms)
		BeginReloadAssembly (173ms)
			ExecutionOrderSort (0ms)
			DisableScriptedObjects (7ms)
			BackupInstance (0ms)
			ReleaseScriptingObjects (0ms)
			CreateAndSetChildDomain (45ms)
		EndReloadAssembly (1375ms)
			LoadAssemblies (123ms)
			RebuildTransferFunctionScriptingTraits (0ms)
			SetupTypeCache (257ms)
			ReleaseScriptCaches (1ms)
			RebuildScriptCaches (47ms)
			SetupLoadedEditorAssemblies (912ms)
				LogAssemblyErrors (0ms)
				InitializePlatformSupportModulesInManaged (20ms)
				SetLoadedEditorAssemblies (0ms)
				RefreshPlugins (1ms)
				BeforeProcessingInitializeOnLoad (61ms)
				ProcessInitializeOnLoadAttributes (659ms)
				ProcessInitializeOnLoadMethodAttributes (162ms)
				AfterProcessingInitializeOnLoad (8ms)
				EditorAssembliesLoaded (0ms)
			ExecutionOrderSort2 (0ms)
			AwakeInstancesAfterBackupRestoration (8ms)
Platform modules already initialized, skipping
Refreshing native plugins compatible for Editor in 1.49 ms, found 2 plugins.
Preloading 0 native plugins for Editor in 0.00 ms.
Unloading 3099 Unused Serialized files (Serialized files now loaded: 0)
Unloading 51 unused Assets / (22.9 KB). Loaded Objects now: 3663.
Memory consumption went from 114.9 MB to 114.9 MB.
Total: 7.430400 ms (FindLiveObjects: 0.316300 ms CreateObjectMapping: 0.105400 ms MarkObjects: 6.914100 ms  DeleteObjects: 0.093800 ms)

AssetImportParameters requested are different than current active one (requested -> active):
  custom:video-decoder-ogg-theora: a1e56fd34408186e4bbccfd4996cb3dc -> 
  custom:container-muxer-webm: aa71ff27fc2769a1b78a27578f13a17b -> 
  custom:container-demuxer-webm: 4f35f7cbe854078d1ac9338744f61a02 -> 
  custom:video-encoder-webm-vp8: eb34c28f22e8b96e1ab97ce403110664 -> 
  custom:CustomObjectIndexerAttribute: bc11b3a6c3213fcdd17b65e7da85e133 -> 
  custom:audio-encoder-webm-vorbis: bf7c407c2cedff20999df2af8eb42d56 -> 
  custom:framework-win-MediaFoundation: 216162199b28c13a410421893ffa2e32 -> 
  custom:SearchIndexIgnoredProperties: e643bd26f0fe6173181afceb89e7c659 -> 
  custom:container-demuxer-ogg: 62fdf1f143b41e24485cea50d1cbac27 -> 
  custom:video-decoder-webm-vp8: 9c59270c3fd7afecdb556c50c9e8de78 -> 
  custom:audio-decoder-ogg-vorbis: bf7c407c2cedff20999df2af8eb42d56 -> 
========================================================================
Received Prepare
Refreshing native plugins compatible for Editor in 10.20 ms, found 2 plugins.
Preloading 0 native plugins for Editor in 0.00 ms.
Unloading 49 Unused Serialized files (Serialized files now loaded: 0)
Unloading 49 unused Assets / (23.0 KB). Loaded Objects now: 3663.
Memory consumption went from 53.0 MB to 52.9 MB.
Total: 6.383000 ms (FindLiveObjects: 0.290100 ms CreateObjectMapping: 0.084500 ms MarkObjects: 5.954400 ms  DeleteObjects: 0.053100 ms)

AssetImportParameters requested are different than current active one (requested -> active):
  custom:video-decoder-ogg-theora: a1e56fd34408186e4bbccfd4996cb3dc -> 
  custom:container-muxer-webm: aa71ff27fc2769a1b78a27578f13a17b -> 
  custom:container-demuxer-webm: 4f35f7cbe854078d1ac9338744f61a02 -> 
  custom:video-encoder-webm-vp8: eb34c28f22e8b96e1ab97ce403110664 -> 
  custom:CustomObjectIndexerAttribute: bc11b3a6c3213fcdd17b65e7da85e133 -> 
  custom:audio-encoder-webm-vorbis: bf7c407c2cedff20999df2af8eb42d56 -> 
  custom:framework-win-MediaFoundation: 216162199b28c13a410421893ffa2e32 -> 
  custom:SearchIndexIgnoredProperties: e643bd26f0fe6173181afceb89e7c659 -> 
  custom:container-demuxer-ogg: 62fdf1f143b41e24485cea50d1cbac27 -> 
  custom:video-decoder-webm-vp8: 9c59270c3fd7afecdb556c50c9e8de78 -> 
  custom:audio-decoder-ogg-vorbis: bf7c407c2cedff20999df2af8eb42d56 -> 
========================================================================
Received Prepare
Refreshing native plugins compatible for Editor in 10.02 ms, found 2 plugins.
Preloading 0 native plugins for Editor in 0.00 ms.
Unloading 49 Unused Serialized files (Serialized files now loaded: 0)
Unloading 49 unused Assets / (23.0 KB). Loaded Objects now: 3663.
Memory consumption went from 52.6 MB to 52.6 MB.
Total: 8.629200 ms (FindLiveObjects: 0.812000 ms CreateObjectMapping: 0.641600 ms MarkObjects: 7.135900 ms  DeleteObjects: 0.038700 ms)

AssetImportParameters requested are different than current active one (requested -> active):
  custom:video-decoder-ogg-theora: a1e56fd34408186e4bbccfd4996cb3dc -> 
  custom:container-muxer-webm: aa71ff27fc2769a1b78a27578f13a17b -> 
  custom:container-demuxer-webm: 4f35f7cbe854078d1ac9338744f61a02 -> 
  custom:video-encoder-webm-vp8: eb34c28f22e8b96e1ab97ce403110664 -> 
  custom:CustomObjectIndexerAttribute: bc11b3a6c3213fcdd17b65e7da85e133 -> 
  custom:audio-encoder-webm-vorbis: bf7c407c2cedff20999df2af8eb42d56 -> 
  custom:framework-win-MediaFoundation: 216162199b28c13a410421893ffa2e32 -> 
  custom:SearchIndexIgnoredProperties: e643bd26f0fe6173181afceb89e7c659 -> 
  custom:container-demuxer-ogg: 62fdf1f143b41e24485cea50d1cbac27 -> 
  custom:video-decoder-webm-vp8: 9c59270c3fd7afecdb556c50c9e8de78 -> 
  custom:audio-decoder-ogg-vorbis: bf7c407c2cedff20999df2af8eb42d56 -> 
========================================================================
Received Prepare
Refreshing native plugins compatible for Editor in 11.88 ms, found 2 plugins.
Preloading 0 native plugins for Editor in 0.00 ms.
Unloading 49 Unused Serialized files (Serialized files now loaded: 0)
Unloading 49 unused Assets / (23.0 KB). Loaded Objects now: 3663.
Memory consumption went from 52.6 MB to 52.6 MB.
Total: 6.442200 ms (FindLiveObjects: 0.259400 ms CreateObjectMapping: 0.093300 ms MarkObjects: 6.049000 ms  DeleteObjects: 0.039500 ms)

AssetImportParameters requested are different than current active one (requested -> active):
  custom:video-decoder-ogg-theora: a1e56fd34408186e4bbccfd4996cb3dc -> 
  custom:container-muxer-webm: aa71ff27fc2769a1b78a27578f13a17b -> 
  custom:container-demuxer-webm: 4f35f7cbe854078d1ac9338744f61a02 -> 
  custom:video-encoder-webm-vp8: eb34c28f22e8b96e1ab97ce403110664 -> 
  custom:CustomObjectIndexerAttribute: bc11b3a6c3213fcdd17b65e7da85e133 -> 
  custom:audio-encoder-webm-vorbis: bf7c407c2cedff20999df2af8eb42d56 -> 
  custom:framework-win-MediaFoundation: 216162199b28c13a410421893ffa2e32 -> 
  custom:SearchIndexIgnoredProperties: e643bd26f0fe6173181afceb89e7c659 -> 
  custom:container-demuxer-ogg: 62fdf1f143b41e24485cea50d1cbac27 -> 
  custom:video-decoder-webm-vp8: 9c59270c3fd7afecdb556c50c9e8de78 -> 
  custom:audio-decoder-ogg-vorbis: bf7c407c2cedff20999df2af8eb42d56 -> 
========================================================================
Received Prepare
Registering precompiled user dll's ...
Registered in 0.006282 seconds.
Begin MonoManager ReloadAssembly
Symbol file LoadedFromMemory is not a mono symbol file
Native extension for UWP target not found
Native extension for WindowsStandalone target not found
Native extension for Android target not found
Native extension for WebGL target not found
Refreshing native plugins compatible for Editor in 0.93 ms, found 2 plugins.
Preloading 0 native plugins for Editor in 0.00 ms.
[Package Manager] Server::EnsureServerProcessIsRunning -- launch failed, reason: Unity was launched with the -noUpm command-line argument
[Package Manager] Cannot connect to Unity Package Manager local server
Mono: successfully reloaded assembly
- Completed reload, in  1.263 seconds
Domain Reload Profiling:
	ReloadAssembly (1264ms)
		BeginReloadAssembly (142ms)
			ExecutionOrderSort (0ms)
			DisableScriptedObjects (6ms)
			BackupInstance (0ms)
			ReleaseScriptingObjects (0ms)
			CreateAndSetChildDomain (40ms)
		EndReloadAssembly (1041ms)
			LoadAssemblies (99ms)
			RebuildTransferFunctionScriptingTraits (0ms)
			SetupTypeCache (188ms)
			ReleaseScriptCaches (1ms)
			RebuildScriptCaches (29ms)
			SetupLoadedEditorAssemblies (702ms)
				LogAssemblyErrors (0ms)
				InitializePlatformSupportModulesInManaged (14ms)
				SetLoadedEditorAssemblies (0ms)
				RefreshPlugins (1ms)
				BeforeProcessingInitializeOnLoad (40ms)
				ProcessInitializeOnLoadAttributes (545ms)
				ProcessInitializeOnLoadMethodAttributes (97ms)
				AfterProcessingInitializeOnLoad (5ms)
				EditorAssembliesLoaded (0ms)
			ExecutionOrderSort2 (0ms)
			AwakeInstancesAfterBackupRestoration (5ms)
Platform modules already initialized, skipping
Refreshing native plugins compatible for Editor in 0.82 ms, found 2 plugins.
Preloading 0 native plugins for Editor in 0.00 ms.
Unloading 3099 Unused Serialized files (Serialized files now loaded: 0)
Unloading 51 unused Assets / (23.0 KB). Loaded Objects now: 3666.
Memory consumption went from 114.8 MB to 114.8 MB.
Total: 6.682500 ms (FindLiveObjects: 0.321700 ms CreateObjectMapping: 0.094600 ms MarkObjects: 6.221100 ms  DeleteObjects: 0.043700 ms)

AssetImportParameters requested are different than current active one (requested -> active):
  custom:video-decoder-ogg-theora: a1e56fd34408186e4bbccfd4996cb3dc -> 
  custom:container-muxer-webm: aa71ff27fc2769a1b78a27578f13a17b -> 
  custom:container-demuxer-webm: 4f35f7cbe854078d1ac9338744f61a02 -> 
  custom:video-encoder-webm-vp8: eb34c28f22e8b96e1ab97ce403110664 -> 
  custom:CustomObjectIndexerAttribute: bc11b3a6c3213fcdd17b65e7da85e133 -> 
  custom:audio-encoder-webm-vorbis: bf7c407c2cedff20999df2af8eb42d56 -> 
  custom:framework-win-MediaFoundation: 216162199b28c13a410421893ffa2e32 -> 
  custom:SearchIndexIgnoredProperties: e643bd26f0fe6173181afceb89e7c659 -> 
  custom:container-demuxer-ogg: 62fdf1f143b41e24485cea50d1cbac27 -> 
  custom:video-decoder-webm-vp8: 9c59270c3fd7afecdb556c50c9e8de78 -> 
  custom:audio-decoder-ogg-vorbis: bf7c407c2cedff20999df2af8eb42d56 -> 
========================================================================
Received Prepare
Refreshing native plugins compatible for Editor in 10.13 ms, found 2 plugins.
Preloading 0 native plugins for Editor in 0.00 ms.
Unloading 49 Unused Serialized files (Serialized files now loaded: 0)
Unloading 49 unused Assets / (23.1 KB). Loaded Objects now: 3666.
Memory consumption went from 52.9 MB to 52.9 MB.
Total: 6.161000 ms (FindLiveObjects: 0.243800 ms CreateObjectMapping: 0.080800 ms MarkObjects: 5.798400 ms  DeleteObjects: 0.037300 ms)

AssetImportParameters requested are different than current active one (requested -> active):
  custom:video-decoder-ogg-theora: a1e56fd34408186e4bbccfd4996cb3dc -> 
  custom:container-muxer-webm: aa71ff27fc2769a1b78a27578f13a17b -> 
  custom:container-demuxer-webm: 4f35f7cbe854078d1ac9338744f61a02 -> 
  custom:video-encoder-webm-vp8: eb34c28f22e8b96e1ab97ce403110664 -> 
  custom:CustomObjectIndexerAttribute: bc11b3a6c3213fcdd17b65e7da85e133 -> 
  custom:audio-encoder-webm-vorbis: bf7c407c2cedff20999df2af8eb42d56 -> 
  custom:framework-win-MediaFoundation: 216162199b28c13a410421893ffa2e32 -> 
  custom:SearchIndexIgnoredProperties: e643bd26f0fe6173181afceb89e7c659 -> 
  custom:container-demuxer-ogg: 62fdf1f143b41e24485cea50d1cbac27 -> 
  custom:video-decoder-webm-vp8: 9c59270c3fd7afecdb556c50c9e8de78 -> 
  custom:audio-decoder-ogg-vorbis: bf7c407c2cedff20999df2af8eb42d56 -> 
========================================================================
Received Prepare
Refreshing native plugins compatible for Editor in 10.83 ms, found 2 plugins.
Preloading 0 native plugins for Editor in 0.00 ms.
Unloading 49 Unused Serialized files (Serialized files now loaded: 0)
Unloading 49 unused Assets / (23.1 KB). Loaded Objects now: 3666.
Memory consumption went from 52.7 MB to 52.6 MB.
Total: 7.635900 ms (FindLiveObjects: 0.396100 ms CreateObjectMapping: 0.127700 ms MarkObjects: 7.059100 ms  DeleteObjects: 0.051700 ms)

AssetImportParameters requested are different than current active one (requested -> active):
  custom:video-decoder-ogg-theora: a1e56fd34408186e4bbccfd4996cb3dc -> 
  custom:container-muxer-webm: aa71ff27fc2769a1b78a27578f13a17b -> 
  custom:container-demuxer-webm: 4f35f7cbe854078d1ac9338744f61a02 -> 
  custom:video-encoder-webm-vp8: eb34c28f22e8b96e1ab97ce403110664 -> 
  custom:CustomObjectIndexerAttribute: bc11b3a6c3213fcdd17b65e7da85e133 -> 
  custom:audio-encoder-webm-vorbis: bf7c407c2cedff20999df2af8eb42d56 -> 
  custom:framework-win-MediaFoundation: 216162199b28c13a410421893ffa2e32 -> 
  custom:SearchIndexIgnoredProperties: e643bd26f0fe6173181afceb89e7c659 -> 
  custom:container-demuxer-ogg: 62fdf1f143b41e24485cea50d1cbac27 -> 
  custom:video-decoder-webm-vp8: 9c59270c3fd7afecdb556c50c9e8de78 -> 
  custom:audio-decoder-ogg-vorbis: bf7c407c2cedff20999df2af8eb42d56 -> 
========================================================================
Received Prepare
Refreshing native plugins compatible for Editor in 9.61 ms, found 2 plugins.
Preloading 0 native plugins for Editor in 0.00 ms.
Unloading 49 Unused Serialized files (Serialized files now loaded: 0)
Unloading 49 unused Assets / (23.1 KB). Loaded Objects now: 3666.
Memory consumption went from 52.7 MB to 52.6 MB.
Total: 6.076400 ms (FindLiveObjects: 0.257000 ms CreateObjectMapping: 0.091500 ms MarkObjects: 5.693000 ms  DeleteObjects: 0.034000 ms)

AssetImportParameters requested are different than current active one (requested -> active):
  custom:video-decoder-ogg-theora: a1e56fd34408186e4bbccfd4996cb3dc -> 
  custom:container-muxer-webm: aa71ff27fc2769a1b78a27578f13a17b -> 
  custom:container-demuxer-webm: 4f35f7cbe854078d1ac9338744f61a02 -> 
  custom:video-encoder-webm-vp8: eb34c28f22e8b96e1ab97ce403110664 -> 
  custom:CustomObjectIndexerAttribute: bc11b3a6c3213fcdd17b65e7da85e133 -> 
  custom:audio-encoder-webm-vorbis: bf7c407c2cedff20999df2af8eb42d56 -> 
  custom:framework-win-MediaFoundation: 216162199b28c13a410421893ffa2e32 -> 
  custom:SearchIndexIgnoredProperties: e643bd26f0fe6173181afceb89e7c659 -> 
  custom:container-demuxer-ogg: 62fdf1f143b41e24485cea50d1cbac27 -> 
  custom:video-decoder-webm-vp8: 9c59270c3fd7afecdb556c50c9e8de78 -> 
  custom:audio-decoder-ogg-vorbis: bf7c407c2cedff20999df2af8eb42d56 -> 
========================================================================
Received Prepare
Registering precompiled user dll's ...
Registered in 0.005930 seconds.
Begin MonoManager ReloadAssembly
Symbol file LoadedFromMemory is not a mono symbol file
Native extension for UWP target not found
Native extension for WindowsStandalone target not found
Native extension for Android target not found
Native extension for WebGL target not found
Refreshing native plugins compatible for Editor in 0.91 ms, found 2 plugins.
Preloading 0 native plugins for Editor in 0.00 ms.
[Package Manager] Server::EnsureServerProcessIsRunning -- launch failed, reason: Unity was launched with the -noUpm command-line argument
[Package Manager] Cannot connect to Unity Package Manager local server
Mono: successfully reloaded assembly
- Completed reload, in  1.433 seconds
Domain Reload Profiling:
	ReloadAssembly (1433ms)
		BeginReloadAssembly (133ms)
			ExecutionOrderSort (0ms)
			DisableScriptedObjects (5ms)
			BackupInstance (0ms)
			ReleaseScriptingObjects (0ms)
			CreateAndSetChildDomain (38ms)
		EndReloadAssembly (1221ms)
			LoadAssemblies (94ms)
			RebuildTransferFunctionScriptingTraits (0ms)
			SetupTypeCache (170ms)
			ReleaseScriptCaches (1ms)
			RebuildScriptCaches (30ms)
			SetupLoadedEditorAssemblies (888ms)
				LogAssemblyErrors (0ms)
				InitializePlatformSupportModulesInManaged (14ms)
				SetLoadedEditorAssemblies (0ms)
				RefreshPlugins (1ms)
				BeforeProcessingInitializeOnLoad (41ms)
				ProcessInitializeOnLoadAttributes (655ms)
				ProcessInitializeOnLoadMethodAttributes (166ms)
				AfterProcessingInitializeOnLoad (11ms)
				EditorAssembliesLoaded (0ms)
			ExecutionOrderSort2 (0ms)
			AwakeInstancesAfterBackupRestoration (9ms)
Platform modules already initialized, skipping
Refreshing native plugins compatible for Editor in 1.41 ms, found 2 plugins.
Preloading 0 native plugins for Editor in 0.00 ms.
Unloading 3099 Unused Serialized files (Serialized files now loaded: 0)
Unloading 51 unused Assets / (23.0 KB). Loaded Objects now: 3669.
Memory consumption went from 114.9 MB to 114.9 MB.
Total: 6.298400 ms (FindLiveObjects: 0.237900 ms CreateObjectMapping: 0.075200 ms MarkObjects: 5.902300 ms  DeleteObjects: 0.082000 ms)

AssetImportParameters requested are different than current active one (requested -> active):
  custom:video-decoder-ogg-theora: a1e56fd34408186e4bbccfd4996cb3dc -> 
  custom:container-muxer-webm: aa71ff27fc2769a1b78a27578f13a17b -> 
  custom:container-demuxer-webm: 4f35f7cbe854078d1ac9338744f61a02 -> 
  custom:video-encoder-webm-vp8: eb34c28f22e8b96e1ab97ce403110664 -> 
  custom:CustomObjectIndexerAttribute: bc11b3a6c3213fcdd17b65e7da85e133 -> 
  custom:audio-encoder-webm-vorbis: bf7c407c2cedff20999df2af8eb42d56 -> 
  custom:framework-win-MediaFoundation: 216162199b28c13a410421893ffa2e32 -> 
  custom:SearchIndexIgnoredProperties: e643bd26f0fe6173181afceb89e7c659 -> 
  custom:container-demuxer-ogg: 62fdf1f143b41e24485cea50d1cbac27 -> 
  custom:video-decoder-webm-vp8: 9c59270c3fd7afecdb556c50c9e8de78 -> 
  custom:audio-decoder-ogg-vorbis: bf7c407c2cedff20999df2af8eb42d56 -> 
========================================================================
Received Prepare
Refreshing native plugins compatible for Editor in 9.70 ms, found 2 plugins.
Preloading 0 native plugins for Editor in 0.00 ms.
Unloading 49 Unused Serialized files (Serialized files now loaded: 0)
Unloading 49 unused Assets / (23.1 KB). Loaded Objects now: 3669.
Memory consumption went from 53.0 MB to 53.0 MB.
Total: 6.614500 ms (FindLiveObjects: 0.248100 ms CreateObjectMapping: 0.081500 ms MarkObjects: 6.206600 ms  DeleteObjects: 0.077500 ms)

AssetImportParameters requested are different than current active one (requested -> active):
  custom:video-decoder-ogg-theora: a1e56fd34408186e4bbccfd4996cb3dc -> 
  custom:container-muxer-webm: aa71ff27fc2769a1b78a27578f13a17b -> 
  custom:container-demuxer-webm: 4f35f7cbe854078d1ac9338744f61a02 -> 
  custom:video-encoder-webm-vp8: eb34c28f22e8b96e1ab97ce403110664 -> 
  custom:CustomObjectIndexerAttribute: bc11b3a6c3213fcdd17b65e7da85e133 -> 
  custom:audio-encoder-webm-vorbis: bf7c407c2cedff20999df2af8eb42d56 -> 
  custom:framework-win-MediaFoundation: 216162199b28c13a410421893ffa2e32 -> 
  custom:SearchIndexIgnoredProperties: e643bd26f0fe6173181afceb89e7c659 -> 
  custom:container-demuxer-ogg: 62fdf1f143b41e24485cea50d1cbac27 -> 
  custom:video-decoder-webm-vp8: 9c59270c3fd7afecdb556c50c9e8de78 -> 
  custom:audio-decoder-ogg-vorbis: bf7c407c2cedff20999df2af8eb42d56 -> 
========================================================================
Received Prepare
Registering precompiled user dll's ...
Registered in 0.009900 seconds.
Begin MonoManager ReloadAssembly
Symbol file LoadedFromMemory is not a mono symbol file
Native extension for UWP target not found
Native extension for WindowsStandalone target not found
Native extension for Android target not found
Native extension for WebGL target not found
Refreshing native plugins compatible for Editor in 1.38 ms, found 2 plugins.
Preloading 0 native plugins for Editor in 0.00 ms.
[Package Manager] Server::EnsureServerProcessIsRunning -- launch failed, reason: Unity was launched with the -noUpm command-line argument
[Package Manager] Cannot connect to Unity Package Manager local server
Mono: successfully reloaded assembly
- Completed reload, in  1.657 seconds
Domain Reload Profiling:
	ReloadAssembly (1658ms)
		BeginReloadAssembly (173ms)
			ExecutionOrderSort (0ms)
			DisableScriptedObjects (8ms)
			BackupInstance (0ms)
			ReleaseScriptingObjects (0ms)
			CreateAndSetChildDomain (49ms)
		EndReloadAssembly (1369ms)
			LoadAssemblies (120ms)
			RebuildTransferFunctionScriptingTraits (0ms)
			SetupTypeCache (260ms)
			ReleaseScriptCaches (1ms)
			RebuildScriptCaches (48ms)
			SetupLoadedEditorAssemblies (898ms)
				LogAssemblyErrors (0ms)
				InitializePlatformSupportModulesInManaged (19ms)
				SetLoadedEditorAssemblies (0ms)
				RefreshPlugins (1ms)
				BeforeProcessingInitializeOnLoad (60ms)
				ProcessInitializeOnLoadAttributes (648ms)
				ProcessInitializeOnLoadMethodAttributes (160ms)
				AfterProcessingInitializeOnLoad (8ms)
				EditorAssembliesLoaded (0ms)
			ExecutionOrderSort2 (0ms)
			AwakeInstancesAfterBackupRestoration (7ms)
Platform modules already initialized, skipping
Refreshing native plugins compatible for Editor in 1.46 ms, found 2 plugins.
Preloading 0 native plugins for Editor in 0.00 ms.
Unloading 3099 Unused Serialized files (Serialized files now loaded: 0)
Unloading 51 unused Assets / (23.0 KB). Loaded Objects now: 3672.
Memory consumption went from 114.9 MB to 114.9 MB.
Total: 8.177600 ms (FindLiveObjects: 0.247400 ms CreateObjectMapping: 0.075000 ms MarkObjects: 7.775400 ms  DeleteObjects: 0.078800 ms)

AssetImportParameters requested are different than current active one (requested -> active):
  custom:video-decoder-ogg-theora: a1e56fd34408186e4bbccfd4996cb3dc -> 
  custom:container-muxer-webm: aa71ff27fc2769a1b78a27578f13a17b -> 
  custom:container-demuxer-webm: 4f35f7cbe854078d1ac9338744f61a02 -> 
  custom:video-encoder-webm-vp8: eb34c28f22e8b96e1ab97ce403110664 -> 
  custom:CustomObjectIndexerAttribute: bc11b3a6c3213fcdd17b65e7da85e133 -> 
  custom:audio-encoder-webm-vorbis: bf7c407c2cedff20999df2af8eb42d56 -> 
  custom:framework-win-MediaFoundation: 216162199b28c13a410421893ffa2e32 -> 
  custom:SearchIndexIgnoredProperties: e643bd26f0fe6173181afceb89e7c659 -> 
  custom:container-demuxer-ogg: 62fdf1f143b41e24485cea50d1cbac27 -> 
  custom:video-decoder-webm-vp8: 9c59270c3fd7afecdb556c50c9e8de78 -> 
  custom:audio-decoder-ogg-vorbis: bf7c407c2cedff20999df2af8eb42d56 -> 
========================================================================
Received Prepare
Refreshing native plugins compatible for Editor in 10.28 ms, found 2 plugins.
Preloading 0 native plugins for Editor in 0.00 ms.
Unloading 49 Unused Serialized files (Serialized files now loaded: 0)
Unloading 49 unused Assets / (23.0 KB). Loaded Objects now: 3672.
Memory consumption went from 53.0 MB to 53.0 MB.
Total: 7.384600 ms (FindLiveObjects: 0.256300 ms CreateObjectMapping: 0.188700 ms MarkObjects: 6.857300 ms  DeleteObjects: 0.081600 ms)

AssetImportParameters requested are different than current active one (requested -> active):
  custom:video-decoder-ogg-theora: a1e56fd34408186e4bbccfd4996cb3dc -> 
  custom:container-muxer-webm: aa71ff27fc2769a1b78a27578f13a17b -> 
  custom:container-demuxer-webm: 4f35f7cbe854078d1ac9338744f61a02 -> 
  custom:video-encoder-webm-vp8: eb34c28f22e8b96e1ab97ce403110664 -> 
  custom:CustomObjectIndexerAttribute: bc11b3a6c3213fcdd17b65e7da85e133 -> 
  custom:audio-encoder-webm-vorbis: bf7c407c2cedff20999df2af8eb42d56 -> 
  custom:framework-win-MediaFoundation: 216162199b28c13a410421893ffa2e32 -> 
  custom:SearchIndexIgnoredProperties: e643bd26f0fe6173181afceb89e7c659 -> 
  custom:container-demuxer-ogg: 62fdf1f143b41e24485cea50d1cbac27 -> 
  custom:video-decoder-webm-vp8: 9c59270c3fd7afecdb556c50c9e8de78 -> 
  custom:audio-decoder-ogg-vorbis: bf7c407c2cedff20999df2af8eb42d56 -> 
========================================================================
Received Prepare
Refreshing native plugins compatible for Editor in 13.43 ms, found 2 plugins.
Preloading 0 native plugins for Editor in 0.00 ms.
Unloading 49 Unused Serialized files (Serialized files now loaded: 0)
Unloading 49 unused Assets / (22.9 KB). Loaded Objects now: 3672.
Memory consumption went from 52.7 MB to 52.7 MB.
Total: 8.412700 ms (FindLiveObjects: 0.247500 ms CreateObjectMapping: 0.077500 ms MarkObjects: 8.038700 ms  DeleteObjects: 0.048100 ms)

AssetImportParameters requested are different than current active one (requested -> active):
  custom:video-decoder-ogg-theora: a1e56fd34408186e4bbccfd4996cb3dc -> 
  custom:container-muxer-webm: aa71ff27fc2769a1b78a27578f13a17b -> 
  custom:container-demuxer-webm: 4f35f7cbe854078d1ac9338744f61a02 -> 
  custom:video-encoder-webm-vp8: eb34c28f22e8b96e1ab97ce403110664 -> 
  custom:CustomObjectIndexerAttribute: bc11b3a6c3213fcdd17b65e7da85e133 -> 
  custom:audio-encoder-webm-vorbis: bf7c407c2cedff20999df2af8eb42d56 -> 
  custom:framework-win-MediaFoundation: 216162199b28c13a410421893ffa2e32 -> 
  custom:SearchIndexIgnoredProperties: e643bd26f0fe6173181afceb89e7c659 -> 
  custom:container-demuxer-ogg: 62fdf1f143b41e24485cea50d1cbac27 -> 
  custom:video-decoder-webm-vp8: 9c59270c3fd7afecdb556c50c9e8de78 -> 
  custom:audio-decoder-ogg-vorbis: bf7c407c2cedff20999df2af8eb42d56 -> 
========================================================================
Received Prepare
Refreshing native plugins compatible for Editor in 9.32 ms, found 2 plugins.
Preloading 0 native plugins for Editor in 0.00 ms.
Unloading 49 Unused Serialized files (Serialized files now loaded: 0)
Unloading 49 unused Assets / (22.9 KB). Loaded Objects now: 3672.
Memory consumption went from 52.6 MB to 52.6 MB.
Total: 7.870600 ms (FindLiveObjects: 0.292200 ms CreateObjectMapping: 0.084800 ms MarkObjects: 7.447800 ms  DeleteObjects: 0.044800 ms)

AssetImportParameters requested are different than current active one (requested -> active):
  custom:video-decoder-ogg-theora: a1e56fd34408186e4bbccfd4996cb3dc -> 
  custom:container-muxer-webm: aa71ff27fc2769a1b78a27578f13a17b -> 
  custom:container-demuxer-webm: 4f35f7cbe854078d1ac9338744f61a02 -> 
  custom:video-encoder-webm-vp8: eb34c28f22e8b96e1ab97ce403110664 -> 
  custom:CustomObjectIndexerAttribute: bc11b3a6c3213fcdd17b65e7da85e133 -> 
  custom:audio-encoder-webm-vorbis: bf7c407c2cedff20999df2af8eb42d56 -> 
  custom:framework-win-MediaFoundation: 216162199b28c13a410421893ffa2e32 -> 
  custom:SearchIndexIgnoredProperties: e643bd26f0fe6173181afceb89e7c659 -> 
  custom:container-demuxer-ogg: 62fdf1f143b41e24485cea50d1cbac27 -> 
  custom:video-decoder-webm-vp8: 9c59270c3fd7afecdb556c50c9e8de78 -> 
  custom:audio-decoder-ogg-vorbis: bf7c407c2cedff20999df2af8eb42d56 -> 
========================================================================
Received Prepare
Refreshing native plugins compatible for Editor in 9.85 ms, found 2 plugins.
Preloading 0 native plugins for Editor in 0.00 ms.
Unloading 49 Unused Serialized files (Serialized files now loaded: 0)
Unloading 49 unused Assets / (22.9 KB). Loaded Objects now: 3672.
Memory consumption went from 52.6 MB to 52.6 MB.
Total: 5.670600 ms (FindLiveObjects: 0.244700 ms CreateObjectMapping: 0.077100 ms MarkObjects: 5.311600 ms  DeleteObjects: 0.036400 ms)

AssetImportParameters requested are different than current active one (requested -> active):
  custom:video-decoder-ogg-theora: a1e56fd34408186e4bbccfd4996cb3dc -> 
  custom:container-muxer-webm: aa71ff27fc2769a1b78a27578f13a17b -> 
  custom:container-demuxer-webm: 4f35f7cbe854078d1ac9338744f61a02 -> 
  custom:video-encoder-webm-vp8: eb34c28f22e8b96e1ab97ce403110664 -> 
  custom:CustomObjectIndexerAttribute: bc11b3a6c3213fcdd17b65e7da85e133 -> 
  custom:audio-encoder-webm-vorbis: bf7c407c2cedff20999df2af8eb42d56 -> 
  custom:framework-win-MediaFoundation: 216162199b28c13a410421893ffa2e32 -> 
  custom:SearchIndexIgnoredProperties: e643bd26f0fe6173181afceb89e7c659 -> 
  custom:container-demuxer-ogg: 62fdf1f143b41e24485cea50d1cbac27 -> 
  custom:video-decoder-webm-vp8: 9c59270c3fd7afecdb556c50c9e8de78 -> 
  custom:audio-decoder-ogg-vorbis: bf7c407c2cedff20999df2af8eb42d56 -> 
========================================================================
Received Prepare
Registering precompiled user dll's ...
Registered in 0.006827 seconds.
Begin MonoManager ReloadAssembly
Symbol file LoadedFromMemory is not a mono symbol file
Native extension for UWP target not found
Native extension for WindowsStandalone target not found
Native extension for Android target not found
Native extension for WebGL target not found
Refreshing native plugins compatible for Editor in 0.91 ms, found 2 plugins.
Preloading 0 native plugins for Editor in 0.00 ms.
[Package Manager] Server::EnsureServerProcessIsRunning -- launch failed, reason: Unity was launched with the -noUpm command-line argument
[Package Manager] Cannot connect to Unity Package Manager local server
Mono: successfully reloaded assembly
- Completed reload, in  1.289 seconds
Domain Reload Profiling:
	ReloadAssembly (1289ms)
		BeginReloadAssembly (132ms)
			ExecutionOrderSort (0ms)
			DisableScriptedObjects (5ms)
			BackupInstance (0ms)
			ReleaseScriptingObjects (0ms)
			CreateAndSetChildDomain (38ms)
		EndReloadAssembly (1073ms)
			LoadAssemblies (97ms)
			RebuildTransferFunctionScriptingTraits (0ms)
			SetupTypeCache (191ms)
			ReleaseScriptCaches (1ms)
			RebuildScriptCaches (34ms)
			SetupLoadedEditorAssemblies (721ms)
				LogAssemblyErrors (0ms)
				InitializePlatformSupportModulesInManaged (14ms)
				SetLoadedEditorAssemblies (0ms)
				RefreshPlugins (1ms)
				BeforeProcessingInitializeOnLoad (49ms)
				ProcessInitializeOnLoadAttributes (553ms)
				ProcessInitializeOnLoadMethodAttributes (98ms)
				AfterProcessingInitializeOnLoad (5ms)
				EditorAssembliesLoaded (0ms)
			ExecutionOrderSort2 (0ms)
			AwakeInstancesAfterBackupRestoration (5ms)
Platform modules already initialized, skipping
Refreshing native plugins compatible for Editor in 0.88 ms, found 2 plugins.
Preloading 0 native plugins for Editor in 0.00 ms.
Unloading 3099 Unused Serialized files (Serialized files now loaded: 0)
Unloading 51 unused Assets / (23.0 KB). Loaded Objects now: 3675.
Memory consumption went from 114.9 MB to 114.8 MB.
Total: 5.296400 ms (FindLiveObjects: 0.246400 ms CreateObjectMapping: 0.090000 ms MarkObjects: 4.909300 ms  DeleteObjects: 0.050100 ms)

AssetImportParameters requested are different than current active one (requested -> active):
  custom:video-decoder-ogg-theora: a1e56fd34408186e4bbccfd4996cb3dc -> 
  custom:container-muxer-webm: aa71ff27fc2769a1b78a27578f13a17b -> 
  custom:container-demuxer-webm: 4f35f7cbe854078d1ac9338744f61a02 -> 
  custom:video-encoder-webm-vp8: eb34c28f22e8b96e1ab97ce403110664 -> 
  custom:CustomObjectIndexerAttribute: bc11b3a6c3213fcdd17b65e7da85e133 -> 
  custom:audio-encoder-webm-vorbis: bf7c407c2cedff20999df2af8eb42d56 -> 
  custom:framework-win-MediaFoundation: 216162199b28c13a410421893ffa2e32 -> 
  custom:SearchIndexIgnoredProperties: e643bd26f0fe6173181afceb89e7c659 -> 
  custom:container-demuxer-ogg: 62fdf1f143b41e24485cea50d1cbac27 -> 
  custom:video-decoder-webm-vp8: 9c59270c3fd7afecdb556c50c9e8de78 -> 
  custom:audio-decoder-ogg-vorbis: bf7c407c2cedff20999df2af8eb42d56 -> 
========================================================================
Received Prepare
Refreshing native plugins compatible for Editor in 11.12 ms, found 2 plugins.
Preloading 0 native plugins for Editor in 0.00 ms.
Unloading 49 Unused Serialized files (Serialized files now loaded: 0)
Unloading 49 unused Assets / (23.0 KB). Loaded Objects now: 3675.
Memory consumption went from 53.0 MB to 52.9 MB.
Total: 7.240400 ms (FindLiveObjects: 0.278600 ms CreateObjectMapping: 0.291100 ms MarkObjects: 6.634100 ms  DeleteObjects: 0.035400 ms)

AssetImportParameters requested are different than current active one (requested -> active):
  custom:video-decoder-ogg-theora: a1e56fd34408186e4bbccfd4996cb3dc -> 
  custom:container-muxer-webm: aa71ff27fc2769a1b78a27578f13a17b -> 
  custom:container-demuxer-webm: 4f35f7cbe854078d1ac9338744f61a02 -> 
  custom:video-encoder-webm-vp8: eb34c28f22e8b96e1ab97ce403110664 -> 
  custom:CustomObjectIndexerAttribute: bc11b3a6c3213fcdd17b65e7da85e133 -> 
  custom:audio-encoder-webm-vorbis: bf7c407c2cedff20999df2af8eb42d56 -> 
  custom:framework-win-MediaFoundation: 216162199b28c13a410421893ffa2e32 -> 
  custom:SearchIndexIgnoredProperties: e643bd26f0fe6173181afceb89e7c659 -> 
  custom:container-demuxer-ogg: 62fdf1f143b41e24485cea50d1cbac27 -> 
  custom:video-decoder-webm-vp8: 9c59270c3fd7afecdb556c50c9e8de78 -> 
  custom:audio-decoder-ogg-vorbis: bf7c407c2cedff20999df2af8eb42d56 -> 
========================================================================
Received Prepare
Registering precompiled user dll's ...
Registered in 0.010444 seconds.
Begin MonoManager ReloadAssembly
Symbol file LoadedFromMemory is not a mono symbol file
Native extension for UWP target not found
Native extension for WindowsStandalone target not found
Native extension for Android target not found
Native extension for WebGL target not found
Refreshing native plugins compatible for Editor in 0.89 ms, found 2 plugins.
Preloading 0 native plugins for Editor in 0.00 ms.
[Package Manager] Server::EnsureServerProcessIsRunning -- launch failed, reason: Unity was launched with the -noUpm command-line argument
[Package Manager] Cannot connect to Unity Package Manager local server
Mono: successfully reloaded assembly
- Completed reload, in  1.264 seconds
Domain Reload Profiling:
	ReloadAssembly (1265ms)
		BeginReloadAssembly (140ms)
			ExecutionOrderSort (0ms)
			DisableScriptedObjects (6ms)
			BackupInstance (0ms)
			ReleaseScriptingObjects (0ms)
			CreateAndSetChildDomain (42ms)
		EndReloadAssembly (1046ms)
			LoadAssemblies (93ms)
			RebuildTransferFunctionScriptingTraits (0ms)
			SetupTypeCache (171ms)
			ReleaseScriptCaches (1ms)
			RebuildScriptCaches (30ms)
			SetupLoadedEditorAssemblies (719ms)
				LogAssemblyErrors (0ms)
				InitializePlatformSupportModulesInManaged (16ms)
				SetLoadedEditorAssemblies (0ms)
				RefreshPlugins (1ms)
				BeforeProcessingInitializeOnLoad (41ms)
				ProcessInitializeOnLoadAttributes (554ms)
				ProcessInitializeOnLoadMethodAttributes (100ms)
				AfterProcessingInitializeOnLoad (5ms)
				EditorAssembliesLoaded (0ms)
			ExecutionOrderSort2 (0ms)
			AwakeInstancesAfterBackupRestoration (5ms)
Platform modules already initialized, skipping
Refreshing native plugins compatible for Editor in 0.88 ms, found 2 plugins.
Preloading 0 native plugins for Editor in 0.00 ms.
Unloading 3099 Unused Serialized files (Serialized files now loaded: 0)
Unloading 51 unused Assets / (23.0 KB). Loaded Objects now: 3678.
Memory consumption went from 114.9 MB to 114.9 MB.
Total: 5.917800 ms (FindLiveObjects: 0.254700 ms CreateObjectMapping: 0.088500 ms MarkObjects: 5.525800 ms  DeleteObjects: 0.046600 ms)

AssetImportParameters requested are different than current active one (requested -> active):
  custom:video-decoder-ogg-theora: a1e56fd34408186e4bbccfd4996cb3dc -> 
  custom:container-muxer-webm: aa71ff27fc2769a1b78a27578f13a17b -> 
  custom:container-demuxer-webm: 4f35f7cbe854078d1ac9338744f61a02 -> 
  custom:video-encoder-webm-vp8: eb34c28f22e8b96e1ab97ce403110664 -> 
  custom:CustomObjectIndexerAttribute: bc11b3a6c3213fcdd17b65e7da85e133 -> 
  custom:audio-encoder-webm-vorbis: bf7c407c2cedff20999df2af8eb42d56 -> 
  custom:framework-win-MediaFoundation: 216162199b28c13a410421893ffa2e32 -> 
  custom:SearchIndexIgnoredProperties: e643bd26f0fe6173181afceb89e7c659 -> 
  custom:container-demuxer-ogg: 62fdf1f143b41e24485cea50d1cbac27 -> 
  custom:video-decoder-webm-vp8: 9c59270c3fd7afecdb556c50c9e8de78 -> 
  custom:audio-decoder-ogg-vorbis: bf7c407c2cedff20999df2af8eb42d56 -> 
========================================================================
Received Prepare
Refreshing native plugins compatible for Editor in 10.29 ms, found 2 plugins.
Preloading 0 native plugins for Editor in 0.00 ms.
Unloading 49 Unused Serialized files (Serialized files now loaded: 0)
Unloading 49 unused Assets / (23.0 KB). Loaded Objects now: 3678.
Memory consumption went from 53.0 MB to 53.0 MB.
Total: 7.421400 ms (FindLiveObjects: 0.300500 ms CreateObjectMapping: 0.119700 ms MarkObjects: 6.917600 ms  DeleteObjects: 0.082700 ms)

AssetImportParameters requested are different than current active one (requested -> active):
  custom:video-decoder-ogg-theora: a1e56fd34408186e4bbccfd4996cb3dc -> 
  custom:container-muxer-webm: aa71ff27fc2769a1b78a27578f13a17b -> 
  custom:container-demuxer-webm: 4f35f7cbe854078d1ac9338744f61a02 -> 
  custom:video-encoder-webm-vp8: eb34c28f22e8b96e1ab97ce403110664 -> 
  custom:CustomObjectIndexerAttribute: bc11b3a6c3213fcdd17b65e7da85e133 -> 
  custom:audio-encoder-webm-vorbis: bf7c407c2cedff20999df2af8eb42d56 -> 
  custom:framework-win-MediaFoundation: 216162199b28c13a410421893ffa2e32 -> 
  custom:SearchIndexIgnoredProperties: e643bd26f0fe6173181afceb89e7c659 -> 
  custom:container-demuxer-ogg: 62fdf1f143b41e24485cea50d1cbac27 -> 
  custom:video-decoder-webm-vp8: 9c59270c3fd7afecdb556c50c9e8de78 -> 
  custom:audio-decoder-ogg-vorbis: bf7c407c2cedff20999df2af8eb42d56 -> 
========================================================================
Received Prepare
Refreshing native plugins compatible for Editor in 9.02 ms, found 2 plugins.
Preloading 0 native plugins for Editor in 0.00 ms.
Unloading 49 Unused Serialized files (Serialized files now loaded: 0)
Unloading 49 unused Assets / (23.0 KB). Loaded Objects now: 3678.
Memory consumption went from 52.7 MB to 52.7 MB.
Total: 5.794500 ms (FindLiveObjects: 0.243400 ms CreateObjectMapping: 0.075400 ms MarkObjects: 5.443100 ms  DeleteObjects: 0.032100 ms)

AssetImportParameters requested are different than current active one (requested -> active):
  custom:video-decoder-ogg-theora: a1e56fd34408186e4bbccfd4996cb3dc -> 
  custom:container-muxer-webm: aa71ff27fc2769a1b78a27578f13a17b -> 
  custom:container-demuxer-webm: 4f35f7cbe854078d1ac9338744f61a02 -> 
  custom:video-encoder-webm-vp8: eb34c28f22e8b96e1ab97ce403110664 -> 
  custom:CustomObjectIndexerAttribute: bc11b3a6c3213fcdd17b65e7da85e133 -> 
  custom:audio-encoder-webm-vorbis: bf7c407c2cedff20999df2af8eb42d56 -> 
  custom:framework-win-MediaFoundation: 216162199b28c13a410421893ffa2e32 -> 
  custom:SearchIndexIgnoredProperties: e643bd26f0fe6173181afceb89e7c659 -> 
  custom:container-demuxer-ogg: 62fdf1f143b41e24485cea50d1cbac27 -> 
  custom:video-decoder-webm-vp8: 9c59270c3fd7afecdb556c50c9e8de78 -> 
  custom:audio-decoder-ogg-vorbis: bf7c407c2cedff20999df2af8eb42d56 -> 
========================================================================
Received Prepare
Registering precompiled user dll's ...
Registered in 0.006847 seconds.
Begin MonoManager ReloadAssembly
Symbol file LoadedFromMemory is not a mono symbol file
Native extension for UWP target not found
Native extension for WindowsStandalone target not found
Native extension for Android target not found
Native extension for WebGL target not found
Refreshing native plugins compatible for Editor in 0.89 ms, found 2 plugins.
Preloading 0 native plugins for Editor in 0.00 ms.
[Package Manager] Server::EnsureServerProcessIsRunning -- launch failed, reason: Unity was launched with the -noUpm command-line argument
[Package Manager] Cannot connect to Unity Package Manager local server
Mono: successfully reloaded assembly
- Completed reload, in  1.243 seconds
Domain Reload Profiling:
	ReloadAssembly (1244ms)
		BeginReloadAssembly (131ms)
			ExecutionOrderSort (0ms)
			DisableScriptedObjects (5ms)
			BackupInstance (0ms)
			ReleaseScriptingObjects (0ms)
			CreateAndSetChildDomain (37ms)
		EndReloadAssembly (1035ms)
			LoadAssemblies (93ms)
			RebuildTransferFunctionScriptingTraits (0ms)
			SetupTypeCache (176ms)
			ReleaseScriptCaches (1ms)
			RebuildScriptCaches (29ms)
			SetupLoadedEditorAssemblies (713ms)
				LogAssemblyErrors (0ms)
				InitializePlatformSupportModulesInManaged (14ms)
				SetLoadedEditorAssemblies (0ms)
				RefreshPlugins (1ms)
				BeforeProcessingInitializeOnLoad (40ms)
				ProcessInitializeOnLoadAttributes (557ms)
				ProcessInitializeOnLoadMethodAttributes (95ms)
				AfterProcessingInitializeOnLoad (6ms)
				EditorAssembliesLoaded (0ms)
			ExecutionOrderSort2 (0ms)
			AwakeInstancesAfterBackupRestoration (5ms)
Platform modules already initialized, skipping
Refreshing native plugins compatible for Editor in 0.84 ms, found 2 plugins.
Preloading 0 native plugins for Editor in 0.00 ms.
Unloading 3099 Unused Serialized files (Serialized files now loaded: 0)
Unloading 51 unused Assets / (23.0 KB). Loaded Objects now: 3681.
Memory consumption went from 114.9 MB to 114.9 MB.
Total: 6.206100 ms (FindLiveObjects: 0.264700 ms CreateObjectMapping: 0.088400 ms MarkObjects: 5.761100 ms  DeleteObjects: 0.090800 ms)

AssetImportParameters requested are different than current active one (requested -> active):
  custom:video-decoder-ogg-theora: a1e56fd34408186e4bbccfd4996cb3dc -> 
  custom:container-muxer-webm: aa71ff27fc2769a1b78a27578f13a17b -> 
  custom:container-demuxer-webm: 4f35f7cbe854078d1ac9338744f61a02 -> 
  custom:video-encoder-webm-vp8: eb34c28f22e8b96e1ab97ce403110664 -> 
  custom:CustomObjectIndexerAttribute: bc11b3a6c3213fcdd17b65e7da85e133 -> 
  custom:audio-encoder-webm-vorbis: bf7c407c2cedff20999df2af8eb42d56 -> 
  custom:framework-win-MediaFoundation: 216162199b28c13a410421893ffa2e32 -> 
  custom:SearchIndexIgnoredProperties: e643bd26f0fe6173181afceb89e7c659 -> 
  custom:container-demuxer-ogg: 62fdf1f143b41e24485cea50d1cbac27 -> 
  custom:video-decoder-webm-vp8: 9c59270c3fd7afecdb556c50c9e8de78 -> 
  custom:audio-decoder-ogg-vorbis: bf7c407c2cedff20999df2af8eb42d56 -> 
========================================================================
Received Prepare
Refreshing native plugins compatible for Editor in 9.88 ms, found 2 plugins.
Preloading 0 native plugins for Editor in 0.00 ms.
Unloading 49 Unused Serialized files (Serialized files now loaded: 0)
Unloading 49 unused Assets / (23.0 KB). Loaded Objects now: 3681.
Memory consumption went from 53.0 MB to 53.0 MB.
Total: 5.944300 ms (FindLiveObjects: 0.248200 ms CreateObjectMapping: 0.171500 ms MarkObjects: 5.464300 ms  DeleteObjects: 0.059800 ms)

AssetImportParameters requested are different than current active one (requested -> active):
  custom:video-decoder-ogg-theora: a1e56fd34408186e4bbccfd4996cb3dc -> 
  custom:container-muxer-webm: aa71ff27fc2769a1b78a27578f13a17b -> 
  custom:container-demuxer-webm: 4f35f7cbe854078d1ac9338744f61a02 -> 
  custom:video-encoder-webm-vp8: eb34c28f22e8b96e1ab97ce403110664 -> 
  custom:CustomObjectIndexerAttribute: bc11b3a6c3213fcdd17b65e7da85e133 -> 
  custom:audio-encoder-webm-vorbis: bf7c407c2cedff20999df2af8eb42d56 -> 
  custom:framework-win-MediaFoundation: 216162199b28c13a410421893ffa2e32 -> 
  custom:SearchIndexIgnoredProperties: e643bd26f0fe6173181afceb89e7c659 -> 
  custom:container-demuxer-ogg: 62fdf1f143b41e24485cea50d1cbac27 -> 
  custom:video-decoder-webm-vp8: 9c59270c3fd7afecdb556c50c9e8de78 -> 
  custom:audio-decoder-ogg-vorbis: bf7c407c2cedff20999df2af8eb42d56 -> 
========================================================================
Received Prepare
Registering precompiled user dll's ...
Registered in 0.005527 seconds.
Begin MonoManager ReloadAssembly
Symbol file LoadedFromMemory is not a mono symbol file
Native extension for UWP target not found
Native extension for WindowsStandalone target not found
Native extension for Android target not found
Native extension for WebGL target not found
Refreshing native plugins compatible for Editor in 0.90 ms, found 2 plugins.
Preloading 0 native plugins for Editor in 0.00 ms.
[Package Manager] Server::EnsureServerProcessIsRunning -- launch failed, reason: Unity was launched with the -noUpm command-line argument
[Package Manager] Cannot connect to Unity Package Manager local server
Mono: successfully reloaded assembly
- Completed reload, in  1.253 seconds
Domain Reload Profiling:
	ReloadAssembly (1254ms)
		BeginReloadAssembly (136ms)
			ExecutionOrderSort (0ms)
			DisableScriptedObjects (5ms)
			BackupInstance (0ms)
			ReleaseScriptingObjects (0ms)
			CreateAndSetChildDomain (38ms)
		EndReloadAssembly (1041ms)
			LoadAssemblies (96ms)
			RebuildTransferFunctionScriptingTraits (0ms)
			SetupTypeCache (173ms)
			ReleaseScriptCaches (1ms)
			RebuildScriptCaches (30ms)
			SetupLoadedEditorAssemblies (717ms)
				LogAssemblyErrors (0ms)
				InitializePlatformSupportModulesInManaged (14ms)
				SetLoadedEditorAssemblies (0ms)
				RefreshPlugins (1ms)
				BeforeProcessingInitializeOnLoad (41ms)
				ProcessInitializeOnLoadAttributes (558ms)
				ProcessInitializeOnLoadMethodAttributes (96ms)
				AfterProcessingInitializeOnLoad (6ms)
				EditorAssembliesLoaded (0ms)
			ExecutionOrderSort2 (0ms)
			AwakeInstancesAfterBackupRestoration (5ms)
Platform modules already initialized, skipping
Refreshing native plugins compatible for Editor in 0.87 ms, found 2 plugins.
Preloading 0 native plugins for Editor in 0.00 ms.
Unloading 3099 Unused Serialized files (Serialized files now loaded: 0)
Unloading 51 unused Assets / (23.0 KB). Loaded Objects now: 3684.
Memory consumption went from 114.9 MB to 114.9 MB.
Total: 5.879500 ms (FindLiveObjects: 0.243200 ms CreateObjectMapping: 0.075900 ms MarkObjects: 5.508900 ms  DeleteObjects: 0.050600 ms)

AssetImportParameters requested are different than current active one (requested -> active):
  custom:video-decoder-ogg-theora: a1e56fd34408186e4bbccfd4996cb3dc -> 
  custom:container-muxer-webm: aa71ff27fc2769a1b78a27578f13a17b -> 
  custom:container-demuxer-webm: 4f35f7cbe854078d1ac9338744f61a02 -> 
  custom:video-encoder-webm-vp8: eb34c28f22e8b96e1ab97ce403110664 -> 
  custom:CustomObjectIndexerAttribute: bc11b3a6c3213fcdd17b65e7da85e133 -> 
  custom:audio-encoder-webm-vorbis: bf7c407c2cedff20999df2af8eb42d56 -> 
  custom:framework-win-MediaFoundation: 216162199b28c13a410421893ffa2e32 -> 
  custom:SearchIndexIgnoredProperties: e643bd26f0fe6173181afceb89e7c659 -> 
  custom:container-demuxer-ogg: 62fdf1f143b41e24485cea50d1cbac27 -> 
  custom:video-decoder-webm-vp8: 9c59270c3fd7afecdb556c50c9e8de78 -> 
  custom:audio-decoder-ogg-vorbis: bf7c407c2cedff20999df2af8eb42d56 -> 
========================================================================
Received Prepare
Registering precompiled user dll's ...
Registered in 0.006829 seconds.
Begin MonoManager ReloadAssembly
Symbol file LoadedFromMemory is not a mono symbol file
Native extension for UWP target not found
Native extension for WindowsStandalone target not found
Native extension for Android target not found
Native extension for WebGL target not found
Refreshing native plugins compatible for Editor in 0.93 ms, found 2 plugins.
Preloading 0 native plugins for Editor in 0.00 ms.
[Package Manager] Server::EnsureServerProcessIsRunning -- launch failed, reason: Unity was launched with the -noUpm command-line argument
[Package Manager] Cannot connect to Unity Package Manager local server
Mono: successfully reloaded assembly
- Completed reload, in  1.275 seconds
Domain Reload Profiling:
	ReloadAssembly (1276ms)
		BeginReloadAssembly (133ms)
			ExecutionOrderSort (0ms)
			DisableScriptedObjects (5ms)
			BackupInstance (0ms)
			ReleaseScriptingObjects (0ms)
			CreateAndSetChildDomain (38ms)
		EndReloadAssembly (1062ms)
			LoadAssemblies (94ms)
			RebuildTransferFunctionScriptingTraits (0ms)
			SetupTypeCache (178ms)
			ReleaseScriptCaches (1ms)
			RebuildScriptCaches (30ms)
			SetupLoadedEditorAssemblies (731ms)
				LogAssemblyErrors (0ms)
				InitializePlatformSupportModulesInManaged (14ms)
				SetLoadedEditorAssemblies (0ms)
				RefreshPlugins (1ms)
				BeforeProcessingInitializeOnLoad (41ms)
				ProcessInitializeOnLoadAttributes (566ms)
				ProcessInitializeOnLoadMethodAttributes (103ms)
				AfterProcessingInitializeOnLoad (5ms)
				EditorAssembliesLoaded (0ms)
			ExecutionOrderSort2 (0ms)
			AwakeInstancesAfterBackupRestoration (6ms)
Platform modules already initialized, skipping
Refreshing native plugins compatible for Editor in 0.86 ms, found 2 plugins.
Preloading 0 native plugins for Editor in 0.00 ms.
Unloading 3101 Unused Serialized files (Serialized files now loaded: 0)
Unloading 51 unused Assets / (23.0 KB). Loaded Objects now: 3689.
Memory consumption went from 115.0 MB to 115.0 MB.
Total: 5.757700 ms (FindLiveObjects: 0.253800 ms CreateObjectMapping: 0.075300 ms MarkObjects: 5.329200 ms  DeleteObjects: 0.097000 ms)

AssetImportParameters requested are different than current active one (requested -> active):
  custom:video-decoder-ogg-theora: a1e56fd34408186e4bbccfd4996cb3dc -> 
  custom:container-muxer-webm: aa71ff27fc2769a1b78a27578f13a17b -> 
  custom:container-demuxer-webm: 4f35f7cbe854078d1ac9338744f61a02 -> 
  custom:video-encoder-webm-vp8: eb34c28f22e8b96e1ab97ce403110664 -> 
  custom:CustomObjectIndexerAttribute: bc11b3a6c3213fcdd17b65e7da85e133 -> 
  custom:audio-encoder-webm-vorbis: bf7c407c2cedff20999df2af8eb42d56 -> 
  custom:framework-win-MediaFoundation: 216162199b28c13a410421893ffa2e32 -> 
  custom:SearchIndexIgnoredProperties: e643bd26f0fe6173181afceb89e7c659 -> 
  custom:container-demuxer-ogg: 62fdf1f143b41e24485cea50d1cbac27 -> 
  custom:video-decoder-webm-vp8: 9c59270c3fd7afecdb556c50c9e8de78 -> 
  custom:audio-decoder-ogg-vorbis: bf7c407c2cedff20999df2af8eb42d56 -> 
========================================================================
Received Prepare
Refreshing native plugins compatible for Editor in 9.15 ms, found 2 plugins.
Preloading 0 native plugins for Editor in 0.00 ms.
Unloading 49 Unused Serialized files (Serialized files now loaded: 0)
Unloading 49 unused Assets / (23.0 KB). Loaded Objects now: 3689.
Memory consumption went from 53.1 MB to 53.0 MB.
Total: 5.662600 ms (FindLiveObjects: 0.255600 ms CreateObjectMapping: 0.078100 ms MarkObjects: 5.295700 ms  DeleteObjects: 0.032700 ms)

AssetImportParameters requested are different than current active one (requested -> active):
  custom:video-decoder-ogg-theora: a1e56fd34408186e4bbccfd4996cb3dc -> 
  custom:container-muxer-webm: aa71ff27fc2769a1b78a27578f13a17b -> 
  custom:container-demuxer-webm: 4f35f7cbe854078d1ac9338744f61a02 -> 
  custom:video-encoder-webm-vp8: eb34c28f22e8b96e1ab97ce403110664 -> 
  custom:CustomObjectIndexerAttribute: bc11b3a6c3213fcdd17b65e7da85e133 -> 
  custom:audio-encoder-webm-vorbis: bf7c407c2cedff20999df2af8eb42d56 -> 
  custom:framework-win-MediaFoundation: 216162199b28c13a410421893ffa2e32 -> 
  custom:SearchIndexIgnoredProperties: e643bd26f0fe6173181afceb89e7c659 -> 
  custom:container-demuxer-ogg: 62fdf1f143b41e24485cea50d1cbac27 -> 
  custom:video-decoder-webm-vp8: 9c59270c3fd7afecdb556c50c9e8de78 -> 
  custom:audio-decoder-ogg-vorbis: bf7c407c2cedff20999df2af8eb42d56 -> 
========================================================================
Received Prepare
Registering precompiled user dll's ...
Registered in 0.007817 seconds.
Begin MonoManager ReloadAssembly
Symbol file LoadedFromMemory is not a mono symbol file
Native extension for UWP target not found
Native extension for WindowsStandalone target not found
Native extension for Android target not found
Native extension for WebGL target not found
Refreshing native plugins compatible for Editor in 0.95 ms, found 2 plugins.
Preloading 0 native plugins for Editor in 0.00 ms.
[Package Manager] Server::EnsureServerProcessIsRunning -- launch failed, reason: Unity was launched with the -noUpm command-line argument
[Package Manager] Cannot connect to Unity Package Manager local server
Mono: successfully reloaded assembly
- Completed reload, in  1.567 seconds
Domain Reload Profiling:
	ReloadAssembly (1568ms)
		BeginReloadAssembly (168ms)
			ExecutionOrderSort (0ms)
			DisableScriptedObjects (7ms)
			BackupInstance (0ms)
			ReleaseScriptingObjects (0ms)
			CreateAndSetChildDomain (48ms)
		EndReloadAssembly (1287ms)
			LoadAssemblies (120ms)
			RebuildTransferFunctionScriptingTraits (0ms)
			SetupTypeCache (231ms)
			ReleaseScriptCaches (1ms)
			RebuildScriptCaches (48ms)
			SetupLoadedEditorAssemblies (860ms)
				LogAssemblyErrors (0ms)
				InitializePlatformSupportModulesInManaged (19ms)
				SetLoadedEditorAssemblies (0ms)
				RefreshPlugins (1ms)
				BeforeProcessingInitializeOnLoad (67ms)
				ProcessInitializeOnLoadAttributes (601ms)
				ProcessInitializeOnLoadMethodAttributes (161ms)
				AfterProcessingInitializeOnLoad (10ms)
				EditorAssembliesLoaded (0ms)
			ExecutionOrderSort2 (0ms)
			AwakeInstancesAfterBackupRestoration (5ms)
Platform modules already initialized, skipping
Refreshing native plugins compatible for Editor in 0.88 ms, found 2 plugins.
Preloading 0 native plugins for Editor in 0.00 ms.
Unloading 3101 Unused Serialized files (Serialized files now loaded: 0)
Unloading 51 unused Assets / (22.9 KB). Loaded Objects now: 3692.
Memory consumption went from 115.0 MB to 115.0 MB.
Total: 9.350100 ms (FindLiveObjects: 0.395100 ms CreateObjectMapping: 0.096700 ms MarkObjects: 8.814600 ms  DeleteObjects: 0.042300 ms)

AssetImportParameters requested are different than current active one (requested -> active):
  custom:video-decoder-ogg-theora: a1e56fd34408186e4bbccfd4996cb3dc -> 
  custom:container-muxer-webm: aa71ff27fc2769a1b78a27578f13a17b -> 
  custom:container-demuxer-webm: 4f35f7cbe854078d1ac9338744f61a02 -> 
  custom:video-encoder-webm-vp8: eb34c28f22e8b96e1ab97ce403110664 -> 
  custom:CustomObjectIndexerAttribute: bc11b3a6c3213fcdd17b65e7da85e133 -> 
  custom:audio-encoder-webm-vorbis: bf7c407c2cedff20999df2af8eb42d56 -> 
  custom:framework-win-MediaFoundation: 216162199b28c13a410421893ffa2e32 -> 
  custom:SearchIndexIgnoredProperties: e643bd26f0fe6173181afceb89e7c659 -> 
  custom:container-demuxer-ogg: 62fdf1f143b41e24485cea50d1cbac27 -> 
  custom:video-decoder-webm-vp8: 9c59270c3fd7afecdb556c50c9e8de78 -> 
  custom:audio-decoder-ogg-vorbis: bf7c407c2cedff20999df2af8eb42d56 -> 
========================================================================
Received Prepare
Registering precompiled user dll's ...
Registered in 0.009635 seconds.
Begin MonoManager ReloadAssembly
Symbol file LoadedFromMemory is not a mono symbol file
Native extension for UWP target not found
Native extension for WindowsStandalone target not found
Native extension for Android target not found
Native extension for WebGL target not found
Refreshing native plugins compatible for Editor in 0.95 ms, found 2 plugins.
Preloading 0 native plugins for Editor in 0.00 ms.
[Package Manager] Server::EnsureServerProcessIsRunning -- launch failed, reason: Unity was launched with the -noUpm command-line argument
[Package Manager] Cannot connect to Unity Package Manager local server
Mono: successfully reloaded assembly
- Completed reload, in  1.280 seconds
Domain Reload Profiling:
	ReloadAssembly (1280ms)
		BeginReloadAssembly (157ms)
			ExecutionOrderSort (0ms)
			DisableScriptedObjects (5ms)
			BackupInstance (0ms)
			ReleaseScriptingObjects (0ms)
			CreateAndSetChildDomain (47ms)
		EndReloadAssembly (1046ms)
			LoadAssemblies (101ms)
			RebuildTransferFunctionScriptingTraits (0ms)
			SetupTypeCache (170ms)
			ReleaseScriptCaches (1ms)
			RebuildScriptCaches (30ms)
			SetupLoadedEditorAssemblies (723ms)
				LogAssemblyErrors (0ms)
				InitializePlatformSupportModulesInManaged (14ms)
				SetLoadedEditorAssemblies (0ms)
				RefreshPlugins (1ms)
				BeforeProcessingInitializeOnLoad (42ms)
				ProcessInitializeOnLoadAttributes (556ms)
				ProcessInitializeOnLoadMethodAttributes (104ms)
				AfterProcessingInitializeOnLoad (6ms)
				EditorAssembliesLoaded (0ms)
			ExecutionOrderSort2 (0ms)
			AwakeInstancesAfterBackupRestoration (6ms)
Platform modules already initialized, skipping
Refreshing native plugins compatible for Editor in 0.87 ms, found 2 plugins.
Preloading 0 native plugins for Editor in 0.00 ms.
Unloading 3101 Unused Serialized files (Serialized files now loaded: 0)
Unloading 51 unused Assets / (23.0 KB). Loaded Objects now: 3695.
Memory consumption went from 115.0 MB to 115.0 MB.
Total: 6.154600 ms (FindLiveObjects: 0.242900 ms CreateObjectMapping: 0.089900 ms MarkObjects: 5.775500 ms  DeleteObjects: 0.044800 ms)

AssetImportParameters requested are different than current active one (requested -> active):
  custom:video-decoder-ogg-theora: a1e56fd34408186e4bbccfd4996cb3dc -> 
  custom:container-muxer-webm: aa71ff27fc2769a1b78a27578f13a17b -> 
  custom:container-demuxer-webm: 4f35f7cbe854078d1ac9338744f61a02 -> 
  custom:video-encoder-webm-vp8: eb34c28f22e8b96e1ab97ce403110664 -> 
  custom:CustomObjectIndexerAttribute: bc11b3a6c3213fcdd17b65e7da85e133 -> 
  custom:audio-encoder-webm-vorbis: bf7c407c2cedff20999df2af8eb42d56 -> 
  custom:framework-win-MediaFoundation: 216162199b28c13a410421893ffa2e32 -> 
  custom:SearchIndexIgnoredProperties: e643bd26f0fe6173181afceb89e7c659 -> 
  custom:container-demuxer-ogg: 62fdf1f143b41e24485cea50d1cbac27 -> 
  custom:video-decoder-webm-vp8: 9c59270c3fd7afecdb556c50c9e8de78 -> 
  custom:audio-decoder-ogg-vorbis: bf7c407c2cedff20999df2af8eb42d56 -> 
========================================================================
Received Prepare
Refreshing native plugins compatible for Editor in 9.91 ms, found 2 plugins.
Preloading 0 native plugins for Editor in 0.00 ms.
Unloading 49 Unused Serialized files (Serialized files now loaded: 0)
Unloading 49 unused Assets / (23.0 KB). Loaded Objects now: 3695.
Memory consumption went from 53.1 MB to 53.1 MB.
Total: 6.271000 ms (FindLiveObjects: 0.257900 ms CreateObjectMapping: 0.096000 ms MarkObjects: 5.876500 ms  DeleteObjects: 0.039900 ms)

AssetImportParameters requested are different than current active one (requested -> active):
  custom:video-decoder-ogg-theora: a1e56fd34408186e4bbccfd4996cb3dc -> 
  custom:container-muxer-webm: aa71ff27fc2769a1b78a27578f13a17b -> 
  custom:container-demuxer-webm: 4f35f7cbe854078d1ac9338744f61a02 -> 
  custom:video-encoder-webm-vp8: eb34c28f22e8b96e1ab97ce403110664 -> 
  custom:CustomObjectIndexerAttribute: bc11b3a6c3213fcdd17b65e7da85e133 -> 
  custom:audio-encoder-webm-vorbis: bf7c407c2cedff20999df2af8eb42d56 -> 
  custom:framework-win-MediaFoundation: 216162199b28c13a410421893ffa2e32 -> 
  custom:SearchIndexIgnoredProperties: e643bd26f0fe6173181afceb89e7c659 -> 
  custom:container-demuxer-ogg: 62fdf1f143b41e24485cea50d1cbac27 -> 
  custom:video-decoder-webm-vp8: 9c59270c3fd7afecdb556c50c9e8de78 -> 
  custom:audio-decoder-ogg-vorbis: bf7c407c2cedff20999df2af8eb42d56 -> 
========================================================================
Received Import Request.
  Time since last request: 8772.457099 seconds.
  path: Assets/DemoSettings.lighting
  artifactKey: Guid(d1d044b3bac514540bb0c10cca481f51) Importer(2089858483,0ecaa5967403d082aa24f35e1b516d23)
Number of updated assets reloaded before import = 0
Start importing Assets/DemoSettings.lighting using Guid(d1d044b3bac514540bb0c10cca481f51) Importer(2089858483,0ecaa5967403d082aa24f35e1b516d23) LightingSettings: switching bake backend from 1 to 0.
 -> (artifact id: '03c0b4967547a1ff87930c734ae85e71') in 0.112523 seconds 
Number of asset objects unloaded after import = 1
========================================================================
Received Import Request.
  Time since last request: 0.000039 seconds.
  path: Assets/Animations/Gear/Boots_Idle_Left.anim
  artifactKey: Guid(05010807c648013439a2b474c7a539e9) Importer(2089858483,0ecaa5967403d082aa24f35e1b516d23)
Number of updated assets reloaded before import = 0
Start importing Assets/Animations/Gear/Boots_Idle_Left.anim using Guid(05010807c648013439a2b474c7a539e9) Importer(2089858483,0ecaa5967403d082aa24f35e1b516d23)  -> (artifact id: '78322d6e9145fb1a5f2c2407e235f004') in 0.023497 seconds 
Number of asset objects unloaded after import = 1
========================================================================
Received Import Request.
  Time since last request: 0.000036 seconds.
  path: Assets/Animations/Gear/Boots_Idle_Right.anim
  artifactKey: Guid(abccac0961e79be43879167625f0490e) Importer(2089858483,0ecaa5967403d082aa24f35e1b516d23)
Number of updated assets reloaded before import = 0
Start importing Assets/Animations/Gear/Boots_Idle_Right.anim using Guid(abccac0961e79be43879167625f0490e) Importer(2089858483,0ecaa5967403d082aa24f35e1b516d23)  -> (artifact id: '790c7ef4751cca64324bbb5538efbb44') in 0.012020 seconds 
Number of asset objects unloaded after import = 1
========================================================================
Received Import Request.
  Time since last request: 0.000016 seconds.
  path: Assets/Login.unity
  artifactKey: Guid(a2795e4d016e46b29ee062ba9c8475da) Importer(2089858483,0ecaa5967403d082aa24f35e1b516d23)
Number of updated assets reloaded before import = 0
Start importing Assets/Login.unity using Guid(a2795e4d016e46b29ee062ba9c8475da) Importer(2089858483,0ecaa5967403d082aa24f35e1b516d23)  -> (artifact id: '26ad4310b138a095fdc1890d9f87dcce') in 0.010339 seconds 
Number of asset objects unloaded after import = 1
========================================================================
Received Import Request.
  Time since last request: 0.000018 seconds.
  path: Assets/Sprites/npc.png
  artifactKey: Guid(b3f004cfd9c81d94baf8a479516fe2db) Importer(2089858483,0ecaa5967403d082aa24f35e1b516d23)
Number of updated assets reloaded before import = 0
Start importing Assets/Sprites/npc.png using Guid(b3f004cfd9c81d94baf8a479516fe2db) Importer(2089858483,0ecaa5967403d082aa24f35e1b516d23)  -> (artifact id: 'b84077bf7258c0dbf34f0474aad1aa62') in 0.106094 seconds 
Number of asset objects unloaded after import = 3
========================================================================
Received Import Request.
  Time since last request: 0.000025 seconds.
  path: Assets/Fonts/RussoOne-Regular.ttf
  artifactKey: Guid(0f54393d286367445ac5703060a10b91) Importer(2089858483,0ecaa5967403d082aa24f35e1b516d23)
Number of updated assets reloaded before import = 0
Start importing Assets/Fonts/RussoOne-Regular.ttf using Guid(0f54393d286367445ac5703060a10b91) Importer(2089858483,0ecaa5967403d082aa24f35e1b516d23)  -> (artifact id: '9fd5c1317be0adf675a819d5b04c6680') in 0.026974 seconds 
Number of asset objects unloaded after import = 3
========================================================================
Received Import Request.
  Time since last request: 0.000020 seconds.
  path: Assets/Behaviours/DeathBehaviour.cs
  artifactKey: Guid(d4744d29b41a0294e8e3164bf717ccb2) Importer(2089858483,0ecaa5967403d082aa24f35e1b516d23)
Number of updated assets reloaded before import = 0
Start importing Assets/Behaviours/DeathBehaviour.cs using Guid(d4744d29b41a0294e8e3164bf717ccb2) Importer(2089858483,0ecaa5967403d082aa24f35e1b516d23)  -> (artifact id: '9b841062e8679f0f3767d4ca37938d7d') in 0.012237 seconds 
Number of asset objects unloaded after import = 0
========================================================================
Received Import Request.
  Time since last request: 0.000030 seconds.
  path: Assets/Sprites/frame.png
  artifactKey: Guid(731162c1bd9318b4b9d4a3d2203712ea) Importer(2089858483,0ecaa5967403d082aa24f35e1b516d23)
Number of updated assets reloaded before import = 0
Start importing Assets/Sprites/frame.png using Guid(731162c1bd9318b4b9d4a3d2203712ea) Importer(2089858483,0ecaa5967403d082aa24f35e1b516d23)  -> (artifact id: '173b1cee8e8cd1cbb5168d79bee34105') in 0.017034 seconds 
Number of asset objects unloaded after import = 3
========================================================================
Received Import Request.
  Time since last request: 0.000017 seconds.
  path: Assets/ScriptTemplates/51-Mirror__Network Manager With Actions-NewNetworkManagerWithActions.cs.txt
  artifactKey: Guid(54c5bb307a5d80d4180010c653b2c085) Importer(2089858483,0ecaa5967403d082aa24f35e1b516d23)
Number of updated assets reloaded before import = 0
Start importing Assets/ScriptTemplates/51-Mirror__Network Manager With Actions-NewNetworkManagerWithActions.cs.txt using Guid(54c5bb307a5d80d4180010c653b2c085) Importer(2089858483,0ecaa5967403d082aa24f35e1b516d23)  -> (artifact id: '4fe904312e41f88bf389c1ff9e8f3d45') in 0.019202 seconds 
Number of asset objects unloaded after import = 1
========================================================================
Received Import Request.
  Time since last request: 0.000025 seconds.
  path: Assets/Textures/MinimapTexture.renderTexture
  artifactKey: Guid(3d2ae5ff88071624da5a28a694cbf22e) Importer(2089858483,0ecaa5967403d082aa24f35e1b516d23)
Number of updated assets reloaded before import = 0
Start importing Assets/Textures/MinimapTexture.renderTexture using Guid(3d2ae5ff88071624da5a28a694cbf22e) Importer(2089858483,0ecaa5967403d082aa24f35e1b516d23)  -> (artifact id: 'b362fdef9576c21c38d36788ddb41be6') in 0.016857 seconds 
Number of asset objects unloaded after import = 1
========================================================================
Received Import Request.
  Time since last request: 0.000030 seconds.
  path: Assets/Animations/Enemy_2/Idle_Up.anim
  artifactKey: Guid(51f4621400de7bf49876bd76dcb5abd0) Importer(2089858483,0ecaa5967403d082aa24f35e1b516d23)
Number of updated assets reloaded before import = 0
Start importing Assets/Animations/Enemy_2/Idle_Up.anim using Guid(51f4621400de7bf49876bd76dcb5abd0) Importer(2089858483,0ecaa5967403d082aa24f35e1b516d23)  -> (artifact id: 'd70f3b772e60b3c85443c8cd1dee0c02') in 0.010503 seconds 
Number of asset objects unloaded after import = 1
========================================================================
Received Import Request.
  Time since last request: 0.000022 seconds.
  path: Assets/Animations/Crit.anim
  artifactKey: Guid(5bb400068823d384eb49bedf7a54cb41) Importer(2089858483,0ecaa5967403d082aa24f35e1b516d23)
Number of updated assets reloaded before import = 0
Start importing Assets/Animations/Crit.anim using Guid(5bb400068823d384eb49bedf7a54cb41) Importer(2089858483,0ecaa5967403d082aa24f35e1b516d23)  -> (artifact id: '3f6621c3b3d12b958230b0e4c9be04b7') in 0.010763 seconds 
Number of asset objects unloaded after import = 1
========================================================================
Received Import Request.
  Time since last request: 0.000016 seconds.
  path: Assets/Animations/Enemy_2/Idle_Down.anim
  artifactKey: Guid(753b2dec4799430409884474ca7bc322) Importer(2089858483,0ecaa5967403d082aa24f35e1b516d23)
Number of updated assets reloaded before import = 0
Start importing Assets/Animations/Enemy_2/Idle_Down.anim using Guid(753b2dec4799430409884474ca7bc322) Importer(2089858483,0ecaa5967403d082aa24f35e1b516d23)  -> (artifact id: '86f73defb94a59918fe1e7fc867c1e09') in 0.016825 seconds 
Number of asset objects unloaded after import = 1
========================================================================
Received Import Request.
  Time since last request: 0.000022 seconds.
  path: Assets/Animations/Enemy_1/Idle_Left.anim
  artifactKey: Guid(d10c4730f2bf0d443bc398e4520413ed) Importer(2089858483,0ecaa5967403d082aa24f35e1b516d23)
Number of updated assets reloaded before import = 0
Start importing Assets/Animations/Enemy_1/Idle_Left.anim using Guid(d10c4730f2bf0d443bc398e4520413ed) Importer(2089858483,0ecaa5967403d082aa24f35e1b516d23)  -> (artifact id: '64b5a2b58254cde7754201f9c0d44f88') in 0.013507 seconds 
Number of asset objects unloaded after import = 1
========================================================================
Received Import Request.
  Time since last request: 0.000022 seconds.
  path: Assets/Animations/Gear/Hat_Idle_Back.anim
  artifactKey: Guid(f19ac47bfa753aa48a77e92ccabd65dc) Importer(2089858483,0ecaa5967403d082aa24f35e1b516d23)
Number of updated assets reloaded before import = 0
Start importing Assets/Animations/Gear/Hat_Idle_Back.anim using Guid(f19ac47bfa753aa48a77e92ccabd65dc) Importer(2089858483,0ecaa5967403d082aa24f35e1b516d23)  -> (artifact id: '0906b625b3e8c9aec341f28d6b4eb42d') in 0.011285 seconds 
Number of asset objects unloaded after import = 1
========================================================================
Received Import Request.
  Time since last request: 0.000028 seconds.
  path: Assets/Animations/Enemy_1/Idle_Up.anim
  artifactKey: Guid(722f43efb1d74fd459d9081fa4a13851) Importer(2089858483,0ecaa5967403d082aa24f35e1b516d23)
Number of updated assets reloaded before import = 0
Start importing Assets/Animations/Enemy_1/Idle_Up.anim using Guid(722f43efb1d74fd459d9081fa4a13851) Importer(2089858483,0ecaa5967403d082aa24f35e1b516d23)  -> (artifact id: 'cee266004c8f4651f22b43b4ef135a57') in 0.011383 seconds 
Number of asset objects unloaded after import = 1
========================================================================
Received Import Request.
  Time since last request: 0.000019 seconds.
  path: Assets/Palettes/Tiles.prefab
  artifactKey: Guid(e2a6fcf16941dfb479dce701f4b94493) Importer(2089858483,0ecaa5967403d082aa24f35e1b516d23)
Number of updated assets reloaded before import = 0
Start importing Assets/Palettes/Tiles.prefab using Guid(e2a6fcf16941dfb479dce701f4b94493) Importer(2089858483,0ecaa5967403d082aa24f35e1b516d23)  -> (artifact id: '65d42e72710bcce56248f841cbf54ac2') in 0.033316 seconds 
Number of asset objects unloaded after import = 10
========================================================================
Received Import Request.
  Time since last request: 0.000026 seconds.
  path: Assets/Animations/Enemy_2/Die_Right.anim
  artifactKey: Guid(55c35830ef432e44983dcb33a225baff) Importer(2089858483,0ecaa5967403d082aa24f35e1b516d23)
Number of updated assets reloaded before import = 0
Start importing Assets/Animations/Enemy_2/Die_Right.anim using Guid(55c35830ef432e44983dcb33a225baff) Importer(2089858483,0ecaa5967403d082aa24f35e1b516d23)  -> (artifact id: 'c4329f70551ad9ac2ee901306934611c') in 0.012933 seconds 
Number of asset objects unloaded after import = 1
========================================================================
Received Import Request.
  Time since last request: 0.000019 seconds.
  path: Assets/Behaviours/SpellBehaviour.cs
  artifactKey: Guid(2ef18d3ee72db9b4e9bab176f196e3c9) Importer(2089858483,0ecaa5967403d082aa24f35e1b516d23)
Number of updated assets reloaded before import = 0
Start importing Assets/Behaviours/SpellBehaviour.cs using Guid(2ef18d3ee72db9b4e9bab176f196e3c9) Importer(2089858483,0ecaa5967403d082aa24f35e1b516d23)  -> (artifact id: 'd80774bc20fe399ead0c367fd1ff19a7') in 0.010460 seconds 
Number of asset objects unloaded after import = 0
========================================================================
Received Import Request.
  Time since last request: 0.000025 seconds.
  path: Assets/Animations/Enemy_2/Walk_Up.anim
  artifactKey: Guid(927364a0c1202cf4c9cad6aebdd56ea4) Importer(2089858483,0ecaa5967403d082aa24f35e1b516d23)
Number of updated assets reloaded before import = 0
Start importing Assets/Animations/Enemy_2/Walk_Up.anim using Guid(927364a0c1202cf4c9cad6aebdd56ea4) Importer(2089858483,0ecaa5967403d082aa24f35e1b516d23)  -> (artifact id: '049b53ed31b359ee59cd57673ec18419') in 0.015665 seconds 
Number of asset objects unloaded after import = 1
========================================================================
Received Import Request.
  Time since last request: 0.000021 seconds.
  path: Assets/Controllers/DingController.controller
  artifactKey: Guid(b7f616d4f548b574ba3b20e4670a75da) Importer(2089858483,0ecaa5967403d082aa24f35e1b516d23)
Number of updated assets reloaded before import = 0
Start importing Assets/Controllers/DingController.controller using Guid(b7f616d4f548b574ba3b20e4670a75da) Importer(2089858483,0ecaa5967403d082aa24f35e1b516d23)  -> (artifact id: 'af7f6f7100903f0dd6e8763819852a51') in 0.015171 seconds 
Number of asset objects unloaded after import = 7
========================================================================
Received Import Request.
  Time since last request: 0.000031 seconds.
  path: Assets/Animations/Enemy_2/Walk_Down.anim
  artifactKey: Guid(ba1a1ddeeef484243a201588f150dbfd) Importer(2089858483,0ecaa5967403d082aa24f35e1b516d23)
Number of updated assets reloaded before import = 0
Start importing Assets/Animations/Enemy_2/Walk_Down.anim using Guid(ba1a1ddeeef484243a201588f150dbfd) Importer(2089858483,0ecaa5967403d082aa24f35e1b516d23)  -> (artifact id: '669a6ce960e1ace7887b247187f98f90') in 0.015841 seconds 
Number of asset objects unloaded after import = 1
========================================================================
Received Import Request.
  Time since last request: 0.000034 seconds.
  path: Assets/Resources/BillingMode.json
  artifactKey: Guid(64614dd8238ee594aa5994ec1ecab873) Importer(2089858483,0ecaa5967403d082aa24f35e1b516d23)
Number of updated assets reloaded before import = 0
Start importing Assets/Resources/BillingMode.json using Guid(64614dd8238ee594aa5994ec1ecab873) Importer(2089858483,0ecaa5967403d082aa24f35e1b516d23)  -> (artifact id: 'b5d9bb9c8900192c4ccc8e2e4cb9a376') in 0.017429 seconds 
Number of asset objects unloaded after import = 1
========================================================================
Received Import Request.
  Time since last request: 0.000026 seconds.
  path: Assets/ScriptTemplates/52-Mirror__Network Behaviour-NewNetworkBehaviour.cs.txt
  artifactKey: Guid(29b2ae9aeacc49b47b711838dd1876a4) Importer(2089858483,0ecaa5967403d082aa24f35e1b516d23)
Number of updated assets reloaded before import = 0
Start importing Assets/ScriptTemplates/52-Mirror__Network Behaviour-NewNetworkBehaviour.cs.txt using Guid(29b2ae9aeacc49b47b711838dd1876a4) Importer(2089858483,0ecaa5967403d082aa24f35e1b516d23)  -> (artifact id: 'fdcaa4287adfa60966a2d913b206009a') in 0.017990 seconds 
Number of asset objects unloaded after import = 1
========================================================================
Received Import Request.
  Time since last request: 0.000029 seconds.
  path: Assets/Maps/MapLayer2.png
  artifactKey: Guid(1e2827e3ecd74c148b2e419f05197464) Importer(2089858483,0ecaa5967403d082aa24f35e1b516d23)
Number of updated assets reloaded before import = 0
Start importing Assets/Maps/MapLayer2.png using Guid(1e2827e3ecd74c148b2e419f05197464) Importer(2089858483,0ecaa5967403d082aa24f35e1b516d23)  -> (artifact id: '19ac80b99de76c874e41255b39a51765') in 0.014885 seconds 
Number of asset objects unloaded after import = 1
========================================================================
Received Import Request.
  Time since last request: 0.000021 seconds.
  path: Assets/Controllers/RangedEnemyController.overrideController
  artifactKey: Guid(eff78d609eb52114aadaa1b7a20e95c0) Importer(2089858483,0ecaa5967403d082aa24f35e1b516d23)
Number of updated assets reloaded before import = 0
Start importing Assets/Controllers/RangedEnemyController.overrideController using Guid(eff78d609eb52114aadaa1b7a20e95c0) Importer(2089858483,0ecaa5967403d082aa24f35e1b516d23)  -> (artifact id: '3575945f79d7b356b3af9cd536a3bc79') in 0.024937 seconds 
Number of asset objects unloaded after import = 52
========================================================================
Received Import Request.
  Time since last request: 0.000022 seconds.
  path: Assets/Behaviours/RespawnBehaviour.cs
  artifactKey: Guid(ff361670e66e252409733dfdf4b96729) Importer(2089858483,0ecaa5967403d082aa24f35e1b516d23)
Number of updated assets reloaded before import = 0
Start importing Assets/Behaviours/RespawnBehaviour.cs using Guid(ff361670e66e252409733dfdf4b96729) Importer(2089858483,0ecaa5967403d082aa24f35e1b516d23)  -> (artifact id: 'cece9fbf781b1df785737c181be190d4') in 0.010058 seconds 
Number of asset objects unloaded after import = 0
========================================================================
Received Import Request.
  Time since last request: 0.000021 seconds.
  path: Assets/Prefabs/CombatText.prefab
  artifactKey: Guid(76ff55fd6d5a5504ca5fb984c267cf67) Importer(2089858483,0ecaa5967403d082aa24f35e1b516d23)
Number of updated assets reloaded before import = 0
Start importing Assets/Prefabs/CombatText.prefab using Guid(76ff55fd6d5a5504ca5fb984c267cf67) Importer(2089858483,0ecaa5967403d082aa24f35e1b516d23)  -> (artifact id: '4de1cbd761a0a46cbf4d33b8d2dcde21') in 0.037964 seconds 
Number of asset objects unloaded after import = 17
========================================================================
Received Import Request.
  Time since last request: 0.000025 seconds.
  path: Assets/Controllers/SpellController.controller
  artifactKey: Guid(b895a82bc3becec479ef41fa76dab350) Importer(2089858483,0ecaa5967403d082aa24f35e1b516d23)
Number of updated assets reloaded before import = 0
Start importing Assets/Controllers/SpellController.controller using Guid(b895a82bc3becec479ef41fa76dab350) Importer(2089858483,0ecaa5967403d082aa24f35e1b516d23)  -> (artifact id: 'a65c64817207f8c782663e8d5da46e89') in 0.010219 seconds 
Number of asset objects unloaded after import = 8
========================================================================
Received Import Request.
  Time since last request: 0.000019 seconds.
  path: Assets/Animations/Gear/Hat_Attack_Front.anim
  artifactKey: Guid(3bae9605bee05de4b88941079c430d86) Importer(2089858483,0ecaa5967403d082aa24f35e1b516d23)
Number of updated assets reloaded before import = 0
Start importing Assets/Animations/Gear/Hat_Attack_Front.anim using Guid(3bae9605bee05de4b88941079c430d86) Importer(2089858483,0ecaa5967403d082aa24f35e1b516d23)  -> (artifact id: 'ee3856a682e493314fa770543b6548ea') in 0.011419 seconds 
Number of asset objects unloaded after import = 1
========================================================================
Received Import Request.
  Time since last request: 0.000019 seconds.
  path: Assets/Animations/Gear/Hat_Attack_Left.anim
  artifactKey: Guid(5e6390ef11e9e224ebe4825383977792) Importer(2089858483,0ecaa5967403d082aa24f35e1b516d23)
Number of updated assets reloaded before import = 0
Start importing Assets/Animations/Gear/Hat_Attack_Left.anim using Guid(5e6390ef11e9e224ebe4825383977792) Importer(2089858483,0ecaa5967403d082aa24f35e1b516d23)  -> (artifact id: '225ae30b241708c4edbf33e0c2f5d389') in 0.011612 seconds 
Number of asset objects unloaded after import = 1
========================================================================
Received Import Request.
  Time since last request: 0.000030 seconds.
  path: Assets/Behaviours/HidGearBehaviour.cs
  artifactKey: Guid(e553bc494c35ee34fa73d094ceb40c88) Importer(2089858483,0ecaa5967403d082aa24f35e1b516d23)
Number of updated assets reloaded before import = 0
Start importing Assets/Behaviours/HidGearBehaviour.cs using Guid(e553bc494c35ee34fa73d094ceb40c88) Importer(2089858483,0ecaa5967403d082aa24f35e1b516d23)  -> (artifact id: 'f55fc0ab11345e4b7c6d9622515436fa') in 0.012346 seconds 
Number of asset objects unloaded after import = 0
========================================================================
Received Import Request.
  Time since last request: 0.000027 seconds.
  path: Assets/Mirror/Readme.txt
  artifactKey: Guid(f6d84e019c68446f28415a923b460a03) Importer(2089858483,0ecaa5967403d082aa24f35e1b516d23)
Number of updated assets reloaded before import = 0
Start importing Assets/Mirror/Readme.txt using Guid(f6d84e019c68446f28415a923b460a03) Importer(2089858483,0ecaa5967403d082aa24f35e1b516d23)  -> (artifact id: 'd071376c2c0602308ff14497dfca17bf') in 0.016232 seconds 
Number of asset objects unloaded after import = 1
========================================================================
Received Import Request.
  Time since last request: 0.000020 seconds.
  path: Assets/Maps/MapLayer1.png
  artifactKey: Guid(1cce8b686301062498d2ebf1a7d263f9) Importer(2089858483,0ecaa5967403d082aa24f35e1b516d23)
Number of updated assets reloaded before import = 0
Start importing Assets/Maps/MapLayer1.png using Guid(1cce8b686301062498d2ebf1a7d263f9) Importer(2089858483,0ecaa5967403d082aa24f35e1b516d23)  -> (artifact id: '6122838283c0f6444eea4ba5c1eec0cf') in 0.016814 seconds 
Number of asset objects unloaded after import = 1
========================================================================
Received Import Request.
  Time since last request: 0.000021 seconds.
  path: Assets/Animations/Enemy_1/Attack_Right.anim
  artifactKey: Guid(a5eda9509ee04894eba8f2735a6f0d65) Importer(2089858483,0ecaa5967403d082aa24f35e1b516d23)
Number of updated assets reloaded before import = 0
Start importing Assets/Animations/Enemy_1/Attack_Right.anim using Guid(a5eda9509ee04894eba8f2735a6f0d65) Importer(2089858483,0ecaa5967403d082aa24f35e1b516d23)  -> (artifact id: '0fcc391a8d4cd21cc27be47582467a9a') in 0.014026 seconds 
Number of asset objects unloaded after import = 1
========================================================================
Received Import Request.
  Time since last request: 0.000028 seconds.
  path: Assets/Controllers/CombatText.controller
  artifactKey: Guid(bc8e250239014c946b3dafa70f34f0a2) Importer(2089858483,0ecaa5967403d082aa24f35e1b516d23)
Number of updated assets reloaded before import = 0
Start importing Assets/Controllers/CombatText.controller using Guid(bc8e250239014c946b3dafa70f34f0a2) Importer(2089858483,0ecaa5967403d082aa24f35e1b516d23)  -> (artifact id: '674504490c58425409c10effdefd90ac') in 0.009260 seconds 
Number of asset objects unloaded after import = 6
========================================================================
Received Import Request.
  Time since last request: 0.000025 seconds.
  path: Assets/Animations/Gear/Boots_Walk_Right.anim
  artifactKey: Guid(7cf238c926dde2749950b28b021afb01) Importer(2089858483,0ecaa5967403d082aa24f35e1b516d23)
Number of updated assets reloaded before import = 0
Start importing Assets/Animations/Gear/Boots_Walk_Right.anim using Guid(7cf238c926dde2749950b28b021afb01) Importer(2089858483,0ecaa5967403d082aa24f35e1b516d23)  -> (artifact id: 'c98328bce0e2e20936fc8e8acabd1c87') in 0.011333 seconds 
Number of asset objects unloaded after import = 1
========================================================================
Received Import Request.
  Time since last request: 0.000026 seconds.
  path: Assets/Prefabs/SavedGame.prefab
  artifactKey: Guid(ea9591973ec9b494581286950b5f0ab2) Importer(2089858483,0ecaa5967403d082aa24f35e1b516d23)
Number of updated assets reloaded before import = 0
Start importing Assets/Prefabs/SavedGame.prefab using Guid(ea9591973ec9b494581286950b5f0ab2) Importer(2089858483,0ecaa5967403d082aa24f35e1b516d23)  -> (artifact id: 'cbd9a4727921405ab953fa992250a1c4') in 0.030077 seconds 
Number of asset objects unloaded after import = 106
========================================================================
Received Import Request.
  Time since last request: 0.000039 seconds.
  path: Assets/Animations/Gear/Hat_Attack_Right.anim
  artifactKey: Guid(df7c2b59a43b5b941be0395817ea5f5f) Importer(2089858483,0ecaa5967403d082aa24f35e1b516d23)
Number of updated assets reloaded before import = 0
Start importing Assets/Animations/Gear/Hat_Attack_Right.anim using Guid(df7c2b59a43b5b941be0395817ea5f5f) Importer(2089858483,0ecaa5967403d082aa24f35e1b516d23)  -> (artifact id: 'ea06328c3d535760565b251d33a9ca42') in 0.015659 seconds 
Number of asset objects unloaded after import = 1
========================================================================
Received Import Request.
  Time since last request: 0.000019 seconds.
  path: Assets/Animations/Enemy_1/Die_Right.anim
  artifactKey: Guid(b0f4aa5a26602e24db09431eb5bcf105) Importer(2089858483,0ecaa5967403d082aa24f35e1b516d23)
Number of updated assets reloaded before import = 0
Start importing Assets/Animations/Enemy_1/Die_Right.anim using Guid(b0f4aa5a26602e24db09431eb5bcf105) Importer(2089858483,0ecaa5967403d082aa24f35e1b516d23)  -> (artifact id: 'ec02c231d86751399af7afd2b14c536e') in 0.010684 seconds 
Number of asset objects unloaded after import = 1
========================================================================
Received Import Request.
  Time since last request: 0.000021 seconds.
  path: Assets/Sprites/arrow.png
  artifactKey: Guid(75f1ae902cd18d748adaff8d10cd06bd) Importer(2089858483,0ecaa5967403d082aa24f35e1b516d23)
Number of updated assets reloaded before import = 0
Start importing Assets/Sprites/arrow.png using Guid(75f1ae902cd18d748adaff8d10cd06bd) Importer(2089858483,0ecaa5967403d082aa24f35e1b516d23)  -> (artifact id: '4459b1945f0512f941fa2d038038dc60') in 0.020480 seconds 
Number of asset objects unloaded after import = 3
========================================================================
Received Import Request.
  Time since last request: 0.000020 seconds.
  path: Assets/Animations/Enemy_1/Walk_Up.anim
  artifactKey: Guid(6849802351a7a70458aad36763d6e7cb) Importer(2089858483,0ecaa5967403d082aa24f35e1b516d23)
Number of updated assets reloaded before import = 0
Start importing Assets/Animations/Enemy_1/Walk_Up.anim using Guid(6849802351a7a70458aad36763d6e7cb) Importer(2089858483,0ecaa5967403d082aa24f35e1b516d23)  -> (artifact id: '2e8d2979fffdb2b01a07bf314c00d0b8') in 0.012044 seconds 
Number of asset objects unloaded after import = 1
========================================================================
Received Import Request.
  Time since last request: 0.000019 seconds.
  path: Assets/Animations/Enemy_2/Die_Down.anim
  artifactKey: Guid(02119bc3c4d7b284fb9ab082ab2a6a38) Importer(2089858483,0ecaa5967403d082aa24f35e1b516d23)
Number of updated assets reloaded before import = 0
Start importing Assets/Animations/Enemy_2/Die_Down.anim using Guid(02119bc3c4d7b284fb9ab082ab2a6a38) Importer(2089858483,0ecaa5967403d082aa24f35e1b516d23)  -> (artifact id: 'fb225614d2a53f089fb6908008ee5f4d') in 0.015032 seconds 
Number of asset objects unloaded after import = 1
========================================================================
Received Import Request.
  Time since last request: 0.000021 seconds.
  path: Assets/Animations/Enemy_1/Die_Down.anim
  artifactKey: Guid(805b2a20fe19d574f940d4f55e7b6205) Importer(2089858483,0ecaa5967403d082aa24f35e1b516d23)
Number of updated assets reloaded before import = 0
Start importing Assets/Animations/Enemy_1/Die_Down.anim using Guid(805b2a20fe19d574f940d4f55e7b6205) Importer(2089858483,0ecaa5967403d082aa24f35e1b516d23)  -> (artifact id: '1d7c1c5fef9b3b40c2118f572ff275ef') in 0.010265 seconds 
Number of asset objects unloaded after import = 1
========================================================================
Received Import Request.
  Time since last request: 0.000020 seconds.
  path: Assets/Animations/Enemy_2/Idle_Left.anim
  artifactKey: Guid(2f048d964c970b54fa11ce3839dfbf54) Importer(2089858483,0ecaa5967403d082aa24f35e1b516d23)
Number of updated assets reloaded before import = 0
Start importing Assets/Animations/Enemy_2/Idle_Left.anim using Guid(2f048d964c970b54fa11ce3839dfbf54) Importer(2089858483,0ecaa5967403d082aa24f35e1b516d23)  -> (artifact id: '2510a672947d1863ce5f8ade1571fb66') in 0.012091 seconds 
Number of asset objects unloaded after import = 1
========================================================================
Received Import Request.
  Time since last request: 0.000021 seconds.
  path: Assets/Animations/Gear/Boots_Attack_Right.anim
  artifactKey: Guid(87a62d7a6c18e434d83ed722ec1ff998) Importer(2089858483,0ecaa5967403d082aa24f35e1b516d23)
Number of updated assets reloaded before import = 0
Start importing Assets/Animations/Gear/Boots_Attack_Right.anim using Guid(87a62d7a6c18e434d83ed722ec1ff998) Importer(2089858483,0ecaa5967403d082aa24f35e1b516d23)  -> (artifact id: 'a0ae9954ee151f03d6e1ee91b01f2f14') in 0.012335 seconds 
Number of asset objects unloaded after import = 1
========================================================================
Received Import Request.
  Time since last request: 0.000019 seconds.
  path: Assets/Animations/Enemy_1/Walk_Left.anim
  artifactKey: Guid(538d34eff95d4904fa1c2f7a69b4328d) Importer(2089858483,0ecaa5967403d082aa24f35e1b516d23)
Number of updated assets reloaded before import = 0
Start importing Assets/Animations/Enemy_1/Walk_Left.anim using Guid(538d34eff95d4904fa1c2f7a69b4328d) Importer(2089858483,0ecaa5967403d082aa24f35e1b516d23)  -> (artifact id: '6e648b7a3cbcf6b0a3cca372c502c7f6') in 0.010307 seconds 
Number of asset objects unloaded after import = 1
========================================================================
Received Import Request.
  Time since last request: 1.170296 seconds.
  path: Assets/Animations/Gear/Pants_Attack_Back.anim
  artifactKey: Guid(c9c140cd9aabc7c44bea1d8ec7f69221) Importer(2089858483,0ecaa5967403d082aa24f35e1b516d23)
Number of updated assets reloaded before import = 0
Start importing Assets/Animations/Gear/Pants_Attack_Back.anim using Guid(c9c140cd9aabc7c44bea1d8ec7f69221) Importer(2089858483,0ecaa5967403d082aa24f35e1b516d23)  -> (artifact id: 'c5641dddce3650ee547d00ae7944ccec') in 0.012692 seconds 
Number of asset objects unloaded after import = 1
========================================================================
Received Import Request.
  Time since last request: 0.000019 seconds.
  path: Assets/Animations/Gear/Robe_Idle_Left.anim
  artifactKey: Guid(b7c521ea163e04047a823288a7ae5272) Importer(2089858483,0ecaa5967403d082aa24f35e1b516d23)
Number of updated assets reloaded before import = 0
Start importing Assets/Animations/Gear/Robe_Idle_Left.anim using Guid(b7c521ea163e04047a823288a7ae5272) Importer(2089858483,0ecaa5967403d082aa24f35e1b516d23)  -> (artifact id: 'b26eec3e4ec1556ae07218bd7c265adc') in 0.016562 seconds 
Number of asset objects unloaded after import = 1
========================================================================
Received Import Request.
  Time since last request: 0.000024 seconds.
  path: Assets/Animations/Gear/Pants_Walk_Left.anim
  artifactKey: Guid(aee63165f0c4fc44ba51c27f234a770f) Importer(2089858483,0ecaa5967403d082aa24f35e1b516d23)
Number of updated assets reloaded before import = 0
Start importing Assets/Animations/Gear/Pants_Walk_Left.anim using Guid(aee63165f0c4fc44ba51c27f234a770f) Importer(2089858483,0ecaa5967403d082aa24f35e1b516d23)  -> (artifact id: '443cd7dda94a2871c49c22ea20ba6321') in 0.020461 seconds 
Number of asset objects unloaded after import = 1
========================================================================
Received Import Request.
  Time since last request: 0.000022 seconds.
  path: Assets/Animations/TileAssets/Watertile.asset
  artifactKey: Guid(502d1842803b04243b4c30a13b3a80d3) Importer(2089858483,0ecaa5967403d082aa24f35e1b516d23)
Number of updated assets reloaded before import = 0
Start importing Assets/Animations/TileAssets/Watertile.asset using Guid(502d1842803b04243b4c30a13b3a80d3) Importer(2089858483,0ecaa5967403d082aa24f35e1b516d23)  -> (artifact id: 'bd13d26c976c15514daac66d355820ba') in 0.027073 seconds 
Number of asset objects unloaded after import = 50
========================================================================
Received Import Request.
  Time since last request: 0.000017 seconds.
  path: Assets/Animations/Player/Wizard_Idle_Left.anim
  artifactKey: Guid(e4446f175ebf8b3499220bd78b9b762e) Importer(2089858483,0ecaa5967403d082aa24f35e1b516d23)
Number of updated assets reloaded before import = 0
Start importing Assets/Animations/Player/Wizard_Idle_Left.anim using Guid(e4446f175ebf8b3499220bd78b9b762e) Importer(2089858483,0ecaa5967403d082aa24f35e1b516d23)  -> (artifact id: 'a04befd8f0b8fe1d013a808761feaa31') in 0.011670 seconds 
Number of asset objects unloaded after import = 1
========================================================================
Received Import Request.
  Time since last request: 0.000030 seconds.
  path: Assets/Mirror/Core/LocalConnectionToClient.cs
  artifactKey: Guid(a88758df7db2043d6a9d926e0b6d4191) Importer(2089858483,0ecaa5967403d082aa24f35e1b516d23)
Number of updated assets reloaded before import = 0
Start importing Assets/Mirror/Core/LocalConnectionToClient.cs using Guid(a88758df7db2043d6a9d926e0b6d4191) Importer(2089858483,0ecaa5967403d082aa24f35e1b516d23)  -> (artifact id: '3be4b03a94fad920cc2ca95dd5ab0bac') in 0.013850 seconds 
Number of asset objects unloaded after import = 1
========================================================================
Received Import Request.
  Time since last request: 0.000018 seconds.
  path: Assets/Animations/TileAssets/grass_tile_3.asset
  artifactKey: Guid(8be2eb4f3e08fba41921a2136ce5034c) Importer(2089858483,0ecaa5967403d082aa24f35e1b516d23)
Number of updated assets reloaded before import = 0
Start importing Assets/Animations/TileAssets/grass_tile_3.asset using Guid(8be2eb4f3e08fba41921a2136ce5034c) Importer(2089858483,0ecaa5967403d082aa24f35e1b516d23)  -> (artifact id: '3ad107f0da978b53e3a5dd3dee495879') in 0.013762 seconds 
Number of asset objects unloaded after import = 3
========================================================================
Received Import Request.
  Time since last request: 0.000027 seconds.
  path: Assets/Mirror/Core/AssemblyInfo.cs
  artifactKey: Guid(e28d5f410e25b42e6a76a2ffc10e4675) Importer(2089858483,0ecaa5967403d082aa24f35e1b516d23)
Number of updated assets reloaded before import = 0
Start importing Assets/Mirror/Core/AssemblyInfo.cs using Guid(e28d5f410e25b42e6a76a2ffc10e4675) Importer(2089858483,0ecaa5967403d082aa24f35e1b516d23)  -> (artifact id: 'f6f0739508e02af1758ce199854a6a9d') in 0.012799 seconds 
Number of asset objects unloaded after import = 1
========================================================================
Received Import Request.
  Time since last request: 0.000030 seconds.
  path: Assets/Animations/Gear/Robe_Attack_Left.anim
  artifactKey: Guid(7d58a918eb444d94b8360bca427c2cc3) Importer(2089858483,0ecaa5967403d082aa24f35e1b516d23)
Number of updated assets reloaded before import = 0
Start importing Assets/Animations/Gear/Robe_Attack_Left.anim using Guid(7d58a918eb444d94b8360bca427c2cc3) Importer(2089858483,0ecaa5967403d082aa24f35e1b516d23)  -> (artifact id: 'e281fc3e4a9667e7816087ac3e9ce3c4') in 0.011551 seconds 
Number of asset objects unloaded after import = 1
========================================================================
Received Import Request.
  Time since last request: 0.000022 seconds.
  path: Assets/Animations/Player/Wizard_Attack_Back.anim
  artifactKey: Guid(5bf93d23bf465ef4993066a2aa597436) Importer(2089858483,0ecaa5967403d082aa24f35e1b516d23)
Number of updated assets reloaded before import = 0
Start importing Assets/Animations/Player/Wizard_Attack_Back.anim using Guid(5bf93d23bf465ef4993066a2aa597436) Importer(2089858483,0ecaa5967403d082aa24f35e1b516d23)  -> (artifact id: 'b60f19221b1ecf9561d18a12d7835f78') in 0.012924 seconds 
Number of asset objects unloaded after import = 1
========================================================================
Received Import Request.
  Time since last request: 0.000031 seconds.
  path: Assets/Mirror/Components/NetworkStatistics.cs
  artifactKey: Guid(6d7da4e566d24ea7b0e12178d934b648) Importer(2089858483,0ecaa5967403d082aa24f35e1b516d23)
Number of updated assets reloaded before import = 0
Start importing Assets/Mirror/Components/NetworkStatistics.cs using Guid(6d7da4e566d24ea7b0e12178d934b648) Importer(2089858483,0ecaa5967403d082aa24f35e1b516d23)  -> (artifact id: '1537ae6e9dde6a9c6a9706c48ccf3e1a') in 0.010942 seconds 
Number of asset objects unloaded after import = 1
========================================================================
Received Import Request.
  Time since last request: 0.000024 seconds.
  path: Assets/Animations/Gear/Pants_Idle_Left.anim
  artifactKey: Guid(2569521c657b45d4e9f6d7c7aaae1636) Importer(2089858483,0ecaa5967403d082aa24f35e1b516d23)
Number of updated assets reloaded before import = 0
Start importing Assets/Animations/Gear/Pants_Idle_Left.anim using Guid(2569521c657b45d4e9f6d7c7aaae1636) Importer(2089858483,0ecaa5967403d082aa24f35e1b516d23)  -> (artifact id: 'a6d1f1e3fd288a242f138361a67ece3b') in 0.013282 seconds 
Number of asset objects unloaded after import = 1
========================================================================
Received Import Request.
  Time since last request: 0.000019 seconds.
  path: Assets/Animations/Gear/Weapon_Idle_Left.anim
  artifactKey: Guid(1dd1d4f3265cb454b80badaace69cd80) Importer(2089858483,0ecaa5967403d082aa24f35e1b516d23)
Number of updated assets reloaded before import = 0
Start importing Assets/Animations/Gear/Weapon_Idle_Left.anim using Guid(1dd1d4f3265cb454b80badaace69cd80) Importer(2089858483,0ecaa5967403d082aa24f35e1b516d23)  -> (artifact id: '82d9789bf92b4f83f1dd74e011b13248') in 0.014453 seconds 
Number of asset objects unloaded after import = 1
========================================================================
Received Import Request.
  Time since last request: 0.000024 seconds.
  path: Assets/Animations/Gear/Shoulders_Walk_Back.anim
  artifactKey: Guid(5c4259e57f712cb4a833ff30d533bd4d) Importer(2089858483,0ecaa5967403d082aa24f35e1b516d23)
Number of updated assets reloaded before import = 0
Start importing Assets/Animations/Gear/Shoulders_Walk_Back.anim using Guid(5c4259e57f712cb4a833ff30d533bd4d) Importer(2089858483,0ecaa5967403d082aa24f35e1b516d23)  -> (artifact id: '4df45194ca8c8230d6eb9972d5c9eb33') in 0.012567 seconds 
Number of asset objects unloaded after import = 1
========================================================================
Received Import Request.
  Time since last request: 0.000024 seconds.
  path: Assets/Animations/Gear/Shoulders_Walk_right.anim
  artifactKey: Guid(d5fcde19ea97f5b4188f4fa304c04a65) Importer(2089858483,0ecaa5967403d082aa24f35e1b516d23)
Number of updated assets reloaded before import = 0
Start importing Assets/Animations/Gear/Shoulders_Walk_right.anim using Guid(d5fcde19ea97f5b4188f4fa304c04a65) Importer(2089858483,0ecaa5967403d082aa24f35e1b516d23)  -> (artifact id: '47da5aebca15c9d7fd6e083465645be5') in 0.013049 seconds 
Number of asset objects unloaded after import = 1
========================================================================
Received Import Request.
  Time since last request: 0.000021 seconds.
  path: Assets/Animations/Gear/Robe_Idle_Right.anim
  artifactKey: Guid(73e18d81525bcb84a9ff861fde9ea93b) Importer(2089858483,0ecaa5967403d082aa24f35e1b516d23)
Number of updated assets reloaded before import = 0
Start importing Assets/Animations/Gear/Robe_Idle_Right.anim using Guid(73e18d81525bcb84a9ff861fde9ea93b) Importer(2089858483,0ecaa5967403d082aa24f35e1b516d23)  -> (artifact id: 'f0589dc6bca0107cb6c7dd0ba166e900') in 0.014339 seconds 
Number of asset objects unloaded after import = 1
========================================================================
Received Import Request.
  Time since last request: 0.000019 seconds.
  path: Assets/Animations/Gear/Weapon_Walk_Back.anim
  artifactKey: Guid(a4fed67f82e172744bbdce94d9e40e43) Importer(2089858483,0ecaa5967403d082aa24f35e1b516d23)
Number of updated assets reloaded before import = 0
Start importing Assets/Animations/Gear/Weapon_Walk_Back.anim using Guid(a4fed67f82e172744bbdce94d9e40e43) Importer(2089858483,0ecaa5967403d082aa24f35e1b516d23)  -> (artifact id: '214cae4256277a408f9182d3cf0aa6f1') in 0.013394 seconds 
Number of asset objects unloaded after import = 1
========================================================================
Received Import Request.
  Time since last request: 0.000030 seconds.
  path: Assets/Animations/Gear/Pants_Idle_Right.anim
  artifactKey: Guid(b74671cf82d42cc43b1103fa8bbd3cb1) Importer(2089858483,0ecaa5967403d082aa24f35e1b516d23)
Number of updated assets reloaded before import = 0
Start importing Assets/Animations/Gear/Pants_Idle_Right.anim using Guid(b74671cf82d42cc43b1103fa8bbd3cb1) Importer(2089858483,0ecaa5967403d082aa24f35e1b516d23)  -> (artifact id: '2a6009648cb827b311397fe95be08cdb') in 0.018150 seconds 
Number of asset objects unloaded after import = 1
========================================================================
Received Import Request.
  Time since last request: 0.000019 seconds.
  path: Assets/Animations/Gear/Shoulders_Walk_Front.anim
  artifactKey: Guid(a6b6c5375c62a7942b807a792dad8236) Importer(2089858483,0ecaa5967403d082aa24f35e1b516d23)
Number of updated assets reloaded before import = 0
Start importing Assets/Animations/Gear/Shoulders_Walk_Front.anim using Guid(a6b6c5375c62a7942b807a792dad8236) Importer(2089858483,0ecaa5967403d082aa24f35e1b516d23)  -> (artifact id: '930fa2181716eb8a8f05e82f4cb76d67') in 0.014082 seconds 
Number of asset objects unloaded after import = 1
========================================================================
Received Import Request.
  Time since last request: 0.000017 seconds.
  path: Assets/Animations/Gear/Weapon_Idle_Right.anim
  artifactKey: Guid(645dc3b2efe05b24ba929ba59e10e118) Importer(2089858483,0ecaa5967403d082aa24f35e1b516d23)
Number of updated assets reloaded before import = 0
Start importing Assets/Animations/Gear/Weapon_Idle_Right.anim using Guid(645dc3b2efe05b24ba929ba59e10e118) Importer(2089858483,0ecaa5967403d082aa24f35e1b516d23)  -> (artifact id: 'd532483f62f10134d0432b806616d2b7') in 0.012785 seconds 
Number of asset objects unloaded after import = 1
========================================================================
Received Import Request.
  Time since last request: 0.000020 seconds.
  path: Assets/Animations/Gear/Robe_Attack_Front.anim
  artifactKey: Guid(ce0ba88ea0a72454f8b385fb6342e923) Importer(2089858483,0ecaa5967403d082aa24f35e1b516d23)
Number of updated assets reloaded before import = 0
Start importing Assets/Animations/Gear/Robe_Attack_Front.anim using Guid(ce0ba88ea0a72454f8b385fb6342e923) Importer(2089858483,0ecaa5967403d082aa24f35e1b516d23)  -> (artifact id: '18252363becd877ac115d2330ea69e1f') in 0.014724 seconds 
Number of asset objects unloaded after import = 1
========================================================================
Received Import Request.
  Time since last request: 0.000021 seconds.
  path: Assets/Animations/Gear/Robe_Attack_Back.anim
  artifactKey: Guid(041a35877b1322344919df50e96955d1) Importer(2089858483,0ecaa5967403d082aa24f35e1b516d23)
Number of updated assets reloaded before import = 0
Start importing Assets/Animations/Gear/Robe_Attack_Back.anim using Guid(041a35877b1322344919df50e96955d1) Importer(2089858483,0ecaa5967403d082aa24f35e1b516d23)  -> (artifact id: 'b4e13fcbb5b1cefb315d678eb208b55d') in 0.013558 seconds 
Number of asset objects unloaded after import = 1
========================================================================
Received Import Request.
  Time since last request: 0.000028 seconds.
  path: Assets/Mirror/Components/NetworkRoomPlayer.cs
  artifactKey: Guid(79874ac94d5b1314788ecf0e86bd23fd) Importer(2089858483,0ecaa5967403d082aa24f35e1b516d23)
Number of updated assets reloaded before import = 0
Start importing Assets/Mirror/Components/NetworkRoomPlayer.cs using Guid(79874ac94d5b1314788ecf0e86bd23fd) Importer(2089858483,0ecaa5967403d082aa24f35e1b516d23)  -> (artifact id: 'bbdbfedbb34361b95046bacadfba779c') in 0.015804 seconds 
Number of asset objects unloaded after import = 1
========================================================================
Received Import Request.
  Time since last request: 0.000031 seconds.
  path: Assets/Animations/Gear/Robe_Idle_Back.anim
  artifactKey: Guid(36d5e7dbb8216c14ab9938949689e564) Importer(2089858483,0ecaa5967403d082aa24f35e1b516d23)
Number of updated assets reloaded before import = 0
Start importing Assets/Animations/Gear/Robe_Idle_Back.anim using Guid(36d5e7dbb8216c14ab9938949689e564) Importer(2089858483,0ecaa5967403d082aa24f35e1b516d23)  -> (artifact id: '25492e83d3f43e5ba5b9bc921897ae92') in 0.014207 seconds 
Number of asset objects unloaded after import = 1
========================================================================
Received Import Request.
  Time since last request: 0.000019 seconds.
  path: Assets/Mirror/Components/NetworkName.cs
  artifactKey: Guid(c68a5308094a8c746b26bd483c618126) Importer(2089858483,0ecaa5967403d082aa24f35e1b516d23)
Number of updated assets reloaded before import = 0
Start importing Assets/Mirror/Components/NetworkName.cs using Guid(c68a5308094a8c746b26bd483c618126) Importer(2089858483,0ecaa5967403d082aa24f35e1b516d23)  -> (artifact id: '6becd4c9bfaa0c684dc652665ee67f1f') in 0.012195 seconds 
Number of asset objects unloaded after import = 1
========================================================================
Received Import Request.
  Time since last request: 0.000023 seconds.
  path: Assets/Animations/Gear/Pants_Attack_Left.anim
  artifactKey: Guid(559045b3f33025d41bd5b53bae7121d9) Importer(2089858483,0ecaa5967403d082aa24f35e1b516d23)
Number of updated assets reloaded before import = 0
Start importing Assets/Animations/Gear/Pants_Attack_Left.anim using Guid(559045b3f33025d41bd5b53bae7121d9) Importer(2089858483,0ecaa5967403d082aa24f35e1b516d23)  -> (artifact id: '8d4a35f73005a68997bf376eda570ad7') in 0.012048 seconds 
Number of asset objects unloaded after import = 1
========================================================================
Received Import Request.
  Time since last request: 0.000022 seconds.
  path: Assets/AssetStoreTools/Editor/AssetStoreTools.dll
  artifactKey: Guid(db89eddc1931309408191e6d4644d3c7) Importer(2089858483,0ecaa5967403d082aa24f35e1b516d23)
Number of updated assets reloaded before import = 0
Start importing Assets/AssetStoreTools/Editor/AssetStoreTools.dll using Guid(db89eddc1931309408191e6d4644d3c7) Importer(2089858483,0ecaa5967403d082aa24f35e1b516d23)  -> (artifact id: '394745ed8a1603d92cc72432fde521b9') in 0.024801 seconds 
Number of asset objects unloaded after import = 0
========================================================================
Received Import Request.
  Time since last request: 0.000025 seconds.
  path: Assets/Mirror/Components/NetworkAnimator.cs
  artifactKey: Guid(7f6f3bf89aa97405989c802ba270f815) Importer(2089858483,0ecaa5967403d082aa24f35e1b516d23)
Number of updated assets reloaded before import = 0
Start importing Assets/Mirror/Components/NetworkAnimator.cs using Guid(7f6f3bf89aa97405989c802ba270f815) Importer(2089858483,0ecaa5967403d082aa24f35e1b516d23)  -> (artifact id: '1aed94cdc50714f60e2289cb9fa18ba3') in 0.012450 seconds 
Number of asset objects unloaded after import = 1
========================================================================
Received Import Request.
  Time since last request: 0.000024 seconds.
  path: Assets/Animations/Gear/Shoulders_Attack_Left.anim
  artifactKey: Guid(80dfa0f9703f9d74ab8a9b50040d4955) Importer(2089858483,0ecaa5967403d082aa24f35e1b516d23)
Number of updated assets reloaded before import = 0
Start importing Assets/Animations/Gear/Shoulders_Attack_Left.anim using Guid(80dfa0f9703f9d74ab8a9b50040d4955) Importer(2089858483,0ecaa5967403d082aa24f35e1b516d23)  -> (artifact id: '9d54e795fb316af3d7bd1fcefca83bb8') in 0.011539 seconds 
Number of asset objects unloaded after import = 1
========================================================================
Received Import Request.
  Time since last request: 0.000020 seconds.
  path: Assets/Animations/Gear/Shoulders_Attack_Back.anim
  artifactKey: Guid(43e1f5b626d9f3c45baab33278124f0f) Importer(2089858483,0ecaa5967403d082aa24f35e1b516d23)
Number of updated assets reloaded before import = 0
Start importing Assets/Animations/Gear/Shoulders_Attack_Back.anim using Guid(43e1f5b626d9f3c45baab33278124f0f) Importer(2089858483,0ecaa5967403d082aa24f35e1b516d23)  -> (artifact id: '79341d4a1df0ff0bcbece6d327bfd122') in 0.014892 seconds 
Number of asset objects unloaded after import = 1
========================================================================
Received Import Request.
  Time since last request: 0.000029 seconds.
  path: Assets/Animations/Player/Wizard_Attack_Right.anim
  artifactKey: Guid(d668cba87d18ae94f85923a66c767a21) Importer(2089858483,0ecaa5967403d082aa24f35e1b516d23)
Number of updated assets reloaded before import = 0
Start importing Assets/Animations/Player/Wizard_Attack_Right.anim using Guid(d668cba87d18ae94f85923a66c767a21) Importer(2089858483,0ecaa5967403d082aa24f35e1b516d23)  -> (artifact id: '8e1208daa426e8991ebb5c0fc940df21') in 0.013114 seconds 
Number of asset objects unloaded after import = 1
========================================================================
Received Import Request.
  Time since last request: 0.000021 seconds.
  path: Assets/Mirror/Authenticators/UniqueNameAuthenticator.cs
  artifactKey: Guid(549a98e73f2822c429a2936309444fbb) Importer(2089858483,0ecaa5967403d082aa24f35e1b516d23)
Number of updated assets reloaded before import = 0
Start importing Assets/Mirror/Authenticators/UniqueNameAuthenticator.cs using Guid(549a98e73f2822c429a2936309444fbb) Importer(2089858483,0ecaa5967403d082aa24f35e1b516d23)  -> (artifact id: 'e414432c00f5322fee3044207eaed5e8') in 0.014104 seconds 
Number of asset objects unloaded after import = 1
========================================================================
Received Import Request.
  Time since last request: 0.000027 seconds.
  path: Assets/Mirror/Authenticators/BasicAuthenticator.cs
  artifactKey: Guid(28496b776660156428f00cf78289c1ec) Importer(2089858483,0ecaa5967403d082aa24f35e1b516d23)
Number of updated assets reloaded before import = 0
Start importing Assets/Mirror/Authenticators/BasicAuthenticator.cs using Guid(28496b776660156428f00cf78289c1ec) Importer(2089858483,0ecaa5967403d082aa24f35e1b516d23)  -> (artifact id: 'fd87271034f1427b494ee58cb06729c6') in 0.012733 seconds 
Number of asset objects unloaded after import = 1
========================================================================
Received Import Request.
  Time since last request: 0.000029 seconds.
  path: Assets/Animations/Gear/Pants_Idle_Front.anim
  artifactKey: Guid(4f90633dd663bb5428cd32ae28306955) Importer(2089858483,0ecaa5967403d082aa24f35e1b516d23)
Number of updated assets reloaded before import = 0
Start importing Assets/Animations/Gear/Pants_Idle_Front.anim using Guid(4f90633dd663bb5428cd32ae28306955) Importer(2089858483,0ecaa5967403d082aa24f35e1b516d23)  -> (artifact id: 'd60476597579eeb4102ddbcf11209275') in 0.010834 seconds 
Number of asset objects unloaded after import = 1
========================================================================
Received Import Request.
  Time since last request: 0.000025 seconds.
  path: Assets/Mirror/Core/InterestManagementBase.cs
  artifactKey: Guid(18bd2ffe65a444f3b13d59bdac7f2228) Importer(2089858483,0ecaa5967403d082aa24f35e1b516d23)
Number of updated assets reloaded before import = 0
Start importing Assets/Mirror/Core/InterestManagementBase.cs using Guid(18bd2ffe65a444f3b13d59bdac7f2228) Importer(2089858483,0ecaa5967403d082aa24f35e1b516d23)  -> (artifact id: 'fcb7078c38b8224c0d4a4566d5dc5aa8') in 0.011706 seconds 
Number of asset objects unloaded after import = 1
========================================================================
Received Import Request.
  Time since last request: 0.000029 seconds.
  path: Assets/Mirror/Components/NetworkLobbyManager.cs
  artifactKey: Guid(a4c96e6dd99826849ab1431f94547141) Importer(2089858483,0ecaa5967403d082aa24f35e1b516d23)
Number of updated assets reloaded before import = 0
Start importing Assets/Mirror/Components/NetworkLobbyManager.cs using Guid(a4c96e6dd99826849ab1431f94547141) Importer(2089858483,0ecaa5967403d082aa24f35e1b516d23)  -> (artifact id: '05c3b3a410bb635f3a467a404d705fea') in 0.011690 seconds 
Number of asset objects unloaded after import = 1
========================================================================
Received Import Request.
  Time since last request: 0.000022 seconds.
  path: Assets/Mirror/Core/NetworkBehaviour.cs
  artifactKey: Guid(655ee8cba98594f70880da5cc4dc442d) Importer(2089858483,0ecaa5967403d082aa24f35e1b516d23)
Number of updated assets reloaded before import = 0
Start importing Assets/Mirror/Core/NetworkBehaviour.cs using Guid(655ee8cba98594f70880da5cc4dc442d) Importer(2089858483,0ecaa5967403d082aa24f35e1b516d23)  -> (artifact id: 'c5049f65ed68f9499cec934ed1382c58') in 0.011597 seconds 
Number of asset objects unloaded after import = 1
========================================================================
Received Import Request.
  Time since last request: 0.000031 seconds.
  path: Assets/Animations/TileAssets/NoDiagonalTile.asset
  artifactKey: Guid(3bed177233e03454db3fb315f02f2282) Importer(2089858483,0ecaa5967403d082aa24f35e1b516d23)
Number of updated assets reloaded before import = 0
Start importing Assets/Animations/TileAssets/NoDiagonalTile.asset using Guid(3bed177233e03454db3fb315f02f2282) Importer(2089858483,0ecaa5967403d082aa24f35e1b516d23)  -> (artifact id: 'f82a365f4513cb901b72d60acadaa33a') in 0.013803 seconds 
Number of asset objects unloaded after import = 2
========================================================================
Received Import Request.
  Time since last request: 0.000048 seconds.
  path: Assets/Animations/Gear/Pants_Idle_Back.anim
  artifactKey: Guid(f0f1eb984296e744e889c47d172cd0f4) Importer(2089858483,0ecaa5967403d082aa24f35e1b516d23)
Number of updated assets reloaded before import = 0
Start importing Assets/Animations/Gear/Pants_Idle_Back.anim using Guid(f0f1eb984296e744e889c47d172cd0f4) Importer(2089858483,0ecaa5967403d082aa24f35e1b516d23)  -> (artifact id: '7ad209a54cc4e16b8b8cfab8af257225') in 0.015723 seconds 
Number of asset objects unloaded after import = 1
========================================================================
Received Import Request.
  Time since last request: 0.000023 seconds.
  path: Assets/Animations/Gear/Shoulders_Idle_Front.anim
  artifactKey: Guid(50e2dc7c925388040819acd6fbda5736) Importer(2089858483,0ecaa5967403d082aa24f35e1b516d23)
Number of updated assets reloaded before import = 0
Start importing Assets/Animations/Gear/Shoulders_Idle_Front.anim using Guid(50e2dc7c925388040819acd6fbda5736) Importer(2089858483,0ecaa5967403d082aa24f35e1b516d23)  -> (artifact id: '2a5a719c69c7037b2f141bd30a40bc2c') in 0.013708 seconds 
Number of asset objects unloaded after import = 1
========================================================================
Received Import Request.
  Time since last request: 0.000029 seconds.
  path: Assets/Animations/Gear/Shoulders_Idle_Back.anim
  artifactKey: Guid(00b06a15bb92474479864d24bf3f76e5) Importer(2089858483,0ecaa5967403d082aa24f35e1b516d23)
Number of updated assets reloaded before import = 0
Start importing Assets/Animations/Gear/Shoulders_Idle_Back.anim using Guid(00b06a15bb92474479864d24bf3f76e5) Importer(2089858483,0ecaa5967403d082aa24f35e1b516d23)  -> (artifact id: '847ad0f95282fafb251818dfaf62cca3') in 0.011960 seconds 
Number of asset objects unloaded after import = 1
========================================================================
Received Import Request.
  Time since last request: 0.000020 seconds.
  path: Assets/Mirror/Authenticators/DeviceAuthenticator.cs
  artifactKey: Guid(60960a6ba81a842deb2fdcdc93788242) Importer(2089858483,0ecaa5967403d082aa24f35e1b516d23)
Number of updated assets reloaded before import = 0
Start importing Assets/Mirror/Authenticators/DeviceAuthenticator.cs using Guid(60960a6ba81a842deb2fdcdc93788242) Importer(2089858483,0ecaa5967403d082aa24f35e1b516d23)  -> (artifact id: '6a86ec707ce8f3509ce33f3155054f31') in 0.016158 seconds 
Number of asset objects unloaded after import = 1
========================================================================
Received Import Request.
  Time since last request: 0.000022 seconds.
  path: Assets/Mirror/Authenticators/TimeoutAuthenticator.cs
  artifactKey: Guid(24d8269a07b8e4edfa374753a91c946e) Importer(2089858483,0ecaa5967403d082aa24f35e1b516d23)
Number of updated assets reloaded before import = 0
Start importing Assets/Mirror/Authenticators/TimeoutAuthenticator.cs using Guid(24d8269a07b8e4edfa374753a91c946e) Importer(2089858483,0ecaa5967403d082aa24f35e1b516d23)  -> (artifact id: 'd9b147776df97067adae46ba80212dfc') in 0.012230 seconds 
Number of asset objects unloaded after import = 1
========================================================================
Received Import Request.
  Time since last request: 0.000035 seconds.
  path: Assets/Animations/Gear/Robe_Walk_Front.anim
  artifactKey: Guid(6e09b7e52713c19489c511c780786feb) Importer(2089858483,0ecaa5967403d082aa24f35e1b516d23)
Number of updated assets reloaded before import = 0
Start importing Assets/Animations/Gear/Robe_Walk_Front.anim using Guid(6e09b7e52713c19489c511c780786feb) Importer(2089858483,0ecaa5967403d082aa24f35e1b516d23)  -> (artifact id: '86902061cfe40ab0bf99d8dd1492f735') in 0.016632 seconds 
Number of asset objects unloaded after import = 1
========================================================================
Received Import Request.
  Time since last request: 0.000026 seconds.
  path: Assets/Animations/Gear/Shoulders_Walk_Left.anim
  artifactKey: Guid(64e91b3c420e8a14dad90b18baaea4ad) Importer(2089858483,0ecaa5967403d082aa24f35e1b516d23)
Number of updated assets reloaded before import = 0
Start importing Assets/Animations/Gear/Shoulders_Walk_Left.anim using Guid(64e91b3c420e8a14dad90b18baaea4ad) Importer(2089858483,0ecaa5967403d082aa24f35e1b516d23)  -> (artifact id: '7d9be889e3e81a5fc8c5d1dc1cb0500e') in 0.011684 seconds 
Number of asset objects unloaded after import = 1
========================================================================
Received Import Request.
  Time since last request: 0.000017 seconds.
  path: Assets/Mirror/CompilerSymbols/PreprocessorDefine.cs
  artifactKey: Guid(f1d66fe74ec6f42dd974cba37d25d453) Importer(2089858483,0ecaa5967403d082aa24f35e1b516d23)
Number of updated assets reloaded before import = 0
Start importing Assets/Mirror/CompilerSymbols/PreprocessorDefine.cs using Guid(f1d66fe74ec6f42dd974cba37d25d453) Importer(2089858483,0ecaa5967403d082aa24f35e1b516d23)  -> (artifact id: '5a01caaeb40918c2ab64aac9d90fdfa9') in 0.020787 seconds 
Number of asset objects unloaded after import = 1
========================================================================
Received Import Request.
  Time since last request: 0.000027 seconds.
  path: Assets/Animations/Player/Wizard_Idle_Front.anim
  artifactKey: Guid(61c7b8810fc539a4c82d639c15b16270) Importer(2089858483,0ecaa5967403d082aa24f35e1b516d23)
Number of updated assets reloaded before import = 0
Start importing Assets/Animations/Player/Wizard_Idle_Front.anim using Guid(61c7b8810fc539a4c82d639c15b16270) Importer(2089858483,0ecaa5967403d082aa24f35e1b516d23)  -> (artifact id: '2deaaff3e30b2f98eb1db07815e0ab8d') in 0.015151 seconds 
Number of asset objects unloaded after import = 1
========================================================================
Received Import Request.
  Time since last request: 0.000020 seconds.
  path: Assets/Mirror/Authenticators/Mirror.Authenticators.asmdef
  artifactKey: Guid(e720aa64e3f58fb4880566a322584340) Importer(2089858483,0ecaa5967403d082aa24f35e1b516d23)
Number of updated assets reloaded before import = 0
Start importing Assets/Mirror/Authenticators/Mirror.Authenticators.asmdef using Guid(e720aa64e3f58fb4880566a322584340) Importer(2089858483,0ecaa5967403d082aa24f35e1b516d23)  -> (artifact id: 'f43b6121ab4f466e75a65d684efe82be') in 0.019437 seconds 
Number of asset objects unloaded after import = 1
========================================================================
Received Import Request.
  Time since last request: 0.000020 seconds.
  path: Assets/Mirror/Components/NetworkLobbyPlayer.cs
  artifactKey: Guid(777a368af85f2e84da7ea5666581921b) Importer(2089858483,0ecaa5967403d082aa24f35e1b516d23)
Number of updated assets reloaded before import = 0
Start importing Assets/Mirror/Components/NetworkLobbyPlayer.cs using Guid(777a368af85f2e84da7ea5666581921b) Importer(2089858483,0ecaa5967403d082aa24f35e1b516d23)  -> (artifact id: 'b733d6d46387d1e7112e797902220eda') in 0.012646 seconds 
Number of asset objects unloaded after import = 1
========================================================================
Received Import Request.
  Time since last request: 1.240520 seconds.
  path: Assets/Mirror/Core/NetworkClient.cs
  artifactKey: Guid(abe6be14204d94224a3e7cd99dd2ea73) Importer(2089858483,0ecaa5967403d082aa24f35e1b516d23)
Number of updated assets reloaded before import = 0
Start importing Assets/Mirror/Core/NetworkClient.cs using Guid(abe6be14204d94224a3e7cd99dd2ea73) Importer(2089858483,0ecaa5967403d082aa24f35e1b516d23)  -> (artifact id: '50f4b5e64057fd84ff6a86ee702ea34d') in 0.012640 seconds 
Number of asset objects unloaded after import = 1
========================================================================
Received Import Request.
  Time since last request: 0.000041 seconds.
  path: Assets/Scripts/Interfaces/IState.cs
  artifactKey: Guid(e918a2cacf8514942922b2218253e009) Importer(2089858483,0ecaa5967403d082aa24f35e1b516d23)
Number of updated assets reloaded before import = 0
Start importing Assets/Scripts/Interfaces/IState.cs using Guid(e918a2cacf8514942922b2218253e009) Importer(2089858483,0ecaa5967403d082aa24f35e1b516d23)  -> (artifact id: '6ab1046b8dc4f39ac83303f63286d141') in 0.009151 seconds 
Number of asset objects unloaded after import = 0
========================================================================
Received Import Request.
  Time since last request: 0.000033 seconds.
  path: Assets/Scripts/Interfaces/ICastable.cs
  artifactKey: Guid(bb1c36f308204944e9a63c0ff3ca20ba) Importer(2089858483,0ecaa5967403d082aa24f35e1b516d23)
Number of updated assets reloaded before import = 0
Start importing Assets/Scripts/Interfaces/ICastable.cs using Guid(bb1c36f308204944e9a63c0ff3ca20ba) Importer(2089858483,0ecaa5967403d082aa24f35e1b516d23)  -> (artifact id: '9302eeaf2e4f5680de4657949af81310') in 0.010122 seconds 
Number of asset objects unloaded after import = 0
========================================================================
Received Import Request.
  Time since last request: 0.000027 seconds.
  path: Assets/Scripts/CharacterPanel/CharacterPanel.cs
  artifactKey: Guid(901ef1bf6462a564ea4044ed0ee2bb40) Importer(2089858483,0ecaa5967403d082aa24f35e1b516d23)
Number of updated assets reloaded before import = 0
Start importing Assets/Scripts/CharacterPanel/CharacterPanel.cs using Guid(901ef1bf6462a564ea4044ed0ee2bb40) Importer(2089858483,0ecaa5967403d082aa24f35e1b516d23)  -> (artifact id: '75104d0dcb8ff62d86f86fdb3f91e308') in 0.010228 seconds 
Number of asset objects unloaded after import = 0
========================================================================
Received Import Request.
  Time since last request: 0.000028 seconds.
  path: Assets/Mirror/Core/NetworkReaderExtensions.cs
  artifactKey: Guid(364a9f7ccd5541e19aa2ae0b81f0b3cf) Importer(2089858483,0ecaa5967403d082aa24f35e1b516d23)
Number of updated assets reloaded before import = 0
Start importing Assets/Mirror/Core/NetworkReaderExtensions.cs using Guid(364a9f7ccd5541e19aa2ae0b81f0b3cf) Importer(2089858483,0ecaa5967403d082aa24f35e1b516d23)  -> (artifact id: '1e16a3f63bc9f0087f21ac25e1c5d7cf') in 0.012748 seconds 
Number of asset objects unloaded after import = 1
========================================================================
Received Import Request.
  Time since last request: 0.000022 seconds.
  path: Assets/Scripts/Interfaces/IClickable.cs
  artifactKey: Guid(4b8adc59b60f6834183f7798fba2384a) Importer(2089858483,0ecaa5967403d082aa24f35e1b516d23)
Number of updated assets reloaded before import = 0
Start importing Assets/Scripts/Interfaces/IClickable.cs using Guid(4b8adc59b60f6834183f7798fba2384a) Importer(2089858483,0ecaa5967403d082aa24f35e1b516d23)  -> (artifact id: 'ca14ace22b1c5284c0ee29c94561f233') in 0.011049 seconds 
Number of asset objects unloaded after import = 0
========================================================================
Received Import Request.
  Time since last request: 0.000021 seconds.
  path: Assets/Mirror/Core/SyncSet.cs
  artifactKey: Guid(8a31599d9f9dd4ef9999f7b9707c832c) Importer(2089858483,0ecaa5967403d082aa24f35e1b516d23)
Number of updated assets reloaded before import = 0
Start importing Assets/Mirror/Core/SyncSet.cs using Guid(8a31599d9f9dd4ef9999f7b9707c832c) Importer(2089858483,0ecaa5967403d082aa24f35e1b516d23)  -> (artifact id: 'd4d9c3b3a5a8a9d051c1519fddac5cb7') in 0.009766 seconds 
Number of asset objects unloaded after import = 1
========================================================================
Received Import Request.
  Time since last request: 0.000027 seconds.
  path: Assets/Mirror/Core/WeaverFuse.cs
  artifactKey: Guid(4de3dfbcbd2e41fcac947c04bcac52c9) Importer(2089858483,0ecaa5967403d082aa24f35e1b516d23)
Number of updated assets reloaded before import = 0
Start importing Assets/Mirror/Core/WeaverFuse.cs using Guid(4de3dfbcbd2e41fcac947c04bcac52c9) Importer(2089858483,0ecaa5967403d082aa24f35e1b516d23)  -> (artifact id: '3676e2abcabff2c66f241f720914c83b') in 0.009870 seconds 
Number of asset objects unloaded after import = 1
========================================================================
Received Import Request.
  Time since last request: 0.000019 seconds.
  path: Assets/Scripts/Buttons/LootButton.cs
  artifactKey: Guid(89cb36e234bf04640a761dac8934fc83) Importer(2089858483,0ecaa5967403d082aa24f35e1b516d23)
Number of updated assets reloaded before import = 0
Start importing Assets/Scripts/Buttons/LootButton.cs using Guid(89cb36e234bf04640a761dac8934fc83) Importer(2089858483,0ecaa5967403d082aa24f35e1b516d23)  -> (artifact id: '1f02c03204d7f2424d841a9f32e96f49') in 0.010846 seconds 
Number of asset objects unloaded after import = 0
========================================================================
Received Import Request.
  Time since last request: 0.000018 seconds.
  path: Assets/Mirror/Editor/AndroidManifestHelper.cs
  artifactKey: Guid(80cc70189403d7444bbffd185ca28462) Importer(2089858483,0ecaa5967403d082aa24f35e1b516d23)
Number of updated assets reloaded before import = 0
Start importing Assets/Mirror/Editor/AndroidManifestHelper.cs using Guid(80cc70189403d7444bbffd185ca28462) Importer(2089858483,0ecaa5967403d082aa24f35e1b516d23)  -> (artifact id: 'd65f8e68eb506dd63ec63195e9ee903b') in 0.016870 seconds 
Number of asset objects unloaded after import = 0
========================================================================
Received Import Request.
  Time since last request: 0.000023 seconds.
  path: Assets/Prefabs/Items/Bag.asset
  artifactKey: Guid(2c909e83ca967904e86190739dbda3b7) Importer(2089858483,0ecaa5967403d082aa24f35e1b516d23)
Number of updated assets reloaded before import = 0
Start importing Assets/Prefabs/Items/Bag.asset using Guid(2c909e83ca967904e86190739dbda3b7) Importer(2089858483,0ecaa5967403d082aa24f35e1b516d23)  -> (artifact id: '22a91d594eb6ddb13af447e8d4af716d') in 0.014428 seconds 
Number of asset objects unloaded after import = 34
========================================================================
Received Import Request.
  Time since last request: 0.000016 seconds.
  path: Assets/Prefabs/Items/GoldNugget.asset
  artifactKey: Guid(22db575f688b4f64da81a1208c9acb7a) Importer(2089858483,0ecaa5967403d082aa24f35e1b516d23)
Number of updated assets reloaded before import = 0
Start importing Assets/Prefabs/Items/GoldNugget.asset using Guid(22db575f688b4f64da81a1208c9acb7a) Importer(2089858483,0ecaa5967403d082aa24f35e1b516d23)  -> (artifact id: '8bb8133bf4766ec0120d0681e8adbde2') in 0.011073 seconds 
Number of asset objects unloaded after import = 2
========================================================================
Received Import Request.
  Time since last request: 0.000023 seconds.
  path: Assets/Mirror/Editor/ReadOnlyDrawer.cs
  artifactKey: Guid(22f17bdd21f104c41bc175937fefbdec) Importer(2089858483,0ecaa5967403d082aa24f35e1b516d23)
Number of updated assets reloaded before import = 0
Start importing Assets/Mirror/Editor/ReadOnlyDrawer.cs using Guid(22f17bdd21f104c41bc175937fefbdec) Importer(2089858483,0ecaa5967403d082aa24f35e1b516d23)  -> (artifact id: '1bccf65dbe74b212958c9a6d750c295d') in 0.009613 seconds 
Number of asset objects unloaded after import = 0
========================================================================
Received Import Request.
  Time since last request: 0.000032 seconds.
  path: Assets/Mirror/Core/NetworkWriterPooled.cs
  artifactKey: Guid(a9fab936bf3c4716a452d94ad5ecbebe) Importer(2089858483,0ecaa5967403d082aa24f35e1b516d23)
Number of updated assets reloaded before import = 0
Start importing Assets/Mirror/Core/NetworkWriterPooled.cs using Guid(a9fab936bf3c4716a452d94ad5ecbebe) Importer(2089858483,0ecaa5967403d082aa24f35e1b516d23)  -> (artifact id: '8400594a96a0694221a7672dd5967d37') in 0.011049 seconds 
Number of asset objects unloaded after import = 1
========================================================================
Received Import Request.
  Time since last request: 0.000023 seconds.
  path: Assets/Scripts/Inventory/ChestScript.cs
  artifactKey: Guid(a2a8e2fe502b01d45bae3db80c81fe41) Importer(2089858483,0ecaa5967403d082aa24f35e1b516d23)
Number of updated assets reloaded before import = 0
Start importing Assets/Scripts/Inventory/ChestScript.cs using Guid(a2a8e2fe502b01d45bae3db80c81fe41) Importer(2089858483,0ecaa5967403d082aa24f35e1b516d23)  -> (artifact id: '41cfb624d23ce47a2152d6c88cf6ebe7') in 0.010249 seconds 
Number of asset objects unloaded after import = 0
========================================================================
Received Import Request.
  Time since last request: 0.000019 seconds.
  path: Assets/Mirror/Core/NetworkClient_TimeInterpolation.cs
  artifactKey: Guid(ad039071a9cc487b9f7831d28bbe8e83) Importer(2089858483,0ecaa5967403d082aa24f35e1b516d23)
Number of updated assets reloaded before import = 0
Start importing Assets/Mirror/Core/NetworkClient_TimeInterpolation.cs using Guid(ad039071a9cc487b9f7831d28bbe8e83) Importer(2089858483,0ecaa5967403d082aa24f35e1b516d23)  -> (artifact id: 'd3aa121adb32b573b02c0b4620ae7e6e') in 0.010831 seconds 
Number of asset objects unloaded after import = 1
========================================================================
Received Import Request.
  Time since last request: 0.000019 seconds.
  path: Assets/Scripts/CharacterRelated/Stat.cs
  artifactKey: Guid(8202103e2e66a9d44a39542415e30ed9) Importer(2089858483,0ecaa5967403d082aa24f35e1b516d23)
Number of updated assets reloaded before import = 0
Start importing Assets/Scripts/CharacterRelated/Stat.cs using Guid(8202103e2e66a9d44a39542415e30ed9) Importer(2089858483,0ecaa5967403d082aa24f35e1b516d23)  -> (artifact id: '7ebe9b39017c92ed2d062b3b494430b7') in 0.011377 seconds 
Number of asset objects unloaded after import = 0
========================================================================
Received Import Request.
  Time since last request: 0.000023 seconds.
  path: Assets/Mirror/Editor/Mirror.Editor.asmdef
  artifactKey: Guid(1c7c33eb5480dd24c9e29a8250c1a775) Importer(2089858483,0ecaa5967403d082aa24f35e1b516d23)
Number of updated assets reloaded before import = 0
Start importing Assets/Mirror/Editor/Mirror.Editor.asmdef using Guid(1c7c33eb5480dd24c9e29a8250c1a775) Importer(2089858483,0ecaa5967403d082aa24f35e1b516d23)  -> (artifact id: '103ee6c2ec2935492eb69971d62b0e65') in 0.018952 seconds 
Number of asset objects unloaded after import = 1
========================================================================
Received Import Request.
  Time since last request: 0.000035 seconds.
  path: Assets/Mirror/Core/NetworkConnection.cs
  artifactKey: Guid(11ea41db366624109af1f0834bcdde2f) Importer(2089858483,0ecaa5967403d082aa24f35e1b516d23)
Number of updated assets reloaded before import = 0
Start importing Assets/Mirror/Core/NetworkConnection.cs using Guid(11ea41db366624109af1f0834bcdde2f) Importer(2089858483,0ecaa5967403d082aa24f35e1b516d23)  -> (artifact id: 'c47b37353181cb00c06938ad85f22dfc') in 0.011244 seconds 
Number of asset objects unloaded after import = 1
========================================================================
Received Import Request.
  Time since last request: 0.000043 seconds.
  path: Assets/Mirror/Core/SyncDictionary.cs
  artifactKey: Guid(4b346c49cfdb668488a364c3023590e2) Importer(2089858483,0ecaa5967403d082aa24f35e1b516d23)
Number of updated assets reloaded before import = 0
Start importing Assets/Mirror/Core/SyncDictionary.cs using Guid(4b346c49cfdb668488a364c3023590e2) Importer(2089858483,0ecaa5967403d082aa24f35e1b516d23)  -> (artifact id: '79a0a825a62eb8b6b6124d7c9fbf9e53') in 0.013501 seconds 
Number of asset objects unloaded after import = 1
========================================================================
Received Import Request.
  Time since last request: 0.000034 seconds.
  path: Assets/Scripts/Interfaces/IDescribable.cs
  artifactKey: Guid(ad831c684acbce441a92b38baa012aa5) Importer(2089858483,0ecaa5967403d082aa24f35e1b516d23)
Number of updated assets reloaded before import = 0
Start importing Assets/Scripts/Interfaces/IDescribable.cs using Guid(ad831c684acbce441a92b38baa012aa5) Importer(2089858483,0ecaa5967403d082aa24f35e1b516d23)  -> (artifact id: '4d9fea0ecdc2c530c37c697d6ea7aa26') in 0.013554 seconds 
Number of asset objects unloaded after import = 0
========================================================================
Received Import Request.
  Time since last request: 0.000023 seconds.
  path: Assets/Prefabs/Enviroment/tree_2.prefab
  artifactKey: Guid(97f481e1ee9372644b8d2ec7afe49ff7) Importer(2089858483,0ecaa5967403d082aa24f35e1b516d23)
Number of updated assets reloaded before import = 0
Start importing Assets/Prefabs/Enviroment/tree_2.prefab using Guid(97f481e1ee9372644b8d2ec7afe49ff7) Importer(2089858483,0ecaa5967403d082aa24f35e1b516d23)  -> (artifact id: 'cd0c6d3f978a7994b7a85ea2849707e4') in 0.026841 seconds 
Number of asset objects unloaded after import = 12
========================================================================
Received Import Request.
  Time since last request: 0.000024 seconds.
  path: Assets/Prefabs/Spells/FrostPrefab.prefab
  artifactKey: Guid(50012088d5e2445448569b9d4b1fcc9c) Importer(2089858483,0ecaa5967403d082aa24f35e1b516d23)
Number of updated assets reloaded before import = 0
Start importing Assets/Prefabs/Spells/FrostPrefab.prefab using Guid(50012088d5e2445448569b9d4b1fcc9c) Importer(2089858483,0ecaa5967403d082aa24f35e1b516d23)  -> (artifact id: '83f2b6e3f1459d9eb8eb59f61bf63632') in 0.021439 seconds 
Number of asset objects unloaded after import = 19
========================================================================
Received Import Request.
  Time since last request: 0.000028 seconds.
  path: Assets/Scripts/Buttons/BagButton.cs
  artifactKey: Guid(a121fb2383b81e440ba609a27859e1cc) Importer(2089858483,0ecaa5967403d082aa24f35e1b516d23)
Number of updated assets reloaded before import = 0
Start importing Assets/Scripts/Buttons/BagButton.cs using Guid(a121fb2383b81e440ba609a27859e1cc) Importer(2089858483,0ecaa5967403d082aa24f35e1b516d23)  -> (artifact id: '61a3b19b05992aa8f6cefbdfc240355a') in 0.012963 seconds 
Number of asset objects unloaded after import = 0
========================================================================
Received Import Request.
  Time since last request: 0.000022 seconds.
  path: Assets/Scripts/Debuffs/IgniteDebuff.cs
  artifactKey: Guid(e1fabdd98583f3640b91210525e62094) Importer(2089858483,0ecaa5967403d082aa24f35e1b516d23)
Number of updated assets reloaded before import = 0
Start importing Assets/Scripts/Debuffs/IgniteDebuff.cs using Guid(e1fabdd98583f3640b91210525e62094) Importer(2089858483,0ecaa5967403d082aa24f35e1b516d23)  -> (artifact id: '86f6c0d9d6c16a69b66111432cc6301a') in 0.013543 seconds 
Number of asset objects unloaded after import = 0
========================================================================
Received Import Request.
  Time since last request: 0.000025 seconds.
  path: Assets/Scripts/CharacterRelated/PlayerEquipmentSync.cs
  artifactKey: Guid(cf5569eb9c87439a943161e6281a96bc) Importer(2089858483,0ecaa5967403d082aa24f35e1b516d23)
Number of updated assets reloaded before import = 0
Start importing Assets/Scripts/CharacterRelated/PlayerEquipmentSync.cs using Guid(cf5569eb9c87439a943161e6281a96bc) Importer(2089858483,0ecaa5967403d082aa24f35e1b516d23)  -> (artifact id: '1e86dd32dbef74ded1bbd2c69581b6ef') in 0.011031 seconds 
Number of asset objects unloaded after import = 0
========================================================================
Received Import Request.
  Time since last request: 0.000023 seconds.
  path: Assets/Prefabs/Items/Health Potion.asset
  artifactKey: Guid(7f7555624ad91ac40ad1a77e65f8d013) Importer(2089858483,0ecaa5967403d082aa24f35e1b516d23)
Number of updated assets reloaded before import = 0
Start importing Assets/Prefabs/Items/Health Potion.asset using Guid(7f7555624ad91ac40ad1a77e65f8d013) Importer(2089858483,0ecaa5967403d082aa24f35e1b516d23)  -> (artifact id: 'c74d89a87385bf0bceedf492f086f345') in 0.012060 seconds 
Number of asset objects unloaded after import = 2
========================================================================
Received Import Request.
  Time since last request: 0.000025 seconds.
  path: Assets/Scripts/Enviroment/Obstacle.cs
  artifactKey: Guid(80866a6cd62a11a4dbab72cf1d9d8105) Importer(2089858483,0ecaa5967403d082aa24f35e1b516d23)
Number of updated assets reloaded before import = 0
Start importing Assets/Scripts/Enviroment/Obstacle.cs using Guid(80866a6cd62a11a4dbab72cf1d9d8105) Importer(2089858483,0ecaa5967403d082aa24f35e1b516d23)  -> (artifact id: 'd1bfc288208aa89fe49e05662efb22a4') in 0.013935 seconds 
Number of asset objects unloaded after import = 0
========================================================================
Received Import Request.
  Time since last request: 0.000027 seconds.
  path: Assets/Mirror/Examples/Mirror.Examples.asmdef
  artifactKey: Guid(fecf25954bb196642ab50657689761d6) Importer(2089858483,0ecaa5967403d082aa24f35e1b516d23)
Number of updated assets reloaded before import = 0
Start importing Assets/Mirror/Examples/Mirror.Examples.asmdef using Guid(fecf25954bb196642ab50657689761d6) Importer(2089858483,0ecaa5967403d082aa24f35e1b516d23)  -> (artifact id: 'ce8ccdd5bdbcde6d65b9c470e1853c9c') in 0.020325 seconds 
Number of asset objects unloaded after import = 1
========================================================================
Received Import Request.
  Time since last request: 0.000025 seconds.
  path: Assets/Prefabs/Items/Sword.asset
  artifactKey: Guid(8a39694ed084a5840a3389a7f99ae817) Importer(2089858483,0ecaa5967403d082aa24f35e1b516d23)
Number of updated assets reloaded before import = 0
Start importing Assets/Prefabs/Items/Sword.asset using Guid(8a39694ed084a5840a3389a7f99ae817) Importer(2089858483,0ecaa5967403d082aa24f35e1b516d23)  -> (artifact id: '652304d9695f279c2a594518021230a8') in 0.018502 seconds 
Number of asset objects unloaded after import = 15
========================================================================
Received Import Request.
  Time since last request: 0.000025 seconds.
  path: Assets/Mirror/Core/NetworkConnectionToClient.cs
  artifactKey: Guid(bb2195f8b29d24f0680a57fde2e9fd09) Importer(2089858483,0ecaa5967403d082aa24f35e1b516d23)
Number of updated assets reloaded before import = 0
Start importing Assets/Mirror/Core/NetworkConnectionToClient.cs using Guid(bb2195f8b29d24f0680a57fde2e9fd09) Importer(2089858483,0ecaa5967403d082aa24f35e1b516d23)  -> (artifact id: '93dab30ceda11de8e4d1d5f895e4c7c6') in 0.021763 seconds 
Number of asset objects unloaded after import = 1
========================================================================
Received Import Request.
  Time since last request: 0.000025 seconds.
  path: Assets/Prefabs/Items/Orb.asset
  artifactKey: Guid(72f4b4daed1b91046b71b31e7f997017) Importer(2089858483,0ecaa5967403d082aa24f35e1b516d23)
Number of updated assets reloaded before import = 0
Start importing Assets/Prefabs/Items/Orb.asset using Guid(72f4b4daed1b91046b71b31e7f997017) Importer(2089858483,0ecaa5967403d082aa24f35e1b516d23)  -> (artifact id: '7952ee342f6c2342bc6489fe92a4c071') in 0.012242 seconds 
Number of asset objects unloaded after import = 2
========================================================================
Received Import Request.
  Time since last request: 0.000030 seconds.
  path: Assets/Prefabs/Items/Chest.asset
  artifactKey: Guid(1f608ca942d5ba145a8c29ded03c9ee1) Importer(2089858483,0ecaa5967403d082aa24f35e1b516d23)
Number of updated assets reloaded before import = 0
Start importing Assets/Prefabs/Items/Chest.asset using Guid(1f608ca942d5ba145a8c29ded03c9ee1) Importer(2089858483,0ecaa5967403d082aa24f35e1b516d23)  -> (artifact id: '0e1115cda3bb5936f7c604adf8f01458') in 0.018410 seconds 
Number of asset objects unloaded after import = 15
========================================================================
Received Import Request.
  Time since last request: 0.000065 seconds.
  path: Assets/Scripts/Interfaces/IUseable.cs
  artifactKey: Guid(2fa741fbd014f2a4a9fe9591912c1f0a) Importer(2089858483,0ecaa5967403d082aa24f35e1b516d23)
Number of updated assets reloaded before import = 0
Start importing Assets/Scripts/Interfaces/IUseable.cs using Guid(2fa741fbd014f2a4a9fe9591912c1f0a) Importer(2089858483,0ecaa5967403d082aa24f35e1b516d23)  -> (artifact id: '4a5e58a1e29a6aecf76d498396ef2d30') in 0.011618 seconds 
Number of asset objects unloaded after import = 0
========================================================================
Received Import Request.
  Time since last request: 0.000031 seconds.
  path: Assets/Prefabs/Spells/Blizzard.prefab
  artifactKey: Guid(83daa0ae7c3693645b79493941bbcf3e) Importer(2089858483,0ecaa5967403d082aa24f35e1b516d23)
Number of updated assets reloaded before import = 0
Start importing Assets/Prefabs/Spells/Blizzard.prefab using Guid(83daa0ae7c3693645b79493941bbcf3e) Importer(2089858483,0ecaa5967403d082aa24f35e1b516d23)  -> (artifact id: 'f7a2ed87d3bd7658e72716f1a01c8087') in 0.023481 seconds 
Number of asset objects unloaded after import = 19
========================================================================
Received Import Request.
  Time since last request: 0.000022 seconds.
  path: Assets/Mirror/Core/SyncList.cs
  artifactKey: Guid(744fc71f748fe40d5940e04bf42b29f3) Importer(2089858483,0ecaa5967403d082aa24f35e1b516d23)
Number of updated assets reloaded before import = 0
Start importing Assets/Mirror/Core/SyncList.cs using Guid(744fc71f748fe40d5940e04bf42b29f3) Importer(2089858483,0ecaa5967403d082aa24f35e1b516d23)  -> (artifact id: '615d465a86ed695e09d5271a7b4bb94d') in 0.012847 seconds 
Number of asset objects unloaded after import = 1
========================================================================
Received Import Request.
  Time since last request: 0.000028 seconds.
  path: Assets/Mirror/Core/SyncObject.cs
  artifactKey: Guid(ae226d17a0c844041aa24cc2c023dd49) Importer(2089858483,0ecaa5967403d082aa24f35e1b516d23)
Number of updated assets reloaded before import = 0
Start importing Assets/Mirror/Core/SyncObject.cs using Guid(ae226d17a0c844041aa24cc2c023dd49) Importer(2089858483,0ecaa5967403d082aa24f35e1b516d23)  -> (artifact id: 'c46a760a2ac49d4be3d1766178b19ebc') in 0.014051 seconds 
Number of asset objects unloaded after import = 1
========================================================================
Received Import Request.
  Time since last request: 0.000039 seconds.
  path: Assets/Mirror/Core/NetworkIdentity.cs
  artifactKey: Guid(9b91ecbcc199f4492b9a91e820070131) Importer(2089858483,0ecaa5967403d082aa24f35e1b516d23)
Number of updated assets reloaded before import = 0
Start importing Assets/Mirror/Core/NetworkIdentity.cs using Guid(9b91ecbcc199f4492b9a91e820070131) Importer(2089858483,0ecaa5967403d082aa24f35e1b516d23)  -> (artifact id: '92a26fd708c5d09825e152a6e8aee925') in 0.014927 seconds 
Number of asset objects unloaded after import = 1
========================================================================
Received Import Request.
  Time since last request: 0.000033 seconds.
  path: Assets/Scripts/Items/Item.cs
  artifactKey: Guid(94a015312fe79b746aecb40c3bb08417) Importer(2089858483,0ecaa5967403d082aa24f35e1b516d23)
Number of updated assets reloaded before import = 0
Start importing Assets/Scripts/Items/Item.cs using Guid(94a015312fe79b746aecb40c3bb08417) Importer(2089858483,0ecaa5967403d082aa24f35e1b516d23)  -> (artifact id: '5e3e93c3392f8a64e2c51ddd0ed6cefa') in 0.012147 seconds 
Number of asset objects unloaded after import = 0
========================================================================
Received Import Request.
  Time since last request: 0.000022 seconds.
  path: Assets/Mirror/Core/TransportError.cs
  artifactKey: Guid(ce162bdedd704db9b8c35d163f0c1d54) Importer(2089858483,0ecaa5967403d082aa24f35e1b516d23)
Number of updated assets reloaded before import = 0
Start importing Assets/Mirror/Core/TransportError.cs using Guid(ce162bdedd704db9b8c35d163f0c1d54) Importer(2089858483,0ecaa5967403d082aa24f35e1b516d23)  -> (artifact id: 'b3cde25e61bd3935dfb5dbff31b6eb79') in 0.012276 seconds 
Number of asset objects unloaded after import = 1
========================================================================
Received Import Request.
  Time since last request: 0.000023 seconds.
  path: Assets/Scripts/Buttons/SpellButton.cs
  artifactKey: Guid(ee724b4f0a0fb554485a9072727c5917) Importer(2089858483,0ecaa5967403d082aa24f35e1b516d23)
Number of updated assets reloaded before import = 0
Start importing Assets/Scripts/Buttons/SpellButton.cs using Guid(ee724b4f0a0fb554485a9072727c5917) Importer(2089858483,0ecaa5967403d082aa24f35e1b516d23)  -> (artifact id: '1c125b00f0ba1eeadd9db945560e8fc8') in 0.014237 seconds 
Number of asset objects unloaded after import = 0
========================================================================
Received Import Request.
  Time since last request: 0.000026 seconds.
  path: Assets/Scripts/CharacterRelated/Citizen.cs
  artifactKey: Guid(c312fa2ef7fa15d489ca23fe879e310c) Importer(2089858483,0ecaa5967403d082aa24f35e1b516d23)
Number of updated assets reloaded before import = 0
Start importing Assets/Scripts/CharacterRelated/Citizen.cs using Guid(c312fa2ef7fa15d489ca23fe879e310c) Importer(2089858483,0ecaa5967403d082aa24f35e1b516d23)  -> (artifact id: 'befe6afa5f3ff562d8246edf607069a8') in 0.013038 seconds 
Number of asset objects unloaded after import = 0
========================================================================
Received Import Request.
  Time since last request: 0.000028 seconds.
  path: Assets/Prefabs/Items/Gloves.asset
  artifactKey: Guid(f9363347635ca32488692f5da39dced2) Importer(2089858483,0ecaa5967403d082aa24f35e1b516d23)
Number of updated assets reloaded before import = 0
Start importing Assets/Prefabs/Items/Gloves.asset using Guid(f9363347635ca32488692f5da39dced2) Importer(2089858483,0ecaa5967403d082aa24f35e1b516d23)  -> (artifact id: 'd826e444c51491f4ea7ca7350a82439b') in 0.012119 seconds 
Number of asset objects unloaded after import = 2
========================================================================
Received Import Request.
  Time since last request: 0.000020 seconds.
  path: Assets/Scripts/Debuffs/ThundshockDebuff.cs
  artifactKey: Guid(cdce33705fb312b4bb1853ab869d8753) Importer(2089858483,0ecaa5967403d082aa24f35e1b516d23)
Number of updated assets reloaded before import = 0
Start importing Assets/Scripts/Debuffs/ThundshockDebuff.cs using Guid(cdce33705fb312b4bb1853ab869d8753) Importer(2089858483,0ecaa5967403d082aa24f35e1b516d23)  -> (artifact id: 'd787dccca5d78189ea8cc181a0701677') in 0.011274 seconds 
Number of asset objects unloaded after import = 0
========================================================================
Received Import Request.
  Time since last request: 0.000021 seconds.
  path: Assets/Prefabs/Items/Helmet02.asset
  artifactKey: Guid(15e5465c06205654488c58f70d49968d) Importer(2089858483,0ecaa5967403d082aa24f35e1b516d23)
Number of updated assets reloaded before import = 0
Start importing Assets/Prefabs/Items/Helmet02.asset using Guid(15e5465c06205654488c58f70d49968d) Importer(2089858483,0ecaa5967403d082aa24f35e1b516d23)  -> (artifact id: '5c409717e3df003ac1851a3358b9a674') in 0.014969 seconds 
Number of asset objects unloaded after import = 15
========================================================================
Received Import Request.
  Time since last request: 0.000022 seconds.
  path: Assets/Scripts/Items/GoldNugget.cs
  artifactKey: Guid(e8521c619b2463e4da58bdbb4ec9e518) Importer(2089858483,0ecaa5967403d082aa24f35e1b516d23)
Number of updated assets reloaded before import = 0
Start importing Assets/Scripts/Items/GoldNugget.cs using Guid(e8521c619b2463e4da58bdbb4ec9e518) Importer(2089858483,0ecaa5967403d082aa24f35e1b516d23)  -> (artifact id: '25c65b44134f7feaa26f309520161595') in 0.009646 seconds 
Number of asset objects unloaded after import = 0
========================================================================
Received Import Request.
  Time since last request: 0.000047 seconds.
  path: Assets/Mirror/Core/NetworkReaderPooled.cs
  artifactKey: Guid(faafa97c32e44adf8e8888de817a370a) Importer(2089858483,0ecaa5967403d082aa24f35e1b516d23)
Number of updated assets reloaded before import = 0
Start importing Assets/Mirror/Core/NetworkReaderPooled.cs using Guid(faafa97c32e44adf8e8888de817a370a) Importer(2089858483,0ecaa5967403d082aa24f35e1b516d23)  -> (artifact id: '6a6034c08f024ca6168dc39bcce93564') in 0.015220 seconds 
Number of asset objects unloaded after import = 1
========================================================================
Received Import Request.
  Time since last request: 0.000023 seconds.
  path: Assets/Mirror/Core/NetworkMessages.cs
  artifactKey: Guid(2db134099f0df4d96a84ae7a0cd9b4bc) Importer(2089858483,0ecaa5967403d082aa24f35e1b516d23)
Number of updated assets reloaded before import = 0
Start importing Assets/Mirror/Core/NetworkMessages.cs using Guid(2db134099f0df4d96a84ae7a0cd9b4bc) Importer(2089858483,0ecaa5967403d082aa24f35e1b516d23)  -> (artifact id: '4d0edf2fbd91ceae99eb201b857347bf') in 0.011005 seconds 
Number of asset objects unloaded after import = 1
========================================================================
Received Import Request.
  Time since last request: 0.000022 seconds.
  path: Assets/Mirror/Core/NetworkWriterPool.cs
  artifactKey: Guid(3f34b53bea38e4f259eb8dc211e4fdb6) Importer(2089858483,0ecaa5967403d082aa24f35e1b516d23)
Number of updated assets reloaded before import = 0
Start importing Assets/Mirror/Core/NetworkWriterPool.cs using Guid(3f34b53bea38e4f259eb8dc211e4fdb6) Importer(2089858483,0ecaa5967403d082aa24f35e1b516d23)  -> (artifact id: '73a9e7cc1760a50bbc93ccf227f70bde') in 0.013260 seconds 
Number of asset objects unloaded after import = 1
========================================================================
Received Import Request.
  Time since last request: 0.000021 seconds.
  path: Assets/Mirror/Core/NetworkManagerHUD.cs
  artifactKey: Guid(6442dc8070ceb41f094e44de0bf87274) Importer(2089858483,0ecaa5967403d082aa24f35e1b516d23)
Number of updated assets reloaded before import = 0
Start importing Assets/Mirror/Core/NetworkManagerHUD.cs using Guid(6442dc8070ceb41f094e44de0bf87274) Importer(2089858483,0ecaa5967403d082aa24f35e1b516d23)  -> (artifact id: '058e38748119b73a6feb97662af1a70e') in 0.013103 seconds 
Number of asset objects unloaded after import = 1
========================================================================
Received Import Request.
  Time since last request: 0.000019 seconds.
  path: Assets/Mirror/Editor/NetworkManagerEditor.cs
  artifactKey: Guid(519712eb07f7a44039df57664811c2c5) Importer(2089858483,0ecaa5967403d082aa24f35e1b516d23)
Number of updated assets reloaded before import = 0
Start importing Assets/Mirror/Editor/NetworkManagerEditor.cs using Guid(519712eb07f7a44039df57664811c2c5) Importer(2089858483,0ecaa5967403d082aa24f35e1b516d23)  -> (artifact id: '87f25f871b1c531a56ffd920c3176dca') in 0.010292 seconds 
Number of asset objects unloaded after import = 0
========================================================================
Received Import Request.
  Time since last request: 0.000021 seconds.
  path: Assets/Scripts/Dialogue/DialogueNode.cs
  artifactKey: Guid(24558e45f1d2e124ba83e11a2d023c19) Importer(2089858483,0ecaa5967403d082aa24f35e1b516d23)
Number of updated assets reloaded before import = 0
Start importing Assets/Scripts/Dialogue/DialogueNode.cs using Guid(24558e45f1d2e124ba83e11a2d023c19) Importer(2089858483,0ecaa5967403d082aa24f35e1b516d23)  -> (artifact id: 'efc82c258cc0c970e0c681e59c7c1e13') in 0.011130 seconds 
Number of asset objects unloaded after import = 0
========================================================================
Received Import Request.
  Time since last request: 0.000026 seconds.
  path: Assets/Mirror/Core/NetworkMessage.cs
  artifactKey: Guid(eb04e4848a2e4452aa2dbd7adb801c51) Importer(2089858483,0ecaa5967403d082aa24f35e1b516d23)
Number of updated assets reloaded before import = 0
Start importing Assets/Mirror/Core/NetworkMessage.cs using Guid(eb04e4848a2e4452aa2dbd7adb801c51) Importer(2089858483,0ecaa5967403d082aa24f35e1b516d23)  -> (artifact id: '14a6eb064164a29aae5b5255ae7c81b5') in 0.013306 seconds 
Number of asset objects unloaded after import = 1
========================================================================
Received Import Request.
  Time since last request: 0.000029 seconds.
  path: Assets/Scripts/Buttons/VendorButton.cs
  artifactKey: Guid(e226cf8732745b948a705dabc03d8d68) Importer(2089858483,0ecaa5967403d082aa24f35e1b516d23)
Number of updated assets reloaded before import = 0
Start importing Assets/Scripts/Buttons/VendorButton.cs using Guid(e226cf8732745b948a705dabc03d8d68) Importer(2089858483,0ecaa5967403d082aa24f35e1b516d23)  -> (artifact id: 'ab5df019b1c44d1053c1563793da6b8a') in 0.012407 seconds 
Number of asset objects unloaded after import = 0
========================================================================
Received Import Request.
  Time since last request: 0.000022 seconds.
  path: Assets/Scripts/EnemyStates/IdleState.cs
  artifactKey: Guid(52f319431f926b942aba5de6ea4064fa) Importer(2089858483,0ecaa5967403d082aa24f35e1b516d23)
Number of updated assets reloaded before import = 0
Start importing Assets/Scripts/EnemyStates/IdleState.cs using Guid(52f319431f926b942aba5de6ea4064fa) Importer(2089858483,0ecaa5967403d082aa24f35e1b516d23)  -> (artifact id: '4721bda21675c6e8b64354a8f8344f51') in 0.012798 seconds 
Number of asset objects unloaded after import = 0
========================================================================
Received Import Request.
  Time since last request: 1.092461 seconds.
  path: Assets/Scripts/Loot/LootTable.cs
  artifactKey: Guid(22ed5b74278ae824c87b029d9e235808) Importer(2089858483,0ecaa5967403d082aa24f35e1b516d23)
Number of updated assets reloaded before import = 0
Start importing Assets/Scripts/Loot/LootTable.cs using Guid(22ed5b74278ae824c87b029d9e235808) Importer(2089858483,0ecaa5967403d082aa24f35e1b516d23)  -> (artifact id: '399e5a1c292dadcc7164a15bbcb30300') in 0.011960 seconds 
Number of asset objects unloaded after import = 0
========================================================================
Received Import Request.
  Time since last request: 0.000032 seconds.
  path: Assets/Scripts/Other/HandScript.cs
  artifactKey: Guid(5c3fa5dbfb90fef4887977ea0e469508) Importer(2089858483,0ecaa5967403d082aa24f35e1b516d23)
Number of updated assets reloaded before import = 0
Start importing Assets/Scripts/Other/HandScript.cs using Guid(5c3fa5dbfb90fef4887977ea0e469508) Importer(2089858483,0ecaa5967403d082aa24f35e1b516d23)  -> (artifact id: '97c28521b91e2fa3a7ecab104f33d03a') in 0.011240 seconds 
Number of asset objects unloaded after import = 0
========================================================================
Received Import Request.
  Time since last request: 0.000061 seconds.
  path: Assets/Sprites/Character panel/slot_1.png
  artifactKey: Guid(2b02fc1ef47f08b4087b249d97deaefe) Importer(2089858483,0ecaa5967403d082aa24f35e1b516d23)
Number of updated assets reloaded before import = 0
Start importing Assets/Sprites/Character panel/slot_1.png using Guid(2b02fc1ef47f08b4087b249d97deaefe) Importer(2089858483,0ecaa5967403d082aa24f35e1b516d23)  -> (artifact id: '6b449940633b3e81f46143ada0ec6418') in 0.021787 seconds 
Number of asset objects unloaded after import = 3
========================================================================
Received Import Request.
  Time since last request: 0.000029 seconds.
  path: Assets/Sprites/Effects/Ding10.png
  artifactKey: Guid(6ca753349a8c5884a9440c36276f724c) Importer(2089858483,0ecaa5967403d082aa24f35e1b516d23)
Number of updated assets reloaded before import = 0
Start importing Assets/Sprites/Effects/Ding10.png using Guid(6ca753349a8c5884a9440c36276f724c) Importer(2089858483,0ecaa5967403d082aa24f35e1b516d23)  -> (artifact id: 'b2a3c7d0bc59b76bab37ecbd21293e00') in 0.014715 seconds 
Number of asset objects unloaded after import = 3
========================================================================
Received Import Request.
  Time since last request: 0.000017 seconds.
  path: Assets/Scripts/TalentTree/BlizzardTalent.cs
  artifactKey: Guid(9b0d5c237157aab49aac1e51de9de20b) Importer(2089858483,0ecaa5967403d082aa24f35e1b516d23)
Number of updated assets reloaded before import = 0
Start importing Assets/Scripts/TalentTree/BlizzardTalent.cs using Guid(9b0d5c237157aab49aac1e51de9de20b) Importer(2089858483,0ecaa5967403d082aa24f35e1b516d23)  -> (artifact id: 'fd54875324d48bb8e82b738a9b394afe') in 0.010806 seconds 
Number of asset objects unloaded after import = 0
========================================================================
Received Import Request.
  Time since last request: 0.000029 seconds.
  path: Assets/Scripts/Profession/ItemInfo.cs
  artifactKey: Guid(e9cd84a0be854ad4cbaa1d458235c08b) Importer(2089858483,0ecaa5967403d082aa24f35e1b516d23)
Number of updated assets reloaded before import = 0
Start importing Assets/Scripts/Profession/ItemInfo.cs using Guid(e9cd84a0be854ad4cbaa1d458235c08b) Importer(2089858483,0ecaa5967403d082aa24f35e1b516d23)  -> (artifact id: 'a2e8455bb876fd35b34fef46df8022b2') in 0.012047 seconds 
Number of asset objects unloaded after import = 0
========================================================================
Received Import Request.
  Time since last request: 0.000024 seconds.
  path: Assets/Sprites/Player/idle_front.png
  artifactKey: Guid(a2905324e9c8ef74bbb9c14641b7d76a) Importer(2089858483,0ecaa5967403d082aa24f35e1b516d23)
Number of updated assets reloaded before import = 0
Start importing Assets/Sprites/Player/idle_front.png using Guid(a2905324e9c8ef74bbb9c14641b7d76a) Importer(2089858483,0ecaa5967403d082aa24f35e1b516d23)  -> (artifact id: '9c95ebf85d78e6374f323fff582db800') in 0.053315 seconds 
Number of asset objects unloaded after import = 14
========================================================================
Received Import Request.
  Time since last request: 0.000038 seconds.
  path: Assets/Scripts/Other/ObservableStack.cs
  artifactKey: Guid(ec0b995887ae8f54b9ef70eee28cef5c) Importer(2089858483,0ecaa5967403d082aa24f35e1b516d23)
Number of updated assets reloaded before import = 0
Start importing Assets/Scripts/Other/ObservableStack.cs using Guid(ec0b995887ae8f54b9ef70eee28cef5c) Importer(2089858483,0ecaa5967403d082aa24f35e1b516d23)  -> (artifact id: 'a537a852cec28a56a7e50d01af8f2d3f') in 0.012209 seconds 
Number of asset objects unloaded after import = 0
========================================================================
Received Import Request.
  Time since last request: 0.000029 seconds.
  path: Assets/Sprites/Character panel/boots_slot.png
  artifactKey: Guid(e213bc99f971d4c4f9c7acf325ccff86) Importer(2089858483,0ecaa5967403d082aa24f35e1b516d23)
Number of updated assets reloaded before import = 0
Start importing Assets/Sprites/Character panel/boots_slot.png using Guid(e213bc99f971d4c4f9c7acf325ccff86) Importer(2089858483,0ecaa5967403d082aa24f35e1b516d23)  -> (artifact id: '40aac70fa1131e7563f7d5c211198a93') in 0.021359 seconds 
Number of asset objects unloaded after import = 3
========================================================================
Received Import Request.
  Time since last request: 0.000025 seconds.
  path: Assets/Scripts/Quest/QuestGiverWindow.cs
  artifactKey: Guid(40935c2e15ecde140aae704eb225f6f0) Importer(2089858483,0ecaa5967403d082aa24f35e1b516d23)
Number of updated assets reloaded before import = 0
Start importing Assets/Scripts/Quest/QuestGiverWindow.cs using Guid(40935c2e15ecde140aae704eb225f6f0) Importer(2089858483,0ecaa5967403d082aa24f35e1b516d23)  -> (artifact id: 'ef397ae94497918fb21e6e01be8e32a1') in 0.013047 seconds 
Number of asset objects unloaded after import = 0
========================================================================
Received Import Request.
  Time since last request: 0.000022 seconds.
  path: Assets/Sprites/Character panel/gloves.png
  artifactKey: Guid(b789048265097ea48ad283348ab174f8) Importer(2089858483,0ecaa5967403d082aa24f35e1b516d23)
Number of updated assets reloaded before import = 0
Start importing Assets/Sprites/Character panel/gloves.png using Guid(b789048265097ea48ad283348ab174f8) Importer(2089858483,0ecaa5967403d082aa24f35e1b516d23)  -> (artifact id: '55c961523093115aa29f7d6c014d8017') in 0.020056 seconds 
Number of asset objects unloaded after import = 3
========================================================================
Received Import Request.
  Time since last request: 0.000026 seconds.
  path: Assets/Sprites/Character panel/helmet_slot.png
  artifactKey: Guid(8ac612f0cbc0ba44db271762723f4a20) Importer(2089858483,0ecaa5967403d082aa24f35e1b516d23)
Number of updated assets reloaded before import = 0
Start importing Assets/Sprites/Character panel/helmet_slot.png using Guid(8ac612f0cbc0ba44db271762723f4a20) Importer(2089858483,0ecaa5967403d082aa24f35e1b516d23)  -> (artifact id: '93d81e315c6d7e4170d5394d65ea2f67') in 0.018067 seconds 
Number of asset objects unloaded after import = 3
========================================================================
Received Import Request.
  Time since last request: 0.000030 seconds.
  path: Assets/Scripts/TalentTree/ImprovedThunderbolt.cs
  artifactKey: Guid(103c2ad033092214094eaa958f295e21) Importer(2089858483,0ecaa5967403d082aa24f35e1b516d23)
Number of updated assets reloaded before import = 0
Start importing Assets/Scripts/TalentTree/ImprovedThunderbolt.cs using Guid(103c2ad033092214094eaa958f295e21) Importer(2089858483,0ecaa5967403d082aa24f35e1b516d23)  -> (artifact id: 'f4629c48b8b638fc80dfb1a53f265f7e') in 0.011023 seconds 
Number of asset objects unloaded after import = 0
========================================================================
Received Import Request.
  Time since last request: 0.000018 seconds.
  path: Assets/Scripts/Managers/LevelManager.cs
  artifactKey: Guid(4ccdc0f98552ea84bb51de9e8330e010) Importer(2089858483,0ecaa5967403d082aa24f35e1b516d23)
Number of updated assets reloaded before import = 0
Start importing Assets/Scripts/Managers/LevelManager.cs using Guid(4ccdc0f98552ea84bb51de9e8330e010) Importer(2089858483,0ecaa5967403d082aa24f35e1b516d23)  -> (artifact id: '8d3845b36dda2fd151839e4a32b513fd') in 0.010448 seconds 
Number of asset objects unloaded after import = 0
========================================================================
Received Import Request.
  Time since last request: 0.000050 seconds.
  path: Assets/Scripts/Quest/QGQuestScript.cs
  artifactKey: Guid(ae969d6a98ff3dc46a506bf3deceef1b) Importer(2089858483,0ecaa5967403d082aa24f35e1b516d23)
Number of updated assets reloaded before import = 0
Start importing Assets/Scripts/Quest/QGQuestScript.cs using Guid(ae969d6a98ff3dc46a506bf3deceef1b) Importer(2089858483,0ecaa5967403d082aa24f35e1b516d23)  -> (artifact id: 'c2375a820d16ff904fd0add3a000593f') in 0.011508 seconds 
Number of asset objects unloaded after import = 0
========================================================================
Received Import Request.
  Time since last request: 0.000033 seconds.
  path: Assets/Scripts/Profession/Profession.cs
  artifactKey: Guid(3d76fffeb7e520e44971f6b14f0281a8) Importer(2089858483,0ecaa5967403d082aa24f35e1b516d23)
Number of updated assets reloaded before import = 0
Start importing Assets/Scripts/Profession/Profession.cs using Guid(3d76fffeb7e520e44971f6b14f0281a8) Importer(2089858483,0ecaa5967403d082aa24f35e1b516d23)  -> (artifact id: '0b1e9c51be697c763dcea473f28a7d18') in 0.010782 seconds 
Number of asset objects unloaded after import = 0
========================================================================
Received Import Request.
  Time since last request: 0.000030 seconds.
  path: Assets/Sprites/Character panel/shoulder_slot.png
  artifactKey: Guid(90b2e3a2aa90cd442805b707a65ad8ad) Importer(2089858483,0ecaa5967403d082aa24f35e1b516d23)
Number of updated assets reloaded before import = 0
Start importing Assets/Sprites/Character panel/shoulder_slot.png using Guid(90b2e3a2aa90cd442805b707a65ad8ad) Importer(2089858483,0ecaa5967403d082aa24f35e1b516d23)  -> (artifact id: 'ed44f87ae78874c80df020c342766260') in 0.025597 seconds 
Number of asset objects unloaded after import = 3
========================================================================
Received Import Request.
  Time since last request: 0.000033 seconds.
  path: Assets/Sprites/Effects/Ding5.png
  artifactKey: Guid(2c8c88a4baecdaa499d247083910c4e9) Importer(2089858483,0ecaa5967403d082aa24f35e1b516d23)
Number of updated assets reloaded before import = 0
Start importing Assets/Sprites/Effects/Ding5.png using Guid(2c8c88a4baecdaa499d247083910c4e9) Importer(2089858483,0ecaa5967403d082aa24f35e1b516d23)  -> (artifact id: '36e85896ea232089c43ee1c49dab6352') in 0.050566 seconds 
Number of asset objects unloaded after import = 3
========================================================================
Received Import Request.
  Time since last request: 0.000022 seconds.
  path: Assets/Sprites/Player/walk_front.png
  artifactKey: Guid(b7230c0ebd640c741a4d50ad3abfcb7d) Importer(2089858483,0ecaa5967403d082aa24f35e1b516d23)
Number of updated assets reloaded before import = 0
Start importing Assets/Sprites/Player/walk_front.png using Guid(b7230c0ebd640c741a4d50ad3abfcb7d) Importer(2089858483,0ecaa5967403d082aa24f35e1b516d23)  -> (artifact id: '0305204e58a7b38ccd96ba7875cfc0f7') in 0.067656 seconds 
Number of asset objects unloaded after import = 18
========================================================================
Received Import Request.
  Time since last request: 0.000023 seconds.
  path: Assets/Sprites/Character panel/equipment_1.png
  artifactKey: Guid(da641a37d6ddd31489313d6f7fdcea6c) Importer(2089858483,0ecaa5967403d082aa24f35e1b516d23)
Number of updated assets reloaded before import = 0
Start importing Assets/Sprites/Character panel/equipment_1.png using Guid(da641a37d6ddd31489313d6f7fdcea6c) Importer(2089858483,0ecaa5967403d082aa24f35e1b516d23)  -> (artifact id: 'bca7d36128b38beb746ed048b1d72f70') in 0.020906 seconds 
Number of asset objects unloaded after import = 3
========================================================================
Received Import Request.
  Time since last request: 0.000025 seconds.
  path: Assets/Scripts/TalentTree/PermafrostTalent.cs
  artifactKey: Guid(ec6fdc1f7f97a41449686b91193b0d21) Importer(2089858483,0ecaa5967403d082aa24f35e1b516d23)
Number of updated assets reloaded before import = 0
Start importing Assets/Scripts/TalentTree/PermafrostTalent.cs using Guid(ec6fdc1f7f97a41449686b91193b0d21) Importer(2089858483,0ecaa5967403d082aa24f35e1b516d23)  -> (artifact id: 'a08ec1ba02aa5aab86ca8fdd11fa0fc8') in 0.011738 seconds 
Number of asset objects unloaded after import = 0
========================================================================
Received Import Request.
  Time since last request: 0.000027 seconds.
  path: Assets/Scripts/Quest/Questlog.cs
  artifactKey: Guid(61604b1d041ac19449b42bcb5fa69d52) Importer(2089858483,0ecaa5967403d082aa24f35e1b516d23)
Number of updated assets reloaded before import = 0
Start importing Assets/Scripts/Quest/Questlog.cs using Guid(61604b1d041ac19449b42bcb5fa69d52) Importer(2089858483,0ecaa5967403d082aa24f35e1b516d23)  -> (artifact id: '3b28c8b145cbda659eaa573706c5962b') in 0.011144 seconds 
Number of asset objects unloaded after import = 0
========================================================================
Received Import Request.
  Time since last request: 0.000023 seconds.
  path: Assets/ScriptTemplates/Editor/MoveToAssetsFolder.cs
  artifactKey: Guid(e383132f744a8c1448807b71fa31f7ef) Importer(2089858483,0ecaa5967403d082aa24f35e1b516d23)
Number of updated assets reloaded before import = 0
Start importing Assets/ScriptTemplates/Editor/MoveToAssetsFolder.cs using Guid(e383132f744a8c1448807b71fa31f7ef) Importer(2089858483,0ecaa5967403d082aa24f35e1b516d23)  -> (artifact id: 'e489254be6df6e9745ff79895d7b6952') in 0.011666 seconds 
Number of asset objects unloaded after import = 0
========================================================================
Received Import Request.
  Time since last request: 0.000033 seconds.
  path: Assets/Sprites/Minimap/vendor.png
  artifactKey: Guid(c58569e9454679940aec2bebfd58e57c) Importer(2089858483,0ecaa5967403d082aa24f35e1b516d23)
Number of updated assets reloaded before import = 0
Start importing Assets/Sprites/Minimap/vendor.png using Guid(c58569e9454679940aec2bebfd58e57c) Importer(2089858483,0ecaa5967403d082aa24f35e1b516d23)  -> (artifact id: '541ef8825e60c39c24b6789fa3e4cf93') in 0.019737 seconds 
Number of asset objects unloaded after import = 3
========================================================================
Received Import Request.
  Time since last request: 0.000044 seconds.
  path: Assets/Scripts/TalentTree/ImprovedFireball.cs
  artifactKey: Guid(82014ec07d0fcff429ed7ac44817fd4d) Importer(2089858483,0ecaa5967403d082aa24f35e1b516d23)
Number of updated assets reloaded before import = 0
Start importing Assets/Scripts/TalentTree/ImprovedFireball.cs using Guid(82014ec07d0fcff429ed7ac44817fd4d) Importer(2089858483,0ecaa5967403d082aa24f35e1b516d23)  -> (artifact id: '63c58410d0ce86976fcded4ec6a92582') in 0.011384 seconds 
Number of asset objects unloaded after import = 0
========================================================================
Received Import Request.
  Time since last request: 0.000024 seconds.
  path: Assets/Sprites/Minimap/Circle.png
  artifactKey: Guid(8313250030a8e5c439153ef957e3e5f5) Importer(2089858483,0ecaa5967403d082aa24f35e1b516d23)
Number of updated assets reloaded before import = 0
Start importing Assets/Sprites/Minimap/Circle.png using Guid(8313250030a8e5c439153ef957e3e5f5) Importer(2089858483,0ecaa5967403d082aa24f35e1b516d23)  -> (artifact id: '98233c2da5410f114c03bb78328197a5') in 0.021622 seconds 
Number of asset objects unloaded after import = 3
========================================================================
Received Import Request.
  Time since last request: 0.000023 seconds.
  path: Assets/Sprites/Player/idle_left.png
  artifactKey: Guid(95d76b63d42b89e4b829d35004244a6b) Importer(2089858483,0ecaa5967403d082aa24f35e1b516d23)
Number of updated assets reloaded before import = 0
Start importing Assets/Sprites/Player/idle_left.png using Guid(95d76b63d42b89e4b829d35004244a6b) Importer(2089858483,0ecaa5967403d082aa24f35e1b516d23)  -> (artifact id: 'db091e4be76b32dc56530f85ac67cd0c') in 0.055646 seconds 
Number of asset objects unloaded after import = 14
========================================================================
Received Import Request.
  Time since last request: 0.000023 seconds.
  path: Assets/Sprites/Effects/Ding9.png
  artifactKey: Guid(2558f1772280dcb41b1e08a04af0c12a) Importer(2089858483,0ecaa5967403d082aa24f35e1b516d23)
Number of updated assets reloaded before import = 0
Start importing Assets/Sprites/Effects/Ding9.png using Guid(2558f1772280dcb41b1e08a04af0c12a) Importer(2089858483,0ecaa5967403d082aa24f35e1b516d23)  -> (artifact id: 'bee471da5e935c30c7e1ec8b0255cbe8') in 0.021040 seconds 
Number of asset objects unloaded after import = 3
========================================================================
Received Import Request.
  Time since last request: 0.000025 seconds.
  path: Assets/Scripts/Profession/CraftingMaterial.cs
  artifactKey: Guid(a4ebf5ce231c0224e8dc7ceb2beb3e8e) Importer(2089858483,0ecaa5967403d082aa24f35e1b516d23)
Number of updated assets reloaded before import = 0
Start importing Assets/Scripts/Profession/CraftingMaterial.cs using Guid(a4ebf5ce231c0224e8dc7ceb2beb3e8e) Importer(2089858483,0ecaa5967403d082aa24f35e1b516d23)  -> (artifact id: 'b3af11e87460af7a9a609e2f21b227cc') in 0.012705 seconds 
Number of asset objects unloaded after import = 0
========================================================================
Received Import Request.
  Time since last request: 0.000025 seconds.
  path: Assets/Sprites/Minimap/minimap.png
  artifactKey: Guid(6a03b494530ed7b4b87f20022b9515ad) Importer(2089858483,0ecaa5967403d082aa24f35e1b516d23)
Number of updated assets reloaded before import = 0
Start importing Assets/Sprites/Minimap/minimap.png using Guid(6a03b494530ed7b4b87f20022b9515ad) Importer(2089858483,0ecaa5967403d082aa24f35e1b516d23)  -> (artifact id: '830fc9cedd849c74015c5c38665a3e26') in 0.021779 seconds 
Number of asset objects unloaded after import = 3
========================================================================
Received Import Request.
  Time since last request: 0.000030 seconds.
  path: Assets/Sprites/Portrait frame/bar_1.png
  artifactKey: Guid(a6710c9546fceda4b8ec7d9ee81e7d65) Importer(2089858483,0ecaa5967403d082aa24f35e1b516d23)
Number of updated assets reloaded before import = 0
Start importing Assets/Sprites/Portrait frame/bar_1.png using Guid(a6710c9546fceda4b8ec7d9ee81e7d65) Importer(2089858483,0ecaa5967403d082aa24f35e1b516d23)  -> (artifact id: '6945e595a898f0ea822224ef0448e61e') in 0.021328 seconds 
Number of asset objects unloaded after import = 3
========================================================================
Received Import Request.
  Time since last request: 0.000024 seconds.
  path: Assets/Sprites/Effects/Puff05.png
  artifactKey: Guid(e1758117ba6206e4e9ddb5dbfbdbc984) Importer(2089858483,0ecaa5967403d082aa24f35e1b516d23)
Number of updated assets reloaded before import = 0
Start importing Assets/Sprites/Effects/Puff05.png using Guid(e1758117ba6206e4e9ddb5dbfbdbc984) Importer(2089858483,0ecaa5967403d082aa24f35e1b516d23)  -> (artifact id: 'b7c308bd56639cefa5d3bc0d87409d61') in 0.022346 seconds 
Number of asset objects unloaded after import = 3
========================================================================
Received Import Request.
  Time since last request: 0.000024 seconds.
  path: Assets/Scripts/SCT/CombatText.cs
  artifactKey: Guid(86b5343d948d839409601214506c2ee0) Importer(2089858483,0ecaa5967403d082aa24f35e1b516d23)
Number of updated assets reloaded before import = 0
Start importing Assets/Scripts/SCT/CombatText.cs using Guid(86b5343d948d839409601214506c2ee0) Importer(2089858483,0ecaa5967403d082aa24f35e1b516d23)  -> (artifact id: '3d89a52e2cf2152b7a72004b0894e42e') in 0.010016 seconds 
Number of asset objects unloaded after import = 0
========================================================================
Received Import Request.
  Time since last request: 0.000032 seconds.
  path: Assets/Sprites/Effects/Puff06.png
  artifactKey: Guid(1bb345cb3afefb140909f194541fa64e) Importer(2089858483,0ecaa5967403d082aa24f35e1b516d23)
Number of updated assets reloaded before import = 0
Start importing Assets/Sprites/Effects/Puff06.png using Guid(1bb345cb3afefb140909f194541fa64e) Importer(2089858483,0ecaa5967403d082aa24f35e1b516d23)  -> (artifact id: '03623072441b0d7783579b33bd69957b') in 0.022018 seconds 
Number of asset objects unloaded after import = 3
========================================================================
Received Import Request.
  Time since last request: 0.000042 seconds.
  path: Assets/Scripts/Managers/SaveManager.cs
  artifactKey: Guid(a5cbf9f48f62be446a22ef1d1fd85c12) Importer(2089858483,0ecaa5967403d082aa24f35e1b516d23)
Number of updated assets reloaded before import = 0
Start importing Assets/Scripts/Managers/SaveManager.cs using Guid(a5cbf9f48f62be446a22ef1d1fd85c12) Importer(2089858483,0ecaa5967403d082aa24f35e1b516d23)  -> (artifact id: 'b6efdeb99c4424708477c850402ec501') in 0.012570 seconds 
Number of asset objects unloaded after import = 0
========================================================================
Received Import Request.
  Time since last request: 0.000023 seconds.
  path: Assets/Sprites/Chest/chest_open.png
  artifactKey: Guid(d879b7fbb54e5fe40900352da5987810) Importer(2089858483,0ecaa5967403d082aa24f35e1b516d23)
Number of updated assets reloaded before import = 0
Start importing Assets/Sprites/Chest/chest_open.png using Guid(d879b7fbb54e5fe40900352da5987810) Importer(2089858483,0ecaa5967403d082aa24f35e1b516d23)  -> (artifact id: 'd15c62c4a65c986081cedbab519050e6') in 0.028107 seconds 
Number of asset objects unloaded after import = 3
========================================================================
Received Import Request.
  Time since last request: 0.000020 seconds.
  path: Assets/Scripts/TalentTree/ChainLightningTalents.cs
  artifactKey: Guid(3a0fbc30fb2616e458860bc70763e1ca) Importer(2089858483,0ecaa5967403d082aa24f35e1b516d23)
Number of updated assets reloaded before import = 0
Start importing Assets/Scripts/TalentTree/ChainLightningTalents.cs using Guid(3a0fbc30fb2616e458860bc70763e1ca) Importer(2089858483,0ecaa5967403d082aa24f35e1b516d23)  -> (artifact id: '742eff06ffaa7357139ff1b69e3e60c4') in 0.010448 seconds 
Number of asset objects unloaded after import = 0
========================================================================
Received Import Request.
  Time since last request: 0.000026 seconds.
  path: Assets/Sprites/Minimap/tree.png
  artifactKey: Guid(7521134b781b0af4ca89e8d3f11a95ab) Importer(2089858483,0ecaa5967403d082aa24f35e1b516d23)
Number of updated assets reloaded before import = 0
Start importing Assets/Sprites/Minimap/tree.png using Guid(7521134b781b0af4ca89e8d3f11a95ab) Importer(2089858483,0ecaa5967403d082aa24f35e1b516d23)  -> (artifact id: '74a3cd206628d1055157387162e27f2f') in 0.020953 seconds 
Number of asset objects unloaded after import = 3
========================================================================
Received Import Request.
  Time since last request: 0.000020 seconds.
  path: Assets/Scripts/TileScripts/TreeTile.cs
  artifactKey: Guid(ed3c59ded2da1f647935eb073dbf0500) Importer(2089858483,0ecaa5967403d082aa24f35e1b516d23)
Number of updated assets reloaded before import = 0
Start importing Assets/Scripts/TileScripts/TreeTile.cs using Guid(ed3c59ded2da1f647935eb073dbf0500) Importer(2089858483,0ecaa5967403d082aa24f35e1b516d23)  -> (artifact id: '4c417ca062dc2874081ec0b9bf660b94') in 0.010965 seconds 
Number of asset objects unloaded after import = 0
========================================================================
Received Import Request.
  Time since last request: 0.000023 seconds.
  path: Assets/Sprites/Character panel/staff.png
  artifactKey: Guid(988af7b59845e7c44925c4c3414f1603) Importer(2089858483,0ecaa5967403d082aa24f35e1b516d23)
Number of updated assets reloaded before import = 0
Start importing Assets/Sprites/Character panel/staff.png using Guid(988af7b59845e7c44925c4c3414f1603) Importer(2089858483,0ecaa5967403d082aa24f35e1b516d23)  -> (artifact id: '1697c47349dd63d4f68fad2feb3480df') in 0.021269 seconds 
Number of asset objects unloaded after import = 3
========================================================================
Received Import Request.
  Time since last request: 0.898144 seconds.
  path: Assets/Sprites/Quest log/slider.png
  artifactKey: Guid(367d806c337175849a6f581c612a5c8e) Importer(2089858483,0ecaa5967403d082aa24f35e1b516d23)
Number of updated assets reloaded before import = 0
Start importing Assets/Sprites/Quest log/slider.png using Guid(367d806c337175849a6f581c612a5c8e) Importer(2089858483,0ecaa5967403d082aa24f35e1b516d23)  -> (artifact id: '8b4e04967cac35fcc41baadad83b9f33') in 0.022152 seconds 
Number of asset objects unloaded after import = 3
========================================================================
Received Import Request.
  Time since last request: 0.000023 seconds.
  path: Assets/Sprites/Talent tree_XP Bar/fire_3.png
  artifactKey: Guid(a53b2ada42add9b43938c07a22efd85f) Importer(2089858483,0ecaa5967403d082aa24f35e1b516d23)
Number of updated assets reloaded before import = 0
Start importing Assets/Sprites/Talent tree_XP Bar/fire_3.png using Guid(a53b2ada42add9b43938c07a22efd85f) Importer(2089858483,0ecaa5967403d082aa24f35e1b516d23)  -> (artifact id: '10d25a34cb8786e0be8507826480e665') in 0.025782 seconds 
Number of asset objects unloaded after import = 3
========================================================================
Received Import Request.
  Time since last request: 0.000037 seconds.
  path: Assets/Mirror/Examples/CCU/Monster.cs
  artifactKey: Guid(b3a6fbf45e1c94ce6b2c1a2d08519a11) Importer(2089858483,0ecaa5967403d082aa24f35e1b516d23)
Number of updated assets reloaded before import = 0
Start importing Assets/Mirror/Examples/CCU/Monster.cs using Guid(b3a6fbf45e1c94ce6b2c1a2d08519a11) Importer(2089858483,0ecaa5967403d082aa24f35e1b516d23)  -> (artifact id: 'dd8e93d155c8d8927671484459edc9bc') in 0.011073 seconds 
Number of asset objects unloaded after import = 0
========================================================================
Received Import Request.
  Time since last request: 0.000023 seconds.
  path: Assets/Mirror/Examples/AutoLANClientController/MirrorAutoLANClientController.unity
  artifactKey: Guid(8e092fa854dbe4a24b7489ecd5b5b9fe) Importer(2089858483,0ecaa5967403d082aa24f35e1b516d23)
Number of updated assets reloaded before import = 0
Start importing Assets/Mirror/Examples/AutoLANClientController/MirrorAutoLANClientController.unity using Guid(8e092fa854dbe4a24b7489ecd5b5b9fe) Importer(2089858483,0ecaa5967403d082aa24f35e1b516d23)  -> (artifact id: '84dd89a20ac8ddcca7e00b56a05eb294') in 0.012279 seconds 
Number of asset objects unloaded after import = 1
========================================================================
Received Import Request.
  Time since last request: 0.000027 seconds.
  path: Assets/Mirror/Examples/Billiards/Player.prefab
  artifactKey: Guid(2a61e2175dfa740fdbd5b75afe107cd7) Importer(2089858483,0ecaa5967403d082aa24f35e1b516d23)
Number of updated assets reloaded before import = 0
Start importing Assets/Mirror/Examples/Billiards/Player.prefab using Guid(2a61e2175dfa740fdbd5b75afe107cd7) Importer(2089858483,0ecaa5967403d082aa24f35e1b516d23)  -> (artifact id: '2cfa7bb6b31590284e10e8697577cfa6') in 0.024285 seconds 
Number of asset objects unloaded after import = 5
========================================================================
Received Import Request.
  Time since last request: 0.000025 seconds.
  path: Assets/TextMesh Pro/Shaders/TMP_SDF-Mobile Overlay.shader
  artifactKey: Guid(a02a7d8c237544f1962732b55a9aebf1) Importer(2089858483,0ecaa5967403d082aa24f35e1b516d23)
Number of updated assets reloaded before import = 0
Start importing Assets/TextMesh Pro/Shaders/TMP_SDF-Mobile Overlay.shader using Guid(a02a7d8c237544f1962732b55a9aebf1) Importer(2089858483,0ecaa5967403d082aa24f35e1b516d23)  -> (artifact id: '2f03032bffce14dd1d28c82983bd0e82') in 0.022294 seconds 
Number of asset objects unloaded after import = 1
========================================================================
Received Import Request.
  Time since last request: 0.000027 seconds.
  path: Assets/Mirror/Examples/Room/README.md
  artifactKey: Guid(9110f04bd1e8468479f6625342d311c5) Importer(2089858483,0ecaa5967403d082aa24f35e1b516d23)
Number of updated assets reloaded before import = 0
Start importing Assets/Mirror/Examples/Room/README.md using Guid(9110f04bd1e8468479f6625342d311c5) Importer(2089858483,0ecaa5967403d082aa24f35e1b516d23)  -> (artifact id: 'e3c4dd539d5d70c4ced12270e28d4d00') in 0.019947 seconds 
Number of asset objects unloaded after import = 1
========================================================================
Received Import Request.
  Time since last request: 0.000019 seconds.
  path: Assets/TextMesh Pro/Sprites/EmojiOne.png
  artifactKey: Guid(dffef66376be4fa480fb02b19edbe903) Importer(2089858483,0ecaa5967403d082aa24f35e1b516d23)
Number of updated assets reloaded before import = 0
Start importing Assets/TextMesh Pro/Sprites/EmojiOne.png using Guid(dffef66376be4fa480fb02b19edbe903) Importer(2089858483,0ecaa5967403d082aa24f35e1b516d23)  -> (artifact id: 'ee7cae2aecf4c00b018a125ec621baf5') in 0.039091 seconds 
Number of asset objects unloaded after import = 1
========================================================================
Received Import Request.
  Time since last request: 0.000022 seconds.
  path: Assets/TextMesh Pro/Shaders/TMP_Bitmap-Custom-Atlas.shader
  artifactKey: Guid(48bb5f55d8670e349b6e614913f9d910) Importer(2089858483,0ecaa5967403d082aa24f35e1b516d23)
Number of updated assets reloaded before import = 0
Start importing Assets/TextMesh Pro/Shaders/TMP_Bitmap-Custom-Atlas.shader using Guid(48bb5f55d8670e349b6e614913f9d910) Importer(2089858483,0ecaa5967403d082aa24f35e1b516d23)  -> (artifact id: '5eba029ceb4a8c2a8961114c42219081') in 0.016055 seconds 
Number of asset objects unloaded after import = 1
========================================================================
Received Import Request.
  Time since last request: 0.000032 seconds.
  path: Assets/Mirror/Components/NetworkRigidbody/NetworkRigidbodyReliable2D.cs
  artifactKey: Guid(7ec4f7556ca1e4b55a3381fc6a02b1bc) Importer(2089858483,0ecaa5967403d082aa24f35e1b516d23)
Number of updated assets reloaded before import = 0
Start importing Assets/Mirror/Components/NetworkRigidbody/NetworkRigidbodyReliable2D.cs using Guid(7ec4f7556ca1e4b55a3381fc6a02b1bc) Importer(2089858483,0ecaa5967403d082aa24f35e1b516d23)  -> (artifact id: '71e6516a8ac94421d565ebd4063785ad') in 0.014188 seconds 
Number of asset objects unloaded after import = 1
========================================================================
Received Import Request.
  Time since last request: 0.000020 seconds.
  path: Assets/Mirror/Components/Discovery/NetworkDiscovery.cs
  artifactKey: Guid(c761308e733c51245b2e8bb4201f46dc) Importer(2089858483,0ecaa5967403d082aa24f35e1b516d23)
Number of updated assets reloaded before import = 0
Start importing Assets/Mirror/Components/Discovery/NetworkDiscovery.cs using Guid(c761308e733c51245b2e8bb4201f46dc) Importer(2089858483,0ecaa5967403d082aa24f35e1b516d23)  -> (artifact id: '363db6cf5af399d8824828f8becbd243') in 0.013965 seconds 
Number of asset objects unloaded after import = 1
========================================================================
Received Import Request.
  Time since last request: 0.000022 seconds.
  path: Assets/Mirror/Components/Profiling/NetworkRuntimeProfiler.cs
  artifactKey: Guid(ef8db82aeb77400bb9e80850e39065a9) Importer(2089858483,0ecaa5967403d082aa24f35e1b516d23)
Number of updated assets reloaded before import = 0
Start importing Assets/Mirror/Components/Profiling/NetworkRuntimeProfiler.cs using Guid(ef8db82aeb77400bb9e80850e39065a9) Importer(2089858483,0ecaa5967403d082aa24f35e1b516d23)  -> (artifact id: '45a4bda1e7c263cba05ca954cf07bca5') in 0.012851 seconds 
Number of asset objects unloaded after import = 1
========================================================================
Received Import Request.
  Time since last request: 0.000030 seconds.
  path: Assets/Mirror/Examples/BenchmarkIdle/Npc.prefab
  artifactKey: Guid(0ea79775d59804682a8cdd46b3811344) Importer(2089858483,0ecaa5967403d082aa24f35e1b516d23)
Number of updated assets reloaded before import = 0
Start importing Assets/Mirror/Examples/BenchmarkIdle/Npc.prefab using Guid(0ea79775d59804682a8cdd46b3811344) Importer(2089858483,0ecaa5967403d082aa24f35e1b516d23)  -> (artifact id: 'b7fc65a45f6fa1cc6b0de5d2c86a2044') in 0.035700 seconds 
Number of asset objects unloaded after import = 8
========================================================================
Received Import Request.
  Time since last request: 0.000033 seconds.
  path: Assets/Mirror/Examples/StackedPrediction/NetworkManagerStackedPrediction.cs
  artifactKey: Guid(fe94388660a5e45688a685723da14b57) Importer(2089858483,0ecaa5967403d082aa24f35e1b516d23)
Number of updated assets reloaded before import = 0
Start importing Assets/Mirror/Examples/StackedPrediction/NetworkManagerStackedPrediction.cs using Guid(fe94388660a5e45688a685723da14b57) Importer(2089858483,0ecaa5967403d082aa24f35e1b516d23)  -> (artifact id: '4f0bc3797927b57d4a07c3fd868f870d') in 0.013273 seconds 
Number of asset objects unloaded after import = 0
========================================================================
Received Import Request.
  Time since last request: 0.000032 seconds.
  path: Assets/Mirror/Examples/CCU/Monster.prefab
  artifactKey: Guid(d0f3b049f6bef4cc6930c57a2146ca52) Importer(2089858483,0ecaa5967403d082aa24f35e1b516d23)
Number of updated assets reloaded before import = 0
Start importing Assets/Mirror/Examples/CCU/Monster.prefab using Guid(d0f3b049f6bef4cc6930c57a2146ca52) Importer(2089858483,0ecaa5967403d082aa24f35e1b516d23)  -> (artifact id: '1801b4f96771f4602431c90030ae26d2') in 0.032229 seconds 
Number of asset objects unloaded after import = 9
========================================================================
Received Import Request.
  Time since last request: 0.000029 seconds.
  path: Assets/Mirror/Examples/Billiards/_Readme.txt
  artifactKey: Guid(36025784d9cce45349813205c53f1153) Importer(2089858483,0ecaa5967403d082aa24f35e1b516d23)
Number of updated assets reloaded before import = 0
Start importing Assets/Mirror/Examples/Billiards/_Readme.txt using Guid(36025784d9cce45349813205c53f1153) Importer(2089858483,0ecaa5967403d082aa24f35e1b516d23)  -> (artifact id: '5ba6a8473a88940a74c3e39ca712244b') in 0.018511 seconds 
Number of asset objects unloaded after import = 1
========================================================================
Received Import Request.
  Time since last request: 0.000025 seconds.
  path: Assets/TextMesh Pro/Sprites/EmojiOne Attribution.txt
  artifactKey: Guid(381dcb09d5029d14897e55f98031fca5) Importer(2089858483,0ecaa5967403d082aa24f35e1b516d23)
Number of updated assets reloaded before import = 0
Start importing Assets/TextMesh Pro/Sprites/EmojiOne Attribution.txt using Guid(381dcb09d5029d14897e55f98031fca5) Importer(2089858483,0ecaa5967403d082aa24f35e1b516d23)  -> (artifact id: '3d8a06ef236e43f4c1fb073b613efa74') in 0.015748 seconds 
Number of asset objects unloaded after import = 1
========================================================================
Received Import Request.
  Time since last request: 0.000027 seconds.
  path: Assets/Mirror/Examples/BenchmarkPrediction/WallMaterial.mat
  artifactKey: Guid(5afe569b0e1434398b94cf6c73e90c89) Importer(2089858483,0ecaa5967403d082aa24f35e1b516d23)
Number of updated assets reloaded before import = 0
Start importing Assets/Mirror/Examples/BenchmarkPrediction/WallMaterial.mat using Guid(5afe569b0e1434398b94cf6c73e90c89) Importer(2089858483,0ecaa5967403d082aa24f35e1b516d23)  -> (artifact id: '60bdad91998df69a11efab0de1766dc9') in 0.086958 seconds 
Number of asset objects unloaded after import = 1
========================================================================
Received Import Request.
  Time since last request: 0.000027 seconds.
  path: Assets/Mirror/Examples/BenchmarkPrediction/PlayerSpectator.prefab
  artifactKey: Guid(feea51e51b4564f06a38482bbebac8fa) Importer(2089858483,0ecaa5967403d082aa24f35e1b516d23)
Number of updated assets reloaded before import = 0
Start importing Assets/Mirror/Examples/BenchmarkPrediction/PlayerSpectator.prefab using Guid(feea51e51b4564f06a38482bbebac8fa) Importer(2089858483,0ecaa5967403d082aa24f35e1b516d23)  -> (artifact id: '7922813f256dc57fe51b5aec8645a24d') in 0.019178 seconds 
Number of asset objects unloaded after import = 5
========================================================================
Received Import Request.
  Time since last request: 0.000018 seconds.
  path: Assets/Mirror/Components/Profiling/NetworkPingGraph.cs
  artifactKey: Guid(14a68afedbbf4568b0decc5c3fe6dfd9) Importer(2089858483,0ecaa5967403d082aa24f35e1b516d23)
Number of updated assets reloaded before import = 0
Start importing Assets/Mirror/Components/Profiling/NetworkPingGraph.cs using Guid(14a68afedbbf4568b0decc5c3fe6dfd9) Importer(2089858483,0ecaa5967403d082aa24f35e1b516d23)  -> (artifact id: 'f322cd2ab7e376d11e5771eb1e6b5e8e') in 0.012811 seconds 
Number of asset objects unloaded after import = 1
========================================================================
Received Import Request.
  Time since last request: 0.000024 seconds.
  path: Assets/Mirror/Examples/LagCompensation/_README.txt
  artifactKey: Guid(b607c436b68734cb99de2663169c5b44) Importer(2089858483,0ecaa5967403d082aa24f35e1b516d23)
Number of updated assets reloaded before import = 0
Start importing Assets/Mirror/Examples/LagCompensation/_README.txt using Guid(b607c436b68734cb99de2663169c5b44) Importer(2089858483,0ecaa5967403d082aa24f35e1b516d23)  -> (artifact id: 'd1a238e0ad409fcfe915c19ef022b38a') in 0.017244 seconds 
Number of asset objects unloaded after import = 1
========================================================================
Received Import Request.
  Time since last request: 0.000031 seconds.
  path: Assets/Mirror/Components/PredictedRigidbody/PredictionUtils.cs
  artifactKey: Guid(17cfe1beb3f94a69b94bf60afc37ef7a) Importer(2089858483,0ecaa5967403d082aa24f35e1b516d23)
Number of updated assets reloaded before import = 0
Start importing Assets/Mirror/Components/PredictedRigidbody/PredictionUtils.cs using Guid(17cfe1beb3f94a69b94bf60afc37ef7a) Importer(2089858483,0ecaa5967403d082aa24f35e1b516d23)  -> (artifact id: '796ff05dccbea418868d6435a35a31c8') in 0.012838 seconds 
Number of asset objects unloaded after import = 1
========================================================================
Received Import Request.
  Time since last request: 0.000039 seconds.
  path: Assets/Sprites/Talent tree_XP Bar/shield_2.png
  artifactKey: Guid(ed4527fde9b30654ba653c53b1dfa416) Importer(2089858483,0ecaa5967403d082aa24f35e1b516d23)
Number of updated assets reloaded before import = 0
Start importing Assets/Sprites/Talent tree_XP Bar/shield_2.png using Guid(ed4527fde9b30654ba653c53b1dfa416) Importer(2089858483,0ecaa5967403d082aa24f35e1b516d23)  -> (artifact id: 'f6cd508e366624c097cb0fcb8006b7d2') in 0.021547 seconds 
Number of asset objects unloaded after import = 3
========================================================================
Received Import Request.
  Time since last request: 0.000028 seconds.
  path: Assets/Mirror/Examples/Snapshot Interpolation/MirrorSnapshotInterpolation.unity
  artifactKey: Guid(612a705077c16479db7b167ab1599ae8) Importer(2089858483,0ecaa5967403d082aa24f35e1b516d23)
Number of updated assets reloaded before import = 0
Start importing Assets/Mirror/Examples/Snapshot Interpolation/MirrorSnapshotInterpolation.unity using Guid(612a705077c16479db7b167ab1599ae8) Importer(2089858483,0ecaa5967403d082aa24f35e1b516d23)  -> (artifact id: 'cd30723c8908928bee78cded43ccc8db') in 0.011650 seconds 
Number of asset objects unloaded after import = 1
========================================================================
Received Import Request.
  Time since last request: 0.000028 seconds.
  path: Assets/Mirror/Components/PredictedRigidbody/RemoteGhostMaterial.mat
  artifactKey: Guid(04f0b2088c857414393bab3b80356776) Importer(2089858483,0ecaa5967403d082aa24f35e1b516d23)
Number of updated assets reloaded before import = 0
Start importing Assets/Mirror/Components/PredictedRigidbody/RemoteGhostMaterial.mat using Guid(04f0b2088c857414393bab3b80356776) Importer(2089858483,0ecaa5967403d082aa24f35e1b516d23)  -> (artifact id: 'e204f5beaba1d6b0eba764b0225bd774') in 0.020155 seconds 
Number of asset objects unloaded after import = 1
========================================================================
Received Import Request.
  Time since last request: 0.000025 seconds.
  path: Assets/Mirror/Components/Profiling/NetworkBandwidthGraph.cs
  artifactKey: Guid(e1ae19b97f0e4a5eb8cf5158d97506f5) Importer(2089858483,0ecaa5967403d082aa24f35e1b516d23)
Number of updated assets reloaded before import = 0
Start importing Assets/Mirror/Components/Profiling/NetworkBandwidthGraph.cs using Guid(e1ae19b97f0e4a5eb8cf5158d97506f5) Importer(2089858483,0ecaa5967403d082aa24f35e1b516d23)  -> (artifact id: 'a69008a6c4e94965c605ed4036aa40c7') in 0.013712 seconds 
Number of asset objects unloaded after import = 1
========================================================================
Received Import Request.
  Time since last request: 0.000026 seconds.
  path: Assets/Mirror/Components/NetworkTransform/NetworkTransformHybrid.cs
  artifactKey: Guid(8f63ea2e505fd484193fb31c5c55ca73) Importer(2089858483,0ecaa5967403d082aa24f35e1b516d23)
Number of updated assets reloaded before import = 0
Start importing Assets/Mirror/Components/NetworkTransform/NetworkTransformHybrid.cs using Guid(8f63ea2e505fd484193fb31c5c55ca73) Importer(2089858483,0ecaa5967403d082aa24f35e1b516d23)  -> (artifact id: '884a39af35529beeaecdc4942214e13d') in 0.013315 seconds 
Number of asset objects unloaded after import = 1
========================================================================
Received Import Request.
  Time since last request: 0.000027 seconds.
  path: Assets/Sprites/Talent tree_XP Bar/slot.png
  artifactKey: Guid(41c9c2ad77b8d1f4d9ed41dc20b280f0) Importer(2089858483,0ecaa5967403d082aa24f35e1b516d23)
Number of updated assets reloaded before import = 0
Start importing Assets/Sprites/Talent tree_XP Bar/slot.png using Guid(41c9c2ad77b8d1f4d9ed41dc20b280f0) Importer(2089858483,0ecaa5967403d082aa24f35e1b516d23)  -> (artifact id: '90211bbcd3bc8979f34f9384ef8ece4d') in 0.024313 seconds 
Number of asset objects unloaded after import = 3
========================================================================
Received Import Request.
  Time since last request: 0.000031 seconds.
  path: Assets/TextMesh Pro/Shaders/TMPro_Properties.cginc
  artifactKey: Guid(3997e2241185407d80309a82f9148466) Importer(2089858483,0ecaa5967403d082aa24f35e1b516d23)
Number of updated assets reloaded before import = 0
Start importing Assets/TextMesh Pro/Shaders/TMPro_Properties.cginc using Guid(3997e2241185407d80309a82f9148466) Importer(2089858483,0ecaa5967403d082aa24f35e1b516d23)  -> (artifact id: '0620eed1eee30b187808b5202c5f006d') in 0.018740 seconds 
Number of asset objects unloaded after import = 1
========================================================================
Received Import Request.
  Time since last request: 0.000027 seconds.
  path: Assets/Mirror/Core/SnapshotInterpolation/TimeSnapshot.cs
  artifactKey: Guid(afe2b5ed49634971a2aec720ad74e5cd) Importer(2089858483,0ecaa5967403d082aa24f35e1b516d23)
Number of updated assets reloaded before import = 0
Start importing Assets/Mirror/Core/SnapshotInterpolation/TimeSnapshot.cs using Guid(afe2b5ed49634971a2aec720ad74e5cd) Importer(2089858483,0ecaa5967403d082aa24f35e1b516d23)  -> (artifact id: 'e67188c78cd93cee9873f9504e79b6c3') in 0.014106 seconds 
Number of asset objects unloaded after import = 1
========================================================================
Received Import Request.
  Time since last request: 0.000027 seconds.
  path: Assets/Sprites/Talent tree_XP Bar/XP_Bar_2.png
  artifactKey: Guid(6e70ef4894a185f46a262b82f3a7a91e) Importer(2089858483,0ecaa5967403d082aa24f35e1b516d23)
Number of updated assets reloaded before import = 0
Start importing Assets/Sprites/Talent tree_XP Bar/XP_Bar_2.png using Guid(6e70ef4894a185f46a262b82f3a7a91e) Importer(2089858483,0ecaa5967403d082aa24f35e1b516d23)  -> (artifact id: '85443347aa9df0d2628cf91b93a483ad') in 0.022983 seconds 
Number of asset objects unloaded after import = 3
========================================================================
Received Import Request.
  Time since last request: 0.000039 seconds.
  path: Assets/Mirror/Components/Profiling/ToggleHotkey.cs
  artifactKey: Guid(a27b133d890c41828d3b01ffa12fe440) Importer(2089858483,0ecaa5967403d082aa24f35e1b516d23)
Number of updated assets reloaded before import = 0
Start importing Assets/Mirror/Components/Profiling/ToggleHotkey.cs using Guid(a27b133d890c41828d3b01ffa12fe440) Importer(2089858483,0ecaa5967403d082aa24f35e1b516d23)  -> (artifact id: '736962946fa86a2960b4c309a4fa0f3b') in 0.012532 seconds 
Number of asset objects unloaded after import = 1
========================================================================
Received Import Request.
  Time since last request: 0.000034 seconds.
  path: Assets/Mirror/Editor/Weaver/Readers.cs
  artifactKey: Guid(be40277098a024539bf63d0205cae824) Importer(2089858483,0ecaa5967403d082aa24f35e1b516d23)
Number of updated assets reloaded before import = 0
Start importing Assets/Mirror/Editor/Weaver/Readers.cs using Guid(be40277098a024539bf63d0205cae824) Importer(2089858483,0ecaa5967403d082aa24f35e1b516d23)  -> (artifact id: '18401b32f7d3b516291e30475ad6f5b0') in 0.020041 seconds 
Number of asset objects unloaded after import = 0
========================================================================
Received Import Request.
  Time since last request: 0.000030 seconds.
  path: Assets/Sprites/Talent tree_XP Bar/sword_fire_1.png
  artifactKey: Guid(bf5fa494599c60940aff8984c3d7a632) Importer(2089858483,0ecaa5967403d082aa24f35e1b516d23)
Number of updated assets reloaded before import = 0
Start importing Assets/Sprites/Talent tree_XP Bar/sword_fire_1.png using Guid(bf5fa494599c60940aff8984c3d7a632) Importer(2089858483,0ecaa5967403d082aa24f35e1b516d23)  -> (artifact id: '4aad157be1afc20319a0d59a75089a59') in 0.024148 seconds 
Number of asset objects unloaded after import = 3
========================================================================
Received Import Request.
  Time since last request: 0.000038 seconds.
  path: Assets/Mirror/Components/NetworkRigidbody/NetworkRigidbodyReliable.cs
  artifactKey: Guid(cb803efbe62c34d7baece46c9ffebad9) Importer(2089858483,0ecaa5967403d082aa24f35e1b516d23)
Number of updated assets reloaded before import = 0
Start importing Assets/Mirror/Components/NetworkRigidbody/NetworkRigidbodyReliable.cs using Guid(cb803efbe62c34d7baece46c9ffebad9) Importer(2089858483,0ecaa5967403d082aa24f35e1b516d23)  -> (artifact id: 'e4d9a9fb60f32193125c6997217c7530') in 0.022012 seconds 
Number of asset objects unloaded after import = 1
========================================================================
Received Import Request.
  Time since last request: 0.000034 seconds.
  path: Assets/Mirror/Examples/BenchmarkPrediction/PredictedBall.prefab
  artifactKey: Guid(881505c283e224c4fbe4e03127f08b4a) Importer(2089858483,0ecaa5967403d082aa24f35e1b516d23)
Number of updated assets reloaded before import = 0
Start importing Assets/Mirror/Examples/BenchmarkPrediction/PredictedBall.prefab using Guid(881505c283e224c4fbe4e03127f08b4a) Importer(2089858483,0ecaa5967403d082aa24f35e1b516d23)  -> (artifact id: 'd6446424050c20be93ddc10125cac664') in 0.040984 seconds 
Number of asset objects unloaded after import = 13
========================================================================
Received Import Request.
  Time since last request: 0.000025 seconds.
  path: Assets/Mirror/Examples/BenchmarkStinkySteak/Main.unity
  artifactKey: Guid(9fc0d4010bbf28b4594072e72b8655ab) Importer(2089858483,0ecaa5967403d082aa24f35e1b516d23)
Number of updated assets reloaded before import = 0
Start importing Assets/Mirror/Examples/BenchmarkStinkySteak/Main.unity using Guid(9fc0d4010bbf28b4594072e72b8655ab) Importer(2089858483,0ecaa5967403d082aa24f35e1b516d23)  -> (artifact id: '3c26a5c04ef2e59d0733937cd6ab66b5') in 0.011822 seconds 
Number of asset objects unloaded after import = 1
========================================================================
Received Import Request.
  Time since last request: 0.000024 seconds.
  path: Assets/Sprites/Talent tree_XP Bar/arrow_1.png
  artifactKey: Guid(6f456d79f8a718946a98ab435d47d5a9) Importer(2089858483,0ecaa5967403d082aa24f35e1b516d23)
Number of updated assets reloaded before import = 0
Start importing Assets/Sprites/Talent tree_XP Bar/arrow_1.png using Guid(6f456d79f8a718946a98ab435d47d5a9) Importer(2089858483,0ecaa5967403d082aa24f35e1b516d23)  -> (artifact id: '9248b4dcafbd8da33a795c924ef8b565') in 0.023549 seconds 
Number of asset objects unloaded after import = 3
========================================================================
Received Import Request.
  Time since last request: 0.000024 seconds.
  path: Assets/Mirror/Examples/CCU/Readme.txt
  artifactKey: Guid(56dba4f891064da0a2dd9ccbe1f02899) Importer(2089858483,0ecaa5967403d082aa24f35e1b516d23)
Number of updated assets reloaded before import = 0
Start importing Assets/Mirror/Examples/CCU/Readme.txt using Guid(56dba4f891064da0a2dd9ccbe1f02899) Importer(2089858483,0ecaa5967403d082aa24f35e1b516d23)  -> (artifact id: '05193ab0e032f14eb3a835cbb3337509') in 0.010751 seconds 
Number of asset objects unloaded after import = 1
========================================================================
Received Import Request.
  Time since last request: 0.000022 seconds.
  path: Assets/Mirror/Core/Threading/WorkerThread.cs
  artifactKey: Guid(605fa1d7e32f40a08e5549bb43fc5c07) Importer(2089858483,0ecaa5967403d082aa24f35e1b516d23)
Number of updated assets reloaded before import = 0
Start importing Assets/Mirror/Core/Threading/WorkerThread.cs using Guid(605fa1d7e32f40a08e5549bb43fc5c07) Importer(2089858483,0ecaa5967403d082aa24f35e1b516d23)  -> (artifact id: '2d1385f5b193db30689f56565f9884bf') in 0.014479 seconds 
Number of asset objects unloaded after import = 1
========================================================================
Received Import Request.
  Time since last request: 0.000020 seconds.
  path: Assets/Mirror/Core/Tools/Readme.txt
  artifactKey: Guid(da033671de7d49e0838223a997c56bf1) Importer(2089858483,0ecaa5967403d082aa24f35e1b516d23)
Number of updated assets reloaded before import = 0
Start importing Assets/Mirror/Core/Tools/Readme.txt using Guid(da033671de7d49e0838223a997c56bf1) Importer(2089858483,0ecaa5967403d082aa24f35e1b516d23)  -> (artifact id: '63de9e939faa65867c89fe4da29cfa95') in 0.017123 seconds 
Number of asset objects unloaded after import = 1
========================================================================
Received Import Request.
  Time since last request: 0.000034 seconds.
  path: Assets/Mirror/Examples/Snapshot Interpolation/_DISABLE VSYNC_
  artifactKey: Guid(7db50a51601fe4b3c8c929f6868bffbc) Importer(2089858483,0ecaa5967403d082aa24f35e1b516d23)
Number of updated assets reloaded before import = 0
Start importing Assets/Mirror/Examples/Snapshot Interpolation/_DISABLE VSYNC_ using Guid(7db50a51601fe4b3c8c929f6868bffbc) Importer(2089858483,0ecaa5967403d082aa24f35e1b516d23)  -> (artifact id: '7cd611c38e9fc9df8df6c621762e45b2') in 0.009528 seconds 
Number of asset objects unloaded after import = 1
========================================================================
Received Import Request.
  Time since last request: 0.000033 seconds.
  path: Assets/Mirror/Examples/CharacterSelection/MirrorCharacterSelection.unity
  artifactKey: Guid(9619a16fe963d4deb9b5821f4475c606) Importer(2089858483,0ecaa5967403d082aa24f35e1b516d23)
Number of updated assets reloaded before import = 0
Start importing Assets/Mirror/Examples/CharacterSelection/MirrorCharacterSelection.unity using Guid(9619a16fe963d4deb9b5821f4475c606) Importer(2089858483,0ecaa5967403d082aa24f35e1b516d23)  -> (artifact id: '3a469347aa575ec337f70bc2c24ad428') in 0.012219 seconds 
Number of asset objects unloaded after import = 1
========================================================================
Received Import Request.
  Time since last request: 0.000022 seconds.
  path: Assets/Sprites/Talent tree_XP Bar/lightning_3.png
  artifactKey: Guid(b31770aa0cdab6249a4e8fd044587ac5) Importer(2089858483,0ecaa5967403d082aa24f35e1b516d23)
Number of updated assets reloaded before import = 0
Start importing Assets/Sprites/Talent tree_XP Bar/lightning_3.png using Guid(b31770aa0cdab6249a4e8fd044587ac5) Importer(2089858483,0ecaa5967403d082aa24f35e1b516d23)  -> (artifact id: 'bac6666bbab77b23706c098372ca3190') in 0.025183 seconds 
Number of asset objects unloaded after import = 3
========================================================================
Received Import Request.
  Time since last request: 0.000027 seconds.
  path: Assets/Mirror/Examples/BilliardsPredicted/MirrorBilliardsPredicted.unity
  artifactKey: Guid(b18c719cb0805482ca6fc7c2db38ab4b) Importer(2089858483,0ecaa5967403d082aa24f35e1b516d23)
Number of updated assets reloaded before import = 0
Start importing Assets/Mirror/Examples/BilliardsPredicted/MirrorBilliardsPredicted.unity using Guid(b18c719cb0805482ca6fc7c2db38ab4b) Importer(2089858483,0ecaa5967403d082aa24f35e1b516d23)  -> (artifact id: '14e9de1ae9b1f6bc275d07ab292eb7ae') in 0.012678 seconds 
Number of asset objects unloaded after import = 1
========================================================================
Received Import Request.
  Time since last request: 0.000044 seconds.
  path: Assets/Mirror/Components/Profiling/StackedGraph.mat
  artifactKey: Guid(14fba9d19cfe7f346bfb595965558722) Importer(2089858483,0ecaa5967403d082aa24f35e1b516d23)
Number of updated assets reloaded before import = 0
Start importing Assets/Mirror/Components/Profiling/StackedGraph.mat using Guid(14fba9d19cfe7f346bfb595965558722) Importer(2089858483,0ecaa5967403d082aa24f35e1b516d23)  -> (artifact id: 'e81e6388eeab2805c14de5c72ad45c76') in 0.059964 seconds 
Number of asset objects unloaded after import = 1
========================================================================
Received Import Request.
  Time since last request: 0.000042 seconds.
  path: Assets/Mirror/Examples/LagCompensation/MirrorLagCompensation.unity
  artifactKey: Guid(171fa8a3c4ead4a2886e0ecd02e810c0) Importer(2089858483,0ecaa5967403d082aa24f35e1b516d23)
Number of updated assets reloaded before import = 0
Start importing Assets/Mirror/Examples/LagCompensation/MirrorLagCompensation.unity using Guid(171fa8a3c4ead4a2886e0ecd02e810c0) Importer(2089858483,0ecaa5967403d082aa24f35e1b516d23)  -> (artifact id: '5d34ae651eb9f31e2906d5b09c062ffe') in 0.011686 seconds 
Number of asset objects unloaded after import = 1
========================================================================
Received Import Request.
  Time since last request: 0.000028 seconds.
  path: Assets/Sprites/Talent tree_XP Bar/sword_fire_3.png
  artifactKey: Guid(01e9773fbf3a91443a957ac2ba4a9445) Importer(2089858483,0ecaa5967403d082aa24f35e1b516d23)
Number of updated assets reloaded before import = 0
Start importing Assets/Sprites/Talent tree_XP Bar/sword_fire_3.png using Guid(01e9773fbf3a91443a957ac2ba4a9445) Importer(2089858483,0ecaa5967403d082aa24f35e1b516d23)  -> (artifact id: '53325bb9ef3c595772cefa4a023be109') in 0.022158 seconds 
Number of asset objects unloaded after import = 3
========================================================================
Received Import Request.
  Time since last request: 0.000026 seconds.
  path: Assets/Mirror/Components/NetworkTransform/NetworkTransformBase.cs
  artifactKey: Guid(7c44135fde488424eaf28566206ce473) Importer(2089858483,0ecaa5967403d082aa24f35e1b516d23)
Number of updated assets reloaded before import = 0
Start importing Assets/Mirror/Components/NetworkTransform/NetworkTransformBase.cs using Guid(7c44135fde488424eaf28566206ce473) Importer(2089858483,0ecaa5967403d082aa24f35e1b516d23)  -> (artifact id: '94c089e0657823d3490b54b61eaaa227') in 0.015977 seconds 
Number of asset objects unloaded after import = 1
========================================================================
Received Import Request.
  Time since last request: 0.000021 seconds.
  path: Assets/Mirror/Examples/BenchmarkPrediction/RandomForce.cs
  artifactKey: Guid(87a6103a0a29544ba9f303c8a3b7407c) Importer(2089858483,0ecaa5967403d082aa24f35e1b516d23)
Number of updated assets reloaded before import = 0
Start importing Assets/Mirror/Examples/BenchmarkPrediction/RandomForce.cs using Guid(87a6103a0a29544ba9f303c8a3b7407c) Importer(2089858483,0ecaa5967403d082aa24f35e1b516d23)  -> (artifact id: 'b6642e62ffff49639cbb567af0eadd68') in 0.012950 seconds 
Number of asset objects unloaded after import = 0
========================================================================
Received Import Request.
  Time since last request: 0.000027 seconds.
  path: Assets/Mirror/Examples/Editor/MirrorRenderPipelineConverter.cs
  artifactKey: Guid(3b86c03b3e3faa24ca5391f2f60427fc) Importer(2089858483,0ecaa5967403d082aa24f35e1b516d23)
Number of updated assets reloaded before import = 0
Start importing Assets/Mirror/Examples/Editor/MirrorRenderPipelineConverter.cs using Guid(3b86c03b3e3faa24ca5391f2f60427fc) Importer(2089858483,0ecaa5967403d082aa24f35e1b516d23)  -> (artifact id: 'ae2e2f85d0ab171951b82f9d27cd37ed') in 0.020749 seconds 
Number of asset objects unloaded after import = 0
========================================================================
Received Import Request.
  Time since last request: 0.000027 seconds.
  path: Assets/Mirror/Examples/LagCompensation/ClientMaterial.mat
  artifactKey: Guid(e402de56ca981421cbbd922919787c15) Importer(2089858483,0ecaa5967403d082aa24f35e1b516d23)
Number of updated assets reloaded before import = 0
Start importing Assets/Mirror/Examples/LagCompensation/ClientMaterial.mat using Guid(e402de56ca981421cbbd922919787c15) Importer(2089858483,0ecaa5967403d082aa24f35e1b516d23)  -> (artifact id: '8cf28984ba09d4fd26e4ef9e08ef9543') in 0.015091 seconds 
Number of asset objects unloaded after import = 1
========================================================================
Received Import Request.
  Time since last request: 0.000022 seconds.
  path: Assets/Mirror/Examples/MultipleMatches/README.md
  artifactKey: Guid(9749e23e4e90e0646afc81061710a927) Importer(2089858483,0ecaa5967403d082aa24f35e1b516d23)
Number of updated assets reloaded before import = 0
Start importing Assets/Mirror/Examples/MultipleMatches/README.md using Guid(9749e23e4e90e0646afc81061710a927) Importer(2089858483,0ecaa5967403d082aa24f35e1b516d23)  -> (artifact id: '29c33181aaf40228ccf79bdef8702b77') in 0.017164 seconds 
Number of asset objects unloaded after import = 1
========================================================================
Received Import Request.
  Time since last request: 0.436805 seconds.
  path: Assets/Mirror/Examples/SyncDirection/MirrorSyncDirection.unity
  artifactKey: Guid(13d58f0d13296447ea167348d60d6c22) Importer(2089858483,0ecaa5967403d082aa24f35e1b516d23)
Number of updated assets reloaded before import = 0
Start importing Assets/Mirror/Examples/SyncDirection/MirrorSyncDirection.unity using Guid(13d58f0d13296447ea167348d60d6c22) Importer(2089858483,0ecaa5967403d082aa24f35e1b516d23)  -> (artifact id: '24b9d58d75495e6c1ad9acf5e2644dff') in 0.012750 seconds 
Number of asset objects unloaded after import = 1
========================================================================
Received Import Request.
  Time since last request: 0.000022 seconds.
  path: Assets/Sprites/skeleton_1/death_down/death_down_1_0001.png
  artifactKey: Guid(805ef14b7d5d5f34f8843ed1b7e38452) Importer(2089858483,0ecaa5967403d082aa24f35e1b516d23)
Number of updated assets reloaded before import = 0
Start importing Assets/Sprites/skeleton_1/death_down/death_down_1_0001.png using Guid(805ef14b7d5d5f34f8843ed1b7e38452) Importer(2089858483,0ecaa5967403d082aa24f35e1b516d23)  -> (artifact id: '131641cc95bc11a596d0491aa448aea4') in 0.019222 seconds 
Number of asset objects unloaded after import = 3
========================================================================
Received Import Request.
  Time since last request: 0.000028 seconds.
  path: Assets/Sprites/Gear/shoulders/shoulders_idle_front.png
  artifactKey: Guid(e8a81913efc2af445a221a958eb14e65) Importer(2089858483,0ecaa5967403d082aa24f35e1b516d23)
Number of updated assets reloaded before import = 0
Start importing Assets/Sprites/Gear/shoulders/shoulders_idle_front.png using Guid(e8a81913efc2af445a221a958eb14e65) Importer(2089858483,0ecaa5967403d082aa24f35e1b516d23)  -> (artifact id: '7db61c9bfeb46ab7dfcf24e2f0d6db25') in 0.042053 seconds 
Number of asset objects unloaded after import = 14
========================================================================
Received Import Request.
  Time since last request: 0.000036 seconds.
  path: Assets/Sprites/Gear/shoulders/shoulders_walk_front.png
  artifactKey: Guid(daeb50a3ed2505045943629ed6a8fba2) Importer(2089858483,0ecaa5967403d082aa24f35e1b516d23)
Number of updated assets reloaded before import = 0
Start importing Assets/Sprites/Gear/shoulders/shoulders_walk_front.png using Guid(daeb50a3ed2505045943629ed6a8fba2) Importer(2089858483,0ecaa5967403d082aa24f35e1b516d23)  -> (artifact id: '9019670a060047d583f3e1bfe44dae6d') in 0.063634 seconds 
Number of asset objects unloaded after import = 18
========================================================================
Received Import Request.
  Time since last request: 0.000019 seconds.
  path: Assets/Sprites/Enviroment/EarthTiles/grass_tile_3.png
  artifactKey: Guid(2023e79aafb4b194dacb4e31f15cc867) Importer(2089858483,0ecaa5967403d082aa24f35e1b516d23)
Number of updated assets reloaded before import = 0
Start importing Assets/Sprites/Enviroment/EarthTiles/grass_tile_3.png using Guid(2023e79aafb4b194dacb4e31f15cc867) Importer(2089858483,0ecaa5967403d082aa24f35e1b516d23)  -> (artifact id: 'bb079dcdc5ed95dec9b34900f775837e') in 0.015657 seconds 
Number of asset objects unloaded after import = 3
========================================================================
Received Import Request.
  Time since last request: 0.000019 seconds.
  path: Assets/Mirror/Hosting/Edgegap/_MIRROR_README.md
  artifactKey: Guid(3f90e0819d5bc416c8da96885fcc9b72) Importer(2089858483,0ecaa5967403d082aa24f35e1b516d23)
Number of updated assets reloaded before import = 0
Start importing Assets/Mirror/Hosting/Edgegap/_MIRROR_README.md using Guid(3f90e0819d5bc416c8da96885fcc9b72) Importer(2089858483,0ecaa5967403d082aa24f35e1b516d23)  -> (artifact id: '2d3bce865a3047f3eaad5681db127b3a') in 0.018137 seconds 
Number of asset objects unloaded after import = 1
========================================================================
Received Import Request.
  Time since last request: 0.000019 seconds.
  path: Assets/Mirror/Transports/Encryption/ThreadedEncryptionKcpTransport.cs
  artifactKey: Guid(5d3e310924fb49c195391b9699f20809) Importer(2089858483,0ecaa5967403d082aa24f35e1b516d23)
Number of updated assets reloaded before import = 0
Start importing Assets/Mirror/Transports/Encryption/ThreadedEncryptionKcpTransport.cs using Guid(5d3e310924fb49c195391b9699f20809) Importer(2089858483,0ecaa5967403d082aa24f35e1b516d23)  -> (artifact id: '9a791aacfaf848a17cf27c92adff88bc') in 0.013497 seconds 
Number of asset objects unloaded after import = 1
========================================================================
Received Import Request.
  Time since last request: 0.000033 seconds.
  path: Assets/Mirror/Transports/KCP/ThreadedKcpTransport.cs
  artifactKey: Guid(f7e416e0486524f0d9580be7e13388f4) Importer(2089858483,0ecaa5967403d082aa24f35e1b516d23)
Number of updated assets reloaded before import = 0
Start importing Assets/Mirror/Transports/KCP/ThreadedKcpTransport.cs using Guid(f7e416e0486524f0d9580be7e13388f4) Importer(2089858483,0ecaa5967403d082aa24f35e1b516d23)  -> (artifact id: '875de4cf3d9609d6ecfb2a47d38f1312') in 0.011711 seconds 
Number of asset objects unloaded after import = 1
========================================================================
Received Import Request.
  Time since last request: 0.000034 seconds.
  path: Assets/Sprites/Gear/robe/robe_walk_left.png
  artifactKey: Guid(3c6a7ad2fdbc4094b8a554faa7478e2f) Importer(2089858483,0ecaa5967403d082aa24f35e1b516d23)
Number of updated assets reloaded before import = 0
Start importing Assets/Sprites/Gear/robe/robe_walk_left.png using Guid(3c6a7ad2fdbc4094b8a554faa7478e2f) Importer(2089858483,0ecaa5967403d082aa24f35e1b516d23)  -> (artifact id: '162014d6216cb588ee9a6b139267a2a4') in 0.050788 seconds 
Number of asset objects unloaded after import = 18
========================================================================
Received Import Request.
  Time since last request: 0.000024 seconds.
  path: Assets/Sprites/skeleton_1/death_up/death_up_1_0001.png
  artifactKey: Guid(ed099d2ac0169cb4ab171c4e0aeca76b) Importer(2089858483,0ecaa5967403d082aa24f35e1b516d23)
Number of updated assets reloaded before import = 0
Start importing Assets/Sprites/skeleton_1/death_up/death_up_1_0001.png using Guid(ed099d2ac0169cb4ab171c4e0aeca76b) Importer(2089858483,0ecaa5967403d082aa24f35e1b516d23)  -> (artifact id: '0ebd19a04931070cb4564432fee08f87') in 0.020020 seconds 
Number of asset objects unloaded after import = 3
========================================================================
Received Import Request.
  Time since last request: 0.000023 seconds.
  path: Assets/Sprites/Gear/robe/robe_attack_left.png
  artifactKey: Guid(68c375652f4a80d4598c6f229cc90810) Importer(2089858483,0ecaa5967403d082aa24f35e1b516d23)
Number of updated assets reloaded before import = 0
Start importing Assets/Sprites/Gear/robe/robe_attack_left.png using Guid(68c375652f4a80d4598c6f229cc90810) Importer(2089858483,0ecaa5967403d082aa24f35e1b516d23)  -> (artifact id: 'caaa64cbdd6de0af3d83d6da454f62b0') in 0.045299 seconds 
Number of asset objects unloaded after import = 12
========================================================================
Received Import Request.
  Time since last request: 0.000024 seconds.
  path: Assets/Sprites/Gear/boots/boots_idle_back.png
  artifactKey: Guid(0ed3f3f7d877d20478e5972c1813cc89) Importer(2089858483,0ecaa5967403d082aa24f35e1b516d23)
Number of updated assets reloaded before import = 0
Start importing Assets/Sprites/Gear/boots/boots_idle_back.png using Guid(0ed3f3f7d877d20478e5972c1813cc89) Importer(2089858483,0ecaa5967403d082aa24f35e1b516d23)  -> (artifact id: '8063dfe381833539bdf4c3afac1e8d4c') in 0.064430 seconds 
Number of asset objects unloaded after import = 14
========================================================================
Received Import Request.
  Time since last request: 0.000027 seconds.
  path: Assets/Sprites/skeleton_1/attack_left/attack_left_1_0001.png
  artifactKey: Guid(208d49e795ddf5d448f4c955c1ccc553) Importer(2089858483,0ecaa5967403d082aa24f35e1b516d23)
Number of updated assets reloaded before import = 0
Start importing Assets/Sprites/skeleton_1/attack_left/attack_left_1_0001.png using Guid(208d49e795ddf5d448f4c955c1ccc553) Importer(2089858483,0ecaa5967403d082aa24f35e1b516d23)  -> (artifact id: '4c5bc5c00728cc056139fafb1bca940a') in 0.024482 seconds 
Number of asset objects unloaded after import = 3
========================================================================
Received Import Request.
  Time since last request: 0.000059 seconds.
  path: Assets/Sprites/skeleton_1/death_right/death_right_1_0004.png
  artifactKey: Guid(4bfe10a6dfb0ff14291417851f3cbd15) Importer(2089858483,0ecaa5967403d082aa24f35e1b516d23)
Number of updated assets reloaded before import = 0
Start importing Assets/Sprites/skeleton_1/death_right/death_right_1_0004.png using Guid(4bfe10a6dfb0ff14291417851f3cbd15) Importer(2089858483,0ecaa5967403d082aa24f35e1b516d23)  -> (artifact id: 'c32972892918f8df6695d0bfbd0f9dce') in 0.029878 seconds 
Number of asset objects unloaded after import = 3
========================================================================
Received Import Request.
  Time since last request: 0.000040 seconds.
  path: Assets/Sprites/Enviroment/WaterTiles/1.png
  artifactKey: Guid(c42e9e8b918fe12419547785989d47cd) Importer(2089858483,0ecaa5967403d082aa24f35e1b516d23)
Number of updated assets reloaded before import = 0
Start importing Assets/Sprites/Enviroment/WaterTiles/1.png using Guid(c42e9e8b918fe12419547785989d47cd) Importer(2089858483,0ecaa5967403d082aa24f35e1b516d23)  -> (artifact id: 'aa8fd2f1d7719915ec199368121692a2') in 0.027194 seconds 
Number of asset objects unloaded after import = 3
========================================================================
Received Import Request.
  Time since last request: 0.000030 seconds.
  path: Assets/Sprites/Enviroment/WaterTiles/37.png
  artifactKey: Guid(26760f33c8c1c73478f3d923ac755606) Importer(2089858483,0ecaa5967403d082aa24f35e1b516d23)
Number of updated assets reloaded before import = 0
Start importing Assets/Sprites/Enviroment/WaterTiles/37.png using Guid(26760f33c8c1c73478f3d923ac755606) Importer(2089858483,0ecaa5967403d082aa24f35e1b516d23)  -> (artifact id: 'f71e9696fa1e138adad73548342e1139') in 0.025046 seconds 
Number of asset objects unloaded after import = 3
========================================================================
Received Import Request.
  Time since last request: 0.000025 seconds.
  path: Assets/Mirror/Examples/TanksHybrid/Readme.txt
  artifactKey: Guid(ee77369defce149049c146ce8ae88418) Importer(2089858483,0ecaa5967403d082aa24f35e1b516d23)
Number of updated assets reloaded before import = 0
Start importing Assets/Mirror/Examples/TanksHybrid/Readme.txt using Guid(ee77369defce149049c146ce8ae88418) Importer(2089858483,0ecaa5967403d082aa24f35e1b516d23)  -> (artifact id: 'bb4b8b1ba74fa74fab1d91d172c983a7') in 0.017234 seconds 
Number of asset objects unloaded after import = 1
========================================================================
Received Import Request.
  Time since last request: 0.000031 seconds.
  path: Assets/Sprites/Gear/robe/robe_attack_front.png
  artifactKey: Guid(775aecd0091e7d64f90391902f7013d0) Importer(2089858483,0ecaa5967403d082aa24f35e1b516d23)
Number of updated assets reloaded before import = 0
Start importing Assets/Sprites/Gear/robe/robe_attack_front.png using Guid(775aecd0091e7d64f90391902f7013d0) Importer(2089858483,0ecaa5967403d082aa24f35e1b516d23)  -> (artifact id: '42798100c3d42204d7fb57a0e1e92299') in 0.052513 seconds 
Number of asset objects unloaded after import = 10
========================================================================
Received Import Request.
  Time since last request: 0.000041 seconds.
  path: Assets/Mirror/Examples/TankTheftAuto/MirrorTankTheftAuto.unity
  artifactKey: Guid(cb81e0eb61ead421bbccb78028641643) Importer(2089858483,0ecaa5967403d082aa24f35e1b516d23)
Number of updated assets reloaded before import = 0
Start importing Assets/Mirror/Examples/TankTheftAuto/MirrorTankTheftAuto.unity using Guid(cb81e0eb61ead421bbccb78028641643) Importer(2089858483,0ecaa5967403d082aa24f35e1b516d23)  -> (artifact id: '610f54affc21ae3273e81770819950de') in 0.022725 seconds 
Number of asset objects unloaded after import = 1
========================================================================
Received Import Request.
  Time since last request: 0.000021 seconds.
  path: Assets/Sprites/Gear/weapon/weapon_attack_right.png
  artifactKey: Guid(abf93af568b40ad46bb24394c43dbb0f) Importer(2089858483,0ecaa5967403d082aa24f35e1b516d23)
Number of updated assets reloaded before import = 0
Start importing Assets/Sprites/Gear/weapon/weapon_attack_right.png using Guid(abf93af568b40ad46bb24394c43dbb0f) Importer(2089858483,0ecaa5967403d082aa24f35e1b516d23)  -> (artifact id: '308b206d58170c174c6c2d20fe9acedd') in 0.054775 seconds 
Number of asset objects unloaded after import = 12
========================================================================
Received Import Request.
  Time since last request: 0.000051 seconds.
  path: Assets/Sprites/Enviroment/EarthTiles/bush_tile.png
  artifactKey: Guid(f93d09d610a6e7d43beee58713c05c7e) Importer(2089858483,0ecaa5967403d082aa24f35e1b516d23)
Number of updated assets reloaded before import = 0
Start importing Assets/Sprites/Enviroment/EarthTiles/bush_tile.png using Guid(f93d09d610a6e7d43beee58713c05c7e) Importer(2089858483,0ecaa5967403d082aa24f35e1b516d23)  -> (artifact id: '8d2b9f6664ae9562161bcdcbd388871d') in 0.025419 seconds 
Number of asset objects unloaded after import = 3
========================================================================
Received Import Request.
  Time since last request: 0.000032 seconds.
  path: Assets/Sprites/Enviroment/WaterTiles/17.png
  artifactKey: Guid(15ca0b29410ac1c4ca835e39f953fc59) Importer(2089858483,0ecaa5967403d082aa24f35e1b516d23)
Number of updated assets reloaded before import = 0
Start importing Assets/Sprites/Enviroment/WaterTiles/17.png using Guid(15ca0b29410ac1c4ca835e39f953fc59) Importer(2089858483,0ecaa5967403d082aa24f35e1b516d23)  -> (artifact id: 'a7ff1b7c05a616a0b16b2e7986ad71a6') in 0.030509 seconds 
Number of asset objects unloaded after import = 3
========================================================================
Received Import Request.
  Time since last request: 0.000026 seconds.
  path: Assets/Sprites/skeleton_1/attack_left/attack_left_1_0003.png
  artifactKey: Guid(8b1cdc1037d6c9f499142ec6692bdbef) Importer(2089858483,0ecaa5967403d082aa24f35e1b516d23)
Number of updated assets reloaded before import = 0
Start importing Assets/Sprites/skeleton_1/attack_left/attack_left_1_0003.png using Guid(8b1cdc1037d6c9f499142ec6692bdbef) Importer(2089858483,0ecaa5967403d082aa24f35e1b516d23)  -> (artifact id: '5cbea0e55c0229b4bf9e5c955601f6bb') in 0.023154 seconds 
Number of asset objects unloaded after import = 3
========================================================================
Received Import Request.
  Time since last request: 0.000028 seconds.
  path: Assets/Sprites/Enviroment/WaterTiles/10.png
  artifactKey: Guid(2ccb205e99fc65b4498451a0173d5132) Importer(2089858483,0ecaa5967403d082aa24f35e1b516d23)
Number of updated assets reloaded before import = 0
Start importing Assets/Sprites/Enviroment/WaterTiles/10.png using Guid(2ccb205e99fc65b4498451a0173d5132) Importer(2089858483,0ecaa5967403d082aa24f35e1b516d23)  -> (artifact id: '1b320b4dc2b25f99660e3c30f34f4973') in 0.024902 seconds 
Number of asset objects unloaded after import = 3
========================================================================
Received Import Request.
  Time since last request: 0.000028 seconds.
  path: Assets/Mirror/Presets/Network Transform (Unreliable)/ServerAuth-Balanced.preset
  artifactKey: Guid(66a33afb7bec84e30b79a8673719ee3d) Importer(2089858483,0ecaa5967403d082aa24f35e1b516d23)
Number of updated assets reloaded before import = 0
Start importing Assets/Mirror/Presets/Network Transform (Unreliable)/ServerAuth-Balanced.preset using Guid(66a33afb7bec84e30b79a8673719ee3d) Importer(2089858483,0ecaa5967403d082aa24f35e1b516d23)  -> (artifact id: 'a8ad4a86129c3a296c64c00b5d06ec4d') in 0.022841 seconds 
Number of asset objects unloaded after import = 1
========================================================================
Received Import Request.
  Time since last request: 0.000022 seconds.
  path: Assets/Mirror/Hosting/Edgegap/LICENSE.md
  artifactKey: Guid(e09d1a72e7fd54d40b0bf435bb46c29f) Importer(2089858483,0ecaa5967403d082aa24f35e1b516d23)
Number of updated assets reloaded before import = 0
Start importing Assets/Mirror/Hosting/Edgegap/LICENSE.md using Guid(e09d1a72e7fd54d40b0bf435bb46c29f) Importer(2089858483,0ecaa5967403d082aa24f35e1b516d23)  -> (artifact id: '0d1c981b54f2271f5de841594e85c38f') in 0.017618 seconds 
Number of asset objects unloaded after import = 1
========================================================================
Received Import Request.
  Time since last request: 0.000025 seconds.
  path: Assets/Sprites/Enviroment/EarthTiles/grass_tile_1.png
  artifactKey: Guid(359ef4ae64917054292682bdbb72e658) Importer(2089858483,0ecaa5967403d082aa24f35e1b516d23)
Number of updated assets reloaded before import = 0
Start importing Assets/Sprites/Enviroment/EarthTiles/grass_tile_1.png using Guid(359ef4ae64917054292682bdbb72e658) Importer(2089858483,0ecaa5967403d082aa24f35e1b516d23)  -> (artifact id: 'e40f9f8acafdfd774fd793267a12f6ed') in 0.025153 seconds 
Number of asset objects unloaded after import = 3
========================================================================
Received Import Request.
  Time since last request: 0.000024 seconds.
  path: Assets/Sprites/Gear/robe/robe_idle_front.png
  artifactKey: Guid(448e7721ae357de4588d3a246e9df4f4) Importer(2089858483,0ecaa5967403d082aa24f35e1b516d23)
Number of updated assets reloaded before import = 0
Start importing Assets/Sprites/Gear/robe/robe_idle_front.png using Guid(448e7721ae357de4588d3a246e9df4f4) Importer(2089858483,0ecaa5967403d082aa24f35e1b516d23)  -> (artifact id: 'bf3239c9b6c9b815caf47e0cc25a2519') in 0.058176 seconds 
Number of asset objects unloaded after import = 14
========================================================================
Received Import Request.
  Time since last request: 0.000027 seconds.
  path: Assets/Mirror/Transports/KCP/KcpTransport.cs
  artifactKey: Guid(6b0fecffa3f624585964b0d0eb21b18e) Importer(2089858483,0ecaa5967403d082aa24f35e1b516d23)
Number of updated assets reloaded before import = 0
Start importing Assets/Mirror/Transports/KCP/KcpTransport.cs using Guid(6b0fecffa3f624585964b0d0eb21b18e) Importer(2089858483,0ecaa5967403d082aa24f35e1b516d23)  -> (artifact id: '302b5a6619a8dba1d5403e4af5b1c022') in 0.013680 seconds 
Number of asset objects unloaded after import = 1
========================================================================
Received Import Request.
  Time since last request: 0.000047 seconds.
  path: Assets/Sprites/skeleton_1/attack_left/attack_left_1_0005.png
  artifactKey: Guid(3e01b7069fdecdc4c8c9f472213c0d45) Importer(2089858483,0ecaa5967403d082aa24f35e1b516d23)
Number of updated assets reloaded before import = 0
Start importing Assets/Sprites/skeleton_1/attack_left/attack_left_1_0005.png using Guid(3e01b7069fdecdc4c8c9f472213c0d45) Importer(2089858483,0ecaa5967403d082aa24f35e1b516d23)  -> (artifact id: 'e73ca27eb7cdd726a3e763156544cf6a') in 0.021724 seconds 
Number of asset objects unloaded after import = 3
========================================================================
Received Import Request.
  Time since last request: 0.000034 seconds.
  path: Assets/Sprites/skeleton_1/attack_left/attack_left_1_0007.png
  artifactKey: Guid(e28e5e278aff00f4da418753ff3b4380) Importer(2089858483,0ecaa5967403d082aa24f35e1b516d23)
Number of updated assets reloaded before import = 0
Start importing Assets/Sprites/skeleton_1/attack_left/attack_left_1_0007.png using Guid(e28e5e278aff00f4da418753ff3b4380) Importer(2089858483,0ecaa5967403d082aa24f35e1b516d23)  -> (artifact id: 'ed087794205214454a8f3da4cfeb136b') in 0.028921 seconds 
Number of asset objects unloaded after import = 3
========================================================================
Received Import Request.
  Time since last request: 0.000031 seconds.
  path: Assets/Sprites/Gear/robe/robe_attack_right.png
  artifactKey: Guid(a36de9b0d00a4bf42b069584b64ad086) Importer(2089858483,0ecaa5967403d082aa24f35e1b516d23)
Number of updated assets reloaded before import = 0
Start importing Assets/Sprites/Gear/robe/robe_attack_right.png using Guid(a36de9b0d00a4bf42b069584b64ad086) Importer(2089858483,0ecaa5967403d082aa24f35e1b516d23)  -> (artifact id: 'd124abbbe0554cbbf8a4cb64b2d3c8f8') in 0.076027 seconds 
Number of asset objects unloaded after import = 12
========================================================================
Received Import Request.
  Time since last request: 0.000025 seconds.
  path: Assets/Sprites/Enviroment/WaterTiles/30.png
  artifactKey: Guid(ed8a2e3cec5ac33498600d5fd1b36dc2) Importer(2089858483,0ecaa5967403d082aa24f35e1b516d23)
Number of updated assets reloaded before import = 0
Start importing Assets/Sprites/Enviroment/WaterTiles/30.png using Guid(ed8a2e3cec5ac33498600d5fd1b36dc2) Importer(2089858483,0ecaa5967403d082aa24f35e1b516d23)  -> (artifact id: '2e0de9e514fe5b2fc51926a2f39a013c') in 0.035617 seconds 
Number of asset objects unloaded after import = 3
========================================================================
Received Import Request.
  Time since last request: 0.000039 seconds.
  path: Assets/Mirror/Plugins/Mono.Cecil/License.txt
  artifactKey: Guid(ab858db5ebbb0d542a9acd197669cb5a) Importer(2089858483,0ecaa5967403d082aa24f35e1b516d23)
Number of updated assets reloaded before import = 0
Start importing Assets/Mirror/Plugins/Mono.Cecil/License.txt using Guid(ab858db5ebbb0d542a9acd197669cb5a) Importer(2089858483,0ecaa5967403d082aa24f35e1b516d23)  -> (artifact id: '81cf12a12b51a7b6226537c907192052') in 0.026942 seconds 
Number of asset objects unloaded after import = 1
========================================================================
Received Import Request.
  Time since last request: 0.000030 seconds.
  path: Assets/Sprites/skeleton_1/death_down/death_down_1_0003.png
  artifactKey: Guid(23147481942d0a34fb32588bc3c09fa5) Importer(2089858483,0ecaa5967403d082aa24f35e1b516d23)
Number of updated assets reloaded before import = 0
Start importing Assets/Sprites/skeleton_1/death_down/death_down_1_0003.png using Guid(23147481942d0a34fb32588bc3c09fa5) Importer(2089858483,0ecaa5967403d082aa24f35e1b516d23)  -> (artifact id: 'f52b50246347fea5d7edbaa60121775f') in 0.041510 seconds 
Number of asset objects unloaded after import = 3
========================================================================
Received Import Request.
  Time since last request: 0.000032 seconds.
  path: Assets/Sprites/Enviroment/WaterTiles/34.png
  artifactKey: Guid(ec506b2d1e5b6eb449f3833dc7da66a8) Importer(2089858483,0ecaa5967403d082aa24f35e1b516d23)
Number of updated assets reloaded before import = 0
Start importing Assets/Sprites/Enviroment/WaterTiles/34.png using Guid(ec506b2d1e5b6eb449f3833dc7da66a8) Importer(2089858483,0ecaa5967403d082aa24f35e1b516d23)  -> (artifact id: '7f9b5a270ccbbff6da093b9ffa747225') in 0.029790 seconds 
Number of asset objects unloaded after import = 3
========================================================================
Received Import Request.
  Time since last request: 0.000024 seconds.
  path: Assets/Sprites/Gear/shoulders/shoulders_walk_back.png
  artifactKey: Guid(ea7fce4e63863d34ba338a83d2db232c) Importer(2089858483,0ecaa5967403d082aa24f35e1b516d23)
Number of updated assets reloaded before import = 0
Start importing Assets/Sprites/Gear/shoulders/shoulders_walk_back.png using Guid(ea7fce4e63863d34ba338a83d2db232c) Importer(2089858483,0ecaa5967403d082aa24f35e1b516d23)  -> (artifact id: '5060cca7ccd8634e3edef851672b0b54') in 0.072733 seconds 
Number of asset objects unloaded after import = 18
========================================================================
Received Import Request.
  Time since last request: 0.000027 seconds.
  path: Assets/Sprites/skeleton_1/attack_up/attack_up_1_0006.png
  artifactKey: Guid(bc6d8e6061713f84698a5e21e1d3348a) Importer(2089858483,0ecaa5967403d082aa24f35e1b516d23)
Number of updated assets reloaded before import = 0
Start importing Assets/Sprites/skeleton_1/attack_up/attack_up_1_0006.png using Guid(bc6d8e6061713f84698a5e21e1d3348a) Importer(2089858483,0ecaa5967403d082aa24f35e1b516d23)  -> (artifact id: 'a5539194e2592c75961cba0931c1367c') in 0.024194 seconds 
Number of asset objects unloaded after import = 3
========================================================================
Received Import Request.
  Time since last request: 0.000020 seconds.
  path: Assets/Sprites/Gear/shoulders/shoulders_idle_back.png
  artifactKey: Guid(e7f6732244fbc524f821869b6a6bbe23) Importer(2089858483,0ecaa5967403d082aa24f35e1b516d23)
Number of updated assets reloaded before import = 0
Start importing Assets/Sprites/Gear/shoulders/shoulders_idle_back.png using Guid(e7f6732244fbc524f821869b6a6bbe23) Importer(2089858483,0ecaa5967403d082aa24f35e1b516d23)  -> (artifact id: 'd5acd61210aa3c4cbb1547f08a15baaa') in 0.055636 seconds 
Number of asset objects unloaded after import = 14
========================================================================
Received Import Request.
  Time since last request: 0.000032 seconds.
  path: Assets/Sprites/Gear/boots/boots_attack_back.png
  artifactKey: Guid(30a3672234af08844a82c3add0c596be) Importer(2089858483,0ecaa5967403d082aa24f35e1b516d23)
Number of updated assets reloaded before import = 0
Start importing Assets/Sprites/Gear/boots/boots_attack_back.png using Guid(30a3672234af08844a82c3add0c596be) Importer(2089858483,0ecaa5967403d082aa24f35e1b516d23)  -> (artifact id: '57393c29d45aaa619a7fe7128acd7f0f') in 0.046113 seconds 
Number of asset objects unloaded after import = 10
========================================================================
Received Import Request.
  Time since last request: 0.000025 seconds.
  path: Assets/Sprites/skeleton_1/walk_left/walk_left_1_0006.png
  artifactKey: Guid(ad081a997053dac4bb0a4cc771467d07) Importer(2089858483,0ecaa5967403d082aa24f35e1b516d23)
Number of updated assets reloaded before import = 0
Start importing Assets/Sprites/skeleton_1/walk_left/walk_left_1_0006.png using Guid(ad081a997053dac4bb0a4cc771467d07) Importer(2089858483,0ecaa5967403d082aa24f35e1b516d23)  -> (artifact id: '8c97d62c0c407ff0e52cd3bf2ebc9580') in 0.023882 seconds 
Number of asset objects unloaded after import = 3
========================================================================
Received Import Request.
  Time since last request: 0.000035 seconds.
  path: Assets/Sprites/skeleton_2/walk_up/walk_up_2_0004.png
  artifactKey: Guid(74800b3a68e52384eb2d431b86dc6a92) Importer(2089858483,0ecaa5967403d082aa24f35e1b516d23)
Number of updated assets reloaded before import = 0
Start importing Assets/Sprites/skeleton_2/walk_up/walk_up_2_0004.png using Guid(74800b3a68e52384eb2d431b86dc6a92) Importer(2089858483,0ecaa5967403d082aa24f35e1b516d23)  -> (artifact id: '668a9e6119620e62d46e878fa2ec4c88') in 0.031034 seconds 
Number of asset objects unloaded after import = 3
========================================================================
Received Import Request.
  Time since last request: 0.000021 seconds.
  path: Assets/Sprites/skeleton_1/death_up/death_up_1_0004.png
  artifactKey: Guid(e93f61d1f80a77c4f91495884c73451c) Importer(2089858483,0ecaa5967403d082aa24f35e1b516d23)
Number of updated assets reloaded before import = 0
Start importing Assets/Sprites/skeleton_1/death_up/death_up_1_0004.png using Guid(e93f61d1f80a77c4f91495884c73451c) Importer(2089858483,0ecaa5967403d082aa24f35e1b516d23)  -> (artifact id: 'fec6254acee013d1f15fee7ef856e51e') in 0.023709 seconds 
Number of asset objects unloaded after import = 3
========================================================================
Received Import Request.
  Time since last request: 0.000035 seconds.
  path: Assets/Sprites/skeleton_2/death_left/death_left_2_0009.png
  artifactKey: Guid(0425bb8c69f138c43956e04b0c263198) Importer(2089858483,0ecaa5967403d082aa24f35e1b516d23)
Number of updated assets reloaded before import = 0
Start importing Assets/Sprites/skeleton_2/death_left/death_left_2_0009.png using Guid(0425bb8c69f138c43956e04b0c263198) Importer(2089858483,0ecaa5967403d082aa24f35e1b516d23)  -> (artifact id: 'f1f7ee4935726bee8b409c12c7db5e6c') in 0.022674 seconds 
Number of asset objects unloaded after import = 3
========================================================================
Received Import Request.
  Time since last request: 0.000029 seconds.
  path: Assets/Sprites/skeleton_1/death_up/death_up_1_0011.png
  artifactKey: Guid(7ea08a247c5713c4797a336b528b6073) Importer(2089858483,0ecaa5967403d082aa24f35e1b516d23)
Number of updated assets reloaded before import = 0
Start importing Assets/Sprites/skeleton_1/death_up/death_up_1_0011.png using Guid(7ea08a247c5713c4797a336b528b6073) Importer(2089858483,0ecaa5967403d082aa24f35e1b516d23)  -> (artifact id: '49f5bd19b933dfb8ae516b61b78891a7') in 0.023878 seconds 
Number of asset objects unloaded after import = 3
========================================================================
Received Import Request.
  Time since last request: 0.000019 seconds.
  path: Assets/Sprites/skeleton_2/idle_down/idle_down_2_0004.png
  artifactKey: Guid(6adf24f6a6ebf6f428fbaad656810aaf) Importer(2089858483,0ecaa5967403d082aa24f35e1b516d23)
Number of updated assets reloaded before import = 0
Start importing Assets/Sprites/skeleton_2/idle_down/idle_down_2_0004.png using Guid(6adf24f6a6ebf6f428fbaad656810aaf) Importer(2089858483,0ecaa5967403d082aa24f35e1b516d23)  -> (artifact id: 'd116e00dc3f94cbd5046ddd3e0cc5fbe') in 0.026186 seconds 
Number of asset objects unloaded after import = 3
========================================================================
Received Import Request.
  Time since last request: 0.000023 seconds.
  path: Assets/Sprites/skeleton_2/attack_up/attack_up_2_0001.png
  artifactKey: Guid(c636f548e1a0612438aa26943492abf5) Importer(2089858483,0ecaa5967403d082aa24f35e1b516d23)
Number of updated assets reloaded before import = 0
Start importing Assets/Sprites/skeleton_2/attack_up/attack_up_2_0001.png using Guid(c636f548e1a0612438aa26943492abf5) Importer(2089858483,0ecaa5967403d082aa24f35e1b516d23)  -> (artifact id: '8a7aa103934aeb5b74021686a8b1e3f8') in 0.024780 seconds 
Number of asset objects unloaded after import = 3
========================================================================
Received Import Request.
  Time since last request: 0.000022 seconds.
  path: Assets/Sprites/skeleton_2/idle_down/idle_down_2_0003.png
  artifactKey: Guid(903cc55aad5e83345ac11bc9e31c50e9) Importer(2089858483,0ecaa5967403d082aa24f35e1b516d23)
Number of updated assets reloaded before import = 0
Start importing Assets/Sprites/skeleton_2/idle_down/idle_down_2_0003.png using Guid(903cc55aad5e83345ac11bc9e31c50e9) Importer(2089858483,0ecaa5967403d082aa24f35e1b516d23)  -> (artifact id: 'c965ca5d3c1c9f6b12108a1d0e86a705') in 0.023656 seconds 
Number of asset objects unloaded after import = 3
========================================================================
Received Import Request.
  Time since last request: 0.000094 seconds.
  path: Assets/Sprites/skeleton_2/idle_down/idle_down_2_0001.png
  artifactKey: Guid(30dfad652c5290841a28b30f8cf38841) Importer(2089858483,0ecaa5967403d082aa24f35e1b516d23)
Number of updated assets reloaded before import = 0
Start importing Assets/Sprites/skeleton_2/idle_down/idle_down_2_0001.png using Guid(30dfad652c5290841a28b30f8cf38841) Importer(2089858483,0ecaa5967403d082aa24f35e1b516d23)  -> (artifact id: '8bf3236caff32f2d501cc8d17fe1d0b3') in 0.023548 seconds 
Number of asset objects unloaded after import = 3
========================================================================
Received Import Request.
  Time since last request: 0.000028 seconds.
  path: Assets/Sprites/skeleton_1/idle_left/idle_left_1_0010.png
  artifactKey: Guid(df962cbc77584bc40a4ecb3cf0f284c7) Importer(2089858483,0ecaa5967403d082aa24f35e1b516d23)
Number of updated assets reloaded before import = 0
Start importing Assets/Sprites/skeleton_1/idle_left/idle_left_1_0010.png using Guid(df962cbc77584bc40a4ecb3cf0f284c7) Importer(2089858483,0ecaa5967403d082aa24f35e1b516d23)  -> (artifact id: 'b7e98c701007aafca958b47822a78d08') in 0.024112 seconds 
Number of asset objects unloaded after import = 3
========================================================================
Received Import Request.
  Time since last request: 0.000069 seconds.
  path: Assets/Sprites/skeleton_2/idle_up/idle_up_2_0007.png
  artifactKey: Guid(ae721d620256aa24c8905ea34298182d) Importer(2089858483,0ecaa5967403d082aa24f35e1b516d23)
Number of updated assets reloaded before import = 0
Start importing Assets/Sprites/skeleton_2/idle_up/idle_up_2_0007.png using Guid(ae721d620256aa24c8905ea34298182d) Importer(2089858483,0ecaa5967403d082aa24f35e1b516d23)  -> (artifact id: '4158aa4d0026e64712a6bf1c36650ce1') in 0.025656 seconds 
Number of asset objects unloaded after import = 3
========================================================================
Received Import Request.
  Time since last request: 0.000026 seconds.
  path: Assets/Sprites/skeleton_2/walk_right/walk_right_2_0009.png
  artifactKey: Guid(2df2334241e048d4584a9b240d46a7ea) Importer(2089858483,0ecaa5967403d082aa24f35e1b516d23)
Number of updated assets reloaded before import = 0
Start importing Assets/Sprites/skeleton_2/walk_right/walk_right_2_0009.png using Guid(2df2334241e048d4584a9b240d46a7ea) Importer(2089858483,0ecaa5967403d082aa24f35e1b516d23)  -> (artifact id: '151975af62bab36696bd4884f5450621') in 0.022425 seconds 
Number of asset objects unloaded after import = 3
========================================================================
Received Import Request.
  Time since last request: 0.000025 seconds.
  path: Assets/Sprites/skeleton_2/death_right/death_right_2_0004.png
  artifactKey: Guid(4dda9ccc5f00e3e479548b8829bb9905) Importer(2089858483,0ecaa5967403d082aa24f35e1b516d23)
Number of updated assets reloaded before import = 0
Start importing Assets/Sprites/skeleton_2/death_right/death_right_2_0004.png using Guid(4dda9ccc5f00e3e479548b8829bb9905) Importer(2089858483,0ecaa5967403d082aa24f35e1b516d23)  -> (artifact id: '279ca0cbbfe32541e429138771a40b61') in 0.023396 seconds 
Number of asset objects unloaded after import = 3
========================================================================
Received Import Request.
  Time since last request: 0.000026 seconds.
  path: Assets/Sprites/skeleton_2/death_up/death_up_2_0002.png
  artifactKey: Guid(32edb6a18bec9c64e938cf110157e8cd) Importer(2089858483,0ecaa5967403d082aa24f35e1b516d23)
Number of updated assets reloaded before import = 0
Start importing Assets/Sprites/skeleton_2/death_up/death_up_2_0002.png using Guid(32edb6a18bec9c64e938cf110157e8cd) Importer(2089858483,0ecaa5967403d082aa24f35e1b516d23)  -> (artifact id: '89a66e80098f2e7e9e98b08a8d15cdcd') in 0.025714 seconds 
Number of asset objects unloaded after import = 3
========================================================================
Received Import Request.
  Time since last request: 0.000025 seconds.
  path: Assets/Sprites/skeleton_1/walk_up/walk_up_1_0003.png
  artifactKey: Guid(e38d94d214fa49e4fa73092029d3743d) Importer(2089858483,0ecaa5967403d082aa24f35e1b516d23)
Number of updated assets reloaded before import = 0
Start importing Assets/Sprites/skeleton_1/walk_up/walk_up_1_0003.png using Guid(e38d94d214fa49e4fa73092029d3743d) Importer(2089858483,0ecaa5967403d082aa24f35e1b516d23)  -> (artifact id: 'c25bf3d875b8e0596f3a9b464d6613ae') in 0.030408 seconds 
Number of asset objects unloaded after import = 3
========================================================================
Received Import Request.
  Time since last request: 0.000022 seconds.
  path: Assets/Sprites/skeleton_1/idle_down/idle_down_1_0009.png
  artifactKey: Guid(50d43a065660f794f9ebef11a7b886fe) Importer(2089858483,0ecaa5967403d082aa24f35e1b516d23)
Number of updated assets reloaded before import = 0
Start importing Assets/Sprites/skeleton_1/idle_down/idle_down_1_0009.png using Guid(50d43a065660f794f9ebef11a7b886fe) Importer(2089858483,0ecaa5967403d082aa24f35e1b516d23)  -> (artifact id: 'a188d596996a14cfbbdc1ef0760dd879') in 0.023112 seconds 
Number of asset objects unloaded after import = 3
========================================================================
Received Import Request.
  Time since last request: 0.000029 seconds.
  path: Assets/Sprites/skeleton_2/death_up/death_up_2_0011.png
  artifactKey: Guid(a086629c7db3f8440832f12d42be087e) Importer(2089858483,0ecaa5967403d082aa24f35e1b516d23)
Number of updated assets reloaded before import = 0
Start importing Assets/Sprites/skeleton_2/death_up/death_up_2_0011.png using Guid(a086629c7db3f8440832f12d42be087e) Importer(2089858483,0ecaa5967403d082aa24f35e1b516d23)  -> (artifact id: '609fa379e367466a97e1f389be37079e') in 0.023384 seconds 
Number of asset objects unloaded after import = 3
========================================================================
Received Import Request.
  Time since last request: 0.000021 seconds.
  path: Assets/Sprites/skeleton_1/walk_left/walk_left_1_0001.png
  artifactKey: Guid(7142f09b1ce6a5f4d9cfd6350353d71d) Importer(2089858483,0ecaa5967403d082aa24f35e1b516d23)
Number of updated assets reloaded before import = 0
Start importing Assets/Sprites/skeleton_1/walk_left/walk_left_1_0001.png using Guid(7142f09b1ce6a5f4d9cfd6350353d71d) Importer(2089858483,0ecaa5967403d082aa24f35e1b516d23)  -> (artifact id: '50506854550bdfdadf770d0daf65eecf') in 0.030628 seconds 
Number of asset objects unloaded after import = 3
========================================================================
Received Import Request.
  Time since last request: 0.000057 seconds.
  path: Assets/Sprites/skeleton_2/idle_right/idle_right_2_0010.png
  artifactKey: Guid(c49de74be80715643a50bbdbae4e3c98) Importer(2089858483,0ecaa5967403d082aa24f35e1b516d23)
Number of updated assets reloaded before import = 0
Start importing Assets/Sprites/skeleton_2/idle_right/idle_right_2_0010.png using Guid(c49de74be80715643a50bbdbae4e3c98) Importer(2089858483,0ecaa5967403d082aa24f35e1b516d23)  -> (artifact id: '0bec1a49412f1f06dc7b88a034af3fae') in 0.024158 seconds 
Number of asset objects unloaded after import = 3
========================================================================
Received Import Request.
  Time since last request: 0.000044 seconds.
  path: Assets/Sprites/skeleton_2/walk_down/walk_down_2_0002.png
  artifactKey: Guid(5b8782ecec0721941b31a5867d46dd75) Importer(2089858483,0ecaa5967403d082aa24f35e1b516d23)
Number of updated assets reloaded before import = 0
Start importing Assets/Sprites/skeleton_2/walk_down/walk_down_2_0002.png using Guid(5b8782ecec0721941b31a5867d46dd75) Importer(2089858483,0ecaa5967403d082aa24f35e1b516d23)  -> (artifact id: '5dd23770975374ce24b17ff2fbfcc2a9') in 0.023120 seconds 
Number of asset objects unloaded after import = 3
========================================================================
Received Import Request.
  Time since last request: 0.000024 seconds.
  path: Assets/Sprites/skeleton_2/walk_right/walk_right_2_0010.png
  artifactKey: Guid(f7b58d0654e57d14a8ec2d28f29a358f) Importer(2089858483,0ecaa5967403d082aa24f35e1b516d23)
Number of updated assets reloaded before import = 0
Start importing Assets/Sprites/skeleton_2/walk_right/walk_right_2_0010.png using Guid(f7b58d0654e57d14a8ec2d28f29a358f) Importer(2089858483,0ecaa5967403d082aa24f35e1b516d23)  -> (artifact id: 'e017f18965ffcfa27ea780c902cf6f26') in 0.023522 seconds 
Number of asset objects unloaded after import = 3
========================================================================
Received Import Request.
  Time since last request: 0.000020 seconds.
  path: Assets/Sprites/skeleton_2/death_right/death_right_2_0010.png
  artifactKey: Guid(748022ab39d1371448c6c3f8be8866a8) Importer(2089858483,0ecaa5967403d082aa24f35e1b516d23)
Number of updated assets reloaded before import = 0
Start importing Assets/Sprites/skeleton_2/death_right/death_right_2_0010.png using Guid(748022ab39d1371448c6c3f8be8866a8) Importer(2089858483,0ecaa5967403d082aa24f35e1b516d23)  -> (artifact id: '2fcca83af5bfce5d21b9d841c6ab14a8') in 0.023888 seconds 
Number of asset objects unloaded after import = 3
========================================================================
Received Import Request.
  Time since last request: 0.000019 seconds.
  path: Assets/Sprites/skeleton_2/walk_left/walk_left_2_0001.png
  artifactKey: Guid(c7a709c8a0811514db7a4e578ff0c612) Importer(2089858483,0ecaa5967403d082aa24f35e1b516d23)
Number of updated assets reloaded before import = 0
Start importing Assets/Sprites/skeleton_2/walk_left/walk_left_2_0001.png using Guid(c7a709c8a0811514db7a4e578ff0c612) Importer(2089858483,0ecaa5967403d082aa24f35e1b516d23)  -> (artifact id: '3648deb94ac6c2eeb5b05f0ac4191e5c') in 0.025067 seconds 
Number of asset objects unloaded after import = 3
========================================================================
Received Import Request.
  Time since last request: 0.000024 seconds.
  path: Assets/Sprites/skeleton_1/death_up/death_up_1_0010.png
  artifactKey: Guid(2aed6e453cb0a524f9e29836e26f9c5c) Importer(2089858483,0ecaa5967403d082aa24f35e1b516d23)
Number of updated assets reloaded before import = 0
Start importing Assets/Sprites/skeleton_1/death_up/death_up_1_0010.png using Guid(2aed6e453cb0a524f9e29836e26f9c5c) Importer(2089858483,0ecaa5967403d082aa24f35e1b516d23)  -> (artifact id: '66e68481213bf1cb955da47ed1b0503e') in 0.023632 seconds 
Number of asset objects unloaded after import = 3
========================================================================
Received Import Request.
  Time since last request: 0.000041 seconds.
  path: Assets/Sprites/skeleton_2/death_right/death_right_2_0007.png
  artifactKey: Guid(8f659c598399f3f4abfd09e58b236efe) Importer(2089858483,0ecaa5967403d082aa24f35e1b516d23)
Number of updated assets reloaded before import = 0
Start importing Assets/Sprites/skeleton_2/death_right/death_right_2_0007.png using Guid(8f659c598399f3f4abfd09e58b236efe) Importer(2089858483,0ecaa5967403d082aa24f35e1b516d23)  -> (artifact id: '0a9807a299dc73b348768eea118a4bd6') in 0.026534 seconds 
Number of asset objects unloaded after import = 3
========================================================================
Received Import Request.
  Time since last request: 0.000029 seconds.
  path: Assets/Sprites/skeleton_2/idle_right/idle_right_2_0006.png
  artifactKey: Guid(6b7862c5794669d4ca9e8ba4817ba777) Importer(2089858483,0ecaa5967403d082aa24f35e1b516d23)
Number of updated assets reloaded before import = 0
Start importing Assets/Sprites/skeleton_2/idle_right/idle_right_2_0006.png using Guid(6b7862c5794669d4ca9e8ba4817ba777) Importer(2089858483,0ecaa5967403d082aa24f35e1b516d23)  -> (artifact id: '04973e73492e15bf9553aa5888af8f9f') in 0.023310 seconds 
Number of asset objects unloaded after import = 3
========================================================================
Received Import Request.
  Time since last request: 0.000029 seconds.
  path: Assets/Sprites/skeleton_2/death_right/death_right_2_0009.png
  artifactKey: Guid(d7b42175b8f2a3e4baa34681f5eebf7e) Importer(2089858483,0ecaa5967403d082aa24f35e1b516d23)
Number of updated assets reloaded before import = 0
Start importing Assets/Sprites/skeleton_2/death_right/death_right_2_0009.png using Guid(d7b42175b8f2a3e4baa34681f5eebf7e) Importer(2089858483,0ecaa5967403d082aa24f35e1b516d23)  -> (artifact id: '2cd02222a77426ca5e99646132d16df9') in 0.027200 seconds 
Number of asset objects unloaded after import = 3
========================================================================
Received Import Request.
  Time since last request: 0.000025 seconds.
  path: Assets/Sprites/skeleton_1/idle_right/idle_right_1_0009.png
  artifactKey: Guid(d32ad3cbea9a1b940a9a95e6d8aa10cb) Importer(2089858483,0ecaa5967403d082aa24f35e1b516d23)
Number of updated assets reloaded before import = 0
Start importing Assets/Sprites/skeleton_1/idle_right/idle_right_1_0009.png using Guid(d32ad3cbea9a1b940a9a95e6d8aa10cb) Importer(2089858483,0ecaa5967403d082aa24f35e1b516d23)  -> (artifact id: '092ec5be701e808df066eb119b5767a8') in 0.030612 seconds 
Number of asset objects unloaded after import = 3
========================================================================
Received Import Request.
  Time since last request: 0.000039 seconds.
  path: Assets/Sprites/skeleton_2/death_up/death_up_2_0001.png
  artifactKey: Guid(806cae1ec7cd8a14fafaf17a7c1e4988) Importer(2089858483,0ecaa5967403d082aa24f35e1b516d23)
Number of updated assets reloaded before import = 0
Start importing Assets/Sprites/skeleton_2/death_up/death_up_2_0001.png using Guid(806cae1ec7cd8a14fafaf17a7c1e4988) Importer(2089858483,0ecaa5967403d082aa24f35e1b516d23)  -> (artifact id: '5b8f7330a810ff89582f4abc1a89b5c7') in 0.024154 seconds 
Number of asset objects unloaded after import = 3
========================================================================
Received Import Request.
  Time since last request: 0.000023 seconds.
  path: Assets/Sprites/skeleton_2/walk_left/walk_left_2_0007.png
  artifactKey: Guid(3a4d3aa602b4c9b4ca8a8a7cf11e0787) Importer(2089858483,0ecaa5967403d082aa24f35e1b516d23)
Number of updated assets reloaded before import = 0
Start importing Assets/Sprites/skeleton_2/walk_left/walk_left_2_0007.png using Guid(3a4d3aa602b4c9b4ca8a8a7cf11e0787) Importer(2089858483,0ecaa5967403d082aa24f35e1b516d23)  -> (artifact id: 'd95974c7628ccd192202e720f4f2c832') in 0.036464 seconds 
Number of asset objects unloaded after import = 3
========================================================================
Received Import Request.
  Time since last request: 0.000041 seconds.
  path: Assets/Sprites/skeleton_1/idle_left/idle_left_1_0003.png
  artifactKey: Guid(06eabc072e5ce0f418d17143c2684328) Importer(2089858483,0ecaa5967403d082aa24f35e1b516d23)
Number of updated assets reloaded before import = 0
Start importing Assets/Sprites/skeleton_1/idle_left/idle_left_1_0003.png using Guid(06eabc072e5ce0f418d17143c2684328) Importer(2089858483,0ecaa5967403d082aa24f35e1b516d23)  -> (artifact id: '9876002ddbf053b795d3ae1632be7a78') in 0.024703 seconds 
Number of asset objects unloaded after import = 3
========================================================================
Received Import Request.
  Time since last request: 0.000022 seconds.
  path: Assets/Sprites/skeleton_2/walk_left/walk_left_2_0005.png
  artifactKey: Guid(8e5e8bfcd14d6564e8170a49f38e08ea) Importer(2089858483,0ecaa5967403d082aa24f35e1b516d23)
Number of updated assets reloaded before import = 0
Start importing Assets/Sprites/skeleton_2/walk_left/walk_left_2_0005.png using Guid(8e5e8bfcd14d6564e8170a49f38e08ea) Importer(2089858483,0ecaa5967403d082aa24f35e1b516d23)  -> (artifact id: 'f9324838e2d98e8f223d549ee4399e4c') in 0.024050 seconds 
Number of asset objects unloaded after import = 3
========================================================================
Received Import Request.
  Time since last request: 0.000032 seconds.
  path: Assets/Sprites/skeleton_1/idle_right/idle_right_1_0002.png
  artifactKey: Guid(95c05ec7caba0d34fa4155b9447098e1) Importer(2089858483,0ecaa5967403d082aa24f35e1b516d23)
Number of updated assets reloaded before import = 0
Start importing Assets/Sprites/skeleton_1/idle_right/idle_right_1_0002.png using Guid(95c05ec7caba0d34fa4155b9447098e1) Importer(2089858483,0ecaa5967403d082aa24f35e1b516d23)  -> (artifact id: 'bbe188456847049a1fac7eb1604f147c') in 0.022886 seconds 
Number of asset objects unloaded after import = 3
========================================================================
Received Import Request.
  Time since last request: 0.000027 seconds.
  path: Assets/Sprites/skeleton_2/death_right/death_right_2_0002.png
  artifactKey: Guid(3c69822503c11994c9264e44ddd3bbea) Importer(2089858483,0ecaa5967403d082aa24f35e1b516d23)
Number of updated assets reloaded before import = 0
Start importing Assets/Sprites/skeleton_2/death_right/death_right_2_0002.png using Guid(3c69822503c11994c9264e44ddd3bbea) Importer(2089858483,0ecaa5967403d082aa24f35e1b516d23)  -> (artifact id: 'c4355dd5d5930fd7424343e4bb7c643b') in 0.022729 seconds 
Number of asset objects unloaded after import = 3
========================================================================
Received Import Request.
  Time since last request: 0.000021 seconds.
  path: Assets/Sprites/skeleton_2/walk_right/walk_right_2_0001.png
  artifactKey: Guid(10d13075332a9624582be9a7e064b286) Importer(2089858483,0ecaa5967403d082aa24f35e1b516d23)
Number of updated assets reloaded before import = 0
Start importing Assets/Sprites/skeleton_2/walk_right/walk_right_2_0001.png using Guid(10d13075332a9624582be9a7e064b286) Importer(2089858483,0ecaa5967403d082aa24f35e1b516d23)  -> (artifact id: '4ede7b06e61a0e364b6c52b2d066edc0') in 0.024228 seconds 
Number of asset objects unloaded after import = 3
========================================================================
Received Import Request.
  Time since last request: 0.000025 seconds.
  path: Assets/Sprites/skeleton_1/idle_up/idle_up_1_0008.png
  artifactKey: Guid(07a008a3b74fa434fb33fda2874949a9) Importer(2089858483,0ecaa5967403d082aa24f35e1b516d23)
Number of updated assets reloaded before import = 0
Start importing Assets/Sprites/skeleton_1/idle_up/idle_up_1_0008.png using Guid(07a008a3b74fa434fb33fda2874949a9) Importer(2089858483,0ecaa5967403d082aa24f35e1b516d23)  -> (artifact id: '4b988924deeea2e0e94a5de850097220') in 0.023134 seconds 
Number of asset objects unloaded after import = 3
========================================================================
Received Import Request.
  Time since last request: 0.000027 seconds.
  path: Assets/Sprites/skeleton_1/idle_right/idle_right_1_0008.png
  artifactKey: Guid(475dc93fa8b3c5341acd88f46f1498e6) Importer(2089858483,0ecaa5967403d082aa24f35e1b516d23)
Number of updated assets reloaded before import = 0
Start importing Assets/Sprites/skeleton_1/idle_right/idle_right_1_0008.png using Guid(475dc93fa8b3c5341acd88f46f1498e6) Importer(2089858483,0ecaa5967403d082aa24f35e1b516d23)  -> (artifact id: 'eee9dbb3575da3e18d8f2f59612a3a29') in 0.023269 seconds 
Number of asset objects unloaded after import = 3
========================================================================
Received Import Request.
  Time since last request: 0.000058 seconds.
  path: Assets/Sprites/skeleton_2/walk_right/walk_right_2_0011.png
  artifactKey: Guid(82d33fa7af20c484c8e580d328651e79) Importer(2089858483,0ecaa5967403d082aa24f35e1b516d23)
Number of updated assets reloaded before import = 0
Start importing Assets/Sprites/skeleton_2/walk_right/walk_right_2_0011.png using Guid(82d33fa7af20c484c8e580d328651e79) Importer(2089858483,0ecaa5967403d082aa24f35e1b516d23)  -> (artifact id: '57308068478bf708e14e180408cfd329') in 0.022561 seconds 
Number of asset objects unloaded after import = 3
========================================================================
Received Import Request.
  Time since last request: 0.000021 seconds.
  path: Assets/Sprites/skeleton_2/idle_up/idle_up_2_0006.png
  artifactKey: Guid(61742fc09a1553748bdc0ce983378307) Importer(2089858483,0ecaa5967403d082aa24f35e1b516d23)
Number of updated assets reloaded before import = 0
Start importing Assets/Sprites/skeleton_2/idle_up/idle_up_2_0006.png using Guid(61742fc09a1553748bdc0ce983378307) Importer(2089858483,0ecaa5967403d082aa24f35e1b516d23)  -> (artifact id: '9edc1afb559016fc36ded26ed7d488a9') in 0.023190 seconds 
Number of asset objects unloaded after import = 3
========================================================================
Received Import Request.
  Time since last request: 0.000020 seconds.
  path: Assets/Sprites/skeleton_1/idle_up/idle_up_1_0003.png
  artifactKey: Guid(9384b7bab22166e4f8d5a1f3f180b45e) Importer(2089858483,0ecaa5967403d082aa24f35e1b516d23)
Number of updated assets reloaded before import = 0
Start importing Assets/Sprites/skeleton_1/idle_up/idle_up_1_0003.png using Guid(9384b7bab22166e4f8d5a1f3f180b45e) Importer(2089858483,0ecaa5967403d082aa24f35e1b516d23)  -> (artifact id: 'd548bbf434fb387638dcc71da3c25b0e') in 0.023098 seconds 
Number of asset objects unloaded after import = 3
========================================================================
Received Import Request.
  Time since last request: 0.000029 seconds.
  path: Assets/Sprites/skeleton_2/death_down/death_down_2_0009.png
  artifactKey: Guid(6988208d52e81e645b8800fa365d6589) Importer(2089858483,0ecaa5967403d082aa24f35e1b516d23)
Number of updated assets reloaded before import = 0
Start importing Assets/Sprites/skeleton_2/death_down/death_down_2_0009.png using Guid(6988208d52e81e645b8800fa365d6589) Importer(2089858483,0ecaa5967403d082aa24f35e1b516d23)  -> (artifact id: '1ad93f0aab90b960fc557b32fa4b7b4d') in 0.023845 seconds 
Number of asset objects unloaded after import = 3
========================================================================
Received Import Request.
  Time since last request: 0.000022 seconds.
  path: Assets/Sprites/skeleton_2/idle_up/idle_up_2_0001.png
  artifactKey: Guid(3b864f2481fce1b4b9f0f10f4c5dd893) Importer(2089858483,0ecaa5967403d082aa24f35e1b516d23)
Number of updated assets reloaded before import = 0
Start importing Assets/Sprites/skeleton_2/idle_up/idle_up_2_0001.png using Guid(3b864f2481fce1b4b9f0f10f4c5dd893) Importer(2089858483,0ecaa5967403d082aa24f35e1b516d23)  -> (artifact id: '5ea019d2baf66548d9a77fff05186b2e') in 0.048252 seconds 
Number of asset objects unloaded after import = 3
========================================================================
Received Import Request.
  Time since last request: 0.000021 seconds.
  path: Assets/Sprites/skeleton_1/walk_left/walk_left_1_0002.png
  artifactKey: Guid(066075b201ed7a643892faa125c9bdd7) Importer(2089858483,0ecaa5967403d082aa24f35e1b516d23)
Number of updated assets reloaded before import = 0
Start importing Assets/Sprites/skeleton_1/walk_left/walk_left_1_0002.png using Guid(066075b201ed7a643892faa125c9bdd7) Importer(2089858483,0ecaa5967403d082aa24f35e1b516d23)  -> (artifact id: '3d4ffc06771a73f6f7128e3ae2ce603d') in 0.025005 seconds 
Number of asset objects unloaded after import = 3
========================================================================
Received Import Request.
  Time since last request: 0.000022 seconds.
  path: Assets/Sprites/skeleton_2/walk_right/walk_right_2_0004.png
  artifactKey: Guid(e25100443cc862941bd4b0c9ed40d28e) Importer(2089858483,0ecaa5967403d082aa24f35e1b516d23)
Number of updated assets reloaded before import = 0
Start importing Assets/Sprites/skeleton_2/walk_right/walk_right_2_0004.png using Guid(e25100443cc862941bd4b0c9ed40d28e) Importer(2089858483,0ecaa5967403d082aa24f35e1b516d23)  -> (artifact id: '5c2d8a299eaee7580abced3ce64a0de6') in 0.025575 seconds 
Number of asset objects unloaded after import = 3
========================================================================
Received Import Request.
  Time since last request: 0.000022 seconds.
  path: Assets/Sprites/skeleton_1/walk_right/walk_right_1_0005.png
  artifactKey: Guid(5c38f2c295b9de64491ef2df6135b33e) Importer(2089858483,0ecaa5967403d082aa24f35e1b516d23)
Number of updated assets reloaded before import = 0
Start importing Assets/Sprites/skeleton_1/walk_right/walk_right_1_0005.png using Guid(5c38f2c295b9de64491ef2df6135b33e) Importer(2089858483,0ecaa5967403d082aa24f35e1b516d23)  -> (artifact id: 'ae20f75449ea1684744d4c147d16b0e4') in 0.023617 seconds 
Number of asset objects unloaded after import = 3
========================================================================
Received Import Request.
  Time since last request: 0.000022 seconds.
  path: Assets/Sprites/skeleton_2/death_right/death_right_2_0008.png
  artifactKey: Guid(db5902f5d90ef844c93c711ada6f3b02) Importer(2089858483,0ecaa5967403d082aa24f35e1b516d23)
Number of updated assets reloaded before import = 0
Start importing Assets/Sprites/skeleton_2/death_right/death_right_2_0008.png using Guid(db5902f5d90ef844c93c711ada6f3b02) Importer(2089858483,0ecaa5967403d082aa24f35e1b516d23)  -> (artifact id: '96040d0cff3dbb93540c6231603ecdfd') in 0.021598 seconds 
Number of asset objects unloaded after import = 3
========================================================================
Received Import Request.
  Time since last request: 0.000029 seconds.
  path: Assets/Sprites/skeleton_2/walk_left/walk_left_2_0012.png
  artifactKey: Guid(496b1bf0ff5cd7049a9939487f5ac65b) Importer(2089858483,0ecaa5967403d082aa24f35e1b516d23)
Number of updated assets reloaded before import = 0
Start importing Assets/Sprites/skeleton_2/walk_left/walk_left_2_0012.png using Guid(496b1bf0ff5cd7049a9939487f5ac65b) Importer(2089858483,0ecaa5967403d082aa24f35e1b516d23)  -> (artifact id: '8558a5a6242bd54c90cd3c1e2d0a9d12') in 0.023018 seconds 
Number of asset objects unloaded after import = 3
========================================================================
Received Import Request.
  Time since last request: 0.000025 seconds.
  path: Assets/Mirror/Components/InterestManagement/SpatialHashing/HexSpatialHash3DInterestManagement.cs
  artifactKey: Guid(58e492e77a2a1a3488412ceed5c2aa2d) Importer(2089858483,0ecaa5967403d082aa24f35e1b516d23)
Number of updated assets reloaded before import = 0
Start importing Assets/Mirror/Components/InterestManagement/SpatialHashing/HexSpatialHash3DInterestManagement.cs using Guid(58e492e77a2a1a3488412ceed5c2aa2d) Importer(2089858483,0ecaa5967403d082aa24f35e1b516d23)  -> (artifact id: '227ac16e885c18648fc19d5bb15d17c8') in 0.012312 seconds 
Number of asset objects unloaded after import = 1
========================================================================
Received Import Request.
  Time since last request: 0.000023 seconds.
  path: Assets/Mirror/Editor/Weaver/Processors/ServerClientAttributeProcessor.cs
  artifactKey: Guid(024f251bf693bb345b90b9177892d534) Importer(2089858483,0ecaa5967403d082aa24f35e1b516d23)
Number of updated assets reloaded before import = 0
Start importing Assets/Mirror/Editor/Weaver/Processors/ServerClientAttributeProcessor.cs using Guid(024f251bf693bb345b90b9177892d534) Importer(2089858483,0ecaa5967403d082aa24f35e1b516d23)  -> (artifact id: '1084fb0a546ae0e6e168a736257b78cd') in 0.012244 seconds 
Number of asset objects unloaded after import = 0
========================================================================
Received Import Request.
  Time since last request: 0.000024 seconds.
  path: Assets/TextMesh Pro/Examples & Extras/Scripts/TMP_TextInfoDebugTool.cs
  artifactKey: Guid(21256c5b62f346f18640dad779911e20) Importer(2089858483,0ecaa5967403d082aa24f35e1b516d23)
Number of updated assets reloaded before import = 0
Start importing Assets/TextMesh Pro/Examples & Extras/Scripts/TMP_TextInfoDebugTool.cs using Guid(21256c5b62f346f18640dad779911e20) Importer(2089858483,0ecaa5967403d082aa24f35e1b516d23)  -> (artifact id: 'a2cf391a81fbe4088692e39b582aa470') in 0.011313 seconds 
Number of asset objects unloaded after import = 0
========================================================================
Received Import Request.
  Time since last request: 0.000028 seconds.
  path: Assets/TextMesh Pro/Examples & Extras/Textures/Text Overflow - Linked Text Image 1.png
  artifactKey: Guid(4ccf43d26c4748c792174516f4a8fcef) Importer(2089858483,0ecaa5967403d082aa24f35e1b516d23)
Number of updated assets reloaded before import = 0
Start importing Assets/TextMesh Pro/Examples & Extras/Textures/Text Overflow - Linked Text Image 1.png using Guid(4ccf43d26c4748c792174516f4a8fcef) Importer(2089858483,0ecaa5967403d082aa24f35e1b516d23)  -> (artifact id: 'b5cd6f53e4aea4862e90e8bbd1df70d3') in 0.022813 seconds 
Number of asset objects unloaded after import = 1
========================================================================
Received Import Request.
  Time since last request: 0.000028 seconds.
  path: Assets/Sprites/UI/Quest log/slider_bar.png
  artifactKey: Guid(4ddb16d29657adf4bba89d547e2dfca2) Importer(2089858483,0ecaa5967403d082aa24f35e1b516d23)
Number of updated assets reloaded before import = 0
Start importing Assets/Sprites/UI/Quest log/slider_bar.png using Guid(4ddb16d29657adf4bba89d547e2dfca2) Importer(2089858483,0ecaa5967403d082aa24f35e1b516d23)  -> (artifact id: '6e6d0c37c42953826dabe493bba77eea') in 0.023223 seconds 
Number of asset objects unloaded after import = 3
========================================================================
Received Import Request.
  Time since last request: 0.000028 seconds.
  path: Assets/TextMesh Pro/Examples & Extras/Scripts/CameraController.cs
  artifactKey: Guid(2d687537154440a3913a9a3c7977978c) Importer(2089858483,0ecaa5967403d082aa24f35e1b516d23)
Number of updated assets reloaded before import = 0
Start importing Assets/TextMesh Pro/Examples & Extras/Scripts/CameraController.cs using Guid(2d687537154440a3913a9a3c7977978c) Importer(2089858483,0ecaa5967403d082aa24f35e1b516d23)  -> (artifact id: 'c2796124ede079e58f85e65066db827d') in 0.012821 seconds 
Number of asset objects unloaded after import = 0
========================================================================
Received Import Request.
  Time since last request: 0.000023 seconds.
  path: Assets/Mirror/Components/Profiling/Prefabs/GraphCanvas.prefab
  artifactKey: Guid(e87e1847def3c1f41b19b7df4f0920b3) Importer(2089858483,0ecaa5967403d082aa24f35e1b516d23)
Number of updated assets reloaded before import = 0
Start importing Assets/Mirror/Components/Profiling/Prefabs/GraphCanvas.prefab using Guid(e87e1847def3c1f41b19b7df4f0920b3) Importer(2089858483,0ecaa5967403d082aa24f35e1b516d23)  -> (artifact id: 'a60b82a75d3c1212e7c60a78638a57d0') in 0.040388 seconds 
Number of asset objects unloaded after import = 305
========================================================================
Received Import Request.
  Time since last request: 0.000027 seconds.
  path: Assets/TextMesh Pro/Examples & Extras/Fonts/Bangers.ttf
  artifactKey: Guid(5dd49b3eacc540408c98eee0de38e0f1) Importer(2089858483,0ecaa5967403d082aa24f35e1b516d23)
Number of updated assets reloaded before import = 0
Start importing Assets/TextMesh Pro/Examples & Extras/Fonts/Bangers.ttf using Guid(5dd49b3eacc540408c98eee0de38e0f1) Importer(2089858483,0ecaa5967403d082aa24f35e1b516d23)  -> (artifact id: 'd24442602cd9a0d5f149a5fa8c12ffe5') in 0.016048 seconds 
Number of asset objects unloaded after import = 3
========================================================================
Received Import Request.
  Time since last request: 0.000024 seconds.
  path: Assets/TextMesh Pro/Examples & Extras/Fonts/Roboto-Bold.ttf
  artifactKey: Guid(4beb055f07aaff244873dec698d0363e) Importer(2089858483,0ecaa5967403d082aa24f35e1b516d23)
Number of updated assets reloaded before import = 0
Start importing Assets/TextMesh Pro/Examples & Extras/Fonts/Roboto-Bold.ttf using Guid(4beb055f07aaff244873dec698d0363e) Importer(2089858483,0ecaa5967403d082aa24f35e1b516d23)  -> (artifact id: '41ae112a300e36fcf38f9bcdbd93c99d') in 0.017821 seconds 
Number of asset objects unloaded after import = 3
========================================================================
Received Import Request.
  Time since last request: 0.000029 seconds.
  path: Assets/Mirror/Editor/Weaver/EntryPointILPostProcessor/CompiledAssemblyFromFile.cs
  artifactKey: Guid(9009d1db4ed44f6694a92bf8ad7738e9) Importer(2089858483,0ecaa5967403d082aa24f35e1b516d23)
Number of updated assets reloaded before import = 0
Start importing Assets/Mirror/Editor/Weaver/EntryPointILPostProcessor/CompiledAssemblyFromFile.cs using Guid(9009d1db4ed44f6694a92bf8ad7738e9) Importer(2089858483,0ecaa5967403d082aa24f35e1b516d23)  -> (artifact id: '650d3877dc42604cc5f33de2d4b75922') in 0.011671 seconds 
Number of asset objects unloaded after import = 0
========================================================================
Received Import Request.
  Time since last request: 0.000064 seconds.
  path: Assets/TextMesh Pro/Examples & Extras/Scenes/19 - Masking Texture & Soft Mask.unity
  artifactKey: Guid(9abcd5bd764646568a6ea70d00f9264c) Importer(2089858483,0ecaa5967403d082aa24f35e1b516d23)
Number of updated assets reloaded before import = 0
Start importing Assets/TextMesh Pro/Examples & Extras/Scenes/19 - Masking Texture & Soft Mask.unity using Guid(9abcd5bd764646568a6ea70d00f9264c) Importer(2089858483,0ecaa5967403d082aa24f35e1b516d23)  -> (artifact id: 'e7e5a01fb6d68a18bed063911cc8f8f0') in 0.011938 seconds 
Number of asset objects unloaded after import = 1
========================================================================
Received Import Request.
  Time since last request: 0.000029 seconds.
  path: Assets/TextMesh Pro/Resources/Fonts & Materials/LiberationSans SDF - Drop Shadow.mat
  artifactKey: Guid(e73a58f6e2794ae7b1b7e50b7fb811b0) Importer(2089858483,0ecaa5967403d082aa24f35e1b516d23)
Number of updated assets reloaded before import = 0
Start importing Assets/TextMesh Pro/Resources/Fonts & Materials/LiberationSans SDF - Drop Shadow.mat using Guid(e73a58f6e2794ae7b1b7e50b7fb811b0) Importer(2089858483,0ecaa5967403d082aa24f35e1b516d23)  -> (artifact id: 'cc9a2d0416681f207b6bb42e11bb6fa9') in 0.035858 seconds 
Number of asset objects unloaded after import = 2
========================================================================
Received Import Request.
  Time since last request: 0.000020 seconds.
  path: Assets/Sprites/UI/Quest log/close_button_.png
  artifactKey: Guid(8217c1ac47af5e0488d40dd98a5dbf24) Importer(2089858483,0ecaa5967403d082aa24f35e1b516d23)
Number of updated assets reloaded before import = 0
Start importing Assets/Sprites/UI/Quest log/close_button_.png using Guid(8217c1ac47af5e0488d40dd98a5dbf24) Importer(2089858483,0ecaa5967403d082aa24f35e1b516d23)  -> (artifact id: '35206014069a6044c11b29ed3aa86ac9') in 0.029765 seconds 
Number of asset objects unloaded after import = 3
========================================================================
Received Import Request.
  Time since last request: 0.000026 seconds.
  path: Assets/Sprites/UI/Quest log/slider.png
  artifactKey: Guid(f1cf68389f423984192be3134951a45d) Importer(2089858483,0ecaa5967403d082aa24f35e1b516d23)
Number of updated assets reloaded before import = 0
Start importing Assets/Sprites/UI/Quest log/slider.png using Guid(f1cf68389f423984192be3134951a45d) Importer(2089858483,0ecaa5967403d082aa24f35e1b516d23)  -> (artifact id: '63503329511a723378c79638b2c50896') in 0.023296 seconds 
Number of asset objects unloaded after import = 3
========================================================================
Received Import Request.
  Time since last request: 0.000024 seconds.
  path: Assets/Sprites/UI/Inventory/background_bag.png
  artifactKey: Guid(52dea4bb0493e0346bf3efc1c6977284) Importer(2089858483,0ecaa5967403d082aa24f35e1b516d23)
Number of updated assets reloaded before import = 0
Start importing Assets/Sprites/UI/Inventory/background_bag.png using Guid(52dea4bb0493e0346bf3efc1c6977284) Importer(2089858483,0ecaa5967403d082aa24f35e1b516d23)  -> (artifact id: '423018aa50a1324ccd56732883ffbfb2') in 0.024143 seconds 
Number of asset objects unloaded after import = 3
========================================================================
Received Import Request.
  Time since last request: 0.000021 seconds.
  path: Assets/TextMesh Pro/Examples & Extras/Fonts/Bangers - OFL.txt
  artifactKey: Guid(efe0bf4ac872451e91612d1ae593f480) Importer(2089858483,0ecaa5967403d082aa24f35e1b516d23)
Number of updated assets reloaded before import = 0
Start importing Assets/TextMesh Pro/Examples & Extras/Fonts/Bangers - OFL.txt using Guid(efe0bf4ac872451e91612d1ae593f480) Importer(2089858483,0ecaa5967403d082aa24f35e1b516d23)  -> (artifact id: '7e71f7d90a4e6862e3171b85984ac9ed') in 0.015378 seconds 
Number of asset objects unloaded after import = 1
========================================================================
Received Import Request.
  Time since last request: 0.000022 seconds.
  path: Assets/Mirror/Components/InterestManagement/Distance/DistanceInterestManagementCustomRange.cs
  artifactKey: Guid(b2e242ee38a14076a39934172a19079b) Importer(2089858483,0ecaa5967403d082aa24f35e1b516d23)
Number of updated assets reloaded before import = 0
Start importing Assets/Mirror/Components/InterestManagement/Distance/DistanceInterestManagementCustomRange.cs using Guid(b2e242ee38a14076a39934172a19079b) Importer(2089858483,0ecaa5967403d082aa24f35e1b516d23)  -> (artifact id: 'ce57d0c9172264bcbf8f9a6fe39ead1a') in 0.012501 seconds 
Number of asset objects unloaded after import = 1
========================================================================
Received Import Request.
  Time since last request: 0.000020 seconds.
  path: Assets/TextMesh Pro/Resources/Fonts & Materials/LiberationSans SDF - Fallback.asset
  artifactKey: Guid(2e498d1c8094910479dc3e1b768306a4) Importer(2089858483,0ecaa5967403d082aa24f35e1b516d23)
Number of updated assets reloaded before import = 0
Start importing Assets/TextMesh Pro/Resources/Fonts & Materials/LiberationSans SDF - Fallback.asset using Guid(2e498d1c8094910479dc3e1b768306a4) Importer(2089858483,0ecaa5967403d082aa24f35e1b516d23)  -> (artifact id: '2c5263949a2918280a73449cd4baa3d6') in 0.043513 seconds 
Number of asset objects unloaded after import = 5
========================================================================
Received Import Request.
  Time since last request: 0.000027 seconds.
  path: Assets/Mirror/Core/Tools/CustomStructs/Vector3Long.cs
  artifactKey: Guid(18efa4e349254185ad257401dd24628b) Importer(2089858483,0ecaa5967403d082aa24f35e1b516d23)
Number of updated assets reloaded before import = 0
Start importing Assets/Mirror/Core/Tools/CustomStructs/Vector3Long.cs using Guid(18efa4e349254185ad257401dd24628b) Importer(2089858483,0ecaa5967403d082aa24f35e1b516d23)  -> (artifact id: '07eb35e88e712de77f23f0f572809ef7') in 0.012111 seconds 
Number of asset objects unloaded after import = 1
========================================================================
Received Import Request.
  Time since last request: 0.000039 seconds.
  path: Assets/Mirror/Core/Tools/CustomStructs/Vector3Byte.cs
  artifactKey: Guid(f0fdfba74ac5ff5428c1032eecc499f8) Importer(2089858483,0ecaa5967403d082aa24f35e1b516d23)
Number of updated assets reloaded before import = 0
Start importing Assets/Mirror/Core/Tools/CustomStructs/Vector3Byte.cs using Guid(f0fdfba74ac5ff5428c1032eecc499f8) Importer(2089858483,0ecaa5967403d082aa24f35e1b516d23)  -> (artifact id: 'a99710c3d25f298d5bb026417b3d8f2b') in 0.012443 seconds 
Number of asset objects unloaded after import = 1
========================================================================
Received Import Request.
  Time since last request: 0.000025 seconds.
  path: Assets/Mirror/Editor/Weaver/EntryPointILPostProcessor/ILPostProcessorLogger.cs
  artifactKey: Guid(e7b56e7826664e34a415e4b70d958f2a) Importer(2089858483,0ecaa5967403d082aa24f35e1b516d23)
Number of updated assets reloaded before import = 0
Start importing Assets/Mirror/Editor/Weaver/EntryPointILPostProcessor/ILPostProcessorLogger.cs using Guid(e7b56e7826664e34a415e4b70d958f2a) Importer(2089858483,0ecaa5967403d082aa24f35e1b516d23)  -> (artifact id: '4db1c70a7493b4c3da3da69fad17d3f2') in 0.011837 seconds 
Number of asset objects unloaded after import = 0
========================================================================
Received Import Request.
  Time since last request: 0.000022 seconds.
  path: Assets/TextMesh Pro/Examples & Extras/Scripts/VertexShakeA.cs
  artifactKey: Guid(f7cfa58e417a46ea8889989684c2522e) Importer(2089858483,0ecaa5967403d082aa24f35e1b516d23)
Number of updated assets reloaded before import = 0
Start importing Assets/TextMesh Pro/Examples & Extras/Scripts/VertexShakeA.cs using Guid(f7cfa58e417a46ea8889989684c2522e) Importer(2089858483,0ecaa5967403d082aa24f35e1b516d23)  -> (artifact id: 'b5569d4984402754e1a89a432684d5c0') in 0.011306 seconds 
Number of asset objects unloaded after import = 0
========================================================================
Received Import Request.
  Time since last request: 0.000023 seconds.
  path: Assets/TextMesh Pro/Examples & Extras/Scenes/09 - Margin Tag Example.unity
  artifactKey: Guid(349f38d3606449708c7340d26740e1e2) Importer(2089858483,0ecaa5967403d082aa24f35e1b516d23)
Number of updated assets reloaded before import = 0
Start importing Assets/TextMesh Pro/Examples & Extras/Scenes/09 - Margin Tag Example.unity using Guid(349f38d3606449708c7340d26740e1e2) Importer(2089858483,0ecaa5967403d082aa24f35e1b516d23)  -> (artifact id: '70cf8a48b6d065e839fcb794ff6622f2') in 0.010906 seconds 
Number of asset objects unloaded after import = 1
========================================================================
Received Import Request.
  Time since last request: 0.000025 seconds.
  path: Assets/TextMesh Pro/Examples & Extras/Fonts/Oswald-Bold - OFL.txt
  artifactKey: Guid(d2cf87a8a7a94aa8b80dff1c807c1178) Importer(2089858483,0ecaa5967403d082aa24f35e1b516d23)
Number of updated assets reloaded before import = 0
Start importing Assets/TextMesh Pro/Examples & Extras/Fonts/Oswald-Bold - OFL.txt using Guid(d2cf87a8a7a94aa8b80dff1c807c1178) Importer(2089858483,0ecaa5967403d082aa24f35e1b516d23)  -> (artifact id: '4c0e67d5a0adc32ddeb174a7c29f9cd6') in 0.022207 seconds 
Number of asset objects unloaded after import = 1
========================================================================
Received Import Request.
  Time since last request: 0.000031 seconds.
  path: Assets/TextMesh Pro/Examples & Extras/Fonts/Oswald-Bold.ttf
  artifactKey: Guid(c9f6d0e7bc8541498c9a4799ba184ede) Importer(2089858483,0ecaa5967403d082aa24f35e1b516d23)
Number of updated assets reloaded before import = 0
Start importing Assets/TextMesh Pro/Examples & Extras/Fonts/Oswald-Bold.ttf using Guid(c9f6d0e7bc8541498c9a4799ba184ede) Importer(2089858483,0ecaa5967403d082aa24f35e1b516d23)  -> (artifact id: '47018efc599d0c7ab9d7aeb955570717') in 0.018866 seconds 
Number of asset objects unloaded after import = 3
========================================================================
Received Import Request.
  Time since last request: 0.000017 seconds.
  path: Assets/TextMesh Pro/Examples & Extras/Textures/Wipe Pattern - Diagonal.psd
  artifactKey: Guid(ed5290d8df18488780e2996b9b882f01) Importer(2089858483,0ecaa5967403d082aa24f35e1b516d23)
Number of updated assets reloaded before import = 0
Start importing Assets/TextMesh Pro/Examples & Extras/Textures/Wipe Pattern - Diagonal.psd using Guid(ed5290d8df18488780e2996b9b882f01) Importer(2089858483,0ecaa5967403d082aa24f35e1b516d23)  -> (artifact id: '17d1497ec1221c4f290eb593ea5460e1') in 0.023038 seconds 
Number of asset objects unloaded after import = 1
========================================================================
Received Import Request.
  Time since last request: 0.000028 seconds.
  path: Assets/TextMesh Pro/Examples & Extras/Scenes/13 - Soft Hyphenation.unity
  artifactKey: Guid(875684baf40f4d008ce806d03e2a81b2) Importer(2089858483,0ecaa5967403d082aa24f35e1b516d23)
Number of updated assets reloaded before import = 0
Start importing Assets/TextMesh Pro/Examples & Extras/Scenes/13 - Soft Hyphenation.unity using Guid(875684baf40f4d008ce806d03e2a81b2) Importer(2089858483,0ecaa5967403d082aa24f35e1b516d23)  -> (artifact id: '81b43c510130453062afe15655d3f78a') in 0.020457 seconds 
Number of asset objects unloaded after import = 1
========================================================================
Received Import Request.
  Time since last request: 0.000023 seconds.
  path: Assets/TextMesh Pro/Examples & Extras/Textures/Floor Tiles 1 - diffuse.jpg
  artifactKey: Guid(85ac55597b97403c82fc6601a93cf241) Importer(2089858483,0ecaa5967403d082aa24f35e1b516d23)
Number of updated assets reloaded before import = 0
Start importing Assets/TextMesh Pro/Examples & Extras/Textures/Floor Tiles 1 - diffuse.jpg using Guid(85ac55597b97403c82fc6601a93cf241) Importer(2089858483,0ecaa5967403d082aa24f35e1b516d23)  -> (artifact id: '442532ff14c322fe4b0033508fc4c862') in 0.026223 seconds 
Number of asset objects unloaded after import = 1
========================================================================
Received Import Request.
  Time since last request: 0.000023 seconds.
  path: Assets/Mirror/Editor/Weaver/EntryPointILPostProcessor/ILPostProcessorReflectionImporterProvider.cs
  artifactKey: Guid(a1003b568bad4e69b961c4c81d5afd96) Importer(2089858483,0ecaa5967403d082aa24f35e1b516d23)
Number of updated assets reloaded before import = 0
Start importing Assets/Mirror/Editor/Weaver/EntryPointILPostProcessor/ILPostProcessorReflectionImporterProvider.cs using Guid(a1003b568bad4e69b961c4c81d5afd96) Importer(2089858483,0ecaa5967403d082aa24f35e1b516d23)  -> (artifact id: 'f8e2803328760252c6620d200c4ea77f') in 0.012535 seconds 
Number of asset objects unloaded after import = 0
========================================================================
Received Import Request.
  Time since last request: 0.000028 seconds.
  path: Assets/Mirror/Editor/Weaver/EntryPoint/CompilationFinishedHook.cs
  artifactKey: Guid(de2aeb2e8068f421a9a1febe408f7051) Importer(2089858483,0ecaa5967403d082aa24f35e1b516d23)
Number of updated assets reloaded before import = 0
Start importing Assets/Mirror/Editor/Weaver/EntryPoint/CompilationFinishedHook.cs using Guid(de2aeb2e8068f421a9a1febe408f7051) Importer(2089858483,0ecaa5967403d082aa24f35e1b516d23)  -> (artifact id: 'c910b52cbba63b131298b104fa97e7fb') in 0.010976 seconds 
Number of asset objects unloaded after import = 0
========================================================================
Received Import Request.
  Time since last request: 0.000029 seconds.
  path: Assets/TextMesh Pro/Examples & Extras/Scripts/ObjectSpin.cs
  artifactKey: Guid(4f19c7f94c794c5097d8bd11e39c750d) Importer(2089858483,0ecaa5967403d082aa24f35e1b516d23)
Number of updated assets reloaded before import = 0
Start importing Assets/TextMesh Pro/Examples & Extras/Scripts/ObjectSpin.cs using Guid(4f19c7f94c794c5097d8bd11e39c750d) Importer(2089858483,0ecaa5967403d082aa24f35e1b516d23)  -> (artifact id: 'a5d30a28dad6a1822aaa7108bffcc682') in 0.011796 seconds 
Number of asset objects unloaded after import = 0
========================================================================
Received Import Request.
  Time since last request: 0.000034 seconds.
  path: Assets/Sprites/UI/Spells/frostbolt.png
  artifactKey: Guid(0048cfe2f349ca6489a565a606c8344b) Importer(2089858483,0ecaa5967403d082aa24f35e1b516d23)
Number of updated assets reloaded before import = 0
Start importing Assets/Sprites/UI/Spells/frostbolt.png using Guid(0048cfe2f349ca6489a565a606c8344b) Importer(2089858483,0ecaa5967403d082aa24f35e1b516d23)  -> (artifact id: '69a2a1648f492565bbf372c9347b3458') in 0.024148 seconds 
Number of asset objects unloaded after import = 3
========================================================================
Received Import Request.
  Time since last request: 0.000022 seconds.
  path: Assets/TextMesh Pro/Examples & Extras/Fonts/Anton.ttf
  artifactKey: Guid(997a43b767814dd0a7642ec9b78cba41) Importer(2089858483,0ecaa5967403d082aa24f35e1b516d23)
Number of updated assets reloaded before import = 0
Start importing Assets/TextMesh Pro/Examples & Extras/Fonts/Anton.ttf using Guid(997a43b767814dd0a7642ec9b78cba41) Importer(2089858483,0ecaa5967403d082aa24f35e1b516d23)  -> (artifact id: 'cf1735124281fbc3ced5fc3b22050a65') in 0.016896 seconds 
Number of asset objects unloaded after import = 3
========================================================================
Received Import Request.
  Time since last request: 0.000026 seconds.
  path: Assets/Sprites/skeleton_2/death_left/death_left_2_0008.png
  artifactKey: Guid(c03ce304bb6edc0478c36f3f88e70d78) Importer(2089858483,0ecaa5967403d082aa24f35e1b516d23)
Number of updated assets reloaded before import = 0
Start importing Assets/Sprites/skeleton_2/death_left/death_left_2_0008.png using Guid(c03ce304bb6edc0478c36f3f88e70d78) Importer(2089858483,0ecaa5967403d082aa24f35e1b516d23)  -> (artifact id: '5911a97e9c4b36c0209d8a66b058ed57') in 0.023839 seconds 
Number of asset objects unloaded after import = 3
========================================================================
Received Import Request.
  Time since last request: 0.000018 seconds.
  path: Assets/Sprites/UI/Inventory/bag.png
  artifactKey: Guid(f890ada81d56b124a9ba7df576562f40) Importer(2089858483,0ecaa5967403d082aa24f35e1b516d23)
Number of updated assets reloaded before import = 0
Start importing Assets/Sprites/UI/Inventory/bag.png using Guid(f890ada81d56b124a9ba7df576562f40) Importer(2089858483,0ecaa5967403d082aa24f35e1b516d23)  -> (artifact id: 'b9e72d6ac10235d18e00fa27d9d14376') in 0.031585 seconds 
Number of asset objects unloaded after import = 3
========================================================================
Received Import Request.
  Time since last request: 0.000022 seconds.
  path: Assets/Sprites/UI/Spells/thunderbolt.png
  artifactKey: Guid(45e0d04cef0c79f4685adc891dcb01ff) Importer(2089858483,0ecaa5967403d082aa24f35e1b516d23)
Number of updated assets reloaded before import = 0
Start importing Assets/Sprites/UI/Spells/thunderbolt.png using Guid(45e0d04cef0c79f4685adc891dcb01ff) Importer(2089858483,0ecaa5967403d082aa24f35e1b516d23)  -> (artifact id: 'b76bec57dccdc0d5696b0d05a93d567d') in 0.021584 seconds 
Number of asset objects unloaded after import = 3
========================================================================
Received Import Request.
  Time since last request: 0.000021 seconds.
  path: Assets/Sprites/skeleton_2/death_down/death_down_2_0006.png
  artifactKey: Guid(9c146fdc84e25f543b0e546c612d7043) Importer(2089858483,0ecaa5967403d082aa24f35e1b516d23)
Number of updated assets reloaded before import = 0
Start importing Assets/Sprites/skeleton_2/death_down/death_down_2_0006.png using Guid(9c146fdc84e25f543b0e546c612d7043) Importer(2089858483,0ecaa5967403d082aa24f35e1b516d23)  -> (artifact id: '1e45f5e1f79fe1961106b4f6335b02ff') in 0.022710 seconds 
Number of asset objects unloaded after import = 3
========================================================================
Received Import Request.
  Time since last request: 0.000023 seconds.
  path: Assets/Mirror/Hosting/Edgegap/package.json
  artifactKey: Guid(92c00ff489f816847b08e40fa333ae7c) Importer(2089858483,0ecaa5967403d082aa24f35e1b516d23)
Number of updated assets reloaded before import = 0
Start importing Assets/Mirror/Hosting/Edgegap/package.json using Guid(92c00ff489f816847b08e40fa333ae7c) Importer(2089858483,0ecaa5967403d082aa24f35e1b516d23)  -> (artifact id: '3596aa94e2ff8e81eecf698dbe04deaf') in 0.016949 seconds 
Number of asset objects unloaded after import = 1
========================================================================
Received Import Request.
  Time since last request: 0.000019 seconds.
  path: Assets/Sprites/skeleton_1/idle_down/idle_down_1_0003.png
  artifactKey: Guid(3041ad82ec97bf549b9d19a5685eeec8) Importer(2089858483,0ecaa5967403d082aa24f35e1b516d23)
Number of updated assets reloaded before import = 0
Start importing Assets/Sprites/skeleton_1/idle_down/idle_down_1_0003.png using Guid(3041ad82ec97bf549b9d19a5685eeec8) Importer(2089858483,0ecaa5967403d082aa24f35e1b516d23)  -> (artifact id: '0637504572f981218b1b49f10751cc1f') in 0.022680 seconds 
Number of asset objects unloaded after import = 3
========================================================================
Received Import Request.
  Time since last request: 0.000023 seconds.
  path: Assets/Sprites/skeleton_1/idle_up/idle_up_1_0007.png
  artifactKey: Guid(a3bd420e3dad7f24b9f4f70bcce40866) Importer(2089858483,0ecaa5967403d082aa24f35e1b516d23)
Number of updated assets reloaded before import = 0
Start importing Assets/Sprites/skeleton_1/idle_up/idle_up_1_0007.png using Guid(a3bd420e3dad7f24b9f4f70bcce40866) Importer(2089858483,0ecaa5967403d082aa24f35e1b516d23)  -> (artifact id: '1d7c3c3684debf6abce86c93d7bdcce9') in 0.021661 seconds 
Number of asset objects unloaded after import = 3
========================================================================
Received Import Request.
  Time since last request: 0.000029 seconds.
  path: Assets/Sprites/UI/Quest log/arrow_up.png
  artifactKey: Guid(d618fc0708804294e92d74a9b95eacac) Importer(2089858483,0ecaa5967403d082aa24f35e1b516d23)
Number of updated assets reloaded before import = 0
Start importing Assets/Sprites/UI/Quest log/arrow_up.png using Guid(d618fc0708804294e92d74a9b95eacac) Importer(2089858483,0ecaa5967403d082aa24f35e1b516d23)  -> (artifact id: '985ab10d54ba2a3b0303a7386512ab2c') in 0.021355 seconds 
Number of asset objects unloaded after import = 3
========================================================================
Received Import Request.
  Time since last request: 0.000038 seconds.
  path: Assets/TextMesh Pro/Examples & Extras/Textures/Fruit Jelly (B&W).jpg
  artifactKey: Guid(1cdc5b506b1a4a33a53c30669ced1f51) Importer(2089858483,0ecaa5967403d082aa24f35e1b516d23)
Number of updated assets reloaded before import = 0
Start importing Assets/TextMesh Pro/Examples & Extras/Textures/Fruit Jelly (B&W).jpg using Guid(1cdc5b506b1a4a33a53c30669ced1f51) Importer(2089858483,0ecaa5967403d082aa24f35e1b516d23)  -> (artifact id: 'd7e908b71a00243b3a3a482663ee1e42') in 0.021864 seconds 
Number of asset objects unloaded after import = 1
========================================================================
Received Import Request.
  Time since last request: 0.000024 seconds.
  path: Assets/Sprites/skeleton_2/attack_right/attack_right_2_0004.png
  artifactKey: Guid(7df7e32ef236fa246b7dbdd947874b9d) Importer(2089858483,0ecaa5967403d082aa24f35e1b516d23)
Number of updated assets reloaded before import = 0
Start importing Assets/Sprites/skeleton_2/attack_right/attack_right_2_0004.png using Guid(7df7e32ef236fa246b7dbdd947874b9d) Importer(2089858483,0ecaa5967403d082aa24f35e1b516d23)  -> (artifact id: 'c9f320fb7538bf3351d4d5ed664ead0d') in 0.023302 seconds 
Number of asset objects unloaded after import = 3
========================================================================
Received Import Request.
  Time since last request: 0.000032 seconds.
  path: Assets/Sprites/skeleton_1/idle_right/idle_right_1_0006.png
  artifactKey: Guid(dc8c30c297ea9f442960c4e519ae82dd) Importer(2089858483,0ecaa5967403d082aa24f35e1b516d23)
Number of updated assets reloaded before import = 0
Start importing Assets/Sprites/skeleton_1/idle_right/idle_right_1_0006.png using Guid(dc8c30c297ea9f442960c4e519ae82dd) Importer(2089858483,0ecaa5967403d082aa24f35e1b516d23)  -> (artifact id: 'ceb7c776012852e76ec9097b11cc135a') in 0.022965 seconds 
Number of asset objects unloaded after import = 3
========================================================================
Received Import Request.
  Time since last request: 0.000024 seconds.
  path: Assets/Sprites/skeleton_1/attack_right/attack_right_1_0004.png
  artifactKey: Guid(609f51ed765b92f42b3b8b6b8a24fbd2) Importer(2089858483,0ecaa5967403d082aa24f35e1b516d23)
Number of updated assets reloaded before import = 0
Start importing Assets/Sprites/skeleton_1/attack_right/attack_right_1_0004.png using Guid(609f51ed765b92f42b3b8b6b8a24fbd2) Importer(2089858483,0ecaa5967403d082aa24f35e1b516d23)  -> (artifact id: '8794e43d402d7d7469f89d89fc2feb5a') in 0.024327 seconds 
Number of asset objects unloaded after import = 3
========================================================================
Received Import Request.
  Time since last request: 0.000027 seconds.
  path: Assets/Sprites/Enviroment/EarthTiles/sand_tile.png
  artifactKey: Guid(a4edddd5c41175e47a69acca4cdadc72) Importer(2089858483,0ecaa5967403d082aa24f35e1b516d23)
Number of updated assets reloaded before import = 0
Start importing Assets/Sprites/Enviroment/EarthTiles/sand_tile.png using Guid(a4edddd5c41175e47a69acca4cdadc72) Importer(2089858483,0ecaa5967403d082aa24f35e1b516d23)  -> (artifact id: '2f7ff7d5f4c0bcdf3fa4004b1231d472') in 0.023103 seconds 
Number of asset objects unloaded after import = 3
========================================================================
Received Import Request.
  Time since last request: 0.000027 seconds.
  path: Assets/Mirror/Transports/Encryption/EncryptionTransport.cs
  artifactKey: Guid(0aa135acc32a4383ae9a5817f018cb06) Importer(2089858483,0ecaa5967403d082aa24f35e1b516d23)
Number of updated assets reloaded before import = 0
Start importing Assets/Mirror/Transports/Encryption/EncryptionTransport.cs using Guid(0aa135acc32a4383ae9a5817f018cb06) Importer(2089858483,0ecaa5967403d082aa24f35e1b516d23)  -> (artifact id: '8f1b9651d91017d7ee582505400166b7') in 0.012854 seconds 
Number of asset objects unloaded after import = 1
========================================================================
Received Import Request.
  Time since last request: 0.000027 seconds.
  path: Assets/Sprites/UI/Menus/load_button.png
  artifactKey: Guid(9eaa1e5f177509d478e8d0e080a2fc2c) Importer(2089858483,0ecaa5967403d082aa24f35e1b516d23)
Number of updated assets reloaded before import = 0
Start importing Assets/Sprites/UI/Menus/load_button.png using Guid(9eaa1e5f177509d478e8d0e080a2fc2c) Importer(2089858483,0ecaa5967403d082aa24f35e1b516d23)  -> (artifact id: '5feb134d4ee5ea51737fd0f13db83a55') in 0.022291 seconds 
Number of asset objects unloaded after import = 3
========================================================================
Received Import Request.
  Time since last request: 0.000024 seconds.
  path: Assets/Sprites/skeleton_1/idle_up/idle_up_1_0001.png
  artifactKey: Guid(cef8ffe6fc383114cb49f41f7a4cbe8d) Importer(2089858483,0ecaa5967403d082aa24f35e1b516d23)
Number of updated assets reloaded before import = 0
Start importing Assets/Sprites/skeleton_1/idle_up/idle_up_1_0001.png using Guid(cef8ffe6fc383114cb49f41f7a4cbe8d) Importer(2089858483,0ecaa5967403d082aa24f35e1b516d23)  -> (artifact id: '8d539167c4dfa4abcce65dec4800a3c8') in 0.030913 seconds 
Number of asset objects unloaded after import = 3
========================================================================
Received Import Request.
  Time since last request: 0.000022 seconds.
  path: Assets/Mirror/Examples/AutoLANClientController/Scripts/CanvasHUD.cs
  artifactKey: Guid(dd6ba23d1fd5945b183ed975a24dbb21) Importer(2089858483,0ecaa5967403d082aa24f35e1b516d23)
Number of updated assets reloaded before import = 0
Start importing Assets/Mirror/Examples/AutoLANClientController/Scripts/CanvasHUD.cs using Guid(dd6ba23d1fd5945b183ed975a24dbb21) Importer(2089858483,0ecaa5967403d082aa24f35e1b516d23)  -> (artifact id: '3f32e40352aa10a639119b463de35801') in 0.011855 seconds 
Number of asset objects unloaded after import = 0
========================================================================
Received Import Request.
  Time since last request: 0.000022 seconds.
  path: Assets/Mirror/Examples/BenchmarkStinkySteak/Prefabs/PlayerDummy.prefab
  artifactKey: Guid(fc40b1557a4729e4e9cfaad99e1097ff) Importer(2089858483,0ecaa5967403d082aa24f35e1b516d23)
Number of updated assets reloaded before import = 0
Start importing Assets/Mirror/Examples/BenchmarkStinkySteak/Prefabs/PlayerDummy.prefab using Guid(fc40b1557a4729e4e9cfaad99e1097ff) Importer(2089858483,0ecaa5967403d082aa24f35e1b516d23)  -> (artifact id: '93560a3a90800fc8fb8757a24852d4b5') in 0.019409 seconds 
Number of asset objects unloaded after import = 5
========================================================================
Received Import Request.
  Time since last request: 0.000029 seconds.
  path: Assets/Mirror/Examples/EdgegapLobby/Prefabs/LobbyUI.prefab
  artifactKey: Guid(ebc1436948da70b4abbf74f58106c318) Importer(2089858483,0ecaa5967403d082aa24f35e1b516d23)
Number of updated assets reloaded before import = 0
Start importing Assets/Mirror/Examples/EdgegapLobby/Prefabs/LobbyUI.prefab using Guid(ebc1436948da70b4abbf74f58106c318) Importer(2089858483,0ecaa5967403d082aa24f35e1b516d23)  -> (artifact id: 'e10347bc80e3738f8439cc0f57c8f6ba') in 0.041460 seconds 
Number of asset objects unloaded after import = 238
========================================================================
Received Import Request.
  Time since last request: 0.000034 seconds.
  path: Assets/Mirror/Examples/CouchCoop/Scripts/MovingPlatform.cs
  artifactKey: Guid(6c2bc1b05e6794a419ce8e1091f59a05) Importer(2089858483,0ecaa5967403d082aa24f35e1b516d23)
Number of updated assets reloaded before import = 0
Start importing Assets/Mirror/Examples/CouchCoop/Scripts/MovingPlatform.cs using Guid(6c2bc1b05e6794a419ce8e1091f59a05) Importer(2089858483,0ecaa5967403d082aa24f35e1b516d23)  -> (artifact id: '6de622a2193586ebea6ced83de11fb6e') in 0.012702 seconds 
Number of asset objects unloaded after import = 0
========================================================================
Received Import Request.
  Time since last request: 0.000022 seconds.
  path: Assets/Mirror/Examples/EdgegapLobby/Scripts/UILobbyEntry.cs
  artifactKey: Guid(9bd3228b44c0a7e478964d95c512cebf) Importer(2089858483,0ecaa5967403d082aa24f35e1b516d23)
Number of updated assets reloaded before import = 0
Start importing Assets/Mirror/Examples/EdgegapLobby/Scripts/UILobbyEntry.cs using Guid(9bd3228b44c0a7e478964d95c512cebf) Importer(2089858483,0ecaa5967403d082aa24f35e1b516d23)  -> (artifact id: '71d4c97cf32ccdc9ed58427e4a1db9fd') in 0.010142 seconds 
Number of asset objects unloaded after import = 0
========================================================================
Received Import Request.
  Time since last request: 0.000028 seconds.
  path: Assets/Mirror/Examples/AdditiveLevels/Materials/CubeSphere.mat
  artifactKey: Guid(38950807c6bf6454dbef567827b770b6) Importer(2089858483,0ecaa5967403d082aa24f35e1b516d23)
Number of updated assets reloaded before import = 0
Start importing Assets/Mirror/Examples/AdditiveLevels/Materials/CubeSphere.mat using Guid(38950807c6bf6454dbef567827b770b6) Importer(2089858483,0ecaa5967403d082aa24f35e1b516d23)  -> (artifact id: '8b235e278110d36f709e02cebfe582d4') in 0.051321 seconds 
Number of asset objects unloaded after import = 1
========================================================================
Received Import Request.
  Time since last request: 0.000023 seconds.
  path: Assets/Mirror/Examples/Billiards/Ball/Ball.physicMaterial
  artifactKey: Guid(b70c4b1c659c647859a8491848d4b145) Importer(2089858483,0ecaa5967403d082aa24f35e1b516d23)
Number of updated assets reloaded before import = 0
Start importing Assets/Mirror/Examples/Billiards/Ball/Ball.physicMaterial using Guid(b70c4b1c659c647859a8491848d4b145) Importer(2089858483,0ecaa5967403d082aa24f35e1b516d23)  -> (artifact id: 'a754157a3de3c292d65c75fbe75f141a') in 0.013594 seconds 
Number of asset objects unloaded after import = 1
========================================================================
Received Import Request.
  Time since last request: 0.000020 seconds.
  path: Assets/Mirror/Examples/AdditiveScenes/Prefabs/Zone.prefab
  artifactKey: Guid(de939020b5e2aa5489ebcc4002d75d54) Importer(2089858483,0ecaa5967403d082aa24f35e1b516d23)
Number of updated assets reloaded before import = 0
Start importing Assets/Mirror/Examples/AdditiveScenes/Prefabs/Zone.prefab using Guid(de939020b5e2aa5489ebcc4002d75d54) Importer(2089858483,0ecaa5967403d082aa24f35e1b516d23)  -> (artifact id: 'ff1bdb6a7254dd8f3e9ac6f97d139725') in 0.019221 seconds 
Number of asset objects unloaded after import = 6
========================================================================
Received Import Request.
  Time since last request: 0.000051 seconds.
  path: Assets/Mirror/Examples/Basic/Scripts/PlayerUI.cs
  artifactKey: Guid(64acca8c87e5ceb44bcbd56ef21e2950) Importer(2089858483,0ecaa5967403d082aa24f35e1b516d23)
Number of updated assets reloaded before import = 0
Start importing Assets/Mirror/Examples/Basic/Scripts/PlayerUI.cs using Guid(64acca8c87e5ceb44bcbd56ef21e2950) Importer(2089858483,0ecaa5967403d082aa24f35e1b516d23)  -> (artifact id: '16e98f229cdc8484dcdd760b2924ba66') in 0.011093 seconds 
Number of asset objects unloaded after import = 0
========================================================================
Received Import Request.
  Time since last request: 0.000020 seconds.
  path: Assets/Mirror/Examples/Billiards/Table/Body.mat
  artifactKey: Guid(d271ebc46b0f74b6fbf2eaab8586fb52) Importer(2089858483,0ecaa5967403d082aa24f35e1b516d23)
Number of updated assets reloaded before import = 0
Start importing Assets/Mirror/Examples/Billiards/Table/Body.mat using Guid(d271ebc46b0f74b6fbf2eaab8586fb52) Importer(2089858483,0ecaa5967403d082aa24f35e1b516d23)  -> (artifact id: 'ad519ad584693e79cf48e8d73d568d4f') in 0.021116 seconds 
Number of asset objects unloaded after import = 1
========================================================================
Received Import Request.
  Time since last request: 0.000023 seconds.
  path: Assets/Mirror/Examples/AdditiveLevels/Scripts/Portal.cs
  artifactKey: Guid(0e680878006965146a8f9d85834c4d1c) Importer(2089858483,0ecaa5967403d082aa24f35e1b516d23)
Number of updated assets reloaded before import = 0
Start importing Assets/Mirror/Examples/AdditiveLevels/Scripts/Portal.cs using Guid(0e680878006965146a8f9d85834c4d1c) Importer(2089858483,0ecaa5967403d082aa24f35e1b516d23)  -> (artifact id: '1241e0b494a7c99bbf90d69d2909e037') in 0.012543 seconds 
Number of asset objects unloaded after import = 0
========================================================================
Received Import Request.
  Time since last request: 0.000028 seconds.
  path: Assets/Mirror/Examples/CouchCoop/Materials/MaterialGround.mat
  artifactKey: Guid(037d7d103792c4a6aa3ed9e8f1fd9706) Importer(2089858483,0ecaa5967403d082aa24f35e1b516d23)
Number of updated assets reloaded before import = 0
Start importing Assets/Mirror/Examples/CouchCoop/Materials/MaterialGround.mat using Guid(037d7d103792c4a6aa3ed9e8f1fd9706) Importer(2089858483,0ecaa5967403d082aa24f35e1b516d23)  -> (artifact id: 'c29c7121dda1fc95c5d831d3e4f669ac') in 0.021240 seconds 
Number of asset objects unloaded after import = 2
========================================================================
Received Import Request.
  Time since last request: 0.000033 seconds.
  path: Assets/Mirror/Examples/AdditiveScenes/Prefabs/Tank.prefab
  artifactKey: Guid(ab222ed73ada1ac4ba2f61e843d7627c) Importer(2089858483,0ecaa5967403d082aa24f35e1b516d23)
Number of updated assets reloaded before import = 0
Start importing Assets/Mirror/Examples/AdditiveScenes/Prefabs/Tank.prefab using Guid(ab222ed73ada1ac4ba2f61e843d7627c) Importer(2089858483,0ecaa5967403d082aa24f35e1b516d23)  -> (artifact id: '5c229f19d4b7fbb72ea6fc118b915548') in 0.032882 seconds 
Number of asset objects unloaded after import = 51
========================================================================
Received Import Request.
  Time since last request: 0.000027 seconds.
  path: Assets/Mirror/Examples/AdditiveLevels/Prefabs/Sphere.prefab
  artifactKey: Guid(e588080aa542be54d9ca9d5c734dc9ee) Importer(2089858483,0ecaa5967403d082aa24f35e1b516d23)
Number of updated assets reloaded before import = 0
Start importing Assets/Mirror/Examples/AdditiveLevels/Prefabs/Sphere.prefab using Guid(e588080aa542be54d9ca9d5c734dc9ee) Importer(2089858483,0ecaa5967403d082aa24f35e1b516d23)  -> (artifact id: '541012870349d6864d9fa5eca5925923') in 0.023203 seconds 
Number of asset objects unloaded after import = 9
========================================================================
Received Import Request.
  Time since last request: 0.000045 seconds.
  path: Assets/Mirror/Examples/CharacterSelection/Materials/MaterialBrown.mat
  artifactKey: Guid(b976126dcdf3a407b86a1488c2f05b98) Importer(2089858483,0ecaa5967403d082aa24f35e1b516d23)
Number of updated assets reloaded before import = 0
Start importing Assets/Mirror/Examples/CharacterSelection/Materials/MaterialBrown.mat using Guid(b976126dcdf3a407b86a1488c2f05b98) Importer(2089858483,0ecaa5967403d082aa24f35e1b516d23)  -> (artifact id: '996f281bcd1d9d8f11c1f747cb49c448') in 0.020026 seconds 
Number of asset objects unloaded after import = 1
========================================================================
Received Import Request.
  Time since last request: 0.000039 seconds.
  path: Assets/Mirror/Examples/Billiards/Ball/Red.prefab
  artifactKey: Guid(d07e00a439ecd46e79554ec89f65317b) Importer(2089858483,0ecaa5967403d082aa24f35e1b516d23)
Number of updated assets reloaded before import = 0
Start importing Assets/Mirror/Examples/Billiards/Ball/Red.prefab using Guid(d07e00a439ecd46e79554ec89f65317b) Importer(2089858483,0ecaa5967403d082aa24f35e1b516d23)  -> (artifact id: '85f7a2cea89de29fbbe18811f4a256a3') in 0.027818 seconds 
Number of asset objects unloaded after import = 12
========================================================================
Received Import Request.
  Time since last request: 0.000023 seconds.
  path: Assets/Mirror/Examples/AdditiveLevels/Scripts/FadeInOut.cs
  artifactKey: Guid(363a8867bb9c7b845a73233566df8c1e) Importer(2089858483,0ecaa5967403d082aa24f35e1b516d23)
Number of updated assets reloaded before import = 0
Start importing Assets/Mirror/Examples/AdditiveLevels/Scripts/FadeInOut.cs using Guid(363a8867bb9c7b845a73233566df8c1e) Importer(2089858483,0ecaa5967403d082aa24f35e1b516d23)  -> (artifact id: '4c3fefd95fdfb2a8351222c6c8ab6e15') in 0.014249 seconds 
Number of asset objects unloaded after import = 0
========================================================================
Received Import Request.
  Time since last request: 0.000032 seconds.
  path: Assets/Mirror/Examples/CharacterSelection/Scripts/SceneCamera.cs
  artifactKey: Guid(db9418a9e709a7844acac42de096cba6) Importer(2089858483,0ecaa5967403d082aa24f35e1b516d23)
Number of updated assets reloaded before import = 0
Start importing Assets/Mirror/Examples/CharacterSelection/Scripts/SceneCamera.cs using Guid(db9418a9e709a7844acac42de096cba6) Importer(2089858483,0ecaa5967403d082aa24f35e1b516d23)  -> (artifact id: '22a128a3f6cd9511c4deeee04e683838') in 0.010860 seconds 
Number of asset objects unloaded after import = 0
========================================================================
Received Import Request.
  Time since last request: 0.000020 seconds.
  path: Assets/Mirror/Examples/AssignAuthority/Scripts/ObserverBehaviour.cs
  artifactKey: Guid(63dc059051754fb4297a90f8a292cf37) Importer(2089858483,0ecaa5967403d082aa24f35e1b516d23)
Number of updated assets reloaded before import = 0
Start importing Assets/Mirror/Examples/AssignAuthority/Scripts/ObserverBehaviour.cs using Guid(63dc059051754fb4297a90f8a292cf37) Importer(2089858483,0ecaa5967403d082aa24f35e1b516d23)  -> (artifact id: '3c32247ad7d67ad99467c72d0172a252') in 0.013253 seconds 
Number of asset objects unloaded after import = 0
========================================================================
Received Import Request.
  Time since last request: 0.000024 seconds.
  path: Assets/Mirror/Examples/AdditiveLevels/Materials/StartPoint.mat
  artifactKey: Guid(ec3b6ac9651c31248bcfbf695e6f597a) Importer(2089858483,0ecaa5967403d082aa24f35e1b516d23)
Number of updated assets reloaded before import = 0
Start importing Assets/Mirror/Examples/AdditiveLevels/Materials/StartPoint.mat using Guid(ec3b6ac9651c31248bcfbf695e6f597a) Importer(2089858483,0ecaa5967403d082aa24f35e1b516d23)  -> (artifact id: '8d607f621c7982570f172b306d07838f') in 0.019072 seconds 
Number of asset objects unloaded after import = 1
========================================================================
Received Import Request.
  Time since last request: 0.000036 seconds.
  path: Assets/Mirror/Examples/CharacterSelection/Materials/MaterialIcon1.mat
  artifactKey: Guid(8571b3e10d2fa4348b4df0dbdc082c32) Importer(2089858483,0ecaa5967403d082aa24f35e1b516d23)
Number of updated assets reloaded before import = 0
Start importing Assets/Mirror/Examples/CharacterSelection/Materials/MaterialIcon1.mat using Guid(8571b3e10d2fa4348b4df0dbdc082c32) Importer(2089858483,0ecaa5967403d082aa24f35e1b516d23)  -> (artifact id: '3c67dd43ab16f1be339112b7cb4b7e9d') in 0.020074 seconds 
Number of asset objects unloaded after import = 2
========================================================================
Received Import Request.
  Time since last request: 0.000034 seconds.
  path: Assets/Mirror/Examples/AssignAuthority/Scripts/Player.cs
  artifactKey: Guid(d463043958d54f10aa72b7cb7f8da2cd) Importer(2089858483,0ecaa5967403d082aa24f35e1b516d23)
Number of updated assets reloaded before import = 0
Start importing Assets/Mirror/Examples/AssignAuthority/Scripts/Player.cs using Guid(d463043958d54f10aa72b7cb7f8da2cd) Importer(2089858483,0ecaa5967403d082aa24f35e1b516d23)  -> (artifact id: 'dfbbc836509e0e6b8634aa7cd3f30ac7') in 0.009875 seconds 
Number of asset objects unloaded after import = 0
========================================================================
Received Import Request.
  Time since last request: 0.000031 seconds.
  path: Assets/Mirror/Examples/BenchmarkStinkySteak/Prefabs/NetworkManager.prefab
  artifactKey: Guid(62d3b9c46c08c934ea2ac02811b3028d) Importer(2089858483,0ecaa5967403d082aa24f35e1b516d23)
Number of updated assets reloaded before import = 0
Start importing Assets/Mirror/Examples/BenchmarkStinkySteak/Prefabs/NetworkManager.prefab using Guid(62d3b9c46c08c934ea2ac02811b3028d) Importer(2089858483,0ecaa5967403d082aa24f35e1b516d23)  -> (artifact id: '904d1623ac30cc5f0a5f67a96e960209') in 0.026988 seconds 
Number of asset objects unloaded after import = 10
========================================================================
Received Import Request.
  Time since last request: 0.000030 seconds.
  path: Assets/Mirror/Examples/AdditiveLevels/Prefabs/Plane.prefab
  artifactKey: Guid(4fdcc4aa5c669b348a5954a92f5e8e89) Importer(2089858483,0ecaa5967403d082aa24f35e1b516d23)
Number of updated assets reloaded before import = 0
Start importing Assets/Mirror/Examples/AdditiveLevels/Prefabs/Plane.prefab using Guid(4fdcc4aa5c669b348a5954a92f5e8e89) Importer(2089858483,0ecaa5967403d082aa24f35e1b516d23)  -> (artifact id: 'e59c19bc733d7a951049e907b5450a65') in 0.024636 seconds 
Number of asset objects unloaded after import = 11
========================================================================
Received Import Request.
  Time since last request: 0.000025 seconds.
  path: Assets/Mirror/Examples/AdditiveScenes/Materials/Quad.mat
  artifactKey: Guid(6eb3f3ba66756364d8b94e662e7e8af5) Importer(2089858483,0ecaa5967403d082aa24f35e1b516d23)
Number of updated assets reloaded before import = 0
Start importing Assets/Mirror/Examples/AdditiveScenes/Materials/Quad.mat using Guid(6eb3f3ba66756364d8b94e662e7e8af5) Importer(2089858483,0ecaa5967403d082aa24f35e1b516d23)  -> (artifact id: 'aa257a1e5721a152f58c161cee33ebab') in 0.021522 seconds 
Number of asset objects unloaded after import = 1
========================================================================
Received Import Request.
  Time since last request: 0.000023 seconds.
  path: Assets/Mirror/Examples/EdgegapLobby/Scripts/UILobbyList.cs
  artifactKey: Guid(c5e5ad322f314077a66f889b58485188) Importer(2089858483,0ecaa5967403d082aa24f35e1b516d23)
Number of updated assets reloaded before import = 0
Start importing Assets/Mirror/Examples/EdgegapLobby/Scripts/UILobbyList.cs using Guid(c5e5ad322f314077a66f889b58485188) Importer(2089858483,0ecaa5967403d082aa24f35e1b516d23)  -> (artifact id: 'e8e78606d8fe62bbddab4e1e9e535593') in 0.011269 seconds 
Number of asset objects unloaded after import = 0
========================================================================
Received Import Request.
  Time since last request: 0.000040 seconds.
  path: Assets/Mirror/Examples/EdgegapLobby/Prefabs/LobbyUIEntry.prefab
  artifactKey: Guid(9ad36d24bb59d094dbf84bf5bbbdd1c6) Importer(2089858483,0ecaa5967403d082aa24f35e1b516d23)
Number of updated assets reloaded before import = 0
Start importing Assets/Mirror/Examples/EdgegapLobby/Prefabs/LobbyUIEntry.prefab using Guid(9ad36d24bb59d094dbf84bf5bbbdd1c6) Importer(2089858483,0ecaa5967403d082aa24f35e1b516d23)  -> (artifact id: 'c57193afb03f216d90b3dfd25e302aee') in 0.026872 seconds 
Number of asset objects unloaded after import = 16
========================================================================
Received Import Request.
  Time since last request: 0.000021 seconds.
  path: Assets/Mirror/Examples/Benchmark/Scenes/MirrorBenchmark.unity
  artifactKey: Guid(3b956c7d68b6144dd8e6c36636e25b52) Importer(2089858483,0ecaa5967403d082aa24f35e1b516d23)
Number of updated assets reloaded before import = 0
Start importing Assets/Mirror/Examples/Benchmark/Scenes/MirrorBenchmark.unity using Guid(3b956c7d68b6144dd8e6c36636e25b52) Importer(2089858483,0ecaa5967403d082aa24f35e1b516d23)  -> (artifact id: '9995ea0184d0b37466efc313a81acd88') in 0.010973 seconds 
Number of asset objects unloaded after import = 1
========================================================================
Received Import Request.
  Time since last request: 0.000029 seconds.
  path: Assets/Mirror/Examples/HexSpatialHash/Scripts/Hex2DPlayer.cs
  artifactKey: Guid(c71d1d9ad0bdf3d498e9caac7d172f56) Importer(2089858483,0ecaa5967403d082aa24f35e1b516d23)
Number of updated assets reloaded before import = 0
Start importing Assets/Mirror/Examples/HexSpatialHash/Scripts/Hex2DPlayer.cs using Guid(c71d1d9ad0bdf3d498e9caac7d172f56) Importer(2089858483,0ecaa5967403d082aa24f35e1b516d23)  -> (artifact id: 'bf5cefaf56576901dbf95ec24a2370b7') in 0.011870 seconds 
Number of asset objects unloaded after import = 0
========================================================================
Received Import Request.
  Time since last request: 0.000022 seconds.
  path: Assets/Mirror/Examples/AdditiveScenes/Prefabs/Cube.prefab
  artifactKey: Guid(4ff300cf6bb3c6342a9552c4f18788c8) Importer(2089858483,0ecaa5967403d082aa24f35e1b516d23)
Number of updated assets reloaded before import = 0
Start importing Assets/Mirror/Examples/AdditiveScenes/Prefabs/Cube.prefab using Guid(4ff300cf6bb3c6342a9552c4f18788c8) Importer(2089858483,0ecaa5967403d082aa24f35e1b516d23)  -> (artifact id: 'f282eb58c94e7484dacf3119447533e6') in 0.017195 seconds 
Number of asset objects unloaded after import = 10
========================================================================
Received Import Request.
  Time since last request: 0.000031 seconds.
  path: Assets/Mirror/Examples/AdditiveLevels/Prefabs/PlayerReliable.prefab
  artifactKey: Guid(9f0094c1325091d42a558274b947221f) Importer(2089858483,0ecaa5967403d082aa24f35e1b516d23)
Number of updated assets reloaded before import = 0
Start importing Assets/Mirror/Examples/AdditiveLevels/Prefabs/PlayerReliable.prefab using Guid(9f0094c1325091d42a558274b947221f) Importer(2089858483,0ecaa5967403d082aa24f35e1b516d23)  -> (artifact id: 'ef4ef7d7a610cfba5cbb7802958369c4') in 0.045566 seconds 
Number of asset objects unloaded after import = 164
========================================================================
Received Import Request.
  Time since last request: 0.000025 seconds.
  path: Assets/Mirror/Examples/AdditiveScenes/Materials/Shelter.mat
  artifactKey: Guid(aef230244d219314fb8453f0365b8176) Importer(2089858483,0ecaa5967403d082aa24f35e1b516d23)
Number of updated assets reloaded before import = 0
Start importing Assets/Mirror/Examples/AdditiveScenes/Materials/Shelter.mat using Guid(aef230244d219314fb8453f0365b8176) Importer(2089858483,0ecaa5967403d082aa24f35e1b516d23)  -> (artifact id: 'b68b48251936b626c762ecf9a13291bb') in 0.019919 seconds 
Number of asset objects unloaded after import = 1
========================================================================
Received Import Request.
  Time since last request: 0.000028 seconds.
  path: Assets/Mirror/Examples/Billiards/Table/BilliardTable Model.obj
  artifactKey: Guid(25f03344dfdd844f88e89487c558fe35) Importer(2089858483,0ecaa5967403d082aa24f35e1b516d23)
Number of updated assets reloaded before import = 0
Start importing Assets/Mirror/Examples/Billiards/Table/BilliardTable Model.obj using Guid(25f03344dfdd844f88e89487c558fe35) Importer(2089858483,0ecaa5967403d082aa24f35e1b516d23)  -> (artifact id: '6abe3593bb7a0820d951a8ba5bbc2b5c') in 0.070385 seconds 
Number of asset objects unloaded after import = 14
========================================================================
Received Import Request.
  Time since last request: 0.000030 seconds.
  path: Assets/Mirror/Examples/AdditiveLevels/Prefabs/StartPoint.prefab
  artifactKey: Guid(849c125c9d8094249b3c664da1cd143a) Importer(2089858483,0ecaa5967403d082aa24f35e1b516d23)
Number of updated assets reloaded before import = 0
Start importing Assets/Mirror/Examples/AdditiveLevels/Prefabs/StartPoint.prefab using Guid(849c125c9d8094249b3c664da1cd143a) Importer(2089858483,0ecaa5967403d082aa24f35e1b516d23)  -> (artifact id: '7c0a5e2fb3aa5a168694c7ad0423679d') in 0.020594 seconds 
Number of asset objects unloaded after import = 6
========================================================================
Received Import Request.
  Time since last request: 0.000046 seconds.
  path: Assets/Mirror/Examples/Billiards/Table/Felt.mat
  artifactKey: Guid(658caa508b3164eeca5e3847394e87a1) Importer(2089858483,0ecaa5967403d082aa24f35e1b516d23)
Number of updated assets reloaded before import = 0
Start importing Assets/Mirror/Examples/Billiards/Table/Felt.mat using Guid(658caa508b3164eeca5e3847394e87a1) Importer(2089858483,0ecaa5967403d082aa24f35e1b516d23)  -> (artifact id: 'cab44fb4d373c941833af7cd4d724cac') in 0.024611 seconds 
Number of asset objects unloaded after import = 1
========================================================================
Received Import Request.
  Time since last request: 0.000035 seconds.
  path: Assets/Mirror/Examples/AdditiveLevels/Scenes/MirrorAdditiveLevelsSubLevel2.unity
  artifactKey: Guid(e8e2dc8c3ef824b468c6f6e1980a4b27) Importer(2089858483,0ecaa5967403d082aa24f35e1b516d23)
Number of updated assets reloaded before import = 0
Start importing Assets/Mirror/Examples/AdditiveLevels/Scenes/MirrorAdditiveLevelsSubLevel2.unity using Guid(e8e2dc8c3ef824b468c6f6e1980a4b27) Importer(2089858483,0ecaa5967403d082aa24f35e1b516d23)  -> (artifact id: 'e927096775c280a3a7d2723d57187800') in 0.015206 seconds 
Number of asset objects unloaded after import = 1
========================================================================
Received Import Request.
  Time since last request: 0.000023 seconds.
  path: Assets/Mirror/Examples/AdditiveLevels/Scripts/LookAtMainCamera.cs
  artifactKey: Guid(cc58300ee45438a418d9e32957fdc0c0) Importer(2089858483,0ecaa5967403d082aa24f35e1b516d23)
Number of updated assets reloaded before import = 0
Start importing Assets/Mirror/Examples/AdditiveLevels/Scripts/LookAtMainCamera.cs using Guid(cc58300ee45438a418d9e32957fdc0c0) Importer(2089858483,0ecaa5967403d082aa24f35e1b516d23)  -> (artifact id: '623765609125e6ad78db7c3a879a01f3') in 0.013989 seconds 
Number of asset objects unloaded after import = 0
========================================================================
Received Import Request.
  Time since last request: 0.000028 seconds.
  path: Assets/Sprites/skeleton_2/attack_right/attack_right_2_0006.png
  artifactKey: Guid(3ddfd75ae530e314ea2af9dfcb23b8ee) Importer(2089858483,0ecaa5967403d082aa24f35e1b516d23)
Number of updated assets reloaded before import = 0
Start importing Assets/Sprites/skeleton_2/attack_right/attack_right_2_0006.png using Guid(3ddfd75ae530e314ea2af9dfcb23b8ee) Importer(2089858483,0ecaa5967403d082aa24f35e1b516d23)  -> (artifact id: '6f86a35f739af6d83030a68db27bc1c1') in 0.022503 seconds 
Number of asset objects unloaded after import = 3
========================================================================
Received Import Request.
  Time since last request: 0.000021 seconds.
  path: Assets/Sprites/UI/Inventory/key.png
  artifactKey: Guid(520479858bd6d98428b6978e02290d2e) Importer(2089858483,0ecaa5967403d082aa24f35e1b516d23)
Number of updated assets reloaded before import = 0
Start importing Assets/Sprites/UI/Inventory/key.png using Guid(520479858bd6d98428b6978e02290d2e) Importer(2089858483,0ecaa5967403d082aa24f35e1b516d23)  -> (artifact id: '988b622b433c8e29b43e473480788d3b') in 0.025013 seconds 
Number of asset objects unloaded after import = 3
========================================================================
Received Import Request.
  Time since last request: 0.000023 seconds.
  path: Assets/Mirror/Examples/PlayerTest/Rigidbody/PlayerRBReliable.prefab
  artifactKey: Guid(51b55303800297f4ba210567adf65d62) Importer(2089858483,0ecaa5967403d082aa24f35e1b516d23)
Number of updated assets reloaded before import = 0
Start importing Assets/Mirror/Examples/PlayerTest/Rigidbody/PlayerRBReliable.prefab using Guid(51b55303800297f4ba210567adf65d62) Importer(2089858483,0ecaa5967403d082aa24f35e1b516d23)  -> (artifact id: '6e83b0749616cf53336c7efff20f6756') in 0.057459 seconds 
Number of asset objects unloaded after import = 180
========================================================================
Received Import Request.
  Time since last request: 0.000026 seconds.
  path: Assets/Mirror/Examples/MultipleMatches/Scripts/MatchController.cs
  artifactKey: Guid(9ccb1dd1fc7cc624e9bff1d0d7a5c741) Importer(2089858483,0ecaa5967403d082aa24f35e1b516d23)
Number of updated assets reloaded before import = 0
Start importing Assets/Mirror/Examples/MultipleMatches/Scripts/MatchController.cs using Guid(9ccb1dd1fc7cc624e9bff1d0d7a5c741) Importer(2089858483,0ecaa5967403d082aa24f35e1b516d23)  -> (artifact id: '2abb2c18556fcc7a9764a8eb953e0d64') in 0.011999 seconds 
Number of asset objects unloaded after import = 0
========================================================================
Received Import Request.
  Time since last request: 0.000022 seconds.
  path: Assets/Mirror/Examples/Room/Prefabs/Reward.prefab
  artifactKey: Guid(52f1c9ea06cfd154cb68ff9d1b66fc13) Importer(2089858483,0ecaa5967403d082aa24f35e1b516d23)
Number of updated assets reloaded before import = 0
Start importing Assets/Mirror/Examples/Room/Prefabs/Reward.prefab using Guid(52f1c9ea06cfd154cb68ff9d1b66fc13) Importer(2089858483,0ecaa5967403d082aa24f35e1b516d23)  -> (artifact id: '142f97054affcdfb898cdd08d6250a0a') in 0.022544 seconds 
Number of asset objects unloaded after import = 13
========================================================================
Received Import Request.
  Time since last request: 0.000030 seconds.
  path: Assets/Mirror/Examples/Room/Scripts/PlayerScore.cs
  artifactKey: Guid(1ba998ee2eff92a419f4377519caf095) Importer(2089858483,0ecaa5967403d082aa24f35e1b516d23)
Number of updated assets reloaded before import = 0
Start importing Assets/Mirror/Examples/Room/Scripts/PlayerScore.cs using Guid(1ba998ee2eff92a419f4377519caf095) Importer(2089858483,0ecaa5967403d082aa24f35e1b516d23)  -> (artifact id: '7c5bd78e1e82fd30133f1211a9462eb8') in 0.011857 seconds 
Number of asset objects unloaded after import = 0
========================================================================
Received Import Request.
  Time since last request: 0.000039 seconds.
  path: Assets/Mirror/Examples/TopDownShooter/Scripts/CanvasTopDown.cs
  artifactKey: Guid(7c415e1bc259040ac9e72dea41b57c55) Importer(2089858483,0ecaa5967403d082aa24f35e1b516d23)
Number of updated assets reloaded before import = 0
Start importing Assets/Mirror/Examples/TopDownShooter/Scripts/CanvasTopDown.cs using Guid(7c415e1bc259040ac9e72dea41b57c55) Importer(2089858483,0ecaa5967403d082aa24f35e1b516d23)  -> (artifact id: '6aa064104bc22e355f06d0ee5bee3799') in 0.013535 seconds 
Number of asset objects unloaded after import = 0
========================================================================
Received Import Request.
  Time since last request: 0.000023 seconds.
  path: Assets/Mirror/Examples/MultipleMatches/Scenes/MirrorMultipleMatches.unity
  artifactKey: Guid(aa1f875396fa7d348a782cebc2f75d7c) Importer(2089858483,0ecaa5967403d082aa24f35e1b516d23)
Number of updated assets reloaded before import = 0
Start importing Assets/Mirror/Examples/MultipleMatches/Scenes/MirrorMultipleMatches.unity using Guid(aa1f875396fa7d348a782cebc2f75d7c) Importer(2089858483,0ecaa5967403d082aa24f35e1b516d23)  -> (artifact id: '2214df694ae9239a5de72a0224f0f487') in 0.010677 seconds 
Number of asset objects unloaded after import = 1
========================================================================
Received Import Request.
  Time since last request: 0.000027 seconds.
  path: Assets/Mirror/Examples/TopDownShooter/Materials/RespawnPortal.mat
  artifactKey: Guid(1bde4b1cc0d324a529422ec57b7de6f0) Importer(2089858483,0ecaa5967403d082aa24f35e1b516d23)
Number of updated assets reloaded before import = 0
Start importing Assets/Mirror/Examples/TopDownShooter/Materials/RespawnPortal.mat using Guid(1bde4b1cc0d324a529422ec57b7de6f0) Importer(2089858483,0ecaa5967403d082aa24f35e1b516d23)  -> (artifact id: '0f58d27e4016553f8a92db65be84223d') in 0.057279 seconds 
Number of asset objects unloaded after import = 2
========================================================================
Received Import Request.
  Time since last request: 0.000028 seconds.
  path: Assets/Mirror/Examples/Room/Scripts/Spawner.cs
  artifactKey: Guid(0bf5c082d04f7ea459fcd30e60b5bd70) Importer(2089858483,0ecaa5967403d082aa24f35e1b516d23)
Number of updated assets reloaded before import = 0
Start importing Assets/Mirror/Examples/Room/Scripts/Spawner.cs using Guid(0bf5c082d04f7ea459fcd30e60b5bd70) Importer(2089858483,0ecaa5967403d082aa24f35e1b516d23)  -> (artifact id: 'cca90fb2e435d1106030392216f8893a') in 0.012686 seconds 
Number of asset objects unloaded after import = 0
========================================================================
Received Import Request.
  Time since last request: 0.000032 seconds.
  path: Assets/Mirror/Examples/Room/Prefabs/GamePlayerUnreliable.prefab
  artifactKey: Guid(9b2197c3791be1a4488859e90a6340a3) Importer(2089858483,0ecaa5967403d082aa24f35e1b516d23)
Number of updated assets reloaded before import = 0
Start importing Assets/Mirror/Examples/Room/Prefabs/GamePlayerUnreliable.prefab using Guid(9b2197c3791be1a4488859e90a6340a3) Importer(2089858483,0ecaa5967403d082aa24f35e1b516d23)  -> (artifact id: '5242cafc93bcae2c36e31c8d6b484dff') in 0.044774 seconds 
Number of asset objects unloaded after import = 165
========================================================================
Received Import Request.
  Time since last request: 0.000024 seconds.
  path: Assets/Mirror/Examples/RigidbodyPhysics/PhysicMaterials/Ball.physicMaterial
  artifactKey: Guid(f2bb9a8ecc30457468aea7dacef6f5de) Importer(2089858483,0ecaa5967403d082aa24f35e1b516d23)
Number of updated assets reloaded before import = 0
Start importing Assets/Mirror/Examples/RigidbodyPhysics/PhysicMaterials/Ball.physicMaterial using Guid(f2bb9a8ecc30457468aea7dacef6f5de) Importer(2089858483,0ecaa5967403d082aa24f35e1b516d23)  -> (artifact id: 'e39b20685308bef945135685652e8140') in 0.010908 seconds 
Number of asset objects unloaded after import = 1
========================================================================
Received Import Request.
  Time since last request: 0.000025 seconds.
  path: Assets/Mirror/Examples/RigidbodyBenchmark/Prefabs/Player Ball.prefab
  artifactKey: Guid(f2727d7d9d2ae43dc8757c9c45e889f3) Importer(2089858483,0ecaa5967403d082aa24f35e1b516d23)
Number of updated assets reloaded before import = 0
Start importing Assets/Mirror/Examples/RigidbodyBenchmark/Prefabs/Player Ball.prefab using Guid(f2727d7d9d2ae43dc8757c9c45e889f3) Importer(2089858483,0ecaa5967403d082aa24f35e1b516d23)  -> (artifact id: 'c3f7f63c8dbec342d849d901cbefad7b') in 0.031009 seconds 
Number of asset objects unloaded after import = 12
========================================================================
Received Import Request.
  Time since last request: 0.000024 seconds.
  path: Assets/Mirror/Examples/PlayerTest/Rigidbody/PlayerRBHybrid.prefab
  artifactKey: Guid(26433cf84d806564491a56c685a18f82) Importer(2089858483,0ecaa5967403d082aa24f35e1b516d23)
Number of updated assets reloaded before import = 0
Start importing Assets/Mirror/Examples/PlayerTest/Rigidbody/PlayerRBHybrid.prefab using Guid(26433cf84d806564491a56c685a18f82) Importer(2089858483,0ecaa5967403d082aa24f35e1b516d23)  -> (artifact id: '4ecfb24b2809c7ce15023d3869b4e385') in 0.045420 seconds 
Number of asset objects unloaded after import = 180
========================================================================
Received Import Request.
  Time since last request: 0.000041 seconds.
  path: Assets/Mirror/Examples/RigidbodyPhysics/Prefabs/Player Ball.prefab
  artifactKey: Guid(c6cf80717befa4eee90b94e6b416b0ca) Importer(2089858483,0ecaa5967403d082aa24f35e1b516d23)
Number of updated assets reloaded before import = 0
Start importing Assets/Mirror/Examples/RigidbodyPhysics/Prefabs/Player Ball.prefab using Guid(c6cf80717befa4eee90b94e6b416b0ca) Importer(2089858483,0ecaa5967403d082aa24f35e1b516d23)  -> (artifact id: 'fcf1d5a991129f1b986eb4f6e6bca32c') in 0.038619 seconds 
Number of asset objects unloaded after import = 12
========================================================================
Received Import Request.
  Time since last request: 0.000034 seconds.
  path: Assets/Mirror/Examples/TopDownShooter/Materials/MaterialYellow.mat
  artifactKey: Guid(e7ead3db0b56746e9a3deb1bd6ef47c6) Importer(2089858483,0ecaa5967403d082aa24f35e1b516d23)
Number of updated assets reloaded before import = 0
Start importing Assets/Mirror/Examples/TopDownShooter/Materials/MaterialYellow.mat using Guid(e7ead3db0b56746e9a3deb1bd6ef47c6) Importer(2089858483,0ecaa5967403d082aa24f35e1b516d23)  -> (artifact id: '08e08259cb6f4ccaefa9ca75269afaf2') in 0.019367 seconds 
Number of asset objects unloaded after import = 1
========================================================================
Received Import Request.
  Time since last request: 0.000028 seconds.
  path: Assets/Mirror/Examples/Tanks/Scripts/Tank.cs
  artifactKey: Guid(7deadf756194d461e9140e42d651693b) Importer(2089858483,0ecaa5967403d082aa24f35e1b516d23)
Number of updated assets reloaded before import = 0
Start importing Assets/Mirror/Examples/Tanks/Scripts/Tank.cs using Guid(7deadf756194d461e9140e42d651693b) Importer(2089858483,0ecaa5967403d082aa24f35e1b516d23)  -> (artifact id: 'e9532ad8f78d1d410ee3f635e546c170') in 0.010435 seconds 
Number of asset objects unloaded after import = 0
========================================================================
Received Import Request.
  Time since last request: 0.000036 seconds.
  path: Assets/Mirror/Examples/Tanks/Scripts/Projectile.cs
  artifactKey: Guid(8f49b83f111a64bc7a5275af4f6f930b) Importer(2089858483,0ecaa5967403d082aa24f35e1b516d23)
Number of updated assets reloaded before import = 0
Start importing Assets/Mirror/Examples/Tanks/Scripts/Projectile.cs using Guid(8f49b83f111a64bc7a5275af4f6f930b) Importer(2089858483,0ecaa5967403d082aa24f35e1b516d23)  -> (artifact id: '7c75c70225cc3fec6f87509be7e54560') in 0.010890 seconds 
Number of asset objects unloaded after import = 0
========================================================================
Received Import Request.
  Time since last request: 0.000024 seconds.
  path: Assets/Mirror/Examples/TopDownShooter/Textures/PlayerFootLeft.png
  artifactKey: Guid(978f4a6963d304ef4997b65eaeb022fb) Importer(2089858483,0ecaa5967403d082aa24f35e1b516d23)
Number of updated assets reloaded before import = 0
Start importing Assets/Mirror/Examples/TopDownShooter/Textures/PlayerFootLeft.png using Guid(978f4a6963d304ef4997b65eaeb022fb) Importer(2089858483,0ecaa5967403d082aa24f35e1b516d23)  -> (artifact id: '6002ca822daecd0eb07d3560dd7e10ba') in 0.020112 seconds 
Number of asset objects unloaded after import = 1
========================================================================
Received Import Request.
  Time since last request: 0.000030 seconds.
  path: Assets/Mirror/Examples/TopDownShooter/Materials/PlayerLF.mat
  artifactKey: Guid(93e057f00bb184679afe3276f76c7a91) Importer(2089858483,0ecaa5967403d082aa24f35e1b516d23)
Number of updated assets reloaded before import = 0
Start importing Assets/Mirror/Examples/TopDownShooter/Materials/PlayerLF.mat using Guid(93e057f00bb184679afe3276f76c7a91) Importer(2089858483,0ecaa5967403d082aa24f35e1b516d23)  -> (artifact id: '5ba0b98517f8de93a31f1b9148ee4b55') in 0.021910 seconds 
Number of asset objects unloaded after import = 2
========================================================================
Received Import Request.
  Time since last request: 0.000021 seconds.
  path: Assets/Mirror/Examples/TankTheftAuto/Scripts/TankTheftAutoNetMan.cs
  artifactKey: Guid(428012adc920d443cb0663d2dcb7ce02) Importer(2089858483,0ecaa5967403d082aa24f35e1b516d23)
Number of updated assets reloaded before import = 0
Start importing Assets/Mirror/Examples/TankTheftAuto/Scripts/TankTheftAutoNetMan.cs using Guid(428012adc920d443cb0663d2dcb7ce02) Importer(2089858483,0ecaa5967403d082aa24f35e1b516d23)  -> (artifact id: '02524750656febf630c14c62c198c0ca') in 0.013186 seconds 
Number of asset objects unloaded after import = 1
========================================================================
Received Import Request.
  Time since last request: 0.000047 seconds.
  path: Assets/Mirror/Examples/Room/Materials/Prize.mat
  artifactKey: Guid(a1d7c9f39b41d414d86e64f7761cd545) Importer(2089858483,0ecaa5967403d082aa24f35e1b516d23)
Number of updated assets reloaded before import = 0
Start importing Assets/Mirror/Examples/Room/Materials/Prize.mat using Guid(a1d7c9f39b41d414d86e64f7761cd545) Importer(2089858483,0ecaa5967403d082aa24f35e1b516d23)  -> (artifact id: '3b0c96645b2fb80490689c4357d37d88') in 0.021569 seconds 
Number of asset objects unloaded after import = 1
========================================================================
Received Import Request.
  Time since last request: 0.000023 seconds.
  path: Assets/Mirror/Examples/TankTheftAuto/Prefabs/PlayerReliable.prefab
  artifactKey: Guid(ed5ad50f0736c40f28c9ffc195b0a5f5) Importer(2089858483,0ecaa5967403d082aa24f35e1b516d23)
Number of updated assets reloaded before import = 0
Start importing Assets/Mirror/Examples/TankTheftAuto/Prefabs/PlayerReliable.prefab using Guid(ed5ad50f0736c40f28c9ffc195b0a5f5) Importer(2089858483,0ecaa5967403d082aa24f35e1b516d23)  -> (artifact id: 'e2b15410b5144285356d39f4af533f74') in 0.035234 seconds 
Number of asset objects unloaded after import = 164
========================================================================
Received Import Request.
  Time since last request: 0.000022 seconds.
  path: Assets/Mirror/Examples/TopDownShooter/Textures/CornerUI.png
  artifactKey: Guid(d676a19c7b3d44073a9a585786f11951) Importer(2089858483,0ecaa5967403d082aa24f35e1b516d23)
Number of updated assets reloaded before import = 0
Start importing Assets/Mirror/Examples/TopDownShooter/Textures/CornerUI.png using Guid(d676a19c7b3d44073a9a585786f11951) Importer(2089858483,0ecaa5967403d082aa24f35e1b516d23)  -> (artifact id: '4a4f45cb02552e64ee4951c2941333db') in 0.027260 seconds 
Number of asset objects unloaded after import = 3
========================================================================
Received Import Request.
  Time since last request: 0.000026 seconds.
  path: Assets/Mirror/Examples/Pong/Prefabs/Ball.prefab
  artifactKey: Guid(5f7a7f34494ed40268eff49dbf9168bf) Importer(2089858483,0ecaa5967403d082aa24f35e1b516d23)
Number of updated assets reloaded before import = 0
Start importing Assets/Mirror/Examples/Pong/Prefabs/Ball.prefab using Guid(5f7a7f34494ed40268eff49dbf9168bf) Importer(2089858483,0ecaa5967403d082aa24f35e1b516d23)  -> (artifact id: '7fd7ede82b43846d153002a2247a4d9e') in 0.032837 seconds 
Number of asset objects unloaded after import = 13
========================================================================
Received Import Request.
  Time since last request: 0.000025 seconds.
  path: Assets/Mirror/Examples/PickupsDropsChilds/Prefabs/SceneObject.prefab
  artifactKey: Guid(41c6c51270a8bab40b39ca7962e9ac6c) Importer(2089858483,0ecaa5967403d082aa24f35e1b516d23)
Number of updated assets reloaded before import = 0
Start importing Assets/Mirror/Examples/PickupsDropsChilds/Prefabs/SceneObject.prefab using Guid(41c6c51270a8bab40b39ca7962e9ac6c) Importer(2089858483,0ecaa5967403d082aa24f35e1b516d23)  -> (artifact id: 'e25e11e7e43cffa98c36ff30a56d952f') in 0.045041 seconds 
Number of asset objects unloaded after import = 29
========================================================================
Received Import Request.
  Time since last request: 0.000034 seconds.
  path: Assets/Mirror/Examples/TopDownShooter/Scripts/RespawnPortal.cs
  artifactKey: Guid(9f8a07eafc4eb42f3a5152fe7d9255fa) Importer(2089858483,0ecaa5967403d082aa24f35e1b516d23)
Number of updated assets reloaded before import = 0
Start importing Assets/Mirror/Examples/TopDownShooter/Scripts/RespawnPortal.cs using Guid(9f8a07eafc4eb42f3a5152fe7d9255fa) Importer(2089858483,0ecaa5967403d082aa24f35e1b516d23)  -> (artifact id: 'bd3429c80888eb4d8d94cd2242712efb') in 0.010761 seconds 
Number of asset objects unloaded after import = 0
========================================================================
Received Import Request.
  Time since last request: 0.000032 seconds.
  path: Assets/Mirror/Examples/TopDownShooter/Materials/Enemy.mat
  artifactKey: Guid(b8c9aa0ef913d4d8890724ec1361d272) Importer(2089858483,0ecaa5967403d082aa24f35e1b516d23)
Number of updated assets reloaded before import = 0
Start importing Assets/Mirror/Examples/TopDownShooter/Materials/Enemy.mat using Guid(b8c9aa0ef913d4d8890724ec1361d272) Importer(2089858483,0ecaa5967403d082aa24f35e1b516d23)  -> (artifact id: '3a9693938e353e46210fb791b2c4452e') in 0.022283 seconds 
Number of asset objects unloaded after import = 2
========================================================================
Received Import Request.
  Time since last request: 0.000029 seconds.
  path: Assets/TextMesh Pro/Examples & Extras/Resources/Fonts & Materials/LiberationSans SDF - Overlay.mat
  artifactKey: Guid(9ad269c99dcf42b7aedefd83dd5a7b9d) Importer(2089858483,0ecaa5967403d082aa24f35e1b516d23)
Number of updated assets reloaded before import = 0
Start importing Assets/TextMesh Pro/Examples & Extras/Resources/Fonts & Materials/LiberationSans SDF - Overlay.mat using Guid(9ad269c99dcf42b7aedefd83dd5a7b9d) Importer(2089858483,0ecaa5967403d082aa24f35e1b516d23)  -> (artifact id: 'bfe1e11c16ed8361289d921ad831fd4a') in 0.032778 seconds 
Number of asset objects unloaded after import = 2
========================================================================
Received Import Request.
  Time since last request: 0.000051 seconds.
  path: Assets/Mirror/Transports/Edgegap/EdgegapLobby/EdgegapLobbyKcpTransport.cs
  artifactKey: Guid(fa9d4c3f48a245ed89f122f44e1e81ea) Importer(2089858483,0ecaa5967403d082aa24f35e1b516d23)
Number of updated assets reloaded before import = 0
Start importing Assets/Mirror/Transports/Edgegap/EdgegapLobby/EdgegapLobbyKcpTransport.cs using Guid(fa9d4c3f48a245ed89f122f44e1e81ea) Importer(2089858483,0ecaa5967403d082aa24f35e1b516d23)  -> (artifact id: 'a08d2885738ddb8c5ea81807b08fcb7b') in 0.013928 seconds 
Number of asset objects unloaded after import = 1
========================================================================
Received Import Request.
  Time since last request: 0.000023 seconds.
  path: Assets/Mirror/Examples/_Common/Textures/Wall01.jpg
  artifactKey: Guid(c23fa1f1515f4442892cfe827ab8493e) Importer(2089858483,0ecaa5967403d082aa24f35e1b516d23)
Number of updated assets reloaded before import = 0
Start importing Assets/Mirror/Examples/_Common/Textures/Wall01.jpg using Guid(c23fa1f1515f4442892cfe827ab8493e) Importer(2089858483,0ecaa5967403d082aa24f35e1b516d23)  -> (artifact id: '7ce52c1e3f0e9fee56ebee7a2582650c') in 0.022776 seconds 
Number of asset objects unloaded after import = 1
========================================================================
Received Import Request.
  Time since last request: 0.000030 seconds.
  path: Assets/Sprites/Gear/hat/pants/pants_idle_right.png
  artifactKey: Guid(3d3a628dd04fd8c49aa4dc7041c4d346) Importer(2089858483,0ecaa5967403d082aa24f35e1b516d23)
Number of updated assets reloaded before import = 0
Start importing Assets/Sprites/Gear/hat/pants/pants_idle_right.png using Guid(3d3a628dd04fd8c49aa4dc7041c4d346) Importer(2089858483,0ecaa5967403d082aa24f35e1b516d23)  -> (artifact id: 'd1fd2e2e0ce20ccdf791256fa0b46743') in 0.066775 seconds 
Number of asset objects unloaded after import = 14
========================================================================
Received Import Request.
  Time since last request: 0.000023 seconds.
  path: Assets/Mirror/Examples/AdditiveScenes/Scenes/MirrorAdditiveScenesMain/ReflectionProbe-0.exr
  artifactKey: Guid(9cb9c1b35983e37428ad64fd87a8c975) Importer(2089858483,0ecaa5967403d082aa24f35e1b516d23)
Number of updated assets reloaded before import = 0
Start importing Assets/Mirror/Examples/AdditiveScenes/Scenes/MirrorAdditiveScenesMain/ReflectionProbe-0.exr using Guid(9cb9c1b35983e37428ad64fd87a8c975) Importer(2089858483,0ecaa5967403d082aa24f35e1b516d23)  -> (artifact id: '85e2fb6a1836013fac49f4008cc93b5f') in 0.021418 seconds 
Number of asset objects unloaded after import = 1
========================================================================
Received Import Request.
  Time since last request: 0.000024 seconds.
  path: Assets/Mirror/Hosting/Edgegap/Models/DeployPostData.cs
  artifactKey: Guid(1104fd207090055458d0a140f0c8ab0d) Importer(2089858483,0ecaa5967403d082aa24f35e1b516d23)
Number of updated assets reloaded before import = 0
Start importing Assets/Mirror/Hosting/Edgegap/Models/DeployPostData.cs using Guid(1104fd207090055458d0a140f0c8ab0d) Importer(2089858483,0ecaa5967403d082aa24f35e1b516d23)  -> (artifact id: 'ada39e00911448daff1075bbda1bc62e') in 0.011596 seconds 
Number of asset objects unloaded after import = 0
========================================================================
Received Import Request.
  Time since last request: 0.000040 seconds.
  path: Assets/Mirror/Examples/MultipleAdditiveScenes/Materials/Physics/Icosphere.physicMaterial
  artifactKey: Guid(47163bc0301c1a146bbaa4d539a6ac36) Importer(2089858483,0ecaa5967403d082aa24f35e1b516d23)
Number of updated assets reloaded before import = 0
Start importing Assets/Mirror/Examples/MultipleAdditiveScenes/Materials/Physics/Icosphere.physicMaterial using Guid(47163bc0301c1a146bbaa4d539a6ac36) Importer(2089858483,0ecaa5967403d082aa24f35e1b516d23)  -> (artifact id: 'c47c1ef3aa0b624932cb1c20647d0a53') in 0.016661 seconds 
Number of asset objects unloaded after import = 1
========================================================================
Received Import Request.
  Time since last request: 0.000022 seconds.
  path: Assets/TextMesh Pro/Examples & Extras/Resources/Fonts & Materials/Bangers SDF - Drop Shadow.mat
  artifactKey: Guid(f2dcf029949142e28b974630369c8b4e) Importer(2089858483,0ecaa5967403d082aa24f35e1b516d23)
Number of updated assets reloaded before import = 0
Start importing Assets/TextMesh Pro/Examples & Extras/Resources/Fonts & Materials/Bangers SDF - Drop Shadow.mat using Guid(f2dcf029949142e28b974630369c8b4e) Importer(2089858483,0ecaa5967403d082aa24f35e1b516d23)  -> (artifact id: 'cbc19900bac1aa2fbf768df44224f46f') in 0.032350 seconds 
Number of asset objects unloaded after import = 2
========================================================================
Received Import Request.
  Time since last request: 0.000025 seconds.
  path: Assets/Mirror/Transports/Telepathy/Telepathy/Pool.cs
  artifactKey: Guid(6d3e530f6872642ec81e9b8b76277c93) Importer(2089858483,0ecaa5967403d082aa24f35e1b516d23)
Number of updated assets reloaded before import = 0
Start importing Assets/Mirror/Transports/Telepathy/Telepathy/Pool.cs using Guid(6d3e530f6872642ec81e9b8b76277c93) Importer(2089858483,0ecaa5967403d082aa24f35e1b516d23)  -> (artifact id: 'e3a229dda9f726580d1a45889feb986e') in 0.011087 seconds 
Number of asset objects unloaded after import = 0
========================================================================
Received Import Request.
  Time since last request: 0.000037 seconds.
  path: Assets/Sprites/Gear/hat/pants/pants_idle_left.png
  artifactKey: Guid(cd082a582e166cd46b01add70e07e52f) Importer(2089858483,0ecaa5967403d082aa24f35e1b516d23)
Number of updated assets reloaded before import = 0
Start importing Assets/Sprites/Gear/hat/pants/pants_idle_left.png using Guid(cd082a582e166cd46b01add70e07e52f) Importer(2089858483,0ecaa5967403d082aa24f35e1b516d23)  -> (artifact id: 'eee896d63d9c7a136fdce9c9124d64dd') in 0.062427 seconds 
Number of asset objects unloaded after import = 14
========================================================================
Received Import Request.
  Time since last request: 0.000031 seconds.
  path: Assets/TextMesh Pro/Examples & Extras/Resources/Fonts & Materials/LiberationSans SDF - Soft Mask.mat
  artifactKey: Guid(42df1c7856584b6b8db9a509b6b10074) Importer(2089858483,0ecaa5967403d082aa24f35e1b516d23)
Number of updated assets reloaded before import = 0
Start importing Assets/TextMesh Pro/Examples & Extras/Resources/Fonts & Materials/LiberationSans SDF - Soft Mask.mat using Guid(42df1c7856584b6b8db9a509b6b10074) Importer(2089858483,0ecaa5967403d082aa24f35e1b516d23)  -> (artifact id: '1ce75c29fc2bc2ca4bf0f08a42523ae9') in 0.033054 seconds 
Number of asset objects unloaded after import = 3
========================================================================
Received Import Request.
  Time since last request: 0.000031 seconds.
  path: Assets/Sprites/Gear/hat/pants/pants_attack_left.png
  artifactKey: Guid(f5c2b80f00f690941955d81aba8140a2) Importer(2089858483,0ecaa5967403d082aa24f35e1b516d23)
Number of updated assets reloaded before import = 0
Start importing Assets/Sprites/Gear/hat/pants/pants_attack_left.png using Guid(f5c2b80f00f690941955d81aba8140a2) Importer(2089858483,0ecaa5967403d082aa24f35e1b516d23)  -> (artifact id: 'c3e62fbb809956987fd1d3c23cd57a5c') in 0.052338 seconds 
Number of asset objects unloaded after import = 12
========================================================================
Received Import Request.
  Time since last request: 0.000023 seconds.
  path: Assets/Sprites/Gear/hat/pants/pants_walk_front.png
  artifactKey: Guid(f9beb4adf1c5d4f4aa7f7dd5fbb363b5) Importer(2089858483,0ecaa5967403d082aa24f35e1b516d23)
Number of updated assets reloaded before import = 0
Start importing Assets/Sprites/Gear/hat/pants/pants_walk_front.png using Guid(f9beb4adf1c5d4f4aa7f7dd5fbb363b5) Importer(2089858483,0ecaa5967403d082aa24f35e1b516d23)  -> (artifact id: 'ca164b95c1b2ca1545fef7bee4e28d1b') in 0.077205 seconds 
Number of asset objects unloaded after import = 18
========================================================================
Received Import Request.
  Time since last request: 0.000043 seconds.
  path: Assets/Mirror/Transports/Encryption/Editor/EncryptionTransportInspector.cs
  artifactKey: Guid(871580d2094a46139279d651cec92b5d) Importer(2089858483,0ecaa5967403d082aa24f35e1b516d23)
Number of updated assets reloaded before import = 0
Start importing Assets/Mirror/Transports/Encryption/Editor/EncryptionTransportInspector.cs using Guid(871580d2094a46139279d651cec92b5d) Importer(2089858483,0ecaa5967403d082aa24f35e1b516d23)  -> (artifact id: 'db429bd9ea4bdade88b49a9da1e00643') in 0.012606 seconds 
Number of asset objects unloaded after import = 0
========================================================================
Received Import Request.
  Time since last request: 0.000022 seconds.
  path: Assets/Mirror/Transports/SimpleWeb/SimpleWeb/AssemblyInfo.cs
  artifactKey: Guid(ee9e76201f7665244bd6ab8ea343a83f) Importer(2089858483,0ecaa5967403d082aa24f35e1b516d23)
Number of updated assets reloaded before import = 0
Start importing Assets/Mirror/Transports/SimpleWeb/SimpleWeb/AssemblyInfo.cs using Guid(ee9e76201f7665244bd6ab8ea343a83f) Importer(2089858483,0ecaa5967403d082aa24f35e1b516d23)  -> (artifact id: '882a868ed08db1177da26ebca4862e7b') in 0.012567 seconds 
Number of asset objects unloaded after import = 0
========================================================================
Received Import Request.
  Time since last request: 0.000023 seconds.
  path: Assets/TextMesh Pro/Examples & Extras/Resources/Fonts & Materials/Bangers SDF.asset
  artifactKey: Guid(125cb55b44b24c4393181402bc6200e6) Importer(2089858483,0ecaa5967403d082aa24f35e1b516d23)
Number of updated assets reloaded before import = 0
Start importing Assets/TextMesh Pro/Examples & Extras/Resources/Fonts & Materials/Bangers SDF.asset using Guid(125cb55b44b24c4393181402bc6200e6) Importer(2089858483,0ecaa5967403d082aa24f35e1b516d23)  -> (artifact id: '6764ec9c3c5bef3be305d00e0c8c0e6a') in 0.049988 seconds 
Number of asset objects unloaded after import = 5
========================================================================
Received Import Request.
  Time since last request: 0.000021 seconds.
  path: Assets/Mirror/Examples/TopDownShooter/Textures/RespawnPortal.png
  artifactKey: Guid(b4cf0a488e623472d99d3c9207ee7ffc) Importer(2089858483,0ecaa5967403d082aa24f35e1b516d23)
Number of updated assets reloaded before import = 0
Start importing Assets/Mirror/Examples/TopDownShooter/Textures/RespawnPortal.png using Guid(b4cf0a488e623472d99d3c9207ee7ffc) Importer(2089858483,0ecaa5967403d082aa24f35e1b516d23)  -> (artifact id: 'aa56c029f938b5ba8203f22b6698a873') in 0.023134 seconds 
Number of asset objects unloaded after import = 1
========================================================================
Received Import Request.
  Time since last request: 0.000023 seconds.
  path: Assets/Mirror/Examples/PlayerTest/Tank/TankUnreliable.prefab
  artifactKey: Guid(9bd31db974ca89b48bc14fea3f29ee92) Importer(2089858483,0ecaa5967403d082aa24f35e1b516d23)
Number of updated assets reloaded before import = 0
Start importing Assets/Mirror/Examples/PlayerTest/Tank/TankUnreliable.prefab using Guid(9bd31db974ca89b48bc14fea3f29ee92) Importer(2089858483,0ecaa5967403d082aa24f35e1b516d23) SendMessage cannot be called during Awake, CheckConsistency, or OnValidate (3D Model: OnMeshFilterChanged)
UnityEngine.StackTraceUtility:ExtractStackTrace ()
UnityEditor.AssetDatabase:LoadAssetAtPath<UnityEngine.GameObject> (string)
Mirror.Examples.Common.Controllers.Tank.TankTurretBase:Reset () (at Assets/Mirror/Examples/_Common/Controllers/TankController/TankTurretBase.cs:254)
Mirror.Examples.Common.Controllers.Tank.TankTurretUnreliable:Reset () (at Assets/Mirror/Examples/_Common/Controllers/TankController/TankTurretUnreliable.cs:16)
Mirror.Examples.Common.Controllers.Tank.TankTurretBase:OnValidate () (at Assets/Mirror/Examples/_Common/Controllers/TankController/TankTurretBase.cs:190)
UnityEditor.AssetDatabase:LoadAssetAtPath<UnityEngine.GameObject> (string)
UnityEditor.Search.AssetIndexer:IndexDocument (string,bool)
UnityEditor.Search.SearchIndexEntryImporter:OnImportAsset (UnityEditor.AssetImporters.AssetImportContext)
UnityEditor.AssetImporters.ScriptedImporter:GenerateAssetData (UnityEditor.AssetImporters.AssetImportContext)

[Assets/Mirror/Examples/_Common/Controllers/TankController/TankTurretBase.cs line 254]

 -> (artifact id: '6661233232c2d14e8f36a2194c29fba3') in 0.069439 seconds 
Number of asset objects unloaded after import = 278
========================================================================
Received Import Request.
  Time since last request: 0.000020 seconds.
  path: Assets/Mirror/Examples/_Common/Controllers/TankController/TankHealth.cs
  artifactKey: Guid(a98fd0a5ae4916d48bdcdb0e8c99a5cc) Importer(2089858483,0ecaa5967403d082aa24f35e1b516d23)
Number of updated assets reloaded before import = 0
Start importing Assets/Mirror/Examples/_Common/Controllers/TankController/TankHealth.cs using Guid(a98fd0a5ae4916d48bdcdb0e8c99a5cc) Importer(2089858483,0ecaa5967403d082aa24f35e1b516d23)  -> (artifact id: 'ac144172d8f099576aed49c10623d941') in 0.012387 seconds 
Number of asset objects unloaded after import = 1
========================================================================
Received Import Request.
  Time since last request: 0.000030 seconds.
  path: Assets/Mirror/Hosting/Edgegap/Editor/Images/discord-brands-solid.svg
  artifactKey: Guid(d37be086c50d58c4b8081e09c29b82cd) Importer(2089858483,0ecaa5967403d082aa24f35e1b516d23)
Number of updated assets reloaded before import = 0
Start importing Assets/Mirror/Hosting/Edgegap/Editor/Images/discord-brands-solid.svg using Guid(d37be086c50d58c4b8081e09c29b82cd) Importer(2089858483,0ecaa5967403d082aa24f35e1b516d23)  -> (artifact id: '20843e0b65c7814440b50b9a0eeb121f') in 0.014302 seconds 
Number of asset objects unloaded after import = 1
========================================================================
Received Import Request.
  Time since last request: 0.000030 seconds.
  path: Assets/Mirror/Examples/_Common/Scripts/CanvasNetworkManagerHUD/CanvasNetworkManagerHUD.cs
  artifactKey: Guid(280f31d6f8b054f40b424ccf715b4488) Importer(2089858483,0ecaa5967403d082aa24f35e1b516d23)
Number of updated assets reloaded before import = 0
Start importing Assets/Mirror/Examples/_Common/Scripts/CanvasNetworkManagerHUD/CanvasNetworkManagerHUD.cs using Guid(280f31d6f8b054f40b424ccf715b4488) Importer(2089858483,0ecaa5967403d082aa24f35e1b516d23)  -> (artifact id: 'aa06816286d016d5d79db19ac2950208') in 0.012516 seconds 
Number of asset objects unloaded after import = 1
========================================================================
Received Import Request.
  Time since last request: 0.000044 seconds.
  path: Assets/Mirror/Hosting/Edgegap/Editor/Fonts/Spartan-Regular SDF.asset
  artifactKey: Guid(8b0fb2c68be09174f8ea5057b27a545c) Importer(2089858483,0ecaa5967403d082aa24f35e1b516d23)
Number of updated assets reloaded before import = 0
Start importing Assets/Mirror/Hosting/Edgegap/Editor/Fonts/Spartan-Regular SDF.asset using Guid(8b0fb2c68be09174f8ea5057b27a545c) Importer(2089858483,0ecaa5967403d082aa24f35e1b516d23)  -> (artifact id: 'aa881cbd536d85989c8f2b8846df04cf') in 0.053010 seconds 
Number of asset objects unloaded after import = 4
========================================================================
Received Import Request.
  Time since last request: 0.000025 seconds.
  path: Assets/Mirror/Examples/_Common/Controllers/PlayerController/PlayerControllerUI.cs
  artifactKey: Guid(5548caf5abf51449f98ab54971eeff29) Importer(2089858483,0ecaa5967403d082aa24f35e1b516d23)
Number of updated assets reloaded before import = 0
Start importing Assets/Mirror/Examples/_Common/Controllers/PlayerController/PlayerControllerUI.cs using Guid(5548caf5abf51449f98ab54971eeff29) Importer(2089858483,0ecaa5967403d082aa24f35e1b516d23)  -> (artifact id: 'b53f333c30309ecd536c59db4b3f70e1') in 0.013759 seconds 
Number of asset objects unloaded after import = 1
========================================================================
Received Import Request.
  Time since last request: 0.000028 seconds.
  path: Assets/Mirror/Examples/MultipleAdditiveScenes/Materials/Physics/RoomBounce.physicMaterial
  artifactKey: Guid(2e179c076d5d0924dbf5a2de0630bdb1) Importer(2089858483,0ecaa5967403d082aa24f35e1b516d23)
Number of updated assets reloaded before import = 0
Start importing Assets/Mirror/Examples/MultipleAdditiveScenes/Materials/Physics/RoomBounce.physicMaterial using Guid(2e179c076d5d0924dbf5a2de0630bdb1) Importer(2089858483,0ecaa5967403d082aa24f35e1b516d23)  -> (artifact id: '7deb652da29f2c0d9c2faec641d37ee8') in 0.017635 seconds 
Number of asset objects unloaded after import = 1
========================================================================
Received Import Request.
  Time since last request: 0.000029 seconds.
  path: Assets/Mirror/Hosting/Edgegap/Editor/Api/EdgegapDeploymentsApi.cs
  artifactKey: Guid(37ecdc6abda4402419438f2284ef2d95) Importer(2089858483,0ecaa5967403d082aa24f35e1b516d23)
Number of updated assets reloaded before import = 0
Start importing Assets/Mirror/Hosting/Edgegap/Editor/Api/EdgegapDeploymentsApi.cs using Guid(37ecdc6abda4402419438f2284ef2d95) Importer(2089858483,0ecaa5967403d082aa24f35e1b516d23)  -> (artifact id: '7517608163a20ed92ec64e5a47882baf') in 0.014006 seconds 
Number of asset objects unloaded after import = 0
========================================================================
Received Import Request.
  Time since last request: 0.000031 seconds.
  path: Assets/Mirror/Examples/TopDownShooter/Scenes/MirrorTopDownShooter/ReflectionProbe-0.exr
  artifactKey: Guid(1437562f0faedd047a03e83bf4df0186) Importer(2089858483,0ecaa5967403d082aa24f35e1b516d23)
Number of updated assets reloaded before import = 0
Start importing Assets/Mirror/Examples/TopDownShooter/Scenes/MirrorTopDownShooter/ReflectionProbe-0.exr using Guid(1437562f0faedd047a03e83bf4df0186) Importer(2089858483,0ecaa5967403d082aa24f35e1b516d23)  -> (artifact id: 'ccbbb4c1d6f2381d795b2af541a992e1') in 0.020466 seconds 
Number of asset objects unloaded after import = 1
========================================================================
Received Import Request.
  Time since last request: 0.000022 seconds.
  path: Assets/Mirror/Examples/_Common/TankModel/(Public Domain) Recon_Tank/Emissive.png
  artifactKey: Guid(9b3e91ab0048a4aa3a17706a349c6bf5) Importer(2089858483,0ecaa5967403d082aa24f35e1b516d23)
Number of updated assets reloaded before import = 0
Start importing Assets/Mirror/Examples/_Common/TankModel/(Public Domain) Recon_Tank/Emissive.png using Guid(9b3e91ab0048a4aa3a17706a349c6bf5) Importer(2089858483,0ecaa5967403d082aa24f35e1b516d23)  -> (artifact id: '8fab324f6c9b9760ef319bc09e86a919') in 0.017764 seconds 
Number of asset objects unloaded after import = 1
========================================================================
Received Import Request.
  Time since last request: 0.000020 seconds.
  path: Assets/Mirror/Examples/_Common/TankModel/(Public Domain) Recon_Tank/reconTank.fbx
  artifactKey: Guid(38b49695fc0a4418bbc350f2366660c5) Importer(2089858483,0ecaa5967403d082aa24f35e1b516d23)
Number of updated assets reloaded before import = 0
Start importing Assets/Mirror/Examples/_Common/TankModel/(Public Domain) Recon_Tank/reconTank.fbx using Guid(38b49695fc0a4418bbc350f2366660c5) Importer(2089858483,0ecaa5967403d082aa24f35e1b516d23)  -> (artifact id: '8c2a88b9ae175172f46f501503163162') in 0.052883 seconds 
Number of asset objects unloaded after import = 39
========================================================================
Received Import Request.
  Time since last request: 0.000028 seconds.
  path: Assets/Mirror/Examples/_Common/Textures/(Public Domain) Dirt Hand Painted Texture/dirt.png
  artifactKey: Guid(bcc8fc05f1f924531a65f39394c0b703) Importer(2089858483,0ecaa5967403d082aa24f35e1b516d23)
Number of updated assets reloaded before import = 0
Start importing Assets/Mirror/Examples/_Common/Textures/(Public Domain) Dirt Hand Painted Texture/dirt.png using Guid(bcc8fc05f1f924531a65f39394c0b703) Importer(2089858483,0ecaa5967403d082aa24f35e1b516d23)  -> (artifact id: '325d6e4127ac4d06d55c65dca5d85b61') in 0.019462 seconds 
Number of asset objects unloaded after import = 1
========================================================================
Received Import Request.
  Time since last request: 0.000024 seconds.
  path: Assets/Mirror/Examples/_Common/Controllers/PlayerControllerRB/PlayerControllerRBUnreliable.cs
  artifactKey: Guid(60cbbdae6551c7b4395e1bd09e2ff3ea) Importer(2089858483,0ecaa5967403d082aa24f35e1b516d23)
Number of updated assets reloaded before import = 0
Start importing Assets/Mirror/Examples/_Common/Controllers/PlayerControllerRB/PlayerControllerRBUnreliable.cs using Guid(60cbbdae6551c7b4395e1bd09e2ff3ea) Importer(2089858483,0ecaa5967403d082aa24f35e1b516d23)  -> (artifact id: '2cba95a7c722dabd1ab05711cb25a6f0') in 0.014412 seconds 
Number of asset objects unloaded after import = 1
========================================================================
Received Import Request.
  Time since last request: 0.000050 seconds.
  path: Assets/Mirror/Examples/_Common/OpenGameArt/Sounds/wolf_monster.mp3
  artifactKey: Guid(b0ae5cdfe72e74641bf5767cb985bbbf) Importer(2089858483,0ecaa5967403d082aa24f35e1b516d23)
Number of updated assets reloaded before import = 0
Start importing Assets/Mirror/Examples/_Common/OpenGameArt/Sounds/wolf_monster.mp3 using Guid(b0ae5cdfe72e74641bf5767cb985bbbf) Importer(2089858483,0ecaa5967403d082aa24f35e1b516d23)  -> (artifact id: '8fe3d4f401eff233327710f0fa010635') in 0.100554 seconds 
Number of asset objects unloaded after import = 1
========================================================================
Received Import Request.
  Time since last request: 0.000022 seconds.
  path: Assets/Mirror/Examples/_Common/TankModel/(Public Domain) Recon_Tank/BaseColor.png
  artifactKey: Guid(ce00d67f9368944fa8ef4de6ccc77bfa) Importer(2089858483,0ecaa5967403d082aa24f35e1b516d23)
Number of updated assets reloaded before import = 0
Start importing Assets/Mirror/Examples/_Common/TankModel/(Public Domain) Recon_Tank/BaseColor.png using Guid(ce00d67f9368944fa8ef4de6ccc77bfa) Importer(2089858483,0ecaa5967403d082aa24f35e1b516d23)  -> (artifact id: '6cc3df99dbe36d51bc2fa20688e2ff3b') in 0.021448 seconds 
Number of asset objects unloaded after import = 1
========================================================================
Received Import Request.
  Time since last request: 0.000023 seconds.
  path: Assets/Mirror/Hosting/Edgegap/Editor/Fonts/Spartan-SemiBold SDF.asset
  artifactKey: Guid(7b18949555c60224384ab80e57e1fd68) Importer(2089858483,0ecaa5967403d082aa24f35e1b516d23)
Number of updated assets reloaded before import = 0
Start importing Assets/Mirror/Hosting/Edgegap/Editor/Fonts/Spartan-SemiBold SDF.asset using Guid(7b18949555c60224384ab80e57e1fd68) Importer(2089858483,0ecaa5967403d082aa24f35e1b516d23)  -> (artifact id: '601b678fedadf7dafb7d0116e805e6e4') in 0.032870 seconds 
Number of asset objects unloaded after import = 4
========================================================================
Received Import Request.
  Time since last request: 0.000029 seconds.
  path: Assets/Mirror/Examples/_Common/KenneyAssets/kenney_rpg-audio/License.txt
  artifactKey: Guid(a01d310525d49474dabf1fc5e304ba48) Importer(2089858483,0ecaa5967403d082aa24f35e1b516d23)
Number of updated assets reloaded before import = 0
Start importing Assets/Mirror/Examples/_Common/KenneyAssets/kenney_rpg-audio/License.txt using Guid(a01d310525d49474dabf1fc5e304ba48) Importer(2089858483,0ecaa5967403d082aa24f35e1b516d23)  -> (artifact id: '1cf44a67a37bfa28f61d2dd6a3086321') in 0.014745 seconds 
Number of asset objects unloaded after import = 1
========================================================================
Received Import Request.
  Time since last request: 0.000023 seconds.
  path: Assets/Mirror/Examples/MultipleAdditiveScenes/Materials/Render/Player.mat
  artifactKey: Guid(2089070a3452e6f4d866c53e51aae8f2) Importer(2089858483,0ecaa5967403d082aa24f35e1b516d23)
Number of updated assets reloaded before import = 0
Start importing Assets/Mirror/Examples/MultipleAdditiveScenes/Materials/Render/Player.mat using Guid(2089070a3452e6f4d866c53e51aae8f2) Importer(2089858483,0ecaa5967403d082aa24f35e1b516d23)  -> (artifact id: '36a1f1ccd78dc4f89dff46dedd4a12d2') in 0.012381 seconds 
Number of asset objects unloaded after import = 1
========================================================================
Received Import Request.
  Time since last request: 0.000022 seconds.
  path: Assets/Mirror/Examples/_Common/Controllers/PlayerControllerRB/PlayerControllerRBBase.cs
  artifactKey: Guid(0d6d426b831ca7c43a7ebc82d324dbb6) Importer(2089858483,0ecaa5967403d082aa24f35e1b516d23)
Number of updated assets reloaded before import = 0
Start importing Assets/Mirror/Examples/_Common/Controllers/PlayerControllerRB/PlayerControllerRBBase.cs using Guid(0d6d426b831ca7c43a7ebc82d324dbb6) Importer(2089858483,0ecaa5967403d082aa24f35e1b516d23)  -> (artifact id: 'cdbb941980171c3647b9bb135b6ddbca') in 0.011300 seconds 
Number of asset objects unloaded after import = 1
========================================================================
Received Import Request.
  Time since last request: 0.000027 seconds.
  path: Assets/Mirror/Hosting/Edgegap/Models/SDK/AppVersionCreateSessionConfig.cs
  artifactKey: Guid(a7e9f357c6d819947927f8157abe13db) Importer(2089858483,0ecaa5967403d082aa24f35e1b516d23)
Number of updated assets reloaded before import = 0
Start importing Assets/Mirror/Hosting/Edgegap/Models/SDK/AppVersionCreateSessionConfig.cs using Guid(a7e9f357c6d819947927f8157abe13db) Importer(2089858483,0ecaa5967403d082aa24f35e1b516d23)  -> (artifact id: '96734e6b2af00ff2a2d2fd6581fd106f') in 0.013203 seconds 
Number of asset objects unloaded after import = 0
========================================================================
Received Import Request.
  Time since last request: 0.000041 seconds.
  path: Assets/Mirror/Hosting/Edgegap/Models/SDK/MatchmakerReleaseUpdate.cs
  artifactKey: Guid(a4a70c06ab8388b41b81604eb18c9204) Importer(2089858483,0ecaa5967403d082aa24f35e1b516d23)
Number of updated assets reloaded before import = 0
Start importing Assets/Mirror/Hosting/Edgegap/Models/SDK/MatchmakerReleaseUpdate.cs using Guid(a4a70c06ab8388b41b81604eb18c9204) Importer(2089858483,0ecaa5967403d082aa24f35e1b516d23)  -> (artifact id: 'efd2ae822d127274160fe01c40455fba') in 0.011933 seconds 
Number of asset objects unloaded after import = 0
========================================================================
Received Import Request.
  Time since last request: 0.000024 seconds.
  path: Assets/Mirror/Hosting/Edgegap/Models/SDK/DeploymentSessionContext.cs
  artifactKey: Guid(9d41c7d0b7fb0354eaba9df80b298610) Importer(2089858483,0ecaa5967403d082aa24f35e1b516d23)
Number of updated assets reloaded before import = 0
Start importing Assets/Mirror/Hosting/Edgegap/Models/SDK/DeploymentSessionContext.cs using Guid(9d41c7d0b7fb0354eaba9df80b298610) Importer(2089858483,0ecaa5967403d082aa24f35e1b516d23)  -> (artifact id: '74ff607d6f1726d8e26cee92ec6a869c') in 0.012491 seconds 
Number of asset objects unloaded after import = 0
========================================================================
Received Import Request.
  Time since last request: 0.000020 seconds.
  path: Assets/Mirror/Hosting/Edgegap/Models/SDK/Error.cs
  artifactKey: Guid(20d59dd0013e73f4eaa719e9f2dc4c33) Importer(2089858483,0ecaa5967403d082aa24f35e1b516d23)
Number of updated assets reloaded before import = 0
Start importing Assets/Mirror/Hosting/Edgegap/Models/SDK/Error.cs using Guid(20d59dd0013e73f4eaa719e9f2dc4c33) Importer(2089858483,0ecaa5967403d082aa24f35e1b516d23)  -> (artifact id: '134945d28ad970649e9b7010b1572d08') in 0.011326 seconds 
Number of asset objects unloaded after import = 0
========================================================================
Received Import Request.
  Time since last request: 0.000173 seconds.
  path: Assets/Mirror/Hosting/Edgegap/Models/SDK/MatchmakerReleaseCreate.cs
  artifactKey: Guid(0e7fad1d96036594d9e66911a63a6e65) Importer(2089858483,0ecaa5967403d082aa24f35e1b516d23)
Number of updated assets reloaded before import = 0
Start importing Assets/Mirror/Hosting/Edgegap/Models/SDK/MatchmakerReleaseCreate.cs using Guid(0e7fad1d96036594d9e66911a63a6e65) Importer(2089858483,0ecaa5967403d082aa24f35e1b516d23)  -> (artifact id: '31d5f1ee55aa7ce1b93ec7d268037783') in 0.014001 seconds 
Number of asset objects unloaded after import = 0
========================================================================
Received Import Request.
  Time since last request: 0.000030 seconds.
  path: Assets/Mirror/Hosting/Edgegap/Models/SDK/DeployEnvModel.cs
  artifactKey: Guid(5f4823de9a0196e40bc3e151f4f8953c) Importer(2089858483,0ecaa5967403d082aa24f35e1b516d23)
Number of updated assets reloaded before import = 0
Start importing Assets/Mirror/Hosting/Edgegap/Models/SDK/DeployEnvModel.cs using Guid(5f4823de9a0196e40bc3e151f4f8953c) Importer(2089858483,0ecaa5967403d082aa24f35e1b516d23)  -> (artifact id: 'f272d4facf23d320bfbe2c414ebb0a23') in 0.014161 seconds 
Number of asset objects unloaded after import = 0
========================================================================
Received Import Request.
  Time since last request: 0.000029 seconds.
  path: Assets/Mirror/Hosting/Edgegap/Models/SDK/AppCreation.cs
  artifactKey: Guid(6519afc2ead759f47a1384db15030792) Importer(2089858483,0ecaa5967403d082aa24f35e1b516d23)
Number of updated assets reloaded before import = 0
Start importing Assets/Mirror/Hosting/Edgegap/Models/SDK/AppCreation.cs using Guid(6519afc2ead759f47a1384db15030792) Importer(2089858483,0ecaa5967403d082aa24f35e1b516d23)  -> (artifact id: 'd1d2f2795ce26c1e81c61d78ad56e200') in 0.011936 seconds 
Number of asset objects unloaded after import = 0
========================================================================
Received Import Request.
  Time since last request: 0.000032 seconds.
  path: Assets/Mirror/Hosting/Edgegap/Models/SDK/AppVersionPort.cs
  artifactKey: Guid(8cf7d7e082a71564d8aa1a3c5918a302) Importer(2089858483,0ecaa5967403d082aa24f35e1b516d23)
Number of updated assets reloaded before import = 0
Start importing Assets/Mirror/Hosting/Edgegap/Models/SDK/AppVersionPort.cs using Guid(8cf7d7e082a71564d8aa1a3c5918a302) Importer(2089858483,0ecaa5967403d082aa24f35e1b516d23)  -> (artifact id: '7d81c66c8fb9396d077794e89daf5164') in 0.012543 seconds 
Number of asset objects unloaded after import = 0
========================================================================
Received Import Request.
  Time since last request: 0.000033 seconds.
  path: Assets/Mirror/Hosting/Edgegap/Models/SDK/ApplicationPatch.cs
  artifactKey: Guid(05c69e87c7ee66e4e9985719430e264a) Importer(2089858483,0ecaa5967403d082aa24f35e1b516d23)
Number of updated assets reloaded before import = 0
Start importing Assets/Mirror/Hosting/Edgegap/Models/SDK/ApplicationPatch.cs using Guid(05c69e87c7ee66e4e9985719430e264a) Importer(2089858483,0ecaa5967403d082aa24f35e1b516d23)  -> (artifact id: '9fc6c6026cde726734259c2525621941') in 0.012525 seconds 
Number of asset objects unloaded after import = 0
========================================================================
Received Import Request.
  Time since last request: 0.000034 seconds.
  path: Assets/Mirror/Hosting/Edgegap/Models/SDK/MatchmakerReleaseConfigResponse.cs
  artifactKey: Guid(599a47e7232535c40ad0c2106ed67a1a) Importer(2089858483,0ecaa5967403d082aa24f35e1b516d23)
Number of updated assets reloaded before import = 0
Start importing Assets/Mirror/Hosting/Edgegap/Models/SDK/MatchmakerReleaseConfigResponse.cs using Guid(599a47e7232535c40ad0c2106ed67a1a) Importer(2089858483,0ecaa5967403d082aa24f35e1b516d23)  -> (artifact id: 'fe4e3893b7ebacb57e7eb791bc87d221') in 0.011408 seconds 
Number of asset objects unloaded after import = 0
========================================================================
Received Import Request.
  Time since last request: 0.000030 seconds.
  path: Assets/Mirror/Hosting/Edgegap/Models/SDK/AppVersionEnv.cs
  artifactKey: Guid(2634231e11968f8408c40e97914878d9) Importer(2089858483,0ecaa5967403d082aa24f35e1b516d23)
Number of updated assets reloaded before import = 0
Start importing Assets/Mirror/Hosting/Edgegap/Models/SDK/AppVersionEnv.cs using Guid(2634231e11968f8408c40e97914878d9) Importer(2089858483,0ecaa5967403d082aa24f35e1b516d23)  -> (artifact id: 'e1d02d1684b0a684d64ea60ea2d35562') in 0.012336 seconds 
Number of asset objects unloaded after import = 0
========================================================================
Received Import Request.
  Time since last request: 0.000024 seconds.
  path: Assets/Mirror/Hosting/Edgegap/Models/SDK/DeployModel.cs
  artifactKey: Guid(b5a424c4973e7e5468b5da61f4321528) Importer(2089858483,0ecaa5967403d082aa24f35e1b516d23)
Number of updated assets reloaded before import = 0
Start importing Assets/Mirror/Hosting/Edgegap/Models/SDK/DeployModel.cs using Guid(b5a424c4973e7e5468b5da61f4321528) Importer(2089858483,0ecaa5967403d082aa24f35e1b516d23)  -> (artifact id: '95114d1328ec4f133d7ebbdbb1b49957') in 0.011367 seconds 
Number of asset objects unloaded after import = 0
========================================================================
Received Import Request.
  Time since last request: 0.000023 seconds.
  path: Assets/Mirror/Hosting/Edgegap/Models/SDK/NetworkMetricsModel.cs
  artifactKey: Guid(3bfc1d7bd4d52f7479b2bbb1ade4138f) Importer(2089858483,0ecaa5967403d082aa24f35e1b516d23)
Number of updated assets reloaded before import = 0
Start importing Assets/Mirror/Hosting/Edgegap/Models/SDK/NetworkMetricsModel.cs using Guid(3bfc1d7bd4d52f7479b2bbb1ade4138f) Importer(2089858483,0ecaa5967403d082aa24f35e1b516d23)  -> (artifact id: '7451fc8fc3ff9f0478c250f56f1c1b6f') in 0.013976 seconds 
Number of asset objects unloaded after import = 0
========================================================================
Received Import Request.
  Time since last request: 0.000034 seconds.
  path: Assets/Mirror/Hosting/Edgegap/Models/SDK/Locations.cs
  artifactKey: Guid(1d5c58554a47813419be3ed9c829cb60) Importer(2089858483,0ecaa5967403d082aa24f35e1b516d23)
Number of updated assets reloaded before import = 0
Start importing Assets/Mirror/Hosting/Edgegap/Models/SDK/Locations.cs using Guid(1d5c58554a47813419be3ed9c829cb60) Importer(2089858483,0ecaa5967403d082aa24f35e1b516d23)  -> (artifact id: '2fc6d8dcd364f12724fa1bee6d1ce51a') in 0.011278 seconds 
Number of asset objects unloaded after import = 0
========================================================================
Received Import Request.
  Time since last request: 0.000038 seconds.
  path: Assets/Mirror/Hosting/Edgegap/Models/SDK/AppVersionWhitelistResponse.cs
  artifactKey: Guid(c9cc8fbc419fc0a49ac4fc8bee1150e6) Importer(2089858483,0ecaa5967403d082aa24f35e1b516d23)
Number of updated assets reloaded before import = 0
Start importing Assets/Mirror/Hosting/Edgegap/Models/SDK/AppVersionWhitelistResponse.cs using Guid(c9cc8fbc419fc0a49ac4fc8bee1150e6) Importer(2089858483,0ecaa5967403d082aa24f35e1b516d23)  -> (artifact id: 'ad604bd75ca8dc3752165e69193c8d0d') in 0.014856 seconds 
Number of asset objects unloaded after import = 0
========================================================================
Received Import Request.
  Time since last request: 0.000026 seconds.
  path: Assets/Mirror/Hosting/Edgegap/Models/SDK/DeploymentLocation.cs
  artifactKey: Guid(573aa022b98230046bb90d3e0f9e8597) Importer(2089858483,0ecaa5967403d082aa24f35e1b516d23)
Number of updated assets reloaded before import = 0
Start importing Assets/Mirror/Hosting/Edgegap/Models/SDK/DeploymentLocation.cs using Guid(573aa022b98230046bb90d3e0f9e8597) Importer(2089858483,0ecaa5967403d082aa24f35e1b516d23)  -> (artifact id: 'bc017b1b54390cd6a28b88bb05a21740') in 0.011446 seconds 
Number of asset objects unloaded after import = 0
========================================================================
Received Import Request.
  Time since last request: 0.000032 seconds.
  path: Assets/Mirror/Hosting/Edgegap/Models/SDK/MatchmakerReleaseResponseBase.cs
  artifactKey: Guid(3d4fdeecc66f23d4d89778724a02989c) Importer(2089858483,0ecaa5967403d082aa24f35e1b516d23)
Number of updated assets reloaded before import = 0
Start importing Assets/Mirror/Hosting/Edgegap/Models/SDK/MatchmakerReleaseResponseBase.cs using Guid(3d4fdeecc66f23d4d89778724a02989c) Importer(2089858483,0ecaa5967403d082aa24f35e1b516d23)  -> (artifact id: '44124c3e9b62b5932969eb6d5f7b208c') in 0.014913 seconds 
Number of asset objects unloaded after import = 0
========================================================================
Received Import Request.
  Time since last request: 0.000053 seconds.
  path: Assets/TextMesh Pro/Examples & Extras/Scripts/ChatController.cs
  artifactKey: Guid(53d91f98a2664f5cb9af11de72ac54ec) Importer(2089858483,0ecaa5967403d082aa24f35e1b516d23)
Number of updated assets reloaded before import = 0
Start importing Assets/TextMesh Pro/Examples & Extras/Scripts/ChatController.cs using Guid(53d91f98a2664f5cb9af11de72ac54ec) Importer(2089858483,0ecaa5967403d082aa24f35e1b516d23)  -> (artifact id: '6394448abda7751342466621c072c778') in 0.013865 seconds 
Number of asset objects unloaded after import = 0
========================================================================
Received Import Request.
  Time since last request: 0.000028 seconds.
  path: Assets/Mirror/Examples/MultipleMatches/Scripts/CanvasController.cs
  artifactKey: Guid(c12d7cb6cdb799041927819f22a2c931) Importer(2089858483,0ecaa5967403d082aa24f35e1b516d23)
Number of updated assets reloaded before import = 0
Start importing Assets/Mirror/Examples/MultipleMatches/Scripts/CanvasController.cs using Guid(c12d7cb6cdb799041927819f22a2c931) Importer(2089858483,0ecaa5967403d082aa24f35e1b516d23)  -> (artifact id: '5e1c87432a62c515c7593aaa553576d4') in 0.014463 seconds 
Number of asset objects unloaded after import = 0
========================================================================
Received Import Request.
  Time since last request: 0.000029 seconds.
  path: Assets/Mirror/Examples/_Common/Controllers/FlyerController/FlyerControllerUI.cs
  artifactKey: Guid(46a320327396d584faba2bffc73278ec) Importer(2089858483,0ecaa5967403d082aa24f35e1b516d23)
Number of updated assets reloaded before import = 0
Start importing Assets/Mirror/Examples/_Common/Controllers/FlyerController/FlyerControllerUI.cs using Guid(46a320327396d584faba2bffc73278ec) Importer(2089858483,0ecaa5967403d082aa24f35e1b516d23)  -> (artifact id: '22721f63498f2a566d1030a1b83e5c59') in 0.013257 seconds 
Number of asset objects unloaded after import = 1
========================================================================
Received Import Request.
  Time since last request: 0.000022 seconds.
  path: Assets/TextMesh Pro/Examples & Extras/Resources/Fonts & Materials/Oswald Bold SDF.asset
  artifactKey: Guid(0161d805a3764c089bef00bfe00793f5) Importer(2089858483,0ecaa5967403d082aa24f35e1b516d23)
Number of updated assets reloaded before import = 0
Start importing Assets/TextMesh Pro/Examples & Extras/Resources/Fonts & Materials/Oswald Bold SDF.asset using Guid(0161d805a3764c089bef00bfe00793f5) Importer(2089858483,0ecaa5967403d082aa24f35e1b516d23)  -> (artifact id: 'fc64a0fc7b9e5a393dc804ea268546f4') in 0.052094 seconds 
Number of asset objects unloaded after import = 5
========================================================================
Received Import Request.
  Time since last request: 0.000030 seconds.
  path: Assets/Mirror/Hosting/Edgegap/Models/SDK/Monitor.cs
  artifactKey: Guid(f8e639b5b4ffd8a4a97dd550f81a7031) Importer(2089858483,0ecaa5967403d082aa24f35e1b516d23)
Number of updated assets reloaded before import = 0
Start importing Assets/Mirror/Hosting/Edgegap/Models/SDK/Monitor.cs using Guid(f8e639b5b4ffd8a4a97dd550f81a7031) Importer(2089858483,0ecaa5967403d082aa24f35e1b516d23)  -> (artifact id: '5e61d9caaf5e26fe17a61ce9d96dc7fd') in 0.012176 seconds 
Number of asset objects unloaded after import = 0
========================================================================
Received Import Request.
  Time since last request: 0.000029 seconds.
  path: Assets/Mirror/Hosting/Edgegap/Models/SDK/MatchmakerReleaseUpdateBase.cs
  artifactKey: Guid(b90fb9b8c6d982b45b2cdf3b2c042cfb) Importer(2089858483,0ecaa5967403d082aa24f35e1b516d23)
Number of updated assets reloaded before import = 0
Start importing Assets/Mirror/Hosting/Edgegap/Models/SDK/MatchmakerReleaseUpdateBase.cs using Guid(b90fb9b8c6d982b45b2cdf3b2c042cfb) Importer(2089858483,0ecaa5967403d082aa24f35e1b516d23)  -> (artifact id: '65999e7f559164a6a98030f31f6be713') in 0.011597 seconds 
Number of asset objects unloaded after import = 0
========================================================================
Received Import Request.
  Time since last request: 0.000025 seconds.
  path: Assets/Mirror/Examples/TopDownShooter/Materials/EnemyHand1.mat
  artifactKey: Guid(a67c3c575ae0d407f9019b2609129145) Importer(2089858483,0ecaa5967403d082aa24f35e1b516d23)
Number of updated assets reloaded before import = 0
Start importing Assets/Mirror/Examples/TopDownShooter/Materials/EnemyHand1.mat using Guid(a67c3c575ae0d407f9019b2609129145) Importer(2089858483,0ecaa5967403d082aa24f35e1b516d23)  -> (artifact id: '23db88943345498980db55dddc78fc94') in 0.023830 seconds 
Number of asset objects unloaded after import = 2
========================================================================
Received Import Request.
  Time since last request: 0.000024 seconds.
  path: Assets/Mirror/Examples/TopDownShooter/Textures/Flash.png
  artifactKey: Guid(97069797358d5451db2532d02399d87f) Importer(2089858483,0ecaa5967403d082aa24f35e1b516d23)
Number of updated assets reloaded before import = 0
Start importing Assets/Mirror/Examples/TopDownShooter/Textures/Flash.png using Guid(97069797358d5451db2532d02399d87f) Importer(2089858483,0ecaa5967403d082aa24f35e1b516d23)  -> (artifact id: '487c1464486eb6c10bad6fc7247d734b') in 0.021607 seconds 
Number of asset objects unloaded after import = 1
========================================================================
Received Import Request.
  Time since last request: 0.000021 seconds.
  path: Assets/Mirror/Examples/_Common/Controllers/PlayerController/PlayerControllerReliable.cs
  artifactKey: Guid(497221e839119e34b897d6c497cbc8e5) Importer(2089858483,0ecaa5967403d082aa24f35e1b516d23)
Number of updated assets reloaded before import = 0
Start importing Assets/Mirror/Examples/_Common/Controllers/PlayerController/PlayerControllerReliable.cs using Guid(497221e839119e34b897d6c497cbc8e5) Importer(2089858483,0ecaa5967403d082aa24f35e1b516d23)  -> (artifact id: '1223bae85f755d0c21d166b8fa7f7243') in 0.012195 seconds 
Number of asset objects unloaded after import = 1
========================================================================
Received Import Request.
  Time since last request: 0.000033 seconds.
  path: Assets/Mirror/Examples/PickupsDropsChilds/Prefabs/Ball.prefab
  artifactKey: Guid(90446831fd6fe7f43ae80c6fb7cb7a0d) Importer(2089858483,0ecaa5967403d082aa24f35e1b516d23)
Number of updated assets reloaded before import = 0
Start importing Assets/Mirror/Examples/PickupsDropsChilds/Prefabs/Ball.prefab using Guid(90446831fd6fe7f43ae80c6fb7cb7a0d) Importer(2089858483,0ecaa5967403d082aa24f35e1b516d23)  -> (artifact id: '0c833d700d26aede3209e550629fc379') in 0.015016 seconds 
Number of asset objects unloaded after import = 9
========================================================================
Received Import Request.
  Time since last request: 0.000024 seconds.
  path: Assets/Mirror/Editor/Weaver/Processors/SyncVarAttributeProcessor.cs
  artifactKey: Guid(f52c39bddd95d42b88f9cd554dfd9198) Importer(2089858483,0ecaa5967403d082aa24f35e1b516d23)
Number of updated assets reloaded before import = 0
Start importing Assets/Mirror/Editor/Weaver/Processors/SyncVarAttributeProcessor.cs using Guid(f52c39bddd95d42b88f9cd554dfd9198) Importer(2089858483,0ecaa5967403d082aa24f35e1b516d23)  -> (artifact id: 'b836e487b2e0933895e08253d41bd012') in 0.014035 seconds 
Number of asset objects unloaded after import = 0
========================================================================
Received Import Request.
  Time since last request: 0.000034 seconds.
  path: Assets/Mirror/Examples/Room/Scripts/NetworkRoomManagerExt.cs
  artifactKey: Guid(e7d8650c751710349bb9546d1697b9cb) Importer(2089858483,0ecaa5967403d082aa24f35e1b516d23)
Number of updated assets reloaded before import = 0
Start importing Assets/Mirror/Examples/Room/Scripts/NetworkRoomManagerExt.cs using Guid(e7d8650c751710349bb9546d1697b9cb) Importer(2089858483,0ecaa5967403d082aa24f35e1b516d23)  -> (artifact id: 'ec14f479d9c5d15bb77df9569de380c9') in 0.011969 seconds 
Number of asset objects unloaded after import = 0
========================================================================
Received Import Request.
  Time since last request: 0.000039 seconds.
  path: Assets/Mirror/Examples/TopDownShooter/Scripts/NetworkTopDown.cs
  artifactKey: Guid(b1dcba379627a482ab84c8a73c92546d) Importer(2089858483,0ecaa5967403d082aa24f35e1b516d23)
Number of updated assets reloaded before import = 0
Start importing Assets/Mirror/Examples/TopDownShooter/Scripts/NetworkTopDown.cs using Guid(b1dcba379627a482ab84c8a73c92546d) Importer(2089858483,0ecaa5967403d082aa24f35e1b516d23)  -> (artifact id: '045b0e8f2a3596561a2acd18ac6b323b') in 0.012638 seconds 
Number of asset objects unloaded after import = 0
========================================================================
Received Import Request.
  Time since last request: 0.000026 seconds.
  path: Assets/Mirror/Examples/MultipleAdditiveScenes/Models/Icosphere/Materials/Icosphere.mat
  artifactKey: Guid(7e6bf26596c6f564097734c7cc319e15) Importer(2089858483,0ecaa5967403d082aa24f35e1b516d23)
Number of updated assets reloaded before import = 0
Start importing Assets/Mirror/Examples/MultipleAdditiveScenes/Models/Icosphere/Materials/Icosphere.mat using Guid(7e6bf26596c6f564097734c7cc319e15) Importer(2089858483,0ecaa5967403d082aa24f35e1b516d23)  -> (artifact id: 'f1c8e61c20d2b754b07e3330558ae326') in 0.019023 seconds 
Number of asset objects unloaded after import = 1
========================================================================
Received Import Request.
  Time since last request: 0.000022 seconds.
  path: Assets/Mirror/Hosting/Edgegap/Models/SDK/PortMapping.cs
  artifactKey: Guid(239e4c2b2f7b05444bf1622202e9bd71) Importer(2089858483,0ecaa5967403d082aa24f35e1b516d23)
Number of updated assets reloaded before import = 0
Start importing Assets/Mirror/Hosting/Edgegap/Models/SDK/PortMapping.cs using Guid(239e4c2b2f7b05444bf1622202e9bd71) Importer(2089858483,0ecaa5967403d082aa24f35e1b516d23)  -> (artifact id: '44823c7f6fa2bc6804069e82702c79dd') in 0.011068 seconds 
Number of asset objects unloaded after import = 0
========================================================================
Received Import Request.
  Time since last request: 0.000021 seconds.
  path: Assets/Mirror/Transports/KCP/kcp2k/highlevel/KcpClient.cs
  artifactKey: Guid(6aa069a28ed24fedb533c102d9742b36) Importer(2089858483,0ecaa5967403d082aa24f35e1b516d23)
Number of updated assets reloaded before import = 0
Start importing Assets/Mirror/Transports/KCP/kcp2k/highlevel/KcpClient.cs using Guid(6aa069a28ed24fedb533c102d9742b36) Importer(2089858483,0ecaa5967403d082aa24f35e1b516d23)  -> (artifact id: '6d77a7aff84bab832ed78a874e421616') in 0.012305 seconds 
Number of asset objects unloaded after import = 0
========================================================================
Received Import Request.
  Time since last request: 0.000022 seconds.
  path: Assets/Mirror/Examples/BenchmarkStinkySteak/Dependencies/netcode-benchmarker-util/Runtime/Shaders/Unlit.mat
  artifactKey: Guid(aa7b0f2a00af4ef4bac3c70fb2c798eb) Importer(2089858483,0ecaa5967403d082aa24f35e1b516d23)
Number of updated assets reloaded before import = 0
Start importing Assets/Mirror/Examples/BenchmarkStinkySteak/Dependencies/netcode-benchmarker-util/Runtime/Shaders/Unlit.mat using Guid(aa7b0f2a00af4ef4bac3c70fb2c798eb) Importer(2089858483,0ecaa5967403d082aa24f35e1b516d23)  -> (artifact id: '01373a5a34a01f7fce1867ad31ecd498') in 0.084725 seconds 
Number of asset objects unloaded after import = 1
========================================================================
Received Import Request.
  Time since last request: 0.000019 seconds.
  path: Assets/Mirror/Transports/KCP/kcp2k/kcp/AssemblyInfo.cs
  artifactKey: Guid(aec6a15ac7bd43129317ea1f01f19782) Importer(2089858483,0ecaa5967403d082aa24f35e1b516d23)
Number of updated assets reloaded before import = 0
Start importing Assets/Mirror/Transports/KCP/kcp2k/kcp/AssemblyInfo.cs using Guid(aec6a15ac7bd43129317ea1f01f19782) Importer(2089858483,0ecaa5967403d082aa24f35e1b516d23)  -> (artifact id: 'f6dafc78199922c4220e5249f32b04b3') in 0.011909 seconds 
Number of asset objects unloaded after import = 0
========================================================================
Received Import Request.
  Time since last request: 0.000023 seconds.
  path: Assets/Mirror/Transports/KCP/kcp2k/kcp/Utils.cs
  artifactKey: Guid(ef959eb716205bd48b050f010a9a35ae) Importer(2089858483,0ecaa5967403d082aa24f35e1b516d23)
Number of updated assets reloaded before import = 0
Start importing Assets/Mirror/Transports/KCP/kcp2k/kcp/Utils.cs using Guid(ef959eb716205bd48b050f010a9a35ae) Importer(2089858483,0ecaa5967403d082aa24f35e1b516d23)  -> (artifact id: '2514b3f9c8db9676aba3b772054b9450') in 0.010779 seconds 
Number of asset objects unloaded after import = 0
========================================================================
Received Import Request.
  Time since last request: 0.000030 seconds.
  path: Assets/Mirror/Transports/SimpleWeb/SimpleWeb/Client/StandAlone/ClientSslHelper.cs
  artifactKey: Guid(46055a75559a79849a750f39a766db61) Importer(2089858483,0ecaa5967403d082aa24f35e1b516d23)
Number of updated assets reloaded before import = 0
Start importing Assets/Mirror/Transports/SimpleWeb/SimpleWeb/Client/StandAlone/ClientSslHelper.cs using Guid(46055a75559a79849a750f39a766db61) Importer(2089858483,0ecaa5967403d082aa24f35e1b516d23)  -> (artifact id: 'edce95c5f14eb0c0ee44ab358a4fa2ba') in 0.012982 seconds 
Number of asset objects unloaded after import = 0
========================================================================
Received Import Request.
  Time since last request: 0.000031 seconds.
  path: Assets/Mirror/Examples/BenchmarkStinkySteak/Dependencies/netcode-benchmarker-util/Runtime/Config/DefaultBehaviourConfig.asset
  artifactKey: Guid(c840c2115726fe44a9fea3d815aa2a44) Importer(2089858483,0ecaa5967403d082aa24f35e1b516d23)
Number of updated assets reloaded before import = 0
Start importing Assets/Mirror/Examples/BenchmarkStinkySteak/Dependencies/netcode-benchmarker-util/Runtime/Config/DefaultBehaviourConfig.asset using Guid(c840c2115726fe44a9fea3d815aa2a44) Importer(2089858483,0ecaa5967403d082aa24f35e1b516d23)  -> (artifact id: '2cdd3cd67e45b1269e0484275c026d8b') in 0.014606 seconds 
Number of asset objects unloaded after import = 1
========================================================================
Received Import Request.
  Time since last request: 0.000034 seconds.
  path: Assets/Mirror/Hosting/Edgegap/Editor/Fonts/Src/BaronNeue.otf
  artifactKey: Guid(fb67205c672fbb04d829783b9f771fc9) Importer(2089858483,0ecaa5967403d082aa24f35e1b516d23)
Number of updated assets reloaded before import = 0
Start importing Assets/Mirror/Hosting/Edgegap/Editor/Fonts/Src/BaronNeue.otf using Guid(fb67205c672fbb04d829783b9f771fc9) Importer(2089858483,0ecaa5967403d082aa24f35e1b516d23)  -> (artifact id: '4ef5d4305542eac68d8e30ed113dd491') in 0.019990 seconds 
Number of asset objects unloaded after import = 3
========================================================================
Received Import Request.
  Time since last request: 0.000029 seconds.
  path: Assets/Mirror/Hosting/Edgegap/Models/SDK/Sessions.cs
  artifactKey: Guid(ae915d4e736c9224ab51c2e4eb27e280) Importer(2089858483,0ecaa5967403d082aa24f35e1b516d23)
Number of updated assets reloaded before import = 0
Start importing Assets/Mirror/Hosting/Edgegap/Models/SDK/Sessions.cs using Guid(ae915d4e736c9224ab51c2e4eb27e280) Importer(2089858483,0ecaa5967403d082aa24f35e1b516d23)  -> (artifact id: 'ab1002b2091ec69bbfd31cc3e64ecad9') in 0.012821 seconds 
Number of asset objects unloaded after import = 0
========================================================================
Received Import Request.
  Time since last request: 0.000028 seconds.
  path: Assets/Mirror/Hosting/Edgegap/Models/SDK/TotalMetricsModel.cs
  artifactKey: Guid(30934941d65d60949ac7a69f768f22ec) Importer(2089858483,0ecaa5967403d082aa24f35e1b516d23)
Number of updated assets reloaded before import = 0
Start importing Assets/Mirror/Hosting/Edgegap/Models/SDK/TotalMetricsModel.cs using Guid(30934941d65d60949ac7a69f768f22ec) Importer(2089858483,0ecaa5967403d082aa24f35e1b516d23)  -> (artifact id: 'd377335da4028915cfa341f290955938') in 0.012047 seconds 
Number of asset objects unloaded after import = 0
========================================================================
Received Import Request.
  Time since last request: 0.000034 seconds.
  path: Assets/Mirror/Transports/KCP/kcp2k/highlevel/Common.cs
  artifactKey: Guid(9ced451c2954435f88cf718bcba020cb) Importer(2089858483,0ecaa5967403d082aa24f35e1b516d23)
Number of updated assets reloaded before import = 0
Start importing Assets/Mirror/Transports/KCP/kcp2k/highlevel/Common.cs using Guid(9ced451c2954435f88cf718bcba020cb) Importer(2089858483,0ecaa5967403d082aa24f35e1b516d23)  -> (artifact id: '4419a526c1460764cac3f63e3204dddb') in 0.012684 seconds 
Number of asset objects unloaded after import = 0
========================================================================
Received Import Request.
  Time since last request: 0.000026 seconds.
  path: Assets/Mirror/Examples/_Common/KenneyAssets/kenney_rpg-audio/Audio/footstep06.ogg
  artifactKey: Guid(506ce00208efa427f8bae7a742f55722) Importer(2089858483,0ecaa5967403d082aa24f35e1b516d23)
Number of updated assets reloaded before import = 0
Start importing Assets/Mirror/Examples/_Common/KenneyAssets/kenney_rpg-audio/Audio/footstep06.ogg using Guid(506ce00208efa427f8bae7a742f55722) Importer(2089858483,0ecaa5967403d082aa24f35e1b516d23)  -> (artifact id: '96798824bcc2aef9210dcc718c54d09e') in 0.085206 seconds 
Number of asset objects unloaded after import = 1
========================================================================
Received Import Request.
  Time since last request: 0.000028 seconds.
  path: Assets/Mirror/Transports/KCP/kcp2k/empty/KcpServerNonAlloc.cs
  artifactKey: Guid(54b8398dcd544c8a93bcad846214cc40) Importer(2089858483,0ecaa5967403d082aa24f35e1b516d23)
Number of updated assets reloaded before import = 0
Start importing Assets/Mirror/Transports/KCP/kcp2k/empty/KcpServerNonAlloc.cs using Guid(54b8398dcd544c8a93bcad846214cc40) Importer(2089858483,0ecaa5967403d082aa24f35e1b516d23)  -> (artifact id: '7690b4195f677b655d7744661cb31134') in 0.011706 seconds 
Number of asset objects unloaded after import = 0
========================================================================
Received Import Request.
  Time since last request: 0.000024 seconds.
  path: Assets/Mirror/Hosting/Edgegap/Editor/Api/Models/Results/GetRegistryCredentialsResult.cs
  artifactKey: Guid(8e6af130c329d2b43b2f4b0dc8639477) Importer(2089858483,0ecaa5967403d082aa24f35e1b516d23)
Number of updated assets reloaded before import = 0
Start importing Assets/Mirror/Hosting/Edgegap/Editor/Api/Models/Results/GetRegistryCredentialsResult.cs using Guid(8e6af130c329d2b43b2f4b0dc8639477) Importer(2089858483,0ecaa5967403d082aa24f35e1b516d23)  -> (artifact id: 'fae657c58c8cb3963ccb5743084b724c') in 0.013288 seconds 
Number of asset objects unloaded after import = 0
========================================================================
Received Import Request.
  Time since last request: 0.000022 seconds.
  path: Assets/Mirror/Hosting/Edgegap/Models/SDK/Status.cs
  artifactKey: Guid(65b7b032cf4b28e438ca2d83d2eeb3d4) Importer(2089858483,0ecaa5967403d082aa24f35e1b516d23)
Number of updated assets reloaded before import = 0
Start importing Assets/Mirror/Hosting/Edgegap/Models/SDK/Status.cs using Guid(65b7b032cf4b28e438ca2d83d2eeb3d4) Importer(2089858483,0ecaa5967403d082aa24f35e1b516d23)  -> (artifact id: 'b5ccb34c970beaef53bf237d15a85147') in 0.011430 seconds 
Number of asset objects unloaded after import = 0
========================================================================
Received Import Request.
  Time since last request: 0.000021 seconds.
  path: Assets/Mirror/Transports/Edgegap/EdgegapLobby/Models/LobbyJoinOrLeaveRequest.cs
  artifactKey: Guid(4091d555e62341f0ac30479952d517aa) Importer(2089858483,0ecaa5967403d082aa24f35e1b516d23)
Number of updated assets reloaded before import = 0
Start importing Assets/Mirror/Transports/Edgegap/EdgegapLobby/Models/LobbyJoinOrLeaveRequest.cs using Guid(4091d555e62341f0ac30479952d517aa) Importer(2089858483,0ecaa5967403d082aa24f35e1b516d23)  -> (artifact id: '872cd446e73ba2a4944edfd504b74611') in 0.015230 seconds 
Number of asset objects unloaded after import = 1
========================================================================
Received Import Request.
  Time since last request: 0.000021 seconds.
  path: Assets/Mirror/Hosting/Edgegap/Editor/Fonts/Src/Spartan/Spartan-Regular.ttf
  artifactKey: Guid(3445f8970e8fa734c96cef5ab98ddd61) Importer(2089858483,0ecaa5967403d082aa24f35e1b516d23)
Number of updated assets reloaded before import = 0
Start importing Assets/Mirror/Hosting/Edgegap/Editor/Fonts/Src/Spartan/Spartan-Regular.ttf using Guid(3445f8970e8fa734c96cef5ab98ddd61) Importer(2089858483,0ecaa5967403d082aa24f35e1b516d23)  -> (artifact id: 'b4dafbe5f7e99e65bd88996478aecd41') in 0.017808 seconds 
Number of asset objects unloaded after import = 3
========================================================================
Received Import Request.
  Time since last request: 0.000058 seconds.
  path: Assets/Mirror/Transports/Edgegap/EdgegapLobby/Models/Lobby.cs
  artifactKey: Guid(64db55f096cd4ace83e1aa1c0c0588f7) Importer(2089858483,0ecaa5967403d082aa24f35e1b516d23)
Number of updated assets reloaded before import = 0
Start importing Assets/Mirror/Transports/Edgegap/EdgegapLobby/Models/Lobby.cs using Guid(64db55f096cd4ace83e1aa1c0c0588f7) Importer(2089858483,0ecaa5967403d082aa24f35e1b516d23)  -> (artifact id: 'dc7fa6de185fbb5064fccfdfbe22cb6f') in 0.013907 seconds 
Number of asset objects unloaded after import = 1
========================================================================
Received Import Request.
  Time since last request: 0.000051 seconds.
  path: Assets/Mirror/Transports/SimpleWeb/SimpleWeb/Client/Webgl/WebSocketClientWebGl.cs
  artifactKey: Guid(015c5b1915fd1a64cbe36444d16b2f7d) Importer(2089858483,0ecaa5967403d082aa24f35e1b516d23)
Number of updated assets reloaded before import = 0
Start importing Assets/Mirror/Transports/SimpleWeb/SimpleWeb/Client/Webgl/WebSocketClientWebGl.cs using Guid(015c5b1915fd1a64cbe36444d16b2f7d) Importer(2089858483,0ecaa5967403d082aa24f35e1b516d23)  -> (artifact id: '4066ffc71e85a9a90251d3271be05ea6') in 0.011929 seconds 
Number of asset objects unloaded after import = 0
========================================================================
Received Import Request.
  Time since last request: 0.000027 seconds.
  path: Assets/Mirror/Hosting/Edgegap/Editor/Api/Models/Results/GetAppsResult.cs
  artifactKey: Guid(88f306b7c80ebad4eada4c62e875d2a6) Importer(2089858483,0ecaa5967403d082aa24f35e1b516d23)
Number of updated assets reloaded before import = 0
Start importing Assets/Mirror/Hosting/Edgegap/Editor/Api/Models/Results/GetAppsResult.cs using Guid(88f306b7c80ebad4eada4c62e875d2a6) Importer(2089858483,0ecaa5967403d082aa24f35e1b516d23)  -> (artifact id: 'a10d9a74e05bf582ca3a7faeaa5a156f') in 0.024212 seconds 
Number of asset objects unloaded after import = 0
========================================================================
Received Import Request.
  Time since last request: 0.000030 seconds.
  path: Assets/Mirror/Transports/SimpleWeb/SimpleWeb/Common/ReadHelper.cs
  artifactKey: Guid(9f4fa5d324e708c46a55810a97de75bc) Importer(2089858483,0ecaa5967403d082aa24f35e1b516d23)
Number of updated assets reloaded before import = 0
Start importing Assets/Mirror/Transports/SimpleWeb/SimpleWeb/Common/ReadHelper.cs using Guid(9f4fa5d324e708c46a55810a97de75bc) Importer(2089858483,0ecaa5967403d082aa24f35e1b516d23)  -> (artifact id: '497c68e8714800a3929fb4505fffd593') in 0.010905 seconds 
Number of asset objects unloaded after import = 0
========================================================================
Received Import Request.
  Time since last request: 0.000027 seconds.
  path: Assets/Mirror/Hosting/Edgegap/Editor/Api/Models/DeploymentPortsData.cs
  artifactKey: Guid(62d51b44b8414c9f968ca607ccb06b7e) Importer(2089858483,0ecaa5967403d082aa24f35e1b516d23)
Number of updated assets reloaded before import = 0
Start importing Assets/Mirror/Hosting/Edgegap/Editor/Api/Models/DeploymentPortsData.cs using Guid(62d51b44b8414c9f968ca607ccb06b7e) Importer(2089858483,0ecaa5967403d082aa24f35e1b516d23)  -> (artifact id: '47d028bd536972d4a1157c3c64553b5f') in 0.012577 seconds 
Number of asset objects unloaded after import = 0
========================================================================
Received Import Request.
  Time since last request: 0.000021 seconds.
  path: Assets/Sprites/skeleton_1/walk_down/walk_down_1_0011.png
  artifactKey: Guid(e09acc3b7a3f54447bd68b91573d57de) Importer(2089858483,0ecaa5967403d082aa24f35e1b516d23)
Number of updated assets reloaded before import = 0
Start importing Assets/Sprites/skeleton_1/walk_down/walk_down_1_0011.png using Guid(e09acc3b7a3f54447bd68b91573d57de) Importer(2089858483,0ecaa5967403d082aa24f35e1b516d23)  -> (artifact id: '2e38cc0649aead6cd46086107cafb527') in 0.021475 seconds 
Number of asset objects unloaded after import = 3
========================================================================
Received Import Request.
  Time since last request: 0.000026 seconds.
  path: Assets/Mirror/Examples/BenchmarkStinkySteak/Dependencies/netcode-benchmarker-util/Runtime/Scripts/BehaviourWrapper/SinMoveYWrapper.cs
  artifactKey: Guid(2a8c50aebdfe1ad42bfa887f78c8892f) Importer(2089858483,0ecaa5967403d082aa24f35e1b516d23)
Number of updated assets reloaded before import = 0
Start importing Assets/Mirror/Examples/BenchmarkStinkySteak/Dependencies/netcode-benchmarker-util/Runtime/Scripts/BehaviourWrapper/SinMoveYWrapper.cs using Guid(2a8c50aebdfe1ad42bfa887f78c8892f) Importer(2089858483,0ecaa5967403d082aa24f35e1b516d23)  -> (artifact id: '032a06bca271da9fb4d1d50f5665c6e7') in 0.010699 seconds 
Number of asset objects unloaded after import = 0
========================================================================
Received Import Request.
  Time since last request: 0.000022 seconds.
  path: Assets/Mirror/Examples/CouchCoop/Materials/MaterialPlatform2.mat
  artifactKey: Guid(1058f0fbda1e84e6c9e18b7ebf1d0c4b) Importer(2089858483,0ecaa5967403d082aa24f35e1b516d23)
Number of updated assets reloaded before import = 0
Start importing Assets/Mirror/Examples/CouchCoop/Materials/MaterialPlatform2.mat using Guid(1058f0fbda1e84e6c9e18b7ebf1d0c4b) Importer(2089858483,0ecaa5967403d082aa24f35e1b516d23)  -> (artifact id: 'b29e9f4941010b48b0c5045217ccd3e2') in 0.019090 seconds 
Number of asset objects unloaded after import = 2
========================================================================
Received Import Request.
  Time since last request: 0.000018 seconds.
  path: Assets/Mirror/Hosting/Edgegap/Models/SDK/AppVersionUpdate.cs
  artifactKey: Guid(3575ab93231caa34eb36d9fc5f9c0d87) Importer(2089858483,0ecaa5967403d082aa24f35e1b516d23)
Number of updated assets reloaded before import = 0
Start importing Assets/Mirror/Hosting/Edgegap/Models/SDK/AppVersionUpdate.cs using Guid(3575ab93231caa34eb36d9fc5f9c0d87) Importer(2089858483,0ecaa5967403d082aa24f35e1b516d23)  -> (artifact id: 'f676d30088d44693fe95b4e6f1307d84') in 0.011927 seconds 
Number of asset objects unloaded after import = 0
========================================================================
Received Import Request.
  Time since last request: 0.000029 seconds.
  path: Assets/Mirror/Examples/_Common/Controllers/ControllerUIBase.cs
  artifactKey: Guid(6b8c728d262078147bf398cd80ff4b7d) Importer(2089858483,0ecaa5967403d082aa24f35e1b516d23)
Number of updated assets reloaded before import = 0
Start importing Assets/Mirror/Examples/_Common/Controllers/ControllerUIBase.cs using Guid(6b8c728d262078147bf398cd80ff4b7d) Importer(2089858483,0ecaa5967403d082aa24f35e1b516d23)  -> (artifact id: 'da5c85afb9fa950cb58ab798e5027ae2') in 0.014365 seconds 
Number of asset objects unloaded after import = 1
========================================================================
Received Import Request.
  Time since last request: 0.000025 seconds.
  path: Assets/TextMesh Pro/Examples & Extras/Scenes/12 - Link Example.unity
  artifactKey: Guid(9747140c28254be2adc582210dfb89b8) Importer(2089858483,0ecaa5967403d082aa24f35e1b516d23)
Number of updated assets reloaded before import = 0
Start importing Assets/TextMesh Pro/Examples & Extras/Scenes/12 - Link Example.unity using Guid(9747140c28254be2adc582210dfb89b8) Importer(2089858483,0ecaa5967403d082aa24f35e1b516d23)  -> (artifact id: '7bdd75248afb02b632fb7009c48f36d5') in 0.011141 seconds 
Number of asset objects unloaded after import = 1
========================================================================
Received Import Request.
  Time since last request: 0.000029 seconds.
  path: Assets/Mirror/Examples/_Common/Controllers/TankController/TurretUI.prefab
  artifactKey: Guid(4d16730f7a8ba0a419530d1156d25080) Importer(2089858483,0ecaa5967403d082aa24f35e1b516d23)
Number of updated assets reloaded before import = 0
Start importing Assets/Mirror/Examples/_Common/Controllers/TankController/TurretUI.prefab using Guid(4d16730f7a8ba0a419530d1156d25080) Importer(2089858483,0ecaa5967403d082aa24f35e1b516d23)  -> (artifact id: 'ca36a9e17e3ad10036685bb9b1f30f79') in 0.019475 seconds 
Number of asset objects unloaded after import = 82
========================================================================
Received Import Request.
  Time since last request: 0.000031 seconds.
  path: Assets/Mirror/Examples/AssignAuthority/Scenes/MirrorAssignAuthority.unity
  artifactKey: Guid(1f7bcb0e27e96374a8c710e3437779c2) Importer(2089858483,0ecaa5967403d082aa24f35e1b516d23)
Number of updated assets reloaded before import = 0
Start importing Assets/Mirror/Examples/AssignAuthority/Scenes/MirrorAssignAuthority.unity using Guid(1f7bcb0e27e96374a8c710e3437779c2) Importer(2089858483,0ecaa5967403d082aa24f35e1b516d23)  -> (artifact id: '5be495e169b52260da40f4adb22c9fed') in 0.010847 seconds 
Number of asset objects unloaded after import = 1
========================================================================
Received Import Request.
  Time since last request: 0.000021 seconds.
  path: Assets/Sprites/skeleton_2/walk_down/walk_down_2_0013.png
  artifactKey: Guid(1748ca750f88e574f9d1a223e99b30c0) Importer(2089858483,0ecaa5967403d082aa24f35e1b516d23)
Number of updated assets reloaded before import = 0
Start importing Assets/Sprites/skeleton_2/walk_down/walk_down_2_0013.png using Guid(1748ca750f88e574f9d1a223e99b30c0) Importer(2089858483,0ecaa5967403d082aa24f35e1b516d23)  -> (artifact id: 'b3776f50c6b27e24121fbc2c1c49ac61') in 0.022423 seconds 
Number of asset objects unloaded after import = 3
========================================================================
Received Import Request.
  Time since last request: 0.000025 seconds.
  path: Assets/TextMesh Pro/Examples & Extras/Scripts/VertexJitter.cs
  artifactKey: Guid(2ed57967c52645d390a89dcf8f61ba73) Importer(2089858483,0ecaa5967403d082aa24f35e1b516d23)
Number of updated assets reloaded before import = 0
Start importing Assets/TextMesh Pro/Examples & Extras/Scripts/VertexJitter.cs using Guid(2ed57967c52645d390a89dcf8f61ba73) Importer(2089858483,0ecaa5967403d082aa24f35e1b516d23)  -> (artifact id: '4b56367e326461e04a4a0b4d8d948ce5') in 0.011689 seconds 
Number of asset objects unloaded after import = 0
========================================================================
Received Import Request.
  Time since last request: 0.000033 seconds.
  path: Assets/Sprites/Enviroment/WaterTiles/22.png
  artifactKey: Guid(f87d8b2b27711e84e8c6ad555e3f6f35) Importer(2089858483,0ecaa5967403d082aa24f35e1b516d23)
Number of updated assets reloaded before import = 0
Start importing Assets/Sprites/Enviroment/WaterTiles/22.png using Guid(f87d8b2b27711e84e8c6ad555e3f6f35) Importer(2089858483,0ecaa5967403d082aa24f35e1b516d23)  -> (artifact id: 'dc2b2a7515cdf7e4e678c663bd4f26c1') in 0.024753 seconds 
Number of asset objects unloaded after import = 3
========================================================================
Received Import Request.
  Time since last request: 0.000023 seconds.
  path: Assets/TextMesh Pro/Examples & Extras/Materials/Crate - Surface Shader Scene.mat
  artifactKey: Guid(e6b9b44320f4448d9d5e0ee634259966) Importer(2089858483,0ecaa5967403d082aa24f35e1b516d23)
Number of updated assets reloaded before import = 0
Start importing Assets/TextMesh Pro/Examples & Extras/Materials/Crate - Surface Shader Scene.mat using Guid(e6b9b44320f4448d9d5e0ee634259966) Importer(2089858483,0ecaa5967403d082aa24f35e1b516d23)  -> (artifact id: '72b2d5dc0e08f1076e64743a6d367d0e') in 0.036180 seconds 
Number of asset objects unloaded after import = 3
========================================================================
Received Import Request.
  Time since last request: 0.000030 seconds.
  path: Assets/Mirror/Transports/SimpleWeb/SimpleWeb/SslConfigLoader.cs
  artifactKey: Guid(dfdb6b97a48a48b498e563e857342da1) Importer(2089858483,0ecaa5967403d082aa24f35e1b516d23)
Number of updated assets reloaded before import = 0
Start importing Assets/Mirror/Transports/SimpleWeb/SimpleWeb/SslConfigLoader.cs using Guid(dfdb6b97a48a48b498e563e857342da1) Importer(2089858483,0ecaa5967403d082aa24f35e1b516d23)  -> (artifact id: 'fe24b2dafb1f72f2e6ef07aa7010f5e4') in 0.012609 seconds 
Number of asset objects unloaded after import = 0
========================================================================
Received Import Request.
  Time since last request: 0.000024 seconds.
  path: Assets/Mirror/Examples/CharacterSelection/Prefabs/CharacterSelection.prefab
  artifactKey: Guid(55ecb772328404c428beb4e2cf51044a) Importer(2089858483,0ecaa5967403d082aa24f35e1b516d23)
Number of updated assets reloaded before import = 0
Start importing Assets/Mirror/Examples/CharacterSelection/Prefabs/CharacterSelection.prefab using Guid(55ecb772328404c428beb4e2cf51044a) Importer(2089858483,0ecaa5967403d082aa24f35e1b516d23)  -> (artifact id: '1dabdd5754bdeaa488d97030d900afa4') in 0.022202 seconds 
Number of asset objects unloaded after import = 133
========================================================================
Received Import Request.
  Time since last request: 0.000182 seconds.
  path: Assets/Mirror/Examples/CharacterSelection/Materials/MaterialRed.mat
  artifactKey: Guid(0cb2aedfe1c0146808538c1b8ae2b1ab) Importer(2089858483,0ecaa5967403d082aa24f35e1b516d23)
Number of updated assets reloaded before import = 0
Start importing Assets/Mirror/Examples/CharacterSelection/Materials/MaterialRed.mat using Guid(0cb2aedfe1c0146808538c1b8ae2b1ab) Importer(2089858483,0ecaa5967403d082aa24f35e1b516d23)  -> (artifact id: '1e44dbb9d67ce3d1502e4346ccb537ab') in 0.020255 seconds 
Number of asset objects unloaded after import = 1
========================================================================
Received Import Request.
  Time since last request: 0.000028 seconds.
  path: Assets/Mirror/Examples/MultipleAdditiveScenes/Scripts/Reward.cs
  artifactKey: Guid(10da7fdf8caa1eb4697658bf129457fa) Importer(2089858483,0ecaa5967403d082aa24f35e1b516d23)
Number of updated assets reloaded before import = 0
Start importing Assets/Mirror/Examples/MultipleAdditiveScenes/Scripts/Reward.cs using Guid(10da7fdf8caa1eb4697658bf129457fa) Importer(2089858483,0ecaa5967403d082aa24f35e1b516d23)  -> (artifact id: 'b4db2592742a0fbf9ceaa47eefc668a1') in 0.009928 seconds 
Number of asset objects unloaded after import = 0
========================================================================
Received Import Request.
  Time since last request: 0.000027 seconds.
  path: Assets/Mirror/Editor/Weaver/Processors/MonoBehaviourProcessor.cs
  artifactKey: Guid(35c16722912b64af894e4f6668f2e54c) Importer(2089858483,0ecaa5967403d082aa24f35e1b516d23)
Number of updated assets reloaded before import = 0
Start importing Assets/Mirror/Editor/Weaver/Processors/MonoBehaviourProcessor.cs using Guid(35c16722912b64af894e4f6668f2e54c) Importer(2089858483,0ecaa5967403d082aa24f35e1b516d23)  -> (artifact id: '597020195b78dc32f888dc717b45cfba') in 0.011695 seconds 
Number of asset objects unloaded after import = 0
========================================================================
Received Import Request.
  Time since last request: 0.000027 seconds.
  path: Assets/Sprites/Enviroment/WaterTiles/2.png
  artifactKey: Guid(a5246994baf61424da5682e5dae809e2) Importer(2089858483,0ecaa5967403d082aa24f35e1b516d23)
Number of updated assets reloaded before import = 0
Start importing Assets/Sprites/Enviroment/WaterTiles/2.png using Guid(a5246994baf61424da5682e5dae809e2) Importer(2089858483,0ecaa5967403d082aa24f35e1b516d23)  -> (artifact id: '8c7d3287dfa736e804e9aed8fe7a0fe0') in 0.024570 seconds 
Number of asset objects unloaded after import = 3
========================================================================
Received Import Request.
  Time since last request: 0.000023 seconds.
  path: Assets/Mirror/Examples/CharacterSelection/Scripts/ScriptAnimations.cs
  artifactKey: Guid(0f36e96df6ff2459992432717c975c84) Importer(2089858483,0ecaa5967403d082aa24f35e1b516d23)
Number of updated assets reloaded before import = 0
Start importing Assets/Mirror/Examples/CharacterSelection/Scripts/ScriptAnimations.cs using Guid(0f36e96df6ff2459992432717c975c84) Importer(2089858483,0ecaa5967403d082aa24f35e1b516d23)  -> (artifact id: 'd176a4aabd800014ae4d369d992fba28') in 0.012655 seconds 
Number of asset objects unloaded after import = 0
========================================================================
Received Import Request.
  Time since last request: 0.000026 seconds.
  path: Assets/Sprites/skeleton_2/walk_left/walk_left_2_0003.png
  artifactKey: Guid(072cbc68e88b5c54e919a9211d990a5d) Importer(2089858483,0ecaa5967403d082aa24f35e1b516d23)
Number of updated assets reloaded before import = 0
Start importing Assets/Sprites/skeleton_2/walk_left/walk_left_2_0003.png using Guid(072cbc68e88b5c54e919a9211d990a5d) Importer(2089858483,0ecaa5967403d082aa24f35e1b516d23)  -> (artifact id: '0222245a7678875dca2f07c36369ea39') in 0.023124 seconds 
Number of asset objects unloaded after import = 3
========================================================================
Received Import Request.
  Time since last request: 0.000024 seconds.
  path: Assets/Mirror/Examples/_Common/Scripts/RandomColor.cs
  artifactKey: Guid(a91a718a70d01b347b75cb768a6f1a92) Importer(2089858483,0ecaa5967403d082aa24f35e1b516d23)
Number of updated assets reloaded before import = 0
Start importing Assets/Mirror/Examples/_Common/Scripts/RandomColor.cs using Guid(a91a718a70d01b347b75cb768a6f1a92) Importer(2089858483,0ecaa5967403d082aa24f35e1b516d23)  -> (artifact id: '076beff04b458b21accca579977612b9') in 0.011562 seconds 
Number of asset objects unloaded after import = 1
========================================================================
Received Import Request.
  Time since last request: 0.000054 seconds.
  path: Assets/Sprites/skeleton_2/attack_left/attack_left_2_0005.png
  artifactKey: Guid(1e2ab1592f3ac074c885dfdc0ae5f0f3) Importer(2089858483,0ecaa5967403d082aa24f35e1b516d23)
Number of updated assets reloaded before import = 0
Start importing Assets/Sprites/skeleton_2/attack_left/attack_left_2_0005.png using Guid(1e2ab1592f3ac074c885dfdc0ae5f0f3) Importer(2089858483,0ecaa5967403d082aa24f35e1b516d23)  -> (artifact id: '7186918bcd65f72ceecb901fd3bc13d6') in 0.024022 seconds 
Number of asset objects unloaded after import = 3
========================================================================
Received Import Request.
  Time since last request: 0.000024 seconds.
  path: Assets/Mirror/Examples/_Common/Controllers/TankController/TankControllerUI.cs
  artifactKey: Guid(55bd8eba9aaa3104d85d885bfa7f0437) Importer(2089858483,0ecaa5967403d082aa24f35e1b516d23)
Number of updated assets reloaded before import = 0
Start importing Assets/Mirror/Examples/_Common/Controllers/TankController/TankControllerUI.cs using Guid(55bd8eba9aaa3104d85d885bfa7f0437) Importer(2089858483,0ecaa5967403d082aa24f35e1b516d23)  -> (artifact id: 'eac2f885db3f3053d3a755bdcae78456') in 0.012025 seconds 
Number of asset objects unloaded after import = 1
========================================================================
Received Import Request.
  Time since last request: 0.000144 seconds.
  path: Assets/Mirror/Examples/_Common/OpenGameArt/Sounds/hjm-tesla_sound_shot.mp3
  artifactKey: Guid(9fe90b72c7f15427d9c496803ca7b3f0) Importer(2089858483,0ecaa5967403d082aa24f35e1b516d23)
Number of updated assets reloaded before import = 0
Start importing Assets/Mirror/Examples/_Common/OpenGameArt/Sounds/hjm-tesla_sound_shot.mp3 using Guid(9fe90b72c7f15427d9c496803ca7b3f0) Importer(2089858483,0ecaa5967403d082aa24f35e1b516d23)  -> (artifact id: '09b93443e6a3e71abfdc45793f8a1db2') in 0.057281 seconds 
Number of asset objects unloaded after import = 1
========================================================================
Received Import Request.
  Time since last request: 0.000026 seconds.
  path: Assets/Sprites/Enviroment/WaterTiles/19.png
  artifactKey: Guid(9ff482ccaa14c474fbaa82cf8b025c14) Importer(2089858483,0ecaa5967403d082aa24f35e1b516d23)
Number of updated assets reloaded before import = 0
Start importing Assets/Sprites/Enviroment/WaterTiles/19.png using Guid(9ff482ccaa14c474fbaa82cf8b025c14) Importer(2089858483,0ecaa5967403d082aa24f35e1b516d23)  -> (artifact id: '544e0998dcb4815664858cfa8d7f74ea') in 0.023529 seconds 
Number of asset objects unloaded after import = 3
========================================================================
Received Import Request.
  Time since last request: 0.000057 seconds.
  path: Assets/Sprites/Enviroment/WaterTiles/41.png
  artifactKey: Guid(c1802f51a80f0f84d8ca8c2e0c754f43) Importer(2089858483,0ecaa5967403d082aa24f35e1b516d23)
Number of updated assets reloaded before import = 0
Start importing Assets/Sprites/Enviroment/WaterTiles/41.png using Guid(c1802f51a80f0f84d8ca8c2e0c754f43) Importer(2089858483,0ecaa5967403d082aa24f35e1b516d23)  -> (artifact id: '54ae7612449e07be73598461dba0522f') in 0.022509 seconds 
Number of asset objects unloaded after import = 3
========================================================================
Received Import Request.
  Time since last request: 0.000025 seconds.
  path: Assets/TextMesh Pro/Examples & Extras/Scenes/15 - Inline Graphics & Sprites.unity
  artifactKey: Guid(e76e6c0f81964cbda3fe0b7d26ed8060) Importer(2089858483,0ecaa5967403d082aa24f35e1b516d23)
Number of updated assets reloaded before import = 0
Start importing Assets/TextMesh Pro/Examples & Extras/Scenes/15 - Inline Graphics & Sprites.unity using Guid(e76e6c0f81964cbda3fe0b7d26ed8060) Importer(2089858483,0ecaa5967403d082aa24f35e1b516d23)  -> (artifact id: 'aa14be81734e25adde483e8be1c775d0') in 0.010707 seconds 
Number of asset objects unloaded after import = 1
========================================================================
Received Import Request.
  Time since last request: 0.000031 seconds.
  path: Assets/TextMesh Pro/Examples & Extras/Textures/Small Crate_diffuse.jpg
  artifactKey: Guid(602cb87b6a29443b8636370ea0751574) Importer(2089858483,0ecaa5967403d082aa24f35e1b516d23)
Number of updated assets reloaded before import = 0
Start importing Assets/TextMesh Pro/Examples & Extras/Textures/Small Crate_diffuse.jpg using Guid(602cb87b6a29443b8636370ea0751574) Importer(2089858483,0ecaa5967403d082aa24f35e1b516d23)  -> (artifact id: '06619df454c365187529260fa070ef82') in 0.021263 seconds 
Number of asset objects unloaded after import = 1
========================================================================
Received Import Request.
  Time since last request: 0.000045 seconds.
  path: Assets/Sprites/skeleton_1/idle_down/idle_down_1_0008.png
  artifactKey: Guid(52d03ccb78aba8e46958e1dcfcd31f80) Importer(2089858483,0ecaa5967403d082aa24f35e1b516d23)
Number of updated assets reloaded before import = 0
Start importing Assets/Sprites/skeleton_1/idle_down/idle_down_1_0008.png using Guid(52d03ccb78aba8e46958e1dcfcd31f80) Importer(2089858483,0ecaa5967403d082aa24f35e1b516d23)  -> (artifact id: '40ee03dc6c8979243ba31ee9d9d6707f') in 0.022919 seconds 
Number of asset objects unloaded after import = 3
========================================================================
Received Import Request.
  Time since last request: 0.000033 seconds.
  path: Assets/Sprites/skeleton_2/idle_up/idle_up_2_0010.png
  artifactKey: Guid(096cdbab53909674386af11cf5bac70e) Importer(2089858483,0ecaa5967403d082aa24f35e1b516d23)
Number of updated assets reloaded before import = 0
Start importing Assets/Sprites/skeleton_2/idle_up/idle_up_2_0010.png using Guid(096cdbab53909674386af11cf5bac70e) Importer(2089858483,0ecaa5967403d082aa24f35e1b516d23)  -> (artifact id: 'f0f0f6c22f22510ca569b6dd2ac977f5') in 0.023476 seconds 
Number of asset objects unloaded after import = 3
========================================================================
Received Import Request.
  Time since last request: 0.000033 seconds.
  path: Assets/Sprites/skeleton_1/walk_down/walk_down_1_0009.png
  artifactKey: Guid(378f42641c63fd34783f361c251694cb) Importer(2089858483,0ecaa5967403d082aa24f35e1b516d23)
Number of updated assets reloaded before import = 0
Start importing Assets/Sprites/skeleton_1/walk_down/walk_down_1_0009.png using Guid(378f42641c63fd34783f361c251694cb) Importer(2089858483,0ecaa5967403d082aa24f35e1b516d23)  -> (artifact id: 'a56bf5154c72ce93818238c818c29180') in 0.023738 seconds 
Number of asset objects unloaded after import = 3
========================================================================
Received Import Request.
  Time since last request: 0.000031 seconds.
  path: Assets/Mirror/Examples/PickupsDropsChilds/Materials/Ball.mat
  artifactKey: Guid(adaf49450caebb24c9a21448fba27322) Importer(2089858483,0ecaa5967403d082aa24f35e1b516d23)
Number of updated assets reloaded before import = 0
Start importing Assets/Mirror/Examples/PickupsDropsChilds/Materials/Ball.mat using Guid(adaf49450caebb24c9a21448fba27322) Importer(2089858483,0ecaa5967403d082aa24f35e1b516d23)  -> (artifact id: 'c0985379aa7ae8066b4a7154bc58b0da') in 0.018690 seconds 
Number of asset objects unloaded after import = 1
========================================================================
Received Import Request.
  Time since last request: 0.000025 seconds.
  path: Assets/Sprites/skeleton_1/attack_down/attack_down_1_0001.png
  artifactKey: Guid(49f9173f99666b845831945182ffc55f) Importer(2089858483,0ecaa5967403d082aa24f35e1b516d23)
Number of updated assets reloaded before import = 0
Start importing Assets/Sprites/skeleton_1/attack_down/attack_down_1_0001.png using Guid(49f9173f99666b845831945182ffc55f) Importer(2089858483,0ecaa5967403d082aa24f35e1b516d23)  -> (artifact id: '1733a46dfb602fddce96927e2eb52291') in 0.024284 seconds 
Number of asset objects unloaded after import = 3
========================================================================
Received Import Request.
  Time since last request: 0.000022 seconds.
  path: Assets/Sprites/skeleton_1/death_right/death_right_1_0005.png
  artifactKey: Guid(0af3713b40ccba94ea820d5ae6f14979) Importer(2089858483,0ecaa5967403d082aa24f35e1b516d23)
Number of updated assets reloaded before import = 0
Start importing Assets/Sprites/skeleton_1/death_right/death_right_1_0005.png using Guid(0af3713b40ccba94ea820d5ae6f14979) Importer(2089858483,0ecaa5967403d082aa24f35e1b516d23)  -> (artifact id: 'f3ae6671df03d264395813b91d7b61c9') in 0.021967 seconds 
Number of asset objects unloaded after import = 3
========================================================================
Received Import Request.
  Time since last request: 0.000019 seconds.
  path: Assets/Mirror/Examples/TopDownShooter/Materials/Player.mat
  artifactKey: Guid(e80f3dd18f1c74d9cae135fc266c3d46) Importer(2089858483,0ecaa5967403d082aa24f35e1b516d23)
Number of updated assets reloaded before import = 0
Start importing Assets/Mirror/Examples/TopDownShooter/Materials/Player.mat using Guid(e80f3dd18f1c74d9cae135fc266c3d46) Importer(2089858483,0ecaa5967403d082aa24f35e1b516d23)  -> (artifact id: '5a1a4314bd4fa4db2d3c0608056f45db') in 0.019486 seconds 
Number of asset objects unloaded after import = 2
========================================================================
Received Import Request.
  Time since last request: 0.000037 seconds.
  path: Assets/Sprites/skeleton_2/idle_right/idle_right_2_0005.png
  artifactKey: Guid(646e741a0eeeac04884713ca7215f48f) Importer(2089858483,0ecaa5967403d082aa24f35e1b516d23)
Number of updated assets reloaded before import = 0
Start importing Assets/Sprites/skeleton_2/idle_right/idle_right_2_0005.png using Guid(646e741a0eeeac04884713ca7215f48f) Importer(2089858483,0ecaa5967403d082aa24f35e1b516d23)  -> (artifact id: '9ddd1e1c350807dea70b393e05911248') in 0.023929 seconds 
Number of asset objects unloaded after import = 3
========================================================================
Received Import Request.
  Time since last request: 0.000024 seconds.
  path: Assets/Sprites/UI/Quest log/quest_log.png
  artifactKey: Guid(9f95a742348543f48a4a7868f6d48a2a) Importer(2089858483,0ecaa5967403d082aa24f35e1b516d23)
Number of updated assets reloaded before import = 0
Start importing Assets/Sprites/UI/Quest log/quest_log.png using Guid(9f95a742348543f48a4a7868f6d48a2a) Importer(2089858483,0ecaa5967403d082aa24f35e1b516d23)  -> (artifact id: 'c02ad6c23af16dde00d744de943b5e57') in 0.035144 seconds 
Number of asset objects unloaded after import = 3
========================================================================
Received Import Request.
  Time since last request: 0.000062 seconds.
  path: Assets/Mirror/Hosting/Edgegap/Editor/EdgegapServerData.uss
  artifactKey: Guid(da5e3f58bd8cde14789f7c61df3f59f4) Importer(2089858483,0ecaa5967403d082aa24f35e1b516d23)
Number of updated assets reloaded before import = 0
Start importing Assets/Mirror/Hosting/Edgegap/Editor/EdgegapServerData.uss using Guid(da5e3f58bd8cde14789f7c61df3f59f4) Importer(2089858483,0ecaa5967403d082aa24f35e1b516d23)  -> (artifact id: 'cfc1f3b49a62cb28fc5949cff6279eb3') in 0.029260 seconds 
Number of asset objects unloaded after import = 2
========================================================================
Received Import Request.
  Time since last request: 0.000025 seconds.
  path: Assets/Mirror/Examples/AdditiveLevels/Textures/Down_Tex.jpeg
  artifactKey: Guid(9ffeeee1accdc4b4faf2b3e27b226340) Importer(2089858483,0ecaa5967403d082aa24f35e1b516d23)
Number of updated assets reloaded before import = 0
Start importing Assets/Mirror/Examples/AdditiveLevels/Textures/Down_Tex.jpeg using Guid(9ffeeee1accdc4b4faf2b3e27b226340) Importer(2089858483,0ecaa5967403d082aa24f35e1b516d23)  -> (artifact id: 'f7ebe85faf71571bb912a06bad1ecbea') in 0.025636 seconds 
Number of asset objects unloaded after import = 1
========================================================================
Received Import Request.
  Time since last request: 0.000038 seconds.
  path: Assets/Mirror/Components/InterestManagement/PhysicsSimulator/PhysicsSimulator.prefab
  artifactKey: Guid(99d75386017b4ba44ad1482ee7938f5a) Importer(2089858483,0ecaa5967403d082aa24f35e1b516d23)
Number of updated assets reloaded before import = 0
Start importing Assets/Mirror/Components/InterestManagement/PhysicsSimulator/PhysicsSimulator.prefab using Guid(99d75386017b4ba44ad1482ee7938f5a) Importer(2089858483,0ecaa5967403d082aa24f35e1b516d23)  -> (artifact id: 'e7f11c6cebb05d2fb50e5d5a93df7d29') in 0.019484 seconds 
Number of asset objects unloaded after import = 5
========================================================================
Received Import Request.
  Time since last request: 0.000019 seconds.
  path: Assets/Mirror/Examples/CharacterSelection/Textures/IconRandomColour.png
  artifactKey: Guid(13ba34da9011744c884f459ce4699444) Importer(2089858483,0ecaa5967403d082aa24f35e1b516d23)
Number of updated assets reloaded before import = 0
Start importing Assets/Mirror/Examples/CharacterSelection/Textures/IconRandomColour.png using Guid(13ba34da9011744c884f459ce4699444) Importer(2089858483,0ecaa5967403d082aa24f35e1b516d23)  -> (artifact id: '6391189676c0a7efd0b7dd4b9884c7d6') in 0.024615 seconds 
Number of asset objects unloaded after import = 3
========================================================================
Received Import Request.
  Time since last request: 0.000023 seconds.
  path: Assets/Mirror/Hosting/Edgegap/Newtonsoft_Package_Patch.cs
  artifactKey: Guid(67c7109c88dff6c4f86ecc84782205d9) Importer(2089858483,0ecaa5967403d082aa24f35e1b516d23)
Number of updated assets reloaded before import = 0
Start importing Assets/Mirror/Hosting/Edgegap/Newtonsoft_Package_Patch.cs using Guid(67c7109c88dff6c4f86ecc84782205d9) Importer(2089858483,0ecaa5967403d082aa24f35e1b516d23)  -> (artifact id: '0e4bb7da1170cee844259db9b760e4d6') in 0.011743 seconds 
Number of asset objects unloaded after import = 0
========================================================================
Received Import Request.
  Time since last request: 0.000023 seconds.
  path: Assets/Sprites/skeleton_2/idle_right/idle_right_2_0008.png
  artifactKey: Guid(e3dcbf693594ac24293047775cf1e785) Importer(2089858483,0ecaa5967403d082aa24f35e1b516d23)
Number of updated assets reloaded before import = 0
Start importing Assets/Sprites/skeleton_2/idle_right/idle_right_2_0008.png using Guid(e3dcbf693594ac24293047775cf1e785) Importer(2089858483,0ecaa5967403d082aa24f35e1b516d23)  -> (artifact id: 'f70d11806709024935dc0fc99a4c4dc9') in 0.024856 seconds 
Number of asset objects unloaded after import = 3
========================================================================
Received Import Request.
  Time since last request: 0.000027 seconds.
  path: Assets/Mirror/Core/Tools/CustomStructs/Vector2Byte.cs
  artifactKey: Guid(3b5b4a4df64042d4d828c9308249a90e) Importer(2089858483,0ecaa5967403d082aa24f35e1b516d23)
Number of updated assets reloaded before import = 0
Start importing Assets/Mirror/Core/Tools/CustomStructs/Vector2Byte.cs using Guid(3b5b4a4df64042d4d828c9308249a90e) Importer(2089858483,0ecaa5967403d082aa24f35e1b516d23)  -> (artifact id: 'a07f88c4a8c95f4d209360c85a261d9a') in 0.013060 seconds 
Number of asset objects unloaded after import = 1
========================================================================
Received Import Request.
  Time since last request: 0.000023 seconds.
  path: Assets/Sprites/skeleton_2/walk_up/walk_up_2_0006.png
  artifactKey: Guid(6d40af3efe86d8a459cce28f7b68713b) Importer(2089858483,0ecaa5967403d082aa24f35e1b516d23)
Number of updated assets reloaded before import = 0
Start importing Assets/Sprites/skeleton_2/walk_up/walk_up_2_0006.png using Guid(6d40af3efe86d8a459cce28f7b68713b) Importer(2089858483,0ecaa5967403d082aa24f35e1b516d23)  -> (artifact id: 'f4a816777c5997efe5008d8b1817bfdf') in 0.022860 seconds 
Number of asset objects unloaded after import = 3
========================================================================
Received Import Request.
  Time since last request: 0.000023 seconds.
  path: Assets/TextMesh Pro/Examples & Extras/Textures/Text Overflow - Linked Text UI Screenshot.png
  artifactKey: Guid(c76d18757a194d618355f05f815cb0a1) Importer(2089858483,0ecaa5967403d082aa24f35e1b516d23)
Number of updated assets reloaded before import = 0
Start importing Assets/TextMesh Pro/Examples & Extras/Textures/Text Overflow - Linked Text UI Screenshot.png using Guid(c76d18757a194d618355f05f815cb0a1) Importer(2089858483,0ecaa5967403d082aa24f35e1b516d23)  -> (artifact id: 'aef242d260e2462b90b38f208842e8cf') in 0.023152 seconds 
Number of asset objects unloaded after import = 1
========================================================================
Received Import Request.
  Time since last request: 0.000021 seconds.
  path: Assets/Sprites/skeleton_1/attack_left/attack_left_1_0004.png
  artifactKey: Guid(856515c4024d35940bd2da9d0d7f5190) Importer(2089858483,0ecaa5967403d082aa24f35e1b516d23)
Number of updated assets reloaded before import = 0
Start importing Assets/Sprites/skeleton_1/attack_left/attack_left_1_0004.png using Guid(856515c4024d35940bd2da9d0d7f5190) Importer(2089858483,0ecaa5967403d082aa24f35e1b516d23)  -> (artifact id: '36c52c3ab364ba013fb806bd25526f2c') in 0.032998 seconds 
Number of asset objects unloaded after import = 3
========================================================================
Received Import Request.
  Time since last request: 0.000029 seconds.
  path: Assets/Sprites/skeleton_1/death_up/death_up_1_0008.png
  artifactKey: Guid(9a4e63a447f58e746a32bb19e61a6e94) Importer(2089858483,0ecaa5967403d082aa24f35e1b516d23)
Number of updated assets reloaded before import = 0
Start importing Assets/Sprites/skeleton_1/death_up/death_up_1_0008.png using Guid(9a4e63a447f58e746a32bb19e61a6e94) Importer(2089858483,0ecaa5967403d082aa24f35e1b516d23)  -> (artifact id: '32ab2b652c503a2bfc5288ef3113648e') in 0.027076 seconds 
Number of asset objects unloaded after import = 3
========================================================================
Received Import Request.
  Time since last request: 0.000039 seconds.
  path: Assets/Mirror/Examples/MultipleAdditiveScenes/Scripts/PlayerScore.cs
  artifactKey: Guid(8be750efa9df50f47b65ae156053d149) Importer(2089858483,0ecaa5967403d082aa24f35e1b516d23)
Number of updated assets reloaded before import = 0
Start importing Assets/Mirror/Examples/MultipleAdditiveScenes/Scripts/PlayerScore.cs using Guid(8be750efa9df50f47b65ae156053d149) Importer(2089858483,0ecaa5967403d082aa24f35e1b516d23)  -> (artifact id: '631951d585253378fe7263adddfcbd22') in 0.014714 seconds 
Number of asset objects unloaded after import = 0
========================================================================
Received Import Request.
  Time since last request: 0.000044 seconds.
  path: Assets/Sprites/Enviroment/Trees/tree_1.png
  artifactKey: Guid(4a8199ee2e3ca2647a85840d50f44c7a) Importer(2089858483,0ecaa5967403d082aa24f35e1b516d23)
Number of updated assets reloaded before import = 0
Start importing Assets/Sprites/Enviroment/Trees/tree_1.png using Guid(4a8199ee2e3ca2647a85840d50f44c7a) Importer(2089858483,0ecaa5967403d082aa24f35e1b516d23)  -> (artifact id: '5c81d0fa4740535278122116a7eb0101') in 0.028389 seconds 
Number of asset objects unloaded after import = 3
========================================================================
Received Import Request.
  Time since last request: 0.000029 seconds.
  path: Assets/Mirror/Editor/Weaver/Processors/NetworkBehaviourProcessor.cs
  artifactKey: Guid(8118d606be3214e5d99943ec39530dd8) Importer(2089858483,0ecaa5967403d082aa24f35e1b516d23)
Number of updated assets reloaded before import = 0
Start importing Assets/Mirror/Editor/Weaver/Processors/NetworkBehaviourProcessor.cs using Guid(8118d606be3214e5d99943ec39530dd8) Importer(2089858483,0ecaa5967403d082aa24f35e1b516d23)  -> (artifact id: 'a27ffe011bbb2d50fd654ffecbe3a101') in 0.012938 seconds 
Number of asset objects unloaded after import = 0
========================================================================
Received Import Request.
  Time since last request: 0.000027 seconds.
  path: Assets/Mirror/Examples/PlayerTest/CharacterController/PlayerHybrid.prefab
  artifactKey: Guid(011728c6713537e48899c937300ca5d7) Importer(2089858483,0ecaa5967403d082aa24f35e1b516d23)
Number of updated assets reloaded before import = 0
Start importing Assets/Mirror/Examples/PlayerTest/CharacterController/PlayerHybrid.prefab using Guid(011728c6713537e48899c937300ca5d7) Importer(2089858483,0ecaa5967403d082aa24f35e1b516d23)  -> (artifact id: 'a4c3d1a8ae3d14050f26942c4ae26ae0') in 0.049903 seconds 
Number of asset objects unloaded after import = 169
========================================================================
Received Import Request.
  Time since last request: 0.000023 seconds.
  path: Assets/Mirror/Examples/AdditiveLevels/Scenes/MirrorAdditiveLevelsOnline.unity
  artifactKey: Guid(3c63960543989ea41ba3d3fb04d6dcf3) Importer(2089858483,0ecaa5967403d082aa24f35e1b516d23)
Number of updated assets reloaded before import = 0
Start importing Assets/Mirror/Examples/AdditiveLevels/Scenes/MirrorAdditiveLevelsOnline.unity using Guid(3c63960543989ea41ba3d3fb04d6dcf3) Importer(2089858483,0ecaa5967403d082aa24f35e1b516d23)  -> (artifact id: '58dd792375c71d7b25646cefcd0a345a') in 0.010115 seconds 
Number of asset objects unloaded after import = 1
========================================================================
Received Import Request.
  Time since last request: 0.000031 seconds.
  path: Assets/Mirror/Examples/BenchmarkStinkySteak/Shaders/Unlit.shader
  artifactKey: Guid(a94f61d08bdef7544b7280e244eb54f5) Importer(2089858483,0ecaa5967403d082aa24f35e1b516d23)
Number of updated assets reloaded before import = 0
Start importing Assets/Mirror/Examples/BenchmarkStinkySteak/Shaders/Unlit.shader using Guid(a94f61d08bdef7544b7280e244eb54f5) Importer(2089858483,0ecaa5967403d082aa24f35e1b516d23)  -> (artifact id: 'cc39989393c25c33a7373e145545f47c') in 0.019393 seconds 
Number of asset objects unloaded after import = 1
========================================================================
Received Import Request.
  Time since last request: 0.000024 seconds.
  path: Assets/TextMesh Pro/Examples & Extras/Scenes/14 - Multi Font & Sprites.unity
  artifactKey: Guid(22a2fba786ad4c40ac0ba09f0b933100) Importer(2089858483,0ecaa5967403d082aa24f35e1b516d23)
Number of updated assets reloaded before import = 0
Start importing Assets/TextMesh Pro/Examples & Extras/Scenes/14 - Multi Font & Sprites.unity using Guid(22a2fba786ad4c40ac0ba09f0b933100) Importer(2089858483,0ecaa5967403d082aa24f35e1b516d23)  -> (artifact id: '32eee3e1c67a25e9a6ee46341969cc25') in 0.010430 seconds 
Number of asset objects unloaded after import = 1
========================================================================
Received Import Request.
  Time since last request: 0.000022 seconds.
  path: Assets/TextMesh Pro/Examples & Extras/Scenes/26 - Dropdown Placeholder Example.unity
  artifactKey: Guid(0851605490a599b46b6ac5cb681d93ea) Importer(2089858483,0ecaa5967403d082aa24f35e1b516d23)
Number of updated assets reloaded before import = 0
Start importing Assets/TextMesh Pro/Examples & Extras/Scenes/26 - Dropdown Placeholder Example.unity using Guid(0851605490a599b46b6ac5cb681d93ea) Importer(2089858483,0ecaa5967403d082aa24f35e1b516d23)  -> (artifact id: '612fd8336acde3047ac69a54df7a35d8') in 0.011020 seconds 
Number of asset objects unloaded after import = 1
========================================================================
Received Import Request.
  Time since last request: 0.000024 seconds.
  path: Assets/Sprites/skeleton_1/walk_up/walk_up_1_0005.png
  artifactKey: Guid(9269bf2d50fdccb4c98c0b059febe244) Importer(2089858483,0ecaa5967403d082aa24f35e1b516d23)
Number of updated assets reloaded before import = 0
Start importing Assets/Sprites/skeleton_1/walk_up/walk_up_1_0005.png using Guid(9269bf2d50fdccb4c98c0b059febe244) Importer(2089858483,0ecaa5967403d082aa24f35e1b516d23)  -> (artifact id: 'c734ce2d5b5ae9c768f6bf656e4c354d') in 0.022867 seconds 
Number of asset objects unloaded after import = 3
========================================================================
Received Import Request.
  Time since last request: 0.000020 seconds.
  path: Assets/Sprites/skeleton_1/walk_right/walk_right_1_0007.png
  artifactKey: Guid(db65616ef42f33b47a6a37cd00745725) Importer(2089858483,0ecaa5967403d082aa24f35e1b516d23)
Number of updated assets reloaded before import = 0
Start importing Assets/Sprites/skeleton_1/walk_right/walk_right_1_0007.png using Guid(db65616ef42f33b47a6a37cd00745725) Importer(2089858483,0ecaa5967403d082aa24f35e1b516d23)  -> (artifact id: '23a1e50190bf56159ea6685bcf33d70a') in 0.023818 seconds 
Number of asset objects unloaded after import = 3
========================================================================
Received Import Request.
  Time since last request: 0.000022 seconds.
  path: Assets/Mirror/Examples/AdditiveScenes/Materials/Zone.mat
  artifactKey: Guid(a7c679cf124f7ae46a0291ea35848554) Importer(2089858483,0ecaa5967403d082aa24f35e1b516d23)
Number of updated assets reloaded before import = 0
Start importing Assets/Mirror/Examples/AdditiveScenes/Materials/Zone.mat using Guid(a7c679cf124f7ae46a0291ea35848554) Importer(2089858483,0ecaa5967403d082aa24f35e1b516d23)  -> (artifact id: '0e5a8a3f28929f90d4f7b99ee1a46906') in 0.019004 seconds 
Number of asset objects unloaded after import = 1
Editor requested this worker to shutdown with reason: Scaling down because of idle timeout
AssetImportWorker is now disconnected from the server
Process exiting
Exiting without the bug reporter. Application will terminate with return code 0